,Score,Localization,Dataset_Name,Type
AAAS,-0.549754,Secretory,Mertins_Breast_PD,Proteome
AACS,-0.5089785,Cytosol,Mertins_Breast_PD,Proteome
AAK1,0.3296129,Cytosol,Mertins_Breast_PD,Proteome
AASDHPPT,0.21984915,Cytosol,Mertins_Breast_PD,Proteome
AATF,0.40639064,Nucleus,Mertins_Breast_PD,Proteome
ABCB7,-0.106257714,Mitochondria,Mertins_Breast_PD,Proteome
ABCC1,0.22563136,Secretory,Mertins_Breast_PD,Proteome
ABCD1,0.20659177,Secretory,Mertins_Breast_PD,Proteome
ABCD3,0.091545284,Secretory,Mertins_Breast_PD,Proteome
ABHD12,0.20037004,Secretory,Mertins_Breast_PD,Proteome
ABHD14B,0.18503365,Cytosol,Mertins_Breast_PD,Proteome
ABHD16A,0.2335446,Secretory,Mertins_Breast_PD,Proteome
ABL1,-0.39371642,Cytosol,Mertins_Breast_PD,Proteome
ABR,0.26615486,Cytosol,Mertins_Breast_PD,Proteome
ABRACL,0.28700572,Cytosol,Mertins_Breast_PD,Proteome
ABT1,0.43357283,Nucleus,Mertins_Breast_PD,Proteome
ACAD9,0.03699222,Mitochondria,Mertins_Breast_PD,Proteome
ACAP2,0.314343,Cytosol,Mertins_Breast_PD,Proteome
ACAT2,0.122263,Cytosol,Mertins_Breast_PD,Proteome
ACBD5,-0.051725265,Secretory,Mertins_Breast_PD,Proteome
ACBD6,0.32394123,Cytosol,Mertins_Breast_PD,Proteome
ACIN1,0.23858091,Nucleus,Mertins_Breast_PD,Proteome
ACLY,-0.27354547,Cytosol,Mertins_Breast_PD,Proteome
ACOT11,-0.22562492,Cytosol,Mertins_Breast_PD,Proteome
ACP1,0.18202199,Cytosol,Mertins_Breast_PD,Proteome
ACSL1,-0.471889,Secretory,Mertins_Breast_PD,Proteome
ACSL3,0.2516316,Secretory,Mertins_Breast_PD,Proteome
ACSL4,-0.4526607,Secretory,Mertins_Breast_PD,Proteome
ACSS2,0.18705699,Cytosol,Mertins_Breast_PD,Proteome
ACTR10,-0.47197467,Cytosol,Mertins_Breast_PD,Proteome
ACYP1,0.22736636,Cytosol,Mertins_Breast_PD,Proteome
ACYP2,0.2757474,Cytosol,Mertins_Breast_PD,Proteome
ADAM10,0.17640376,Secretory,Mertins_Breast_PD,Proteome
ADAM15,0.25423235,Secretory,Mertins_Breast_PD,Proteome
ADAR,0.4452538,Nucleus,Mertins_Breast_PD,Proteome
ADARB1,-0.4340493,Nucleus,Mertins_Breast_PD,Proteome
ADH5,0.27486968,Cytosol,Mertins_Breast_PD,Proteome
ADI1,-0.14451216,Cytosol,Mertins_Breast_PD,Proteome
ADK,0.22380972,Cytosol,Mertins_Breast_PD,Proteome
ADNP,0.3900571,Nucleus,Mertins_Breast_PD,Proteome
ADO,-0.48388928,Cytosol,Mertins_Breast_PD,Proteome
ADRM1,-0.44657186,Cytosol,Mertins_Breast_PD,Proteome
ADSL,-0.1255214,Cytosol,Mertins_Breast_PD,Proteome
AFF4,-0.0366333,Nucleus,Mertins_Breast_PD,Proteome
AFG3L2,-0.05233159,Mitochondria,Mertins_Breast_PD,Proteome
AGFG1,-0.4033265,Cytosol,Mertins_Breast_PD,Proteome
AGFG2,-0.2343918,Cytosol,Mertins_Breast_PD,Proteome
AGK,0.09545394,Mitochondria,Mertins_Breast_PD,Proteome
AGO2,0.38254565,Nucleus,Mertins_Breast_PD,Proteome
AGPAT3,0.24853948,Secretory,Mertins_Breast_PD,Proteome
AGPAT5,-0.05127462,Mitochondria,Mertins_Breast_PD,Proteome
AGRN,-0.4618326,Secretory,Mertins_Breast_PD,Proteome
AHCTF1,0.47910732,Nucleus,Mertins_Breast_PD,Proteome
AHCY,-0.49462423,Cytosol,Mertins_Breast_PD,Proteome
AHCYL1,0.03471911,Cytosol,Mertins_Breast_PD,Proteome
AHCYL2,-0.03637234,Cytosol,Mertins_Breast_PD,Proteome
AHDC1,0.41011584,Nucleus,Mertins_Breast_PD,Proteome
AHSA1,-0.31697193,Cytosol,Mertins_Breast_PD,Proteome
AIFM1,0.1889647,Mitochondria,Mertins_Breast_PD,Proteome
AIP,-0.043080855,Cytosol,Mertins_Breast_PD,Proteome
AK1,0.17528704,Cytosol,Mertins_Breast_PD,Proteome
AK2,-0.3675072,Nucleus,Mertins_Breast_PD,Proteome
AKAP1,-0.104553275,Mitochondria,Mertins_Breast_PD,Proteome
AKAP12,0.30002025,Cytosol,Mertins_Breast_PD,Proteome
AKAP17A,0.3708842,Nucleus,Mertins_Breast_PD,Proteome
AKAP8L,0.3231591,Nucleus,Mertins_Breast_PD,Proteome
AKR1A1,0.1919102,Cytosol,Mertins_Breast_PD,Proteome
AKT1,0.11534762,Cytosol,Mertins_Breast_PD,Proteome
AKT2,0.1491616,Cytosol,Mertins_Breast_PD,Proteome
AKTIP,-0.10511383,Cytosol,Mertins_Breast_PD,Proteome
ALCAM,-0.021885633,Secretory,Mertins_Breast_PD,Proteome
ALDH1A3,0.32546654,Cytosol,Mertins_Breast_PD,Proteome
ALDH3A2,-0.22554097,Secretory,Mertins_Breast_PD,Proteome
ALDH9A1,0.18506375,Cytosol,Mertins_Breast_PD,Proteome
ALDOA,-0.10207973,Cytosol,Mertins_Breast_PD,Proteome
ALG1,0.19651486,Secretory,Mertins_Breast_PD,Proteome
ALG5,0.25938427,Secretory,Mertins_Breast_PD,Proteome
ALKBH3,0.32897788,Cytosol,Mertins_Breast_PD,Proteome
ALKBH8,0.17112753,Cytosol,Mertins_Breast_PD,Proteome
AMDHD2,0.2101761,Cytosol,Mertins_Breast_PD,Proteome
AMPD2,-0.41273698,Cytosol,Mertins_Breast_PD,Proteome
ANKLE2,0.20268919,Secretory,Mertins_Breast_PD,Proteome
ANKMY2,0.030217713,Cytosol,Mertins_Breast_PD,Proteome
ANKRD54,-0.19534451,Cytosol,Mertins_Breast_PD,Proteome
ANKS1A,-0.4288613,Cytosol,Mertins_Breast_PD,Proteome
ANO10,0.25866598,Secretory,Mertins_Breast_PD,Proteome
ANO6,0.24244614,Secretory,Mertins_Breast_PD,Proteome
ANXA1,0.32549062,Cytosol,Mertins_Breast_PD,Proteome
ANXA11,0.30410877,Cytosol,Mertins_Breast_PD,Proteome
ANXA5,0.3117106,Cytosol,Mertins_Breast_PD,Proteome
AP2A1,-0.48226246,Secretory,Mertins_Breast_PD,Proteome
AP2A2,-0.4411963,Secretory,Mertins_Breast_PD,Proteome
AP2M1,0.15777592,Secretory,Mertins_Breast_PD,Proteome
AP3B1,-0.080813214,Cytosol,Mertins_Breast_PD,Proteome
AP3D1,-0.11830061,Cytosol,Mertins_Breast_PD,Proteome
AP3M2,0.25150275,Cytosol,Mertins_Breast_PD,Proteome
AP4E1,0.20435727,Cytosol,Mertins_Breast_PD,Proteome
APLP2,0.2041586,Secretory,Mertins_Breast_PD,Proteome
APMAP,0.21576786,Secretory,Mertins_Breast_PD,Proteome
APOO,0.23666246,Mitochondria,Mertins_Breast_PD,Proteome
APOOL,-0.17733249,Mitochondria,Mertins_Breast_PD,Proteome
APP,-0.028317774,Secretory,Mertins_Breast_PD,Proteome
APPL1,0.24351503,Cytosol,Mertins_Breast_PD,Proteome
APRT,0.2768789,Cytosol,Mertins_Breast_PD,Proteome
ARAP1,0.3324676,Cytosol,Mertins_Breast_PD,Proteome
ARCN1,-0.20529461,Cytosol,Mertins_Breast_PD,Proteome
ARFGEF2,-0.42363462,Cytosol,Mertins_Breast_PD,Proteome
ARFRP1,-0.05867085,Secretory,Mertins_Breast_PD,Proteome
ARHGAP12,-0.45592737,Cytosol,Mertins_Breast_PD,Proteome
ARHGAP17,0.3271707,Cytosol,Mertins_Breast_PD,Proteome
ARHGAP35,-0.11113478,Cytosol,Mertins_Breast_PD,Proteome
ARHGAP5,-0.38249415,Cytosol,Mertins_Breast_PD,Proteome
ARHGDIA,0.21047188,Cytosol,Mertins_Breast_PD,Proteome
ARHGDIB,0.32046258,Cytosol,Mertins_Breast_PD,Proteome
ARHGEF10,0.32515886,Cytosol,Mertins_Breast_PD,Proteome
ARHGEF10L,0.27977213,Cytosol,Mertins_Breast_PD,Proteome
ARHGEF40,-0.44308415,Secretory,Mertins_Breast_PD,Proteome
ARHGEF7,0.30821675,Cytosol,Mertins_Breast_PD,Proteome
ARID1B,0.20376694,Nucleus,Mertins_Breast_PD,Proteome
ARIH1,-0.55373126,Cytosol,Mertins_Breast_PD,Proteome
ARIH2,0.18106155,Cytosol,Mertins_Breast_PD,Proteome
ARL6,0.19082402,Cytosol,Mertins_Breast_PD,Proteome
ARL6IP5,0.2562143,Secretory,Mertins_Breast_PD,Proteome
ARL8A,-0.4251594,Secretory,Mertins_Breast_PD,Proteome
ARL8B,0.24874763,Secretory,Mertins_Breast_PD,Proteome
ARMC10,0.253554,Mitochondria,Mertins_Breast_PD,Proteome
ARMC6,-0.2609315,Cytosol,Mertins_Breast_PD,Proteome
ARMCX3,-0.10099984,Mitochondria,Mertins_Breast_PD,Proteome
ARPC5,0.31703395,Cytosol,Mertins_Breast_PD,Proteome
ASAH1,-0.35704464,Secretory,Mertins_Breast_PD,Proteome
ASAP1,0.29912314,Cytosol,Mertins_Breast_PD,Proteome
ASH2L,0.26759318,Nucleus,Mertins_Breast_PD,Proteome
ASMTL,0.015327733,Cytosol,Mertins_Breast_PD,Proteome
ASPH,0.24315038,Secretory,Mertins_Breast_PD,Proteome
ASPSCR1,0.053521775,Cytosol,Mertins_Breast_PD,Proteome
ASS1,0.28338656,Cytosol,Mertins_Breast_PD,Proteome
ATAD1,-0.19271451,Mitochondria,Mertins_Breast_PD,Proteome
ATAD2,0.33810452,Nucleus,Mertins_Breast_PD,Proteome
ATAD2B,0.4028011,Nucleus,Mertins_Breast_PD,Proteome
ATAD3A,0.019806445,Mitochondria,Mertins_Breast_PD,Proteome
ATE1,-0.06722715,Cytosol,Mertins_Breast_PD,Proteome
ATF1,0.19195656,Nucleus,Mertins_Breast_PD,Proteome
ATG13,-0.5234621,Cytosol,Mertins_Breast_PD,Proteome
ATG16L1,-0.28301752,Cytosol,Mertins_Breast_PD,Proteome
ATG2B,-0.24027333,Cytosol,Mertins_Breast_PD,Proteome
ATG3,0.29645512,Cytosol,Mertins_Breast_PD,Proteome
ATG4B,0.23511347,Cytosol,Mertins_Breast_PD,Proteome
ATG5,-0.2837234,Cytosol,Mertins_Breast_PD,Proteome
ATG7,0.32395375,Cytosol,Mertins_Breast_PD,Proteome
ATG9A,0.11691986,Secretory,Mertins_Breast_PD,Proteome
ATIC,0.061320912,Cytosol,Mertins_Breast_PD,Proteome
ATL2,0.1698475,Secretory,Mertins_Breast_PD,Proteome
ATL3,0.25766283,Secretory,Mertins_Breast_PD,Proteome
ATP13A1,0.25214162,Secretory,Mertins_Breast_PD,Proteome
ATP1A1,0.2379346,Secretory,Mertins_Breast_PD,Proteome
ATP1B1,0.2095267,Secretory,Mertins_Breast_PD,Proteome
ATP1B3,0.2580576,Secretory,Mertins_Breast_PD,Proteome
ATP2A2,0.2445027,Secretory,Mertins_Breast_PD,Proteome
ATP2B1,0.251037,Secretory,Mertins_Breast_PD,Proteome
ATP2B4,0.12962645,Secretory,Mertins_Breast_PD,Proteome
ATP2C1,0.2607414,Secretory,Mertins_Breast_PD,Proteome
ATP6AP1,0.0289911,Secretory,Mertins_Breast_PD,Proteome
ATP6AP2,-0.18010692,Secretory,Mertins_Breast_PD,Proteome
ATP6V0A1,0.049755692,Secretory,Mertins_Breast_PD,Proteome
ATP6V0A2,0.24325635,Secretory,Mertins_Breast_PD,Proteome
ATP6V0D1,-0.07543249,Secretory,Mertins_Breast_PD,Proteome
ATP8B1,-0.109157406,Secretory,Mertins_Breast_PD,Proteome
ATP9A,0.10570113,Secretory,Mertins_Breast_PD,Proteome
ATPAF1,0.013714893,Mitochondria,Mertins_Breast_PD,Proteome
ATRN,-0.47887874,Secretory,Mertins_Breast_PD,Proteome
ATRX,0.13433817,Nucleus,Mertins_Breast_PD,Proteome
ATXN1,-0.42332298,Nucleus,Mertins_Breast_PD,Proteome
ATXN3,0.24876472,Cytosol,Mertins_Breast_PD,Proteome
ATXN7L3B,-0.42156738,Cytosol,Mertins_Breast_PD,Proteome
AUP1,0.19508927,Secretory,Mertins_Breast_PD,Proteome
AVL9,-0.27607733,Cytosol,Mertins_Breast_PD,Proteome
B2M,-0.4424592,Secretory,Mertins_Breast_PD,Proteome
B3GAT3,-0.19927014,Secretory,Mertins_Breast_PD,Proteome
B4GALT1,-0.46795592,Secretory,Mertins_Breast_PD,Proteome
BAG3,-0.107012525,Cytosol,Mertins_Breast_PD,Proteome
BAG6,-0.39776307,Cytosol,Mertins_Breast_PD,Proteome
BAX,-0.5100992,Cytosol,Mertins_Breast_PD,Proteome
BAZ1A,0.47545552,Nucleus,Mertins_Breast_PD,Proteome
BAZ1B,0.46888465,Nucleus,Mertins_Breast_PD,Proteome
BAZ2A,-0.14590904,Nucleus,Mertins_Breast_PD,Proteome
BCAP29,0.19253947,Secretory,Mertins_Breast_PD,Proteome
BCAP31,0.21138309,Secretory,Mertins_Breast_PD,Proteome
BCAR1,-0.35475788,Cytosol,Mertins_Breast_PD,Proteome
BCAS3,-0.17939042,Cytosol,Mertins_Breast_PD,Proteome
BCL10,0.31697682,Cytosol,Mertins_Breast_PD,Proteome
BCL2L1,0.22648093,Mitochondria,Mertins_Breast_PD,Proteome
BCL2L13,0.20124821,Mitochondria,Mertins_Breast_PD,Proteome
BCL9L,-0.08933667,Nucleus,Mertins_Breast_PD,Proteome
BCS1L,0.29725528,Mitochondria,Mertins_Breast_PD,Proteome
BDH1,0.087996736,Mitochondria,Mertins_Breast_PD,Proteome
BDH2,0.2805898,Cytosol,Mertins_Breast_PD,Proteome
BET1,0.25864205,Secretory,Mertins_Breast_PD,Proteome
BET1L,0.12668596,Secretory,Mertins_Breast_PD,Proteome
BID,0.22357428,Cytosol,Mertins_Breast_PD,Proteome
BIN1,0.332571,Cytosol,Mertins_Breast_PD,Proteome
BIN3,0.00878984,Cytosol,Mertins_Breast_PD,Proteome
BIRC2,0.16369076,Cytosol,Mertins_Breast_PD,Proteome
BIRC6,-0.43838242,Cytosol,Mertins_Breast_PD,Proteome
BLVRB,0.10352617,Cytosol,Mertins_Breast_PD,Proteome
BMP2K,-0.44699,Secretory,Mertins_Breast_PD,Proteome
BMS1,0.46418038,Nucleus,Mertins_Breast_PD,Proteome
BPNT1,0.20058917,Cytosol,Mertins_Breast_PD,Proteome
BRAF,-0.19554092,Cytosol,Mertins_Breast_PD,Proteome
BRCC3,0.22102216,Cytosol,Mertins_Breast_PD,Proteome
BRD1,0.45093033,Nucleus,Mertins_Breast_PD,Proteome
BRD2,0.3308047,Nucleus,Mertins_Breast_PD,Proteome
BRD4,0.38216725,Nucleus,Mertins_Breast_PD,Proteome
BRIX1,0.46476048,Nucleus,Mertins_Breast_PD,Proteome
BROX,0.038279418,Cytosol,Mertins_Breast_PD,Proteome
BRPF1,0.26189154,Nucleus,Mertins_Breast_PD,Proteome
BSG,0.22225788,Secretory,Mertins_Breast_PD,Proteome
BTF3,0.13849515,Cytosol,Mertins_Breast_PD,Proteome
BTF3L4,-0.480392,Cytosol,Mertins_Breast_PD,Proteome
C11orf68,0.3308853,Cytosol,Mertins_Breast_PD,Proteome
C12orf57,0.14076748,Cytosol,Mertins_Breast_PD,Proteome
C14orf119,0.31798396,Cytosol,Mertins_Breast_PD,Proteome
C1QBP,0.19653067,Mitochondria,Mertins_Breast_PD,Proteome
C1orf198,0.3098317,Cytosol,Mertins_Breast_PD,Proteome
C1orf226,-0.017889036,Mitochondria,Mertins_Breast_PD,Proteome
C1orf50,0.15904292,Cytosol,Mertins_Breast_PD,Proteome
C2orf49,0.18191919,Nucleus,Mertins_Breast_PD,Proteome
C2orf69,-0.045409996,Cytosol,Mertins_Breast_PD,Proteome
C5orf24,-0.38637155,Nucleus,Mertins_Breast_PD,Proteome
CABIN1,0.26718432,Nucleus,Mertins_Breast_PD,Proteome
CACYBP,-0.2750063,Cytosol,Mertins_Breast_PD,Proteome
CAD,-0.13745327,Cytosol,Mertins_Breast_PD,Proteome
CADM4,-0.31148338,Secretory,Mertins_Breast_PD,Proteome
CALCOCO1,-0.042589903,Cytosol,Mertins_Breast_PD,Proteome
CALR,-0.16954169,Nucleus,Mertins_Breast_PD,Proteome
CALU,-0.054847393,Nucleus,Mertins_Breast_PD,Proteome
CAMK2D,0.32178468,Cytosol,Mertins_Breast_PD,Proteome
CAMK2G,0.32286686,Cytosol,Mertins_Breast_PD,Proteome
CANT1,-0.042901754,Secretory,Mertins_Breast_PD,Proteome
CANX,0.2371232,Secretory,Mertins_Breast_PD,Proteome
CAPN1,0.13964549,Cytosol,Mertins_Breast_PD,Proteome
CAPN2,0.28558958,Cytosol,Mertins_Breast_PD,Proteome
CAPNS1,0.30228734,Cytosol,Mertins_Breast_PD,Proteome
CAPS,-0.3663227,Cytosol,Mertins_Breast_PD,Proteome
CASK,-0.22325373,Mitochondria,Mertins_Breast_PD,Proteome
CASP7,-0.1310661,Cytosol,Mertins_Breast_PD,Proteome
CAST,0.18049265,Cytosol,Mertins_Breast_PD,Proteome
CAV1,0.008463629,Secretory,Mertins_Breast_PD,Proteome
CBFB,0.26454085,Cytosol,Mertins_Breast_PD,Proteome
CBL,0.24639915,Cytosol,Mertins_Breast_PD,Proteome
CBR1,0.32268587,Cytosol,Mertins_Breast_PD,Proteome
CBR3,0.3187584,Cytosol,Mertins_Breast_PD,Proteome
CBX3,0.22836348,Nucleus,Mertins_Breast_PD,Proteome
CBX5,-0.18547541,Nucleus,Mertins_Breast_PD,Proteome
CBX8,0.31035972,Nucleus,Mertins_Breast_PD,Proteome
CC2D1B,0.32261658,Cytosol,Mertins_Breast_PD,Proteome
CCAR1,0.28945222,Nucleus,Mertins_Breast_PD,Proteome
CCAR2,0.059299335,Nucleus,Mertins_Breast_PD,Proteome
CCDC115,-0.35988086,Secretory,Mertins_Breast_PD,Proteome
CCDC127,0.06917773,Mitochondria,Mertins_Breast_PD,Proteome
CCDC134,-0.4068336,Secretory,Mertins_Breast_PD,Proteome
CCDC22,0.28514966,Cytosol,Mertins_Breast_PD,Proteome
CCDC25,0.07719577,Cytosol,Mertins_Breast_PD,Proteome
CCDC43,-0.35401303,Cytosol,Mertins_Breast_PD,Proteome
CCDC47,0.26134712,Secretory,Mertins_Breast_PD,Proteome
CCDC50,0.32085693,Cytosol,Mertins_Breast_PD,Proteome
CCDC51,0.06673285,Mitochondria,Mertins_Breast_PD,Proteome
CCDC6,-0.06071326,Cytosol,Mertins_Breast_PD,Proteome
CCDC61,-0.2287635,Secretory,Mertins_Breast_PD,Proteome
CCDC85C,-0.44409212,Cytosol,Mertins_Breast_PD,Proteome
CCDC86,0.34621978,Nucleus,Mertins_Breast_PD,Proteome
CCDC90B,0.102131955,Mitochondria,Mertins_Breast_PD,Proteome
CCDC91,-0.4493712,Cytosol,Mertins_Breast_PD,Proteome
CCDC92,0.33051082,Cytosol,Mertins_Breast_PD,Proteome
CCDC93,0.2525387,Cytosol,Mertins_Breast_PD,Proteome
CCDC97,-0.078314856,Cytosol,Mertins_Breast_PD,Proteome
CCNH,-0.07405638,Nucleus,Mertins_Breast_PD,Proteome
CCNT1,0.15838571,Nucleus,Mertins_Breast_PD,Proteome
CCNT2,0.02039197,Nucleus,Mertins_Breast_PD,Proteome
CCS,0.06432652,Cytosol,Mertins_Breast_PD,Proteome
CCT2,0.15822437,Cytosol,Mertins_Breast_PD,Proteome
CCT3,0.17172964,Cytosol,Mertins_Breast_PD,Proteome
CCT4,0.13472235,Cytosol,Mertins_Breast_PD,Proteome
CCT5,0.099107735,Cytosol,Mertins_Breast_PD,Proteome
CCT6A,0.18155617,Cytosol,Mertins_Breast_PD,Proteome
CCT7,0.12401428,Cytosol,Mertins_Breast_PD,Proteome
CCT8,0.1502794,Cytosol,Mertins_Breast_PD,Proteome
CD109,-0.42660964,Secretory,Mertins_Breast_PD,Proteome
CD276,0.24171454,Secretory,Mertins_Breast_PD,Proteome
CD2AP,-0.30966216,Cytosol,Mertins_Breast_PD,Proteome
CD44,0.23060802,Secretory,Mertins_Breast_PD,Proteome
CD46,0.16510423,Secretory,Mertins_Breast_PD,Proteome
CD47,0.24108332,Secretory,Mertins_Breast_PD,Proteome
CD55,0.1375265,Secretory,Mertins_Breast_PD,Proteome
CD63,0.21668603,Secretory,Mertins_Breast_PD,Proteome
CD81,0.19294116,Secretory,Mertins_Breast_PD,Proteome
CD99,-0.031449325,Secretory,Mertins_Breast_PD,Proteome
CDC123,-0.12897395,Cytosol,Mertins_Breast_PD,Proteome
CDC37,0.32293695,Cytosol,Mertins_Breast_PD,Proteome
CDC40,0.38193884,Nucleus,Mertins_Breast_PD,Proteome
CDC42,-0.5108105,Cytosol,Mertins_Breast_PD,Proteome
CDC42EP4,0.0786347,Cytosol,Mertins_Breast_PD,Proteome
CDC5L,0.37333962,Nucleus,Mertins_Breast_PD,Proteome
CDC73,0.43413436,Nucleus,Mertins_Breast_PD,Proteome
CDK1,-0.27740738,Cytosol,Mertins_Breast_PD,Proteome
CDK13,0.22408287,Nucleus,Mertins_Breast_PD,Proteome
CDK17,-0.23002225,Secretory,Mertins_Breast_PD,Proteome
CDK5,-0.15250632,Cytosol,Mertins_Breast_PD,Proteome
CDK5RAP3,-0.16663295,Secretory,Mertins_Breast_PD,Proteome
CDK6,0.32231924,Cytosol,Mertins_Breast_PD,Proteome
CDK9,0.045677874,Nucleus,Mertins_Breast_PD,Proteome
CDKAL1,-0.5721011,Secretory,Mertins_Breast_PD,Proteome
CDKN2AIPNL,-0.33927974,Nucleus,Mertins_Breast_PD,Proteome
CDR2L,-0.4040847,Cytosol,Mertins_Breast_PD,Proteome
CDV3,-0.43557355,Cytosol,Mertins_Breast_PD,Proteome
CEBPB,-0.011373684,Nucleus,Mertins_Breast_PD,Proteome
CEBPZ,0.46370614,Nucleus,Mertins_Breast_PD,Proteome
CELF1,0.2898246,Nucleus,Mertins_Breast_PD,Proteome
CENPB,0.0012346576,Nucleus,Mertins_Breast_PD,Proteome
CEP128,-0.22677578,Mitochondria,Mertins_Breast_PD,Proteome
CEP192,-0.46490598,Cytosol,Mertins_Breast_PD,Proteome
CEP44,0.08106927,Cytosol,Mertins_Breast_PD,Proteome
CEP85,-0.33340314,Cytosol,Mertins_Breast_PD,Proteome
CERS2,0.16107507,Secretory,Mertins_Breast_PD,Proteome
CFL1,0.28511828,Cytosol,Mertins_Breast_PD,Proteome
CHAF1A,0.17276752,Nucleus,Mertins_Breast_PD,Proteome
CHCHD3,0.12278091,Mitochondria,Mertins_Breast_PD,Proteome
CHCHD6,-0.06604697,Mitochondria,Mertins_Breast_PD,Proteome
CHD1,-0.05077179,Nucleus,Mertins_Breast_PD,Proteome
CHD2,0.3538334,Nucleus,Mertins_Breast_PD,Proteome
CHD3,0.0561083,Nucleus,Mertins_Breast_PD,Proteome
CHD4,0.46412548,Nucleus,Mertins_Breast_PD,Proteome
CHDH,0.053100742,Mitochondria,Mertins_Breast_PD,Proteome
CHERP,0.40548474,Nucleus,Mertins_Breast_PD,Proteome
CHKA,-0.069462866,Cytosol,Mertins_Breast_PD,Proteome
CHM,0.29147735,Cytosol,Mertins_Breast_PD,Proteome
CHMP2A,-0.41506505,Cytosol,Mertins_Breast_PD,Proteome
CHMP4B,-0.42723462,Cytosol,Mertins_Breast_PD,Proteome
CHMP5,-0.48584637,Cytosol,Mertins_Breast_PD,Proteome
CHMP6,-0.0742858,Secretory,Mertins_Breast_PD,Proteome
CHORDC1,0.0010661671,Cytosol,Mertins_Breast_PD,Proteome
CHTOP,0.39584965,Nucleus,Mertins_Breast_PD,Proteome
CIAO1,0.18090309,Cytosol,Mertins_Breast_PD,Proteome
CIAPIN1,-0.5616464,Cytosol,Mertins_Breast_PD,Proteome
CIB1,-0.19922057,Secretory,Mertins_Breast_PD,Proteome
CIC,-0.3969884,Nucleus,Mertins_Breast_PD,Proteome
CISD1,0.16434386,Mitochondria,Mertins_Breast_PD,Proteome
CISD2,0.24118914,Secretory,Mertins_Breast_PD,Proteome
CKAP4,0.25860876,Secretory,Mertins_Breast_PD,Proteome
CKB,0.29267296,Cytosol,Mertins_Breast_PD,Proteome
CLCC1,0.19334786,Secretory,Mertins_Breast_PD,Proteome
CLCN7,0.16017832,Secretory,Mertins_Breast_PD,Proteome
CLIC1,0.3325043,Cytosol,Mertins_Breast_PD,Proteome
CLIC4,0.3259145,Cytosol,Mertins_Breast_PD,Proteome
CLIP1,-0.41200405,Cytosol,Mertins_Breast_PD,Proteome
CLPB,0.016481813,Mitochondria,Mertins_Breast_PD,Proteome
CLUH,-0.39495525,Cytosol,Mertins_Breast_PD,Proteome
CMAS,-0.41028893,Nucleus,Mertins_Breast_PD,Proteome
CMBL,-0.072755,Cytosol,Mertins_Breast_PD,Proteome
CMC2,-0.32925335,Mitochondria,Mertins_Breast_PD,Proteome
CMPK1,0.20412423,Cytosol,Mertins_Breast_PD,Proteome
CMSS1,0.46043363,Nucleus,Mertins_Breast_PD,Proteome
CMTR2,-0.42726538,Cytosol,Mertins_Breast_PD,Proteome
CNDP2,0.23809838,Cytosol,Mertins_Breast_PD,Proteome
CNN2,0.31349692,Cytosol,Mertins_Breast_PD,Proteome
CNNM3,0.08210482,Secretory,Mertins_Breast_PD,Proteome
CNNM4,0.115166105,Secretory,Mertins_Breast_PD,Proteome
CNOT4,0.11464858,Cytosol,Mertins_Breast_PD,Proteome
CNP,0.007964235,Secretory,Mertins_Breast_PD,Proteome
CNPY3,-0.30063933,Nucleus,Mertins_Breast_PD,Proteome
CNTRL,-0.4847062,Cytosol,Mertins_Breast_PD,Proteome
COA3,-0.09648194,Mitochondria,Mertins_Breast_PD,Proteome
COA7,0.4036649,Nucleus,Mertins_Breast_PD,Proteome
COASY,0.06436396,Cytosol,Mertins_Breast_PD,Proteome
COG4,-0.3401204,Cytosol,Mertins_Breast_PD,Proteome
COMMD4,0.31396988,Cytosol,Mertins_Breast_PD,Proteome
COMMD6,0.31665462,Cytosol,Mertins_Breast_PD,Proteome
COMTD1,0.16852175,Mitochondria,Mertins_Breast_PD,Proteome
COPA,-0.30818534,Cytosol,Mertins_Breast_PD,Proteome
COPB2,-0.29955006,Cytosol,Mertins_Breast_PD,Proteome
COPG1,-0.2653149,Cytosol,Mertins_Breast_PD,Proteome
COPS4,0.18168287,Cytosol,Mertins_Breast_PD,Proteome
COPS7A,0.20541672,Cytosol,Mertins_Breast_PD,Proteome
COPZ1,-0.059849802,Cytosol,Mertins_Breast_PD,Proteome
COQ3,-0.36606005,Secretory,Mertins_Breast_PD,Proteome
COQ7,-0.35146594,Secretory,Mertins_Breast_PD,Proteome
COQ9,-0.47487053,Mitochondria,Mertins_Breast_PD,Proteome
COX17,0.08759803,Nucleus,Mertins_Breast_PD,Proteome
COX20,-0.22353831,Mitochondria,Mertins_Breast_PD,Proteome
COX4I1,-0.17708121,Mitochondria,Mertins_Breast_PD,Proteome
COX5B,0.102817275,Mitochondria,Mertins_Breast_PD,Proteome
COX6B1,0.011142207,Mitochondria,Mertins_Breast_PD,Proteome
COX6C,0.17464507,Mitochondria,Mertins_Breast_PD,Proteome
COX7A2,-0.0039893845,Mitochondria,Mertins_Breast_PD,Proteome
COX7A2L,0.13352638,Mitochondria,Mertins_Breast_PD,Proteome
COX7C,-0.17012976,Mitochondria,Mertins_Breast_PD,Proteome
CPD,0.19794008,Secretory,Mertins_Breast_PD,Proteome
CPNE3,-0.104590565,Cytosol,Mertins_Breast_PD,Proteome
CPOX,-0.104377255,Nucleus,Mertins_Breast_PD,Proteome
CPSF6,0.33798772,Nucleus,Mertins_Breast_PD,Proteome
CPT1A,-0.15567209,Mitochondria,Mertins_Breast_PD,Proteome
CPT2,0.20312735,Mitochondria,Mertins_Breast_PD,Proteome
CRABP2,-0.058246106,Cytosol,Mertins_Breast_PD,Proteome
CRBN,0.023825672,Cytosol,Mertins_Breast_PD,Proteome
CREBBP,0.22758608,Nucleus,Mertins_Breast_PD,Proteome
CRELD1,0.24229579,Secretory,Mertins_Breast_PD,Proteome
CRK,0.31229365,Cytosol,Mertins_Breast_PD,Proteome
CRKL,0.18780254,Cytosol,Mertins_Breast_PD,Proteome
CRLF3,0.30385724,Cytosol,Mertins_Breast_PD,Proteome
CRTAP,-0.44065514,Secretory,Mertins_Breast_PD,Proteome
CRTC1,0.23350233,Cytosol,Mertins_Breast_PD,Proteome
CRTC2,-0.39080638,Cytosol,Mertins_Breast_PD,Proteome
CRTC3,0.30184513,Cytosol,Mertins_Breast_PD,Proteome
CSE1L,-0.51442015,Cytosol,Mertins_Breast_PD,Proteome
CSK,0.31634164,Cytosol,Mertins_Breast_PD,Proteome
CSTB,0.2756942,Cytosol,Mertins_Breast_PD,Proteome
CSTF3,0.36722234,Nucleus,Mertins_Breast_PD,Proteome
CTBP1,-0.38608876,Nucleus,Mertins_Breast_PD,Proteome
CTCF,0.16817895,Nucleus,Mertins_Breast_PD,Proteome
CTDP1,0.30523658,Nucleus,Mertins_Breast_PD,Proteome
CTH,0.25956964,Cytosol,Mertins_Breast_PD,Proteome
CTNNA1,-0.31676677,Secretory,Mertins_Breast_PD,Proteome
CTNNB1,0.19268312,Mitochondria,Mertins_Breast_PD,Proteome
CTNNBIP1,0.2586809,Cytosol,Mertins_Breast_PD,Proteome
CTNNBL1,0.47471157,Nucleus,Mertins_Breast_PD,Proteome
CTNND1,0.28111932,Mitochondria,Mertins_Breast_PD,Proteome
CTPS1,-0.13734767,Cytosol,Mertins_Breast_PD,Proteome
CTPS2,-0.22231486,Cytosol,Mertins_Breast_PD,Proteome
CTR9,0.3766031,Nucleus,Mertins_Breast_PD,Proteome
CTTNBP2NL,0.18911004,Cytosol,Mertins_Breast_PD,Proteome
CTU2,0.031969614,Cytosol,Mertins_Breast_PD,Proteome
CUL1,-0.5474998,Cytosol,Mertins_Breast_PD,Proteome
CUL9,0.007179246,Cytosol,Mertins_Breast_PD,Proteome
CUX1,0.10828597,Secretory,Mertins_Breast_PD,Proteome
CWC22,0.35779312,Nucleus,Mertins_Breast_PD,Proteome
CXXC1,0.26033008,Nucleus,Mertins_Breast_PD,Proteome
CXorf38,0.28464139,Cytosol,Mertins_Breast_PD,Proteome
CYB5A,-0.19914483,Secretory,Mertins_Breast_PD,Proteome
CYB5B,0.24025793,Secretory,Mertins_Breast_PD,Proteome
CYB5R3,0.23759648,Secretory,Mertins_Breast_PD,Proteome
CYC1,0.2743876,Mitochondria,Mertins_Breast_PD,Proteome
CYP20A1,0.23923624,Secretory,Mertins_Breast_PD,Proteome
CYTH1,0.25266808,Cytosol,Mertins_Breast_PD,Proteome
DAAM1,0.22185731,Secretory,Mertins_Breast_PD,Proteome
DAG1,-0.267474,Secretory,Mertins_Breast_PD,Proteome
DAGLB,0.20621826,Secretory,Mertins_Breast_PD,Proteome
DBI,0.26122588,Cytosol,Mertins_Breast_PD,Proteome
DBNL,-0.42991745,Cytosol,Mertins_Breast_PD,Proteome
DCAF13,0.4402332,Nucleus,Mertins_Breast_PD,Proteome
DCTD,0.31823826,Cytosol,Mertins_Breast_PD,Proteome
DCTN1,0.2635059,Cytosol,Mertins_Breast_PD,Proteome
DCTN2,0.2765684,Cytosol,Mertins_Breast_PD,Proteome
DCTN4,0.25248322,Cytosol,Mertins_Breast_PD,Proteome
DCTN5,0.22391416,Cytosol,Mertins_Breast_PD,Proteome
DCTN6,0.2284835,Cytosol,Mertins_Breast_PD,Proteome
DCTPP1,-0.3753381,Cytosol,Mertins_Breast_PD,Proteome
DCUN1D1,-0.5573969,Cytosol,Mertins_Breast_PD,Proteome
DDAH1,0.072367236,Cytosol,Mertins_Breast_PD,Proteome
DDB2,-0.43089545,Nucleus,Mertins_Breast_PD,Proteome
DDHD2,0.2764586,Cytosol,Mertins_Breast_PD,Proteome
DDI2,0.0154502755,Cytosol,Mertins_Breast_PD,Proteome
DDOST,0.25243568,Secretory,Mertins_Breast_PD,Proteome
DDR1,-0.08543798,Secretory,Mertins_Breast_PD,Proteome
DDRGK1,0.23838273,Secretory,Mertins_Breast_PD,Proteome
DDX10,0.46348122,Nucleus,Mertins_Breast_PD,Proteome
DDX18,0.46339798,Nucleus,Mertins_Breast_PD,Proteome
DDX20,0.44185075,Nucleus,Mertins_Breast_PD,Proteome
DDX24,0.47372344,Nucleus,Mertins_Breast_PD,Proteome
DDX28,-0.1986662,Secretory,Mertins_Breast_PD,Proteome
DDX31,0.47233057,Nucleus,Mertins_Breast_PD,Proteome
DDX39A,0.27253148,Nucleus,Mertins_Breast_PD,Proteome
DDX39B,0.2627855,Nucleus,Mertins_Breast_PD,Proteome
DDX47,0.4530635,Nucleus,Mertins_Breast_PD,Proteome
DDX49,0.46366644,Nucleus,Mertins_Breast_PD,Proteome
DDX5,0.36338452,Nucleus,Mertins_Breast_PD,Proteome
DDX50,0.4567407,Nucleus,Mertins_Breast_PD,Proteome
DDX51,0.46593803,Nucleus,Mertins_Breast_PD,Proteome
DDX52,0.47309875,Nucleus,Mertins_Breast_PD,Proteome
DDX55,0.4375369,Nucleus,Mertins_Breast_PD,Proteome
DDX56,0.47321168,Nucleus,Mertins_Breast_PD,Proteome
DENND4C,-0.33687904,Cytosol,Mertins_Breast_PD,Proteome
DENR,-0.27092847,Cytosol,Mertins_Breast_PD,Proteome
DEPDC5,-0.12977362,Cytosol,Mertins_Breast_PD,Proteome
DFFA,0.14324255,Cytosol,Mertins_Breast_PD,Proteome
DGCR8,0.35295895,Nucleus,Mertins_Breast_PD,Proteome
DHCR24,0.2130609,Secretory,Mertins_Breast_PD,Proteome
DHCR7,0.20863532,Secretory,Mertins_Breast_PD,Proteome
DHFR,-0.032833207,Cytosol,Mertins_Breast_PD,Proteome
DHODH,-0.30907908,Mitochondria,Mertins_Breast_PD,Proteome
DHRS1,-0.27981502,Secretory,Mertins_Breast_PD,Proteome
DHRS3,-0.39784682,Secretory,Mertins_Breast_PD,Proteome
DHRS7,0.25145188,Secretory,Mertins_Breast_PD,Proteome
DHRSX,0.122381374,Secretory,Mertins_Breast_PD,Proteome
DHX16,0.44992727,Nucleus,Mertins_Breast_PD,Proteome
DHX30,-0.17416656,Secretory,Mertins_Breast_PD,Proteome
DHX33,0.47515884,Nucleus,Mertins_Breast_PD,Proteome
DHX36,0.47695887,Nucleus,Mertins_Breast_PD,Proteome
DHX37,0.45468432,Nucleus,Mertins_Breast_PD,Proteome
DHX40,0.3087124,Nucleus,Mertins_Breast_PD,Proteome
DHX9,0.38496584,Nucleus,Mertins_Breast_PD,Proteome
DIABLO,-0.3953146,Nucleus,Mertins_Breast_PD,Proteome
DIAPH1,0.2581359,Cytosol,Mertins_Breast_PD,Proteome
DIDO1,0.20488685,Nucleus,Mertins_Breast_PD,Proteome
DIMT1,0.4599941,Nucleus,Mertins_Breast_PD,Proteome
DIP2A,-0.0064000892,Cytosol,Mertins_Breast_PD,Proteome
DIP2B,-0.05414155,Cytosol,Mertins_Breast_PD,Proteome
DIS3L,-0.2540403,Cytosol,Mertins_Breast_PD,Proteome
DIS3L2,-0.3837377,Cytosol,Mertins_Breast_PD,Proteome
DKC1,0.422389,Nucleus,Mertins_Breast_PD,Proteome
DLAT,-0.39507416,Secretory,Mertins_Breast_PD,Proteome
DLG1,0.23417807,Mitochondria,Mertins_Breast_PD,Proteome
DLG5,-0.27369928,Secretory,Mertins_Breast_PD,Proteome
DNAJA3,0.20486762,Mitochondria,Mertins_Breast_PD,Proteome
DNAJB11,-0.42927325,Secretory,Mertins_Breast_PD,Proteome
DNAJB12,0.12513143,Secretory,Mertins_Breast_PD,Proteome
DNAJB14,0.12481657,Secretory,Mertins_Breast_PD,Proteome
DNAJB4,0.3192162,Cytosol,Mertins_Breast_PD,Proteome
DNAJC1,0.12685265,Secretory,Mertins_Breast_PD,Proteome
DNAJC10,0.2593718,Secretory,Mertins_Breast_PD,Proteome
DNAJC11,-0.21984774,Mitochondria,Mertins_Breast_PD,Proteome
DNAJC13,0.1005363,Secretory,Mertins_Breast_PD,Proteome
DNAJC19,-0.091483556,Mitochondria,Mertins_Breast_PD,Proteome
DNAJC3,-0.42509627,Secretory,Mertins_Breast_PD,Proteome
DNAJC7,-0.32188648,Cytosol,Mertins_Breast_PD,Proteome
DNM2,0.33030647,Cytosol,Mertins_Breast_PD,Proteome
DNMBP,0.18050633,Cytosol,Mertins_Breast_PD,Proteome
DNTTIP1,0.036907032,Nucleus,Mertins_Breast_PD,Proteome
DNTTIP2,0.47437826,Nucleus,Mertins_Breast_PD,Proteome
DOCK9,-0.12504219,Secretory,Mertins_Breast_PD,Proteome
DOHH,0.12553413,Cytosol,Mertins_Breast_PD,Proteome
DPF2,0.26588997,Nucleus,Mertins_Breast_PD,Proteome
DPH2,-0.35848975,Cytosol,Mertins_Breast_PD,Proteome
DPH5,0.013802244,Cytosol,Mertins_Breast_PD,Proteome
DPM1,-0.32118714,Secretory,Mertins_Breast_PD,Proteome
DPP3,-0.31860444,Cytosol,Mertins_Breast_PD,Proteome
DPYD,0.33065698,Cytosol,Mertins_Breast_PD,Proteome
DRG2,0.3104293,Cytosol,Mertins_Breast_PD,Proteome
DROSHA,0.46523112,Nucleus,Mertins_Breast_PD,Proteome
DSTN,0.32706916,Cytosol,Mertins_Breast_PD,Proteome
DTNB,-0.017520782,Mitochondria,Mertins_Breast_PD,Proteome
DTNBP1,0.23058048,Cytosol,Mertins_Breast_PD,Proteome
DTYMK,-0.2141555,Cytosol,Mertins_Breast_PD,Proteome
DUSP12,0.1750156,Cytosol,Mertins_Breast_PD,Proteome
DUSP3,0.26064563,Cytosol,Mertins_Breast_PD,Proteome
DVL2,0.3315096,Cytosol,Mertins_Breast_PD,Proteome
DYNC1H1,-0.48640183,Cytosol,Mertins_Breast_PD,Proteome
DYNC1I2,0.2780023,Cytosol,Mertins_Breast_PD,Proteome
DYNC1LI1,0.2672999,Cytosol,Mertins_Breast_PD,Proteome
DYNC1LI2,0.30729592,Cytosol,Mertins_Breast_PD,Proteome
DYNLRB1,0.22848243,Cytosol,Mertins_Breast_PD,Proteome
DYNLT3,0.27893353,Cytosol,Mertins_Breast_PD,Proteome
DYRK1A,-0.47879976,Cytosol,Mertins_Breast_PD,Proteome
EBNA1BP2,0.44577166,Nucleus,Mertins_Breast_PD,Proteome
ECD,-0.05369196,Cytosol,Mertins_Breast_PD,Proteome
ECE1,-0.17488076,Secretory,Mertins_Breast_PD,Proteome
ECI2,-0.28958875,Secretory,Mertins_Breast_PD,Proteome
ECSIT,0.08226123,Mitochondria,Mertins_Breast_PD,Proteome
ECT2,-0.49057427,Secretory,Mertins_Breast_PD,Proteome
EDEM3,0.060784012,Secretory,Mertins_Breast_PD,Proteome
EDF1,-0.45201987,Cytosol,Mertins_Breast_PD,Proteome
EEF1A1,0.2014893,Cytosol,Mertins_Breast_PD,Proteome
EEF1B2,0.19896741,Cytosol,Mertins_Breast_PD,Proteome
EEF1D,-0.21577051,Cytosol,Mertins_Breast_PD,Proteome
EEF2,-0.12928157,Cytosol,Mertins_Breast_PD,Proteome
EEF2K,0.11834841,Cytosol,Mertins_Breast_PD,Proteome
EFR3A,0.2489282,Secretory,Mertins_Breast_PD,Proteome
EGFR,-0.45530632,Secretory,Mertins_Breast_PD,Proteome
EHBP1,0.3298662,Cytosol,Mertins_Breast_PD,Proteome
EIF1AD,0.29343837,Cytosol,Mertins_Breast_PD,Proteome
EIF2AK4,-0.38479722,Cytosol,Mertins_Breast_PD,Proteome
EIF2B1,-0.39639032,Cytosol,Mertins_Breast_PD,Proteome
EIF4EBP2,0.062345635,Cytosol,Mertins_Breast_PD,Proteome
EIF4H,-0.54394513,Cytosol,Mertins_Breast_PD,Proteome
EIF6,0.090329975,Cytosol,Mertins_Breast_PD,Proteome
ELAVL1,0.27748194,Nucleus,Mertins_Breast_PD,Proteome
ELMO2,0.32451555,Cytosol,Mertins_Breast_PD,Proteome
ELMOD2,0.21039253,Secretory,Mertins_Breast_PD,Proteome
ELOVL1,0.19792072,Secretory,Mertins_Breast_PD,Proteome
ELP4,-0.23427805,Cytosol,Mertins_Breast_PD,Proteome
EMC1,0.1883189,Secretory,Mertins_Breast_PD,Proteome
EMC10,-0.4027599,Secretory,Mertins_Breast_PD,Proteome
EMC3,0.24170695,Secretory,Mertins_Breast_PD,Proteome
EMC4,0.114054926,Secretory,Mertins_Breast_PD,Proteome
EMC7,0.2445469,Secretory,Mertins_Breast_PD,Proteome
EMC8,-0.50718534,Secretory,Mertins_Breast_PD,Proteome
EMD,0.14370795,Secretory,Mertins_Breast_PD,Proteome
EML3,0.3301292,Cytosol,Mertins_Breast_PD,Proteome
EML4,0.028541312,Cytosol,Mertins_Breast_PD,Proteome
ENAH,0.12994538,Cytosol,Mertins_Breast_PD,Proteome
ENDOD1,0.22684169,Secretory,Mertins_Breast_PD,Proteome
ENDOG,-0.45404786,Nucleus,Mertins_Breast_PD,Proteome
ENO1,0.3259039,Cytosol,Mertins_Breast_PD,Proteome
ENO3,0.28430077,Cytosol,Mertins_Breast_PD,Proteome
ENOPH1,0.10098583,Cytosol,Mertins_Breast_PD,Proteome
ENSA,0.023925038,Cytosol,Mertins_Breast_PD,Proteome
EPB41,-0.3137651,Mitochondria,Mertins_Breast_PD,Proteome
EPB41L5,-0.18921904,Secretory,Mertins_Breast_PD,Proteome
EPHB4,0.1578094,Secretory,Mertins_Breast_PD,Proteome
EPHX1,0.25956532,Secretory,Mertins_Breast_PD,Proteome
ERAL1,0.1995205,Mitochondria,Mertins_Breast_PD,Proteome
ERBB2,-0.15646338,Secretory,Mertins_Breast_PD,Proteome
ERC1,0.32417214,Cytosol,Mertins_Breast_PD,Proteome
ERCC6L,-0.21739142,Cytosol,Mertins_Breast_PD,Proteome
ERF,-0.5602091,Cytosol,Mertins_Breast_PD,Proteome
ERGIC1,0.19832966,Secretory,Mertins_Breast_PD,Proteome
ERGIC2,0.2439233,Secretory,Mertins_Breast_PD,Proteome
ERLEC1,-0.45552558,Secretory,Mertins_Breast_PD,Proteome
ERLIN1,0.1736899,Secretory,Mertins_Breast_PD,Proteome
ERLIN2,-0.31825224,Secretory,Mertins_Breast_PD,Proteome
ERMP1,0.21531284,Secretory,Mertins_Breast_PD,Proteome
ERP29,-0.3422389,Nucleus,Mertins_Breast_PD,Proteome
ESF1,0.47280726,Nucleus,Mertins_Breast_PD,Proteome
ESYT1,0.2567356,Secretory,Mertins_Breast_PD,Proteome
ESYT2,0.25832388,Secretory,Mertins_Breast_PD,Proteome
ETF1,0.039666202,Cytosol,Mertins_Breast_PD,Proteome
ETFA,-0.063922755,Mitochondria,Mertins_Breast_PD,Proteome
ETFDH,0.0152766295,Mitochondria,Mertins_Breast_PD,Proteome
EXD2,0.089347266,Mitochondria,Mertins_Breast_PD,Proteome
EXOSC10,0.44377166,Nucleus,Mertins_Breast_PD,Proteome
EXOSC3,0.1438359,Nucleus,Mertins_Breast_PD,Proteome
EXOSC5,0.0764099,Nucleus,Mertins_Breast_PD,Proteome
EXOSC9,0.17083749,Nucleus,Mertins_Breast_PD,Proteome
EZR,-0.38622463,Cytosol,Mertins_Breast_PD,Proteome
FAF2,0.016968075,Secretory,Mertins_Breast_PD,Proteome
FAH,0.18006453,Cytosol,Mertins_Breast_PD,Proteome
FAIM,0.30598807,Cytosol,Mertins_Breast_PD,Proteome
FAM107B,0.318354,Cytosol,Mertins_Breast_PD,Proteome
FAM111A,0.28120637,Nucleus,Mertins_Breast_PD,Proteome
FAM114A2,0.10997101,Cytosol,Mertins_Breast_PD,Proteome
FAM120A,-0.3811071,Nucleus,Mertins_Breast_PD,Proteome
FAM136A,0.45157546,Nucleus,Mertins_Breast_PD,Proteome
FAM162A,0.12887618,Mitochondria,Mertins_Breast_PD,Proteome
FAM168A,0.26126465,Cytosol,Mertins_Breast_PD,Proteome
FAM177A1,-0.431928,Secretory,Mertins_Breast_PD,Proteome
FAM20B,0.15136679,Secretory,Mertins_Breast_PD,Proteome
FAM210A,-0.26584703,Mitochondria,Mertins_Breast_PD,Proteome
FAM3C,0.24038295,Secretory,Mertins_Breast_PD,Proteome
FAM76B,0.029990127,Nucleus,Mertins_Breast_PD,Proteome
FAR1,0.04886449,Secretory,Mertins_Breast_PD,Proteome
FARP2,0.107701145,Mitochondria,Mertins_Breast_PD,Proteome
FARSA,-0.3760519,Nucleus,Mertins_Breast_PD,Proteome
FARSB,-0.37131107,Nucleus,Mertins_Breast_PD,Proteome
FAS,-0.44876885,Secretory,Mertins_Breast_PD,Proteome
FASTKD2,-0.40197846,Mitochondria,Mertins_Breast_PD,Proteome
FASTKD5,-0.25423568,Mitochondria,Mertins_Breast_PD,Proteome
FAT1,-0.44772413,Secretory,Mertins_Breast_PD,Proteome
FBL,0.43788123,Nucleus,Mertins_Breast_PD,Proteome
FBLIM1,0.31820408,Cytosol,Mertins_Breast_PD,Proteome
FBXO11,0.26667792,Nucleus,Mertins_Breast_PD,Proteome
FBXO28,0.19914857,Nucleus,Mertins_Breast_PD,Proteome
FBXO3,0.16547884,Cytosol,Mertins_Breast_PD,Proteome
FBXO30,0.27236715,Cytosol,Mertins_Breast_PD,Proteome
FCF1,0.46229059,Nucleus,Mertins_Breast_PD,Proteome
FCHSD2,0.306412,Cytosol,Mertins_Breast_PD,Proteome
FDFT1,-0.18963248,Secretory,Mertins_Breast_PD,Proteome
FDPS,-0.29400915,Cytosol,Mertins_Breast_PD,Proteome
FER,0.27377197,Cytosol,Mertins_Breast_PD,Proteome
FHOD1,-0.49987826,Cytosol,Mertins_Breast_PD,Proteome
FKBP14,-0.41190577,Nucleus,Mertins_Breast_PD,Proteome
FKBP3,0.0069743446,Cytosol,Mertins_Breast_PD,Proteome
FKBP4,-0.36827195,Cytosol,Mertins_Breast_PD,Proteome
FKBP8,-0.43140933,Secretory,Mertins_Breast_PD,Proteome
FKBPL,-0.37909588,Cytosol,Mertins_Breast_PD,Proteome
FLCN,-0.41725042,Cytosol,Mertins_Breast_PD,Proteome
FLNA,0.30888715,Cytosol,Mertins_Breast_PD,Proteome
FLNB,-0.16172841,Cytosol,Mertins_Breast_PD,Proteome
FLOT1,0.014594428,Secretory,Mertins_Breast_PD,Proteome
FLOT2,0.20431906,Secretory,Mertins_Breast_PD,Proteome
FMNL2,0.19251022,Secretory,Mertins_Breast_PD,Proteome
FNBP1,0.31331602,Cytosol,Mertins_Breast_PD,Proteome
FNBP1L,-0.29265806,Cytosol,Mertins_Breast_PD,Proteome
FNBP4,0.40536442,Nucleus,Mertins_Breast_PD,Proteome
FNDC3A,0.22025411,Secretory,Mertins_Breast_PD,Proteome
FNDC3B,0.21303524,Secretory,Mertins_Breast_PD,Proteome
FOXK1,0.19027655,Nucleus,Mertins_Breast_PD,Proteome
FOXK2,0.29345685,Nucleus,Mertins_Breast_PD,Proteome
FOXO3,0.2098953,Cytosol,Mertins_Breast_PD,Proteome
FOXRED1,-0.25161362,Mitochondria,Mertins_Breast_PD,Proteome
FPGT,0.047271613,Cytosol,Mertins_Breast_PD,Proteome
FSCN1,0.32279265,Cytosol,Mertins_Breast_PD,Proteome
FTSJ1,0.129562,Cytosol,Mertins_Breast_PD,Proteome
FUNDC2,-0.07209435,Mitochondria,Mertins_Breast_PD,Proteome
FXR2,0.098078325,Nucleus,Mertins_Breast_PD,Proteome
FYTTD1,0.41081142,Nucleus,Mertins_Breast_PD,Proteome
G6PD,0.30084354,Cytosol,Mertins_Breast_PD,Proteome
GABARAP,-0.4597243,Cytosol,Mertins_Breast_PD,Proteome
GABPA,-0.10797213,Nucleus,Mertins_Breast_PD,Proteome
GADD45GIP1,-0.37075582,Secretory,Mertins_Breast_PD,Proteome
GALE,0.016967166,Cytosol,Mertins_Breast_PD,Proteome
GALK1,0.259251,Cytosol,Mertins_Breast_PD,Proteome
GALK2,-0.33511898,Cytosol,Mertins_Breast_PD,Proteome
GALNT1,0.25282136,Secretory,Mertins_Breast_PD,Proteome
GALNT2,0.24538197,Secretory,Mertins_Breast_PD,Proteome
GALNT7,0.09834862,Secretory,Mertins_Breast_PD,Proteome
GAPDH,0.109623685,Cytosol,Mertins_Breast_PD,Proteome
GAR1,0.22928396,Nucleus,Mertins_Breast_PD,Proteome
GART,-0.17321752,Cytosol,Mertins_Breast_PD,Proteome
GATAD1,-0.20079012,Nucleus,Mertins_Breast_PD,Proteome
GBA2,-0.032691028,Secretory,Mertins_Breast_PD,Proteome
GBE1,0.28630415,Cytosol,Mertins_Breast_PD,Proteome
GBP2,0.25257427,Cytosol,Mertins_Breast_PD,Proteome
GCLM,-0.2873187,Cytosol,Mertins_Breast_PD,Proteome
GCSH,0.10948205,Mitochondria,Mertins_Breast_PD,Proteome
GDAP1,0.30976173,Mitochondria,Mertins_Breast_PD,Proteome
GDI2,0.30881175,Cytosol,Mertins_Breast_PD,Proteome
GEMIN5,-0.35831678,Cytosol,Mertins_Breast_PD,Proteome
GGA1,-0.38920146,Cytosol,Mertins_Breast_PD,Proteome
GGA3,0.27855444,Cytosol,Mertins_Breast_PD,Proteome
GGCT,-0.22346692,Cytosol,Mertins_Breast_PD,Proteome
GIPC1,0.04833332,Cytosol,Mertins_Breast_PD,Proteome
GLA,-0.44766966,Nucleus,Mertins_Breast_PD,Proteome
GLE1,0.44702524,Nucleus,Mertins_Breast_PD,Proteome
GLG1,0.24383074,Secretory,Mertins_Breast_PD,Proteome
GLIPR2,-0.44877172,Secretory,Mertins_Breast_PD,Proteome
GLOD4,0.2509202,Cytosol,Mertins_Breast_PD,Proteome
GLRX,0.3192949,Cytosol,Mertins_Breast_PD,Proteome
GLRX3,0.16721633,Cytosol,Mertins_Breast_PD,Proteome
GLS,-0.26800296,Mitochondria,Mertins_Breast_PD,Proteome
GLUL,-0.24554007,Cytosol,Mertins_Breast_PD,Proteome
GMFB,0.2692333,Cytosol,Mertins_Breast_PD,Proteome
GMIP,0.3104154,Cytosol,Mertins_Breast_PD,Proteome
GMPPA,-0.26486504,Cytosol,Mertins_Breast_PD,Proteome
GMPPB,0.13427259,Cytosol,Mertins_Breast_PD,Proteome
GMPR2,-0.018928675,Cytosol,Mertins_Breast_PD,Proteome
GNA13,0.01979316,Secretory,Mertins_Breast_PD,Proteome
GNAI2,-0.42655966,Secretory,Mertins_Breast_PD,Proteome
GNAI3,0.2240968,Secretory,Mertins_Breast_PD,Proteome
GNAQ,0.11537815,Secretory,Mertins_Breast_PD,Proteome
GNAS,-0.41802344,Secretory,Mertins_Breast_PD,Proteome
GNB1,-0.43927577,Secretory,Mertins_Breast_PD,Proteome
GNB1L,-0.4913953,Cytosol,Mertins_Breast_PD,Proteome
GNB2,-0.4367716,Secretory,Mertins_Breast_PD,Proteome
GNL2,0.4319154,Nucleus,Mertins_Breast_PD,Proteome
GNPAT,0.16145805,Secretory,Mertins_Breast_PD,Proteome
GNPDA2,0.24605909,Cytosol,Mertins_Breast_PD,Proteome
GNPNAT1,-0.16339162,Cytosol,Mertins_Breast_PD,Proteome
GOLGA1,-0.26133737,Secretory,Mertins_Breast_PD,Proteome
GOLGA2,-0.2341941,Secretory,Mertins_Breast_PD,Proteome
GOLGA3,-0.39795193,Cytosol,Mertins_Breast_PD,Proteome
GOLGA4,-0.4117473,Nucleus,Mertins_Breast_PD,Proteome
GOLGA5,0.24673666,Secretory,Mertins_Breast_PD,Proteome
GOLGB1,0.2082267,Secretory,Mertins_Breast_PD,Proteome
GOLIM4,0.16619758,Secretory,Mertins_Breast_PD,Proteome
GOLM1,-0.038279448,Secretory,Mertins_Breast_PD,Proteome
GOLPH3L,-0.07549781,Cytosol,Mertins_Breast_PD,Proteome
GORASP1,-0.18474144,Secretory,Mertins_Breast_PD,Proteome
GORASP2,-0.23143332,Secretory,Mertins_Breast_PD,Proteome
GOSR1,0.25656384,Secretory,Mertins_Breast_PD,Proteome
GPATCH4,0.42252457,Nucleus,Mertins_Breast_PD,Proteome
GPATCH8,0.25107744,Nucleus,Mertins_Breast_PD,Proteome
GPCPD1,-0.40064546,Cytosol,Mertins_Breast_PD,Proteome
GPD1L,0.0134489285,Cytosol,Mertins_Breast_PD,Proteome
GPD2,0.019616064,Mitochondria,Mertins_Breast_PD,Proteome
GPI,0.18493263,Cytosol,Mertins_Breast_PD,Proteome
GPN1,-0.17357405,Cytosol,Mertins_Breast_PD,Proteome
GPR107,0.24165867,Secretory,Mertins_Breast_PD,Proteome
GPRC5A,0.018334903,Secretory,Mertins_Breast_PD,Proteome
GPSM1,0.15155473,Cytosol,Mertins_Breast_PD,Proteome
GPX4,0.1633614,Cytosol,Mertins_Breast_PD,Proteome
GPX8,-0.44063658,Secretory,Mertins_Breast_PD,Proteome
GRHPR,0.19588834,Cytosol,Mertins_Breast_PD,Proteome
GRIPAP1,0.0037197992,Cytosol,Mertins_Breast_PD,Proteome
GRSF1,-0.3498939,Secretory,Mertins_Breast_PD,Proteome
GSE1,0.029961456,Nucleus,Mertins_Breast_PD,Proteome
GSK3A,0.12705958,Cytosol,Mertins_Breast_PD,Proteome
GSK3B,-0.28383118,Cytosol,Mertins_Breast_PD,Proteome
GSN,0.31400084,Cytosol,Mertins_Breast_PD,Proteome
GSPT1,-0.31755778,Cytosol,Mertins_Breast_PD,Proteome
GSR,0.2037185,Cytosol,Mertins_Breast_PD,Proteome
GSS,0.12369826,Cytosol,Mertins_Breast_PD,Proteome
GSTO1,0.3247195,Cytosol,Mertins_Breast_PD,Proteome
GTF3C2,0.39140967,Nucleus,Mertins_Breast_PD,Proteome
GTPBP10,-0.3656919,Secretory,Mertins_Breast_PD,Proteome
GTPBP6,0.0076366975,Mitochondria,Mertins_Breast_PD,Proteome
GUF1,0.31295976,Mitochondria,Mertins_Breast_PD,Proteome
GUK1,0.08495981,Cytosol,Mertins_Breast_PD,Proteome
HADHA,-0.069330804,Mitochondria,Mertins_Breast_PD,Proteome
HADHB,-0.055405986,Mitochondria,Mertins_Breast_PD,Proteome
HAGH,-0.0669291,Cytosol,Mertins_Breast_PD,Proteome
HAUS3,-0.06564279,Cytosol,Mertins_Breast_PD,Proteome
HAUS8,0.054804243,Cytosol,Mertins_Breast_PD,Proteome
HAX1,-0.14670914,Mitochondria,Mertins_Breast_PD,Proteome
HCCS,-0.16657986,Mitochondria,Mertins_Breast_PD,Proteome
HCFC1,0.35695162,Nucleus,Mertins_Breast_PD,Proteome
HDAC2,0.4114694,Nucleus,Mertins_Breast_PD,Proteome
HDAC4,0.3261787,Cytosol,Mertins_Breast_PD,Proteome
HDAC7,0.27764574,Cytosol,Mertins_Breast_PD,Proteome
HDDC2,0.12579525,Cytosol,Mertins_Breast_PD,Proteome
HDLBP,-0.39720875,Nucleus,Mertins_Breast_PD,Proteome
HEATR1,0.46678,Nucleus,Mertins_Breast_PD,Proteome
HEBP1,-0.0473815,Cytosol,Mertins_Breast_PD,Proteome
HECTD4,-0.3122102,Cytosol,Mertins_Breast_PD,Proteome
HELZ,0.00871622,Nucleus,Mertins_Breast_PD,Proteome
HELZ2,0.36343408,Nucleus,Mertins_Breast_PD,Proteome
HERC1,-0.42371184,Cytosol,Mertins_Breast_PD,Proteome
HERC2,0.15227176,Secretory,Mertins_Breast_PD,Proteome
HERC5,-0.2527918,Nucleus,Mertins_Breast_PD,Proteome
HINT3,-0.36190894,Secretory,Mertins_Breast_PD,Proteome
HIP1,0.1284418,Mitochondria,Mertins_Breast_PD,Proteome
HIRIP3,-0.38365936,Nucleus,Mertins_Breast_PD,Proteome
HLA-A,-0.42846403,Secretory,Mertins_Breast_PD,Proteome
HLA-C,-0.40931794,Secretory,Mertins_Breast_PD,Proteome
HLA-E,-0.42895746,Secretory,Mertins_Breast_PD,Proteome
HLTF,0.3906754,Nucleus,Mertins_Breast_PD,Proteome
HM13,0.25025067,Secretory,Mertins_Breast_PD,Proteome
HMG20A,0.29042113,Nucleus,Mertins_Breast_PD,Proteome
HMGCS1,-0.038927946,Cytosol,Mertins_Breast_PD,Proteome
HMOX2,0.26040727,Secretory,Mertins_Breast_PD,Proteome
HNRNPA0,0.18216114,Nucleus,Mertins_Breast_PD,Proteome
HNRNPA1,0.36843583,Nucleus,Mertins_Breast_PD,Proteome
HNRNPA2B1,0.076693386,Nucleus,Mertins_Breast_PD,Proteome
HNRNPA3,0.39468163,Nucleus,Mertins_Breast_PD,Proteome
HNRNPAB,0.046441644,Nucleus,Mertins_Breast_PD,Proteome
HNRNPC,0.32889134,Nucleus,Mertins_Breast_PD,Proteome
HNRNPD,0.34845203,Nucleus,Mertins_Breast_PD,Proteome
HNRNPDL,0.09882234,Nucleus,Mertins_Breast_PD,Proteome
HNRNPH1,0.26216158,Nucleus,Mertins_Breast_PD,Proteome
HNRNPH2,-0.43089247,Nucleus,Mertins_Breast_PD,Proteome
HNRNPH3,0.35258415,Nucleus,Mertins_Breast_PD,Proteome
HNRNPK,0.18464078,Nucleus,Mertins_Breast_PD,Proteome
HNRNPL,0.20517495,Nucleus,Mertins_Breast_PD,Proteome
HNRNPM,0.3425206,Nucleus,Mertins_Breast_PD,Proteome
HNRNPR,0.21023813,Nucleus,Mertins_Breast_PD,Proteome
HNRNPUL1,-0.26265153,Nucleus,Mertins_Breast_PD,Proteome
HOOK3,0.3218764,Cytosol,Mertins_Breast_PD,Proteome
HP1BP3,0.37172702,Nucleus,Mertins_Breast_PD,Proteome
HRAS,-0.056228753,Secretory,Mertins_Breast_PD,Proteome
HS1BP3,0.31216314,Cytosol,Mertins_Breast_PD,Proteome
HSBP1,0.08036468,Cytosol,Mertins_Breast_PD,Proteome
HSD17B11,-0.4603041,Secretory,Mertins_Breast_PD,Proteome
HSD17B12,0.25606912,Secretory,Mertins_Breast_PD,Proteome
HSD17B7,0.04422255,Secretory,Mertins_Breast_PD,Proteome
HSDL1,-0.08428617,Mitochondria,Mertins_Breast_PD,Proteome
HSP90AA1,-0.105125025,Cytosol,Mertins_Breast_PD,Proteome
HSP90AB1,-0.2576386,Cytosol,Mertins_Breast_PD,Proteome
HSPA14,0.051846445,Cytosol,Mertins_Breast_PD,Proteome
HSPA4,0.037973717,Cytosol,Mertins_Breast_PD,Proteome
HSPA4L,-0.22696137,Cytosol,Mertins_Breast_PD,Proteome
HSPB1,-0.011801876,Cytosol,Mertins_Breast_PD,Proteome
HSPB8,-0.009205953,Cytosol,Mertins_Breast_PD,Proteome
HSPBP1,-0.16168523,Cytosol,Mertins_Breast_PD,Proteome
HSPH1,-0.2947584,Cytosol,Mertins_Breast_PD,Proteome
HTATIP2,-0.42246282,Secretory,Mertins_Breast_PD,Proteome
HTT,-0.4195657,Cytosol,Mertins_Breast_PD,Proteome
IAH1,0.24714956,Cytosol,Mertins_Breast_PD,Proteome
IDE,-0.13484685,Cytosol,Mertins_Breast_PD,Proteome
IDH1,-0.035142504,Cytosol,Mertins_Breast_PD,Proteome
IDI1,0.029505137,Cytosol,Mertins_Breast_PD,Proteome
IFIT5,0.30657056,Cytosol,Mertins_Breast_PD,Proteome
IFT27,0.18569602,Cytosol,Mertins_Breast_PD,Proteome
IFT81,-0.06256662,Cytosol,Mertins_Breast_PD,Proteome
IGF1R,0.028716432,Secretory,Mertins_Breast_PD,Proteome
IGF2BP2,-0.27782914,Nucleus,Mertins_Breast_PD,Proteome
IGF2R,0.23332189,Secretory,Mertins_Breast_PD,Proteome
IGSF8,0.052077577,Secretory,Mertins_Breast_PD,Proteome
IK,0.3263353,Nucleus,Mertins_Breast_PD,Proteome
IKBIP,-0.42843425,Secretory,Mertins_Breast_PD,Proteome
IL6ST,-0.22832091,Secretory,Mertins_Breast_PD,Proteome
ILF2,0.27555656,Nucleus,Mertins_Breast_PD,Proteome
ILF3,0.39190906,Nucleus,Mertins_Breast_PD,Proteome
ILVBL,0.17777091,Secretory,Mertins_Breast_PD,Proteome
IMMT,0.30973387,Mitochondria,Mertins_Breast_PD,Proteome
IMP3,0.2714936,Nucleus,Mertins_Breast_PD,Proteome
IMP4,0.47205663,Nucleus,Mertins_Breast_PD,Proteome
IMPA1,0.03554824,Cytosol,Mertins_Breast_PD,Proteome
IMPACT,-0.26119334,Cytosol,Mertins_Breast_PD,Proteome
IMPDH1,0.18258296,Cytosol,Mertins_Breast_PD,Proteome
INCENP,0.24381204,Nucleus,Mertins_Breast_PD,Proteome
ING1,0.29455578,Nucleus,Mertins_Breast_PD,Proteome
ING5,0.2782835,Nucleus,Mertins_Breast_PD,Proteome
INPP1,0.32901916,Cytosol,Mertins_Breast_PD,Proteome
INPP4A,0.31027436,Cytosol,Mertins_Breast_PD,Proteome
INPP5K,0.07194642,Secretory,Mertins_Breast_PD,Proteome
INPPL1,-0.38786885,Cytosol,Mertins_Breast_PD,Proteome
INSR,0.034206666,Secretory,Mertins_Breast_PD,Proteome
INTS3,0.44185647,Nucleus,Mertins_Breast_PD,Proteome
IQSEC2,-0.19069886,Cytosol,Mertins_Breast_PD,Proteome
IRAK4,0.22642365,Cytosol,Mertins_Breast_PD,Proteome
IREB2,0.1279071,Cytosol,Mertins_Breast_PD,Proteome
IRF2BP1,0.35733885,Nucleus,Mertins_Breast_PD,Proteome
IRF2BPL,-0.40189976,Nucleus,Mertins_Breast_PD,Proteome
IRF3,0.250831,Cytosol,Mertins_Breast_PD,Proteome
IRF9,0.12583145,Cytosol,Mertins_Breast_PD,Proteome
IRS1,-0.12479295,Cytosol,Mertins_Breast_PD,Proteome
IRS2,0.27760825,Cytosol,Mertins_Breast_PD,Proteome
ISG20L2,0.470243,Nucleus,Mertins_Breast_PD,Proteome
IST1,0.32173592,Cytosol,Mertins_Breast_PD,Proteome
ITFG1,0.2145942,Secretory,Mertins_Breast_PD,Proteome
ITGA2,0.08126216,Secretory,Mertins_Breast_PD,Proteome
ITGA3,0.071036145,Secretory,Mertins_Breast_PD,Proteome
ITGA5,-0.4363008,Secretory,Mertins_Breast_PD,Proteome
ITGA6,-0.4740618,Secretory,Mertins_Breast_PD,Proteome
ITGAV,0.17286941,Secretory,Mertins_Breast_PD,Proteome
ITGB1,0.25180498,Secretory,Mertins_Breast_PD,Proteome
ITGB4,0.24478848,Secretory,Mertins_Breast_PD,Proteome
ITM2B,0.14839526,Secretory,Mertins_Breast_PD,Proteome
ITPA,-0.3298736,Cytosol,Mertins_Breast_PD,Proteome
ITPKC,-0.4204273,Cytosol,Mertins_Breast_PD,Proteome
ITPR2,0.097776964,Secretory,Mertins_Breast_PD,Proteome
ITPR3,0.24790667,Secretory,Mertins_Breast_PD,Proteome
IWS1,0.3805396,Nucleus,Mertins_Breast_PD,Proteome
JAK1,-0.029262533,Secretory,Mertins_Breast_PD,Proteome
JMJD1C,0.3706373,Nucleus,Mertins_Breast_PD,Proteome
JUP,-0.19882365,Mitochondria,Mertins_Breast_PD,Proteome
KAT7,0.2541272,Nucleus,Mertins_Breast_PD,Proteome
KCMF1,0.20666142,Cytosol,Mertins_Breast_PD,Proteome
KCTD9,0.18790431,Cytosol,Mertins_Breast_PD,Proteome
KDM1A,0.34593958,Nucleus,Mertins_Breast_PD,Proteome
KDM2A,0.47805357,Nucleus,Mertins_Breast_PD,Proteome
KDM3B,-0.34456944,Nucleus,Mertins_Breast_PD,Proteome
KDM4A,0.46936175,Nucleus,Mertins_Breast_PD,Proteome
KDSR,0.19022897,Secretory,Mertins_Breast_PD,Proteome
KIAA0319L,0.12931655,Secretory,Mertins_Breast_PD,Proteome
KIAA0513,0.30621794,Cytosol,Mertins_Breast_PD,Proteome
KIF13B,0.045306165,Cytosol,Mertins_Breast_PD,Proteome
KIF15,-0.27846277,Cytosol,Mertins_Breast_PD,Proteome
KIF21A,-0.34481546,Cytosol,Mertins_Breast_PD,Proteome
KIF22,0.28297544,Nucleus,Mertins_Breast_PD,Proteome
KIF3B,-0.38889796,Cytosol,Mertins_Breast_PD,Proteome
KIF4A,0.29113674,Nucleus,Mertins_Breast_PD,Proteome
KIF5B,-0.44137067,Cytosol,Mertins_Breast_PD,Proteome
KLC2,-0.3733816,Cytosol,Mertins_Breast_PD,Proteome
KLC4,0.05256543,Cytosol,Mertins_Breast_PD,Proteome
KLHL11,-0.4342614,Cytosol,Mertins_Breast_PD,Proteome
KLHL36,0.3137474,Cytosol,Mertins_Breast_PD,Proteome
KMT2A,0.44797638,Nucleus,Mertins_Breast_PD,Proteome
KNTC1,-0.3714499,Cytosol,Mertins_Breast_PD,Proteome
KPNA2,-0.24843667,Cytosol,Mertins_Breast_PD,Proteome
KPNA4,-0.11793037,Cytosol,Mertins_Breast_PD,Proteome
KRAS,-0.46989706,Secretory,Mertins_Breast_PD,Proteome
KRI1,0.36076853,Nucleus,Mertins_Breast_PD,Proteome
KRR1,0.46159083,Nucleus,Mertins_Breast_PD,Proteome
KRT80,0.3063949,Cytosol,Mertins_Breast_PD,Proteome
KTN1,-0.08801844,Secretory,Mertins_Breast_PD,Proteome
L2HGDH,0.2829191,Mitochondria,Mertins_Breast_PD,Proteome
LACTB,-0.45099744,Secretory,Mertins_Breast_PD,Proteome
LAMA5,-0.47178298,Secretory,Mertins_Breast_PD,Proteome
LAMB3,-0.4629041,Secretory,Mertins_Breast_PD,Proteome
LAMP1,0.21956177,Secretory,Mertins_Breast_PD,Proteome
LAMP2,0.15627368,Secretory,Mertins_Breast_PD,Proteome
LAMTOR1,0.2561453,Secretory,Mertins_Breast_PD,Proteome
LAMTOR3,-0.45534763,Secretory,Mertins_Breast_PD,Proteome
LARP1,-0.068351805,Nucleus,Mertins_Breast_PD,Proteome
LARP1B,0.026571812,Nucleus,Mertins_Breast_PD,Proteome
LARP4B,0.47534063,Nucleus,Mertins_Breast_PD,Proteome
LARP7,0.37141672,Nucleus,Mertins_Breast_PD,Proteome
LAS1L,0.47574222,Nucleus,Mertins_Breast_PD,Proteome
LASP1,-0.15340808,Cytosol,Mertins_Breast_PD,Proteome
LBR,-0.5425681,Secretory,Mertins_Breast_PD,Proteome
LCLAT1,0.25766683,Secretory,Mertins_Breast_PD,Proteome
LDHB,0.32006466,Cytosol,Mertins_Breast_PD,Proteome
LEMD2,-0.2607645,Mitochondria,Mertins_Breast_PD,Proteome
LEMD3,-0.38035446,Nucleus,Mertins_Breast_PD,Proteome
LEO1,0.38106588,Nucleus,Mertins_Breast_PD,Proteome
LETM1,-0.06568874,Mitochondria,Mertins_Breast_PD,Proteome
LGALSL,-0.07984611,Cytosol,Mertins_Breast_PD,Proteome
LIMD1,0.16863622,Cytosol,Mertins_Breast_PD,Proteome
LIMS1,0.31847468,Cytosol,Mertins_Breast_PD,Proteome
LIN7C,-0.20528552,Secretory,Mertins_Breast_PD,Proteome
LLGL2,-0.25682697,Secretory,Mertins_Breast_PD,Proteome
LMAN1,0.26102024,Secretory,Mertins_Breast_PD,Proteome
LMAN2,0.26133624,Secretory,Mertins_Breast_PD,Proteome
LMAN2L,0.16553769,Secretory,Mertins_Breast_PD,Proteome
LMCD1,0.30326748,Cytosol,Mertins_Breast_PD,Proteome
LMNA,-0.43826494,Nucleus,Mertins_Breast_PD,Proteome
LMNB1,0.16781157,Nucleus,Mertins_Breast_PD,Proteome
LMTK2,0.031303186,Secretory,Mertins_Breast_PD,Proteome
LNPEP,0.1877419,Secretory,Mertins_Breast_PD,Proteome
LPCAT1,-0.03505789,Secretory,Mertins_Breast_PD,Proteome
LPCAT2,0.2521291,Secretory,Mertins_Breast_PD,Proteome
LPGAT1,0.19784234,Secretory,Mertins_Breast_PD,Proteome
LPIN2,0.2825958,Cytosol,Mertins_Breast_PD,Proteome
LPP,0.3057147,Cytosol,Mertins_Breast_PD,Proteome
LRCH4,-0.4284121,Secretory,Mertins_Breast_PD,Proteome
LRIF1,0.4672755,Nucleus,Mertins_Breast_PD,Proteome
LRP1,-0.41951966,Secretory,Mertins_Breast_PD,Proteome
LRPAP1,0.056993213,Nucleus,Mertins_Breast_PD,Proteome
LRRC1,-0.057169776,Mitochondria,Mertins_Breast_PD,Proteome
LRRC59,0.2307706,Secretory,Mertins_Breast_PD,Proteome
LRSAM1,0.16881791,Cytosol,Mertins_Breast_PD,Proteome
LSM1,0.11355512,Cytosol,Mertins_Breast_PD,Proteome
LSS,-0.3817703,Secretory,Mertins_Breast_PD,Proteome
LTA4H,0.023543943,Cytosol,Mertins_Breast_PD,Proteome
LYAR,0.46737015,Nucleus,Mertins_Breast_PD,Proteome
LYN,-0.43460235,Secretory,Mertins_Breast_PD,Proteome
LYPLA1,-0.0794605,Cytosol,Mertins_Breast_PD,Proteome
LYRM1,0.0677402,Mitochondria,Mertins_Breast_PD,Proteome
LYRM7,0.0714438,Mitochondria,Mertins_Breast_PD,Proteome
LYSMD2,0.25696966,Cytosol,Mertins_Breast_PD,Proteome
LZIC,0.16942431,Cytosol,Mertins_Breast_PD,Proteome
LZTFL1,-0.0035554047,Cytosol,Mertins_Breast_PD,Proteome
M6PR,0.19216828,Secretory,Mertins_Breast_PD,Proteome
MACROD1,0.2800648,Mitochondria,Mertins_Breast_PD,Proteome
MAD1L1,0.35258287,Nucleus,Mertins_Breast_PD,Proteome
MAD2L1,-0.30760455,Cytosol,Mertins_Breast_PD,Proteome
MAF1,-0.38655603,Cytosol,Mertins_Breast_PD,Proteome
MAFG,0.40725484,Nucleus,Mertins_Breast_PD,Proteome
MAGI3,0.08972063,Cytosol,Mertins_Breast_PD,Proteome
MALT1,0.08870515,Cytosol,Mertins_Breast_PD,Proteome
MAN1A2,0.26142403,Secretory,Mertins_Breast_PD,Proteome
MAN1B1,0.19767597,Secretory,Mertins_Breast_PD,Proteome
MAN2A1,-0.12736578,Secretory,Mertins_Breast_PD,Proteome
MAP2K1,0.32002115,Cytosol,Mertins_Breast_PD,Proteome
MAP3K7,0.30432054,Cytosol,Mertins_Breast_PD,Proteome
MAP4,0.29559293,Cytosol,Mertins_Breast_PD,Proteome
MAP4K2,0.31211886,Cytosol,Mertins_Breast_PD,Proteome
MAP4K3,-0.41821152,Cytosol,Mertins_Breast_PD,Proteome
MAP4K5,0.3139827,Cytosol,Mertins_Breast_PD,Proteome
MAPK1,0.33086273,Cytosol,Mertins_Breast_PD,Proteome
MAPK14,0.24981856,Cytosol,Mertins_Breast_PD,Proteome
MAPK8,0.12022776,Cytosol,Mertins_Breast_PD,Proteome
MAPK9,0.0072162678,Cytosol,Mertins_Breast_PD,Proteome
MAPKAP1,0.13607836,Cytosol,Mertins_Breast_PD,Proteome
MAPRE1,0.2851864,Cytosol,Mertins_Breast_PD,Proteome
MAT2A,0.19382143,Cytosol,Mertins_Breast_PD,Proteome
MAT2B,0.19475876,Cytosol,Mertins_Breast_PD,Proteome
MATR3,0.25664175,Nucleus,Mertins_Breast_PD,Proteome
MAVS,-0.16138773,Mitochondria,Mertins_Breast_PD,Proteome
MAX,0.17183633,Nucleus,Mertins_Breast_PD,Proteome
MBD1,0.26216042,Nucleus,Mertins_Breast_PD,Proteome
MBD2,0.19372773,Nucleus,Mertins_Breast_PD,Proteome
MBLAC2,-0.23268414,Secretory,Mertins_Breast_PD,Proteome
MBOAT7,0.22664586,Secretory,Mertins_Breast_PD,Proteome
MCL1,-0.16492482,Mitochondria,Mertins_Breast_PD,Proteome
MCM2,0.31336087,Nucleus,Mertins_Breast_PD,Proteome
MCM3,0.35322815,Nucleus,Mertins_Breast_PD,Proteome
MCM3AP,0.40360343,Nucleus,Mertins_Breast_PD,Proteome
MCU,-0.11277482,Mitochondria,Mertins_Breast_PD,Proteome
MCUR1,-0.08899146,Mitochondria,Mertins_Breast_PD,Proteome
MDH1,0.27758405,Cytosol,Mertins_Breast_PD,Proteome
MDK,-0.1172652,Secretory,Mertins_Breast_PD,Proteome
MDN1,0.42256117,Nucleus,Mertins_Breast_PD,Proteome
MECP2,-0.38974088,Nucleus,Mertins_Breast_PD,Proteome
MEMO1,0.2510989,Cytosol,Mertins_Breast_PD,Proteome
MEN1,0.30792734,Nucleus,Mertins_Breast_PD,Proteome
MEPCE,0.19452587,Nucleus,Mertins_Breast_PD,Proteome
METAP2,-0.27138156,Cytosol,Mertins_Breast_PD,Proteome
METTL2B,-0.3430889,Cytosol,Mertins_Breast_PD,Proteome
METTL5,0.14726962,Cytosol,Mertins_Breast_PD,Proteome
METTL9,-0.42096344,Secretory,Mertins_Breast_PD,Proteome
MFF,-0.21559134,Mitochondria,Mertins_Breast_PD,Proteome
MFN1,-0.4210015,Mitochondria,Mertins_Breast_PD,Proteome
MFN2,0.04839795,Mitochondria,Mertins_Breast_PD,Proteome
MGAT1,0.22736211,Secretory,Mertins_Breast_PD,Proteome
MGME1,0.03921128,Mitochondria,Mertins_Breast_PD,Proteome
MGST3,-0.006078553,Mitochondria,Mertins_Breast_PD,Proteome
MIA3,0.19018076,Secretory,Mertins_Breast_PD,Proteome
MICAL2,0.013424946,Secretory,Mertins_Breast_PD,Proteome
MICAL3,-0.3415163,Cytosol,Mertins_Breast_PD,Proteome
MICU1,0.025844038,Mitochondria,Mertins_Breast_PD,Proteome
MICU2,0.29614967,Mitochondria,Mertins_Breast_PD,Proteome
MIEF1,0.04057084,Mitochondria,Mertins_Breast_PD,Proteome
MIEN1,-0.28023562,Cytosol,Mertins_Breast_PD,Proteome
MIF4GD,0.1654578,Cytosol,Mertins_Breast_PD,Proteome
MKI67,0.43032333,Nucleus,Mertins_Breast_PD,Proteome
MLEC,0.25288922,Secretory,Mertins_Breast_PD,Proteome
MLKL,0.2586825,Cytosol,Mertins_Breast_PD,Proteome
MLLT1,0.22206011,Nucleus,Mertins_Breast_PD,Proteome
MMAB,0.037996557,Mitochondria,Mertins_Breast_PD,Proteome
MNAT1,0.3119452,Nucleus,Mertins_Breast_PD,Proteome
MOB2,0.3222929,Cytosol,Mertins_Breast_PD,Proteome
MOCS2,0.03981652,Cytosol,Mertins_Breast_PD,Proteome
MORC3,-0.05312177,Nucleus,Mertins_Breast_PD,Proteome
MORF4L1,0.34933755,Nucleus,Mertins_Breast_PD,Proteome
MORF4L2,0.36095068,Nucleus,Mertins_Breast_PD,Proteome
MOSPD2,0.26086795,Secretory,Mertins_Breast_PD,Proteome
MOV10,0.41655686,Nucleus,Mertins_Breast_PD,Proteome
MPHOSPH10,0.4661817,Nucleus,Mertins_Breast_PD,Proteome
MPHOSPH8,0.24395572,Nucleus,Mertins_Breast_PD,Proteome
MPI,0.20172568,Cytosol,Mertins_Breast_PD,Proteome
MPP7,-0.024604114,Mitochondria,Mertins_Breast_PD,Proteome
MPZL1,0.18241006,Secretory,Mertins_Breast_PD,Proteome
MRI1,0.009395043,Cytosol,Mertins_Breast_PD,Proteome
MRM1,-0.3476177,Secretory,Mertins_Breast_PD,Proteome
MRPL1,-0.34816745,Secretory,Mertins_Breast_PD,Proteome
MRPL11,-0.3628973,Secretory,Mertins_Breast_PD,Proteome
MRPL13,-0.36980456,Secretory,Mertins_Breast_PD,Proteome
MRPL14,0.18003593,Mitochondria,Mertins_Breast_PD,Proteome
MRPL15,-0.36521447,Secretory,Mertins_Breast_PD,Proteome
MRPL16,-0.3649308,Secretory,Mertins_Breast_PD,Proteome
MRPL17,-0.367716,Secretory,Mertins_Breast_PD,Proteome
MRPL18,-0.364292,Secretory,Mertins_Breast_PD,Proteome
MRPL19,-0.35659894,Secretory,Mertins_Breast_PD,Proteome
MRPL2,-0.23924887,Secretory,Mertins_Breast_PD,Proteome
MRPL21,-0.36776346,Secretory,Mertins_Breast_PD,Proteome
MRPL22,-0.3692159,Secretory,Mertins_Breast_PD,Proteome
MRPL24,-0.366815,Secretory,Mertins_Breast_PD,Proteome
MRPL27,-0.2821295,Secretory,Mertins_Breast_PD,Proteome
MRPL28,-0.36450014,Secretory,Mertins_Breast_PD,Proteome
MRPL3,-0.3645812,Secretory,Mertins_Breast_PD,Proteome
MRPL39,-0.36610058,Secretory,Mertins_Breast_PD,Proteome
MRPL40,-0.3691823,Secretory,Mertins_Breast_PD,Proteome
MRPL41,-0.37051934,Secretory,Mertins_Breast_PD,Proteome
MRPL42,-0.37067246,Secretory,Mertins_Breast_PD,Proteome
MRPL43,-0.3624899,Secretory,Mertins_Breast_PD,Proteome
MRPL45,-0.36674458,Secretory,Mertins_Breast_PD,Proteome
MRPL46,-0.35689095,Secretory,Mertins_Breast_PD,Proteome
MRPL47,-0.34575984,Secretory,Mertins_Breast_PD,Proteome
MRPL48,-0.3659951,Secretory,Mertins_Breast_PD,Proteome
MRPL49,-0.36128038,Secretory,Mertins_Breast_PD,Proteome
MRPL50,-0.36851916,Secretory,Mertins_Breast_PD,Proteome
MRPL54,-0.37081996,Secretory,Mertins_Breast_PD,Proteome
MRPL55,-0.3699305,Secretory,Mertins_Breast_PD,Proteome
MRPL9,-0.36469215,Secretory,Mertins_Breast_PD,Proteome
MRPS10,-0.34627208,Secretory,Mertins_Breast_PD,Proteome
MRPS11,-0.34381512,Secretory,Mertins_Breast_PD,Proteome
MRPS12,-0.40599456,Secretory,Mertins_Breast_PD,Proteome
MRPS14,-0.33668113,Secretory,Mertins_Breast_PD,Proteome
MRPS15,-0.5360038,Secretory,Mertins_Breast_PD,Proteome
MRPS16,-0.34867904,Secretory,Mertins_Breast_PD,Proteome
MRPS18A,-0.1387172,Secretory,Mertins_Breast_PD,Proteome
MRPS18B,-0.34842798,Secretory,Mertins_Breast_PD,Proteome
MRPS22,-0.35733482,Secretory,Mertins_Breast_PD,Proteome
MRPS23,-0.3607904,Secretory,Mertins_Breast_PD,Proteome
MRPS25,-0.361473,Secretory,Mertins_Breast_PD,Proteome
MRPS28,-0.34763378,Secretory,Mertins_Breast_PD,Proteome
MRPS30,-0.3532704,Secretory,Mertins_Breast_PD,Proteome
MRPS31,-0.35467386,Secretory,Mertins_Breast_PD,Proteome
MRPS34,-0.34586322,Secretory,Mertins_Breast_PD,Proteome
MRPS35,-0.36060658,Secretory,Mertins_Breast_PD,Proteome
MRPS5,-0.35841158,Secretory,Mertins_Breast_PD,Proteome
MRPS9,-0.35890093,Secretory,Mertins_Breast_PD,Proteome
MSH3,-0.39200705,Nucleus,Mertins_Breast_PD,Proteome
MSI2,-0.38321513,Nucleus,Mertins_Breast_PD,Proteome
MSTO1,-0.2533203,Cytosol,Mertins_Breast_PD,Proteome
MT-CO2,-0.24475881,Mitochondria,Mertins_Breast_PD,Proteome
MTA1,0.4314571,Nucleus,Mertins_Breast_PD,Proteome
MTCH1,-0.21717055,Mitochondria,Mertins_Breast_PD,Proteome
MTCH2,-0.25205454,Mitochondria,Mertins_Breast_PD,Proteome
MTDH,0.10041959,Secretory,Mertins_Breast_PD,Proteome
MTFR1,0.19479269,Mitochondria,Mertins_Breast_PD,Proteome
MTFR1L,-0.19683404,Mitochondria,Mertins_Breast_PD,Proteome
MTHFD1L,-0.20788416,Mitochondria,Mertins_Breast_PD,Proteome
MTMR1,-0.5117999,Cytosol,Mertins_Breast_PD,Proteome
MTMR12,0.23556802,Cytosol,Mertins_Breast_PD,Proteome
MTMR2,0.3294885,Cytosol,Mertins_Breast_PD,Proteome
MTMR3,-0.36386615,Cytosol,Mertins_Breast_PD,Proteome
MTMR6,0.3125577,Cytosol,Mertins_Breast_PD,Proteome
MTPAP,-0.44326127,Mitochondria,Mertins_Breast_PD,Proteome
MTR,0.25412163,Cytosol,Mertins_Breast_PD,Proteome
MTX1,-0.10478807,Mitochondria,Mertins_Breast_PD,Proteome
MTX2,0.22432132,Mitochondria,Mertins_Breast_PD,Proteome
MTX3,0.06308189,Mitochondria,Mertins_Breast_PD,Proteome
MUC1,-0.12798658,Secretory,Mertins_Breast_PD,Proteome
MVD,-0.1867579,Cytosol,Mertins_Breast_PD,Proteome
MVK,-0.39597023,Cytosol,Mertins_Breast_PD,Proteome
MVP,-0.42753983,Nucleus,Mertins_Breast_PD,Proteome
MXRA7,-0.41660914,Secretory,Mertins_Breast_PD,Proteome
MYADM,-0.07396902,Secretory,Mertins_Breast_PD,Proteome
MYBBP1A,0.4722546,Nucleus,Mertins_Breast_PD,Proteome
MYCBP2,0.17384839,Secretory,Mertins_Breast_PD,Proteome
MYH14,-0.5580301,Cytosol,Mertins_Breast_PD,Proteome
MYO19,0.26555353,Mitochondria,Mertins_Breast_PD,Proteome
MYO1B,0.02635242,Secretory,Mertins_Breast_PD,Proteome
MYO9B,0.30633503,Cytosol,Mertins_Breast_PD,Proteome
MYOF,0.04151432,Secretory,Mertins_Breast_PD,Proteome
N4BP1,0.29061702,Cytosol,Mertins_Breast_PD,Proteome
NAA10,-0.43833017,Cytosol,Mertins_Breast_PD,Proteome
NAA50,-0.23704429,Cytosol,Mertins_Breast_PD,Proteome
NACA,0.21401826,Cytosol,Mertins_Breast_PD,Proteome
NAE1,0.10575236,Cytosol,Mertins_Breast_PD,Proteome
NAGK,0.32646906,Cytosol,Mertins_Breast_PD,Proteome
NAMPT,0.20152672,Cytosol,Mertins_Breast_PD,Proteome
NANP,0.32492873,Cytosol,Mertins_Breast_PD,Proteome
NANS,0.09842357,Cytosol,Mertins_Breast_PD,Proteome
NAP1L4,0.007024964,Cytosol,Mertins_Breast_PD,Proteome
NASP,0.33137462,Nucleus,Mertins_Breast_PD,Proteome
NAT1,0.1281062,Cytosol,Mertins_Breast_PD,Proteome
NAT10,0.47747606,Nucleus,Mertins_Breast_PD,Proteome
NBAS,0.12036952,Secretory,Mertins_Breast_PD,Proteome
NBN,-0.37942874,Nucleus,Mertins_Breast_PD,Proteome
NCAPD3,0.38307446,Nucleus,Mertins_Breast_PD,Proteome
NCBP1,0.45207486,Nucleus,Mertins_Breast_PD,Proteome
NCEH1,0.2530017,Secretory,Mertins_Breast_PD,Proteome
NCK1,0.31142804,Cytosol,Mertins_Breast_PD,Proteome
NCK2,0.16622543,Cytosol,Mertins_Breast_PD,Proteome
NCL,0.4304293,Nucleus,Mertins_Breast_PD,Proteome
NCLN,0.2578522,Secretory,Mertins_Breast_PD,Proteome
NCOA5,0.15185343,Nucleus,Mertins_Breast_PD,Proteome
NCOA6,0.02278818,Nucleus,Mertins_Breast_PD,Proteome
NCOR1,-0.04241279,Nucleus,Mertins_Breast_PD,Proteome
NCOR2,0.13872895,Nucleus,Mertins_Breast_PD,Proteome
NDC1,0.20212743,Secretory,Mertins_Breast_PD,Proteome
NDC80,-0.22515075,Cytosol,Mertins_Breast_PD,Proteome
NDE1,-0.119496524,Cytosol,Mertins_Breast_PD,Proteome
NDEL1,0.3236251,Cytosol,Mertins_Breast_PD,Proteome
NDOR1,-0.12601176,Cytosol,Mertins_Breast_PD,Proteome
NDRG1,0.119017,Cytosol,Mertins_Breast_PD,Proteome
NDRG2,0.107020736,Cytosol,Mertins_Breast_PD,Proteome
NDRG3,0.017833995,Cytosol,Mertins_Breast_PD,Proteome
NDUFA10,-0.13192455,Mitochondria,Mertins_Breast_PD,Proteome
NDUFA12,-0.14243785,Mitochondria,Mertins_Breast_PD,Proteome
NDUFA2,-0.13055259,Mitochondria,Mertins_Breast_PD,Proteome
NDUFA3,-0.057638817,Mitochondria,Mertins_Breast_PD,Proteome
NDUFA4,0.12734495,Mitochondria,Mertins_Breast_PD,Proteome
NDUFA5,-0.09164904,Mitochondria,Mertins_Breast_PD,Proteome
NDUFA8,-0.035300344,Mitochondria,Mertins_Breast_PD,Proteome
NDUFAB1,0.19815713,Mitochondria,Mertins_Breast_PD,Proteome
NDUFAF1,-0.030968985,Mitochondria,Mertins_Breast_PD,Proteome
NDUFAF2,0.15304245,Mitochondria,Mertins_Breast_PD,Proteome
NDUFAF3,-0.052197143,Mitochondria,Mertins_Breast_PD,Proteome
NDUFAF4,-0.0056503136,Mitochondria,Mertins_Breast_PD,Proteome
NDUFAF7,-0.18780808,Mitochondria,Mertins_Breast_PD,Proteome
NDUFB1,-0.109921254,Mitochondria,Mertins_Breast_PD,Proteome
NDUFB10,0.15934561,Mitochondria,Mertins_Breast_PD,Proteome
NDUFB11,-0.15853931,Mitochondria,Mertins_Breast_PD,Proteome
NDUFB3,-0.10483553,Mitochondria,Mertins_Breast_PD,Proteome
NDUFB4,0.0052989977,Mitochondria,Mertins_Breast_PD,Proteome
NDUFB5,-0.10893075,Mitochondria,Mertins_Breast_PD,Proteome
NDUFB6,-0.09208652,Mitochondria,Mertins_Breast_PD,Proteome
NDUFB7,-0.11158307,Mitochondria,Mertins_Breast_PD,Proteome
NDUFB8,-0.24785821,Mitochondria,Mertins_Breast_PD,Proteome
NDUFB9,0.03297391,Mitochondria,Mertins_Breast_PD,Proteome
NDUFC2,-0.09419537,Mitochondria,Mertins_Breast_PD,Proteome
NDUFS1,-0.10728325,Mitochondria,Mertins_Breast_PD,Proteome
NDUFS2,0.009853218,Mitochondria,Mertins_Breast_PD,Proteome
NDUFS3,-0.105270326,Mitochondria,Mertins_Breast_PD,Proteome
NDUFS4,-0.079762265,Mitochondria,Mertins_Breast_PD,Proteome
NDUFS5,-0.0031447655,Mitochondria,Mertins_Breast_PD,Proteome
NDUFS6,-0.16294052,Mitochondria,Mertins_Breast_PD,Proteome
NDUFS7,0.19548692,Mitochondria,Mertins_Breast_PD,Proteome
NDUFS8,-0.064740665,Mitochondria,Mertins_Breast_PD,Proteome
NDUFV1,-0.068612285,Mitochondria,Mertins_Breast_PD,Proteome
NDUFV2,-0.14398246,Mitochondria,Mertins_Breast_PD,Proteome
NDUFV3,-0.12926976,Mitochondria,Mertins_Breast_PD,Proteome
NECAP1,-0.16198456,Cytosol,Mertins_Breast_PD,Proteome
NECAP2,0.3271828,Cytosol,Mertins_Breast_PD,Proteome
NEK7,0.3285341,Cytosol,Mertins_Breast_PD,Proteome
NELFA,0.36490098,Nucleus,Mertins_Breast_PD,Proteome
NELFE,0.20209792,Nucleus,Mertins_Breast_PD,Proteome
NEO1,-0.31590384,Secretory,Mertins_Breast_PD,Proteome
NFKB1,0.31920236,Cytosol,Mertins_Breast_PD,Proteome
NFKB2,0.31652284,Cytosol,Mertins_Breast_PD,Proteome
NFKBIB,-0.48470303,Cytosol,Mertins_Breast_PD,Proteome
NFXL1,0.11960251,Secretory,Mertins_Breast_PD,Proteome
NGDN,0.4351916,Nucleus,Mertins_Breast_PD,Proteome
NGLY1,0.17444967,Cytosol,Mertins_Breast_PD,Proteome
NIF3L1,0.1107511,Cytosol,Mertins_Breast_PD,Proteome
NIFK,0.4558505,Nucleus,Mertins_Breast_PD,Proteome
NIP7,0.4121399,Nucleus,Mertins_Breast_PD,Proteome
NIPBL,0.31428707,Nucleus,Mertins_Breast_PD,Proteome
NIT2,0.11861256,Cytosol,Mertins_Breast_PD,Proteome
NKRF,0.4622139,Nucleus,Mertins_Breast_PD,Proteome
NLRX1,-0.31064886,Mitochondria,Mertins_Breast_PD,Proteome
NME1,0.23349674,Cytosol,Mertins_Breast_PD,Proteome
NME3,0.06491764,Mitochondria,Mertins_Breast_PD,Proteome
NMI,0.32397276,Cytosol,Mertins_Breast_PD,Proteome
NMT1,-0.1312888,Nucleus,Mertins_Breast_PD,Proteome
NMT2,0.32703853,Cytosol,Mertins_Breast_PD,Proteome
NNT,0.21863249,Mitochondria,Mertins_Breast_PD,Proteome
NOC2L,0.44875407,Nucleus,Mertins_Breast_PD,Proteome
NOC4L,0.45613086,Nucleus,Mertins_Breast_PD,Proteome
NOL10,0.45047098,Nucleus,Mertins_Breast_PD,Proteome
NOL11,0.466652,Nucleus,Mertins_Breast_PD,Proteome
NOL6,0.45057997,Nucleus,Mertins_Breast_PD,Proteome
NOL7,0.42051423,Nucleus,Mertins_Breast_PD,Proteome
NOL8,0.22696154,Nucleus,Mertins_Breast_PD,Proteome
NOL9,0.4757386,Nucleus,Mertins_Breast_PD,Proteome
NOLC1,0.2480171,Nucleus,Mertins_Breast_PD,Proteome
NOM1,0.4524784,Nucleus,Mertins_Breast_PD,Proteome
NOMO1,-0.42022344,Secretory,Mertins_Breast_PD,Proteome
NOP14,0.46968663,Nucleus,Mertins_Breast_PD,Proteome
NOP16,0.44532308,Nucleus,Mertins_Breast_PD,Proteome
NOP2,0.45825773,Nucleus,Mertins_Breast_PD,Proteome
NOP56,0.4404952,Nucleus,Mertins_Breast_PD,Proteome
NOP58,0.4747517,Nucleus,Mertins_Breast_PD,Proteome
NOP9,0.46635833,Nucleus,Mertins_Breast_PD,Proteome
NOTCH2,-0.058043674,Secretory,Mertins_Breast_PD,Proteome
NOTCH3,-3.4051394e-05,Secretory,Mertins_Breast_PD,Proteome
NPC1,0.24874413,Secretory,Mertins_Breast_PD,Proteome
NPEPL1,0.19242263,Cytosol,Mertins_Breast_PD,Proteome
NPEPPS,-0.10336767,Cytosol,Mertins_Breast_PD,Proteome
NPM1,0.28101268,Nucleus,Mertins_Breast_PD,Proteome
NPM3,0.2824078,Nucleus,Mertins_Breast_PD,Proteome
NPTN,0.07396182,Secretory,Mertins_Breast_PD,Proteome
NQO1,-0.1837442,Cytosol,Mertins_Breast_PD,Proteome
NQO2,0.19639906,Cytosol,Mertins_Breast_PD,Proteome
NR3C1,0.3174527,Cytosol,Mertins_Breast_PD,Proteome
NRBP1,0.2970143,Cytosol,Mertins_Breast_PD,Proteome
NRF1,0.13666855,Nucleus,Mertins_Breast_PD,Proteome
NRP1,-0.42747375,Secretory,Mertins_Breast_PD,Proteome
NRP2,-0.42910483,Secretory,Mertins_Breast_PD,Proteome
NSDHL,0.22450462,Secretory,Mertins_Breast_PD,Proteome
NSF,-0.29422972,Secretory,Mertins_Breast_PD,Proteome
NSFL1C,-0.40354136,Cytosol,Mertins_Breast_PD,Proteome
NSL1,-0.37072313,Nucleus,Mertins_Breast_PD,Proteome
NSMAF,0.32901734,Cytosol,Mertins_Breast_PD,Proteome
NSUN4,0.093728475,Mitochondria,Mertins_Breast_PD,Proteome
NSUN6,0.27250364,Cytosol,Mertins_Breast_PD,Proteome
NT5C,0.034837525,Cytosol,Mertins_Breast_PD,Proteome
NT5C2,0.03830262,Cytosol,Mertins_Breast_PD,Proteome
NT5C3B,0.07959858,Cytosol,Mertins_Breast_PD,Proteome
NT5DC1,0.21209906,Cytosol,Mertins_Breast_PD,Proteome
NT5E,-0.44475085,Secretory,Mertins_Breast_PD,Proteome
NTAN1,0.31939608,Cytosol,Mertins_Breast_PD,Proteome
NTHL1,-0.39542967,Nucleus,Mertins_Breast_PD,Proteome
NUB1,0.1268657,Cytosol,Mertins_Breast_PD,Proteome
NUBPL,0.21320675,Mitochondria,Mertins_Breast_PD,Proteome
NUDC,-0.44912764,Cytosol,Mertins_Breast_PD,Proteome
NUDCD1,-0.39035952,Cytosol,Mertins_Breast_PD,Proteome
NUDCD2,0.2024711,Cytosol,Mertins_Breast_PD,Proteome
NUDCD3,-0.3537877,Cytosol,Mertins_Breast_PD,Proteome
NUDT1,-0.21879335,Cytosol,Mertins_Breast_PD,Proteome
NUDT14,0.216202,Cytosol,Mertins_Breast_PD,Proteome
NUDT15,-0.32849097,Cytosol,Mertins_Breast_PD,Proteome
NUDT16,0.23369123,Cytosol,Mertins_Breast_PD,Proteome
NUDT2,0.23609391,Cytosol,Mertins_Breast_PD,Proteome
NUMB,-0.42846462,Secretory,Mertins_Breast_PD,Proteome
NUP107,0.45396373,Nucleus,Mertins_Breast_PD,Proteome
NUP133,0.45460108,Nucleus,Mertins_Breast_PD,Proteome
NUP153,0.4429607,Nucleus,Mertins_Breast_PD,Proteome
NUP155,0.42981863,Nucleus,Mertins_Breast_PD,Proteome
NUP205,0.45520535,Nucleus,Mertins_Breast_PD,Proteome
NUP210,-0.32106808,Nucleus,Mertins_Breast_PD,Proteome
NUP50,0.26494625,Nucleus,Mertins_Breast_PD,Proteome
NUP93,0.46238306,Nucleus,Mertins_Breast_PD,Proteome
NUP98,0.34661096,Nucleus,Mertins_Breast_PD,Proteome
NXF1,0.2229332,Nucleus,Mertins_Breast_PD,Proteome
NXT1,0.044169832,Nucleus,Mertins_Breast_PD,Proteome
OARD1,0.003939431,Cytosol,Mertins_Breast_PD,Proteome
OBSL1,-0.32373923,Cytosol,Mertins_Breast_PD,Proteome
OCIAD1,0.13164294,Mitochondria,Mertins_Breast_PD,Proteome
OCIAD2,0.062298123,Mitochondria,Mertins_Breast_PD,Proteome
OCLN,-0.027419616,Secretory,Mertins_Breast_PD,Proteome
ODF2,-0.28278163,Mitochondria,Mertins_Breast_PD,Proteome
OGFR,-0.40285307,Cytosol,Mertins_Breast_PD,Proteome
OLA1,-0.15225281,Cytosol,Mertins_Breast_PD,Proteome
OPA1,0.07110472,Mitochondria,Mertins_Breast_PD,Proteome
OS9,-0.23304208,Secretory,Mertins_Breast_PD,Proteome
OSBPL2,-0.35322905,Cytosol,Mertins_Breast_PD,Proteome
OSBPL8,0.22332908,Secretory,Mertins_Breast_PD,Proteome
OTUB1,0.22625303,Cytosol,Mertins_Breast_PD,Proteome
OXA1L,-0.16164704,Mitochondria,Mertins_Breast_PD,Proteome
OXR1,-0.06554429,Cytosol,Mertins_Breast_PD,Proteome
P2RX4,0.16362752,Secretory,Mertins_Breast_PD,Proteome
P4HB,-0.27016142,Nucleus,Mertins_Breast_PD,Proteome
PAAF1,0.084444195,Cytosol,Mertins_Breast_PD,Proteome
PABPC1,0.28879002,Nucleus,Mertins_Breast_PD,Proteome
PACSIN2,-0.050245583,Cytosol,Mertins_Breast_PD,Proteome
PAF1,0.36579585,Nucleus,Mertins_Breast_PD,Proteome
PAIP1,-0.5308376,Cytosol,Mertins_Breast_PD,Proteome
PAIP2,-0.5167057,Cytosol,Mertins_Breast_PD,Proteome
PAK1,-0.42061368,Cytosol,Mertins_Breast_PD,Proteome
PAK1IP1,0.44724765,Nucleus,Mertins_Breast_PD,Proteome
PAK2,0.29855916,Cytosol,Mertins_Breast_PD,Proteome
PALLD,0.2990087,Cytosol,Mertins_Breast_PD,Proteome
PAM,-0.46560225,Secretory,Mertins_Breast_PD,Proteome
PANK2,-0.14222434,Cytosol,Mertins_Breast_PD,Proteome
PANK4,0.19378124,Cytosol,Mertins_Breast_PD,Proteome
PAPSS2,0.3133208,Cytosol,Mertins_Breast_PD,Proteome
PARK7,0.06309987,Cytosol,Mertins_Breast_PD,Proteome
PARP2,0.47245187,Nucleus,Mertins_Breast_PD,Proteome
PARP4,-0.4310874,Nucleus,Mertins_Breast_PD,Proteome
PARVA,0.30667636,Cytosol,Mertins_Breast_PD,Proteome
PATL1,-0.18793663,Cytosol,Mertins_Breast_PD,Proteome
PAXBP1,0.46912587,Nucleus,Mertins_Breast_PD,Proteome
PBDC1,0.21753162,Cytosol,Mertins_Breast_PD,Proteome
PBK,-0.2617491,Cytosol,Mertins_Breast_PD,Proteome
PBXIP1,0.2598149,Secretory,Mertins_Breast_PD,Proteome
PCBP1,0.18220474,Cytosol,Mertins_Breast_PD,Proteome
PCDH1,-0.15317214,Secretory,Mertins_Breast_PD,Proteome
PCF11,0.246635,Nucleus,Mertins_Breast_PD,Proteome
PCID2,-0.5268514,Cytosol,Mertins_Breast_PD,Proteome
PCMT1,0.1239199,Cytosol,Mertins_Breast_PD,Proteome
PCNA,-0.092536114,Cytosol,Mertins_Breast_PD,Proteome
PCYOX1,-0.3791142,Secretory,Mertins_Breast_PD,Proteome
PCYT2,0.19608988,Cytosol,Mertins_Breast_PD,Proteome
PDAP1,-0.38417968,Cytosol,Mertins_Breast_PD,Proteome
PDCD10,0.28085226,Cytosol,Mertins_Breast_PD,Proteome
PDCD11,0.44738096,Nucleus,Mertins_Breast_PD,Proteome
PDCD2,-0.37068334,Cytosol,Mertins_Breast_PD,Proteome
PDCD2L,-0.41947722,Cytosol,Mertins_Breast_PD,Proteome
PDCL3,-0.104739934,Cytosol,Mertins_Breast_PD,Proteome
PDE5A,-0.08619271,Cytosol,Mertins_Breast_PD,Proteome
PDE6D,0.32605916,Cytosol,Mertins_Breast_PD,Proteome
PDHX,-0.36923802,Secretory,Mertins_Breast_PD,Proteome
PDK1,-0.27888235,Mitochondria,Mertins_Breast_PD,Proteome
PDLIM5,0.31074739,Cytosol,Mertins_Breast_PD,Proteome
PDS5A,0.3944581,Nucleus,Mertins_Breast_PD,Proteome
PDS5B,-0.029871367,Nucleus,Mertins_Breast_PD,Proteome
PDSS2,0.019671734,Mitochondria,Mertins_Breast_PD,Proteome
PEBP1,0.13150114,Cytosol,Mertins_Breast_PD,Proteome
PEPD,0.3075961,Cytosol,Mertins_Breast_PD,Proteome
PEX14,0.18892536,Secretory,Mertins_Breast_PD,Proteome
PEX19,-0.075806424,Cytosol,Mertins_Breast_PD,Proteome
PEX6,-0.3650511,Secretory,Mertins_Breast_PD,Proteome
PFAS,0.026347073,Cytosol,Mertins_Breast_PD,Proteome
PFDN1,0.3032189,Cytosol,Mertins_Breast_PD,Proteome
PFDN2,-0.31697765,Cytosol,Mertins_Breast_PD,Proteome
PFDN5,0.04146019,Cytosol,Mertins_Breast_PD,Proteome
PFDN6,-0.22107065,Cytosol,Mertins_Breast_PD,Proteome
PFKFB2,0.0028134896,Cytosol,Mertins_Breast_PD,Proteome
PFKL,-0.4036479,Cytosol,Mertins_Breast_PD,Proteome
PFN1,0.3216208,Cytosol,Mertins_Breast_PD,Proteome
PFN2,0.16616368,Cytosol,Mertins_Breast_PD,Proteome
PGAM1,0.2870718,Cytosol,Mertins_Breast_PD,Proteome
PGAM5,-0.020985631,Mitochondria,Mertins_Breast_PD,Proteome
PGK1,0.29376692,Cytosol,Mertins_Breast_PD,Proteome
PGM1,0.33184943,Cytosol,Mertins_Breast_PD,Proteome
PGM2,0.10523391,Cytosol,Mertins_Breast_PD,Proteome
PGM2L1,0.31904233,Cytosol,Mertins_Breast_PD,Proteome
PGM3,-0.2708793,Cytosol,Mertins_Breast_PD,Proteome
PGP,-0.13001879,Cytosol,Mertins_Breast_PD,Proteome
PGRMC1,0.2363563,Secretory,Mertins_Breast_PD,Proteome
PGRMC2,0.24208848,Secretory,Mertins_Breast_PD,Proteome
PHACTR4,-0.50221735,Cytosol,Mertins_Breast_PD,Proteome
PHB2,0.071058676,Mitochondria,Mertins_Breast_PD,Proteome
PHF2,-0.13548908,Nucleus,Mertins_Breast_PD,Proteome
PHGDH,0.13543223,Cytosol,Mertins_Breast_PD,Proteome
PHIP,0.2520644,Nucleus,Mertins_Breast_PD,Proteome
PHKA1,-0.46130222,Cytosol,Mertins_Breast_PD,Proteome
PHKB,-0.48257354,Cytosol,Mertins_Breast_PD,Proteome
PHKG2,-0.18762621,Cytosol,Mertins_Breast_PD,Proteome
PHPT1,0.18210061,Cytosol,Mertins_Breast_PD,Proteome
PHYH,-0.44131935,Secretory,Mertins_Breast_PD,Proteome
PHYKPL,0.24536097,Cytosol,Mertins_Breast_PD,Proteome
PI4K2A,0.22628126,Secretory,Mertins_Breast_PD,Proteome
PI4KB,0.12116034,Cytosol,Mertins_Breast_PD,Proteome
PIGK,0.24025398,Secretory,Mertins_Breast_PD,Proteome
PIH1D1,0.24852833,Cytosol,Mertins_Breast_PD,Proteome
PIK3CA,-0.4040571,Cytosol,Mertins_Breast_PD,Proteome
PIN4,0.19839182,Cytosol,Mertins_Breast_PD,Proteome
PIP5K1A,-0.46393806,Secretory,Mertins_Breast_PD,Proteome
PIR,0.071546815,Cytosol,Mertins_Breast_PD,Proteome
PISD,-0.23712072,Mitochondria,Mertins_Breast_PD,Proteome
PITPNA,0.33026567,Cytosol,Mertins_Breast_PD,Proteome
PITPNB,0.3236409,Cytosol,Mertins_Breast_PD,Proteome
PKM,0.2062766,Cytosol,Mertins_Breast_PD,Proteome
PKNOX1,-0.35572094,Nucleus,Mertins_Breast_PD,Proteome
PKP2,0.2558229,Mitochondria,Mertins_Breast_PD,Proteome
PKP4,0.08980077,Mitochondria,Mertins_Breast_PD,Proteome
PLAA,-0.41420087,Cytosol,Mertins_Breast_PD,Proteome
PLAUR,-0.44688237,Secretory,Mertins_Breast_PD,Proteome
PLCB3,0.33096403,Cytosol,Mertins_Breast_PD,Proteome
PLCD1,-0.41131514,Secretory,Mertins_Breast_PD,Proteome
PLCG1,0.05243132,Cytosol,Mertins_Breast_PD,Proteome
PLEKHA2,0.31595477,Cytosol,Mertins_Breast_PD,Proteome
PLGRKT,0.05655684,Mitochondria,Mertins_Breast_PD,Proteome
PLRG1,0.37159008,Nucleus,Mertins_Breast_PD,Proteome
PLS3,0.31193557,Cytosol,Mertins_Breast_PD,Proteome
PLXNA1,0.022938985,Secretory,Mertins_Breast_PD,Proteome
PLXNB2,0.1429585,Secretory,Mertins_Breast_PD,Proteome
PM20D2,0.15708628,Cytosol,Mertins_Breast_PD,Proteome
PMM1,-0.10485618,Cytosol,Mertins_Breast_PD,Proteome
PMM2,-0.23623109,Cytosol,Mertins_Breast_PD,Proteome
PMVK,0.05421615,Cytosol,Mertins_Breast_PD,Proteome
PNKD,-0.26389506,Mitochondria,Mertins_Breast_PD,Proteome
PNN,0.39675432,Nucleus,Mertins_Breast_PD,Proteome
PNPLA6,0.2391846,Secretory,Mertins_Breast_PD,Proteome
PNPLA8,0.26363534,Mitochondria,Mertins_Breast_PD,Proteome
PNPO,0.06937766,Cytosol,Mertins_Breast_PD,Proteome
PODXL,0.041655328,Secretory,Mertins_Breast_PD,Proteome
POGZ,0.37801328,Nucleus,Mertins_Breast_PD,Proteome
POLR1A,0.44936526,Nucleus,Mertins_Breast_PD,Proteome
POLR1E,0.46940857,Nucleus,Mertins_Breast_PD,Proteome
POLR2A,0.42366195,Nucleus,Mertins_Breast_PD,Proteome
POLR3B,0.06097276,Nucleus,Mertins_Breast_PD,Proteome
POLRMT,-0.45789006,Secretory,Mertins_Breast_PD,Proteome
POM121C,-0.30738688,Nucleus,Mertins_Breast_PD,Proteome
PON2,-0.47968248,Secretory,Mertins_Breast_PD,Proteome
POP1,0.46458328,Nucleus,Mertins_Breast_PD,Proteome
POP4,0.4233623,Nucleus,Mertins_Breast_PD,Proteome
POR,0.21655649,Secretory,Mertins_Breast_PD,Proteome
PPA1,0.24840246,Cytosol,Mertins_Breast_PD,Proteome
PPAT,-0.29348415,Cytosol,Mertins_Breast_PD,Proteome
PPCS,-0.39529663,Cytosol,Mertins_Breast_PD,Proteome
PPHLN1,0.14854234,Nucleus,Mertins_Breast_PD,Proteome
PPIA,0.24175276,Cytosol,Mertins_Breast_PD,Proteome
PPID,-0.32829052,Cytosol,Mertins_Breast_PD,Proteome
PPIL2,0.41888943,Nucleus,Mertins_Breast_PD,Proteome
PPIL3,0.29235068,Cytosol,Mertins_Breast_PD,Proteome
PPIP5K2,-0.019922001,Cytosol,Mertins_Breast_PD,Proteome
PPM1A,-0.2098374,Cytosol,Mertins_Breast_PD,Proteome
PPM1B,0.3094267,Cytosol,Mertins_Breast_PD,Proteome
PPM1F,0.32604152,Cytosol,Mertins_Breast_PD,Proteome
PPM1H,-0.060811456,Cytosol,Mertins_Breast_PD,Proteome
PPME1,-0.15878312,Cytosol,Mertins_Breast_PD,Proteome
PPP1CB,0.30603358,Cytosol,Mertins_Breast_PD,Proteome
PPP1R11,-0.44032976,Cytosol,Mertins_Breast_PD,Proteome
PPP1R14B,0.11496941,Cytosol,Mertins_Breast_PD,Proteome
PPP1R2,-0.38938716,Cytosol,Mertins_Breast_PD,Proteome
PPP1R7,0.2579756,Cytosol,Mertins_Breast_PD,Proteome
PPP2R1A,0.11703073,Cytosol,Mertins_Breast_PD,Proteome
PPP2R1B,0.2718131,Cytosol,Mertins_Breast_PD,Proteome
PPP2R2A,0.1658011,Cytosol,Mertins_Breast_PD,Proteome
PPP2R3A,-0.40159798,Cytosol,Mertins_Breast_PD,Proteome
PPP2R5C,-0.4091392,Cytosol,Mertins_Breast_PD,Proteome
PPP2R5D,-0.37506676,Cytosol,Mertins_Breast_PD,Proteome
PPP3CB,0.29451406,Cytosol,Mertins_Breast_PD,Proteome
PPP4C,0.15644585,Cytosol,Mertins_Breast_PD,Proteome
PPP4R1,0.2801931,Cytosol,Mertins_Breast_PD,Proteome
PPP5C,0.14630222,Cytosol,Mertins_Breast_PD,Proteome
PPP6R1,0.25518242,Cytosol,Mertins_Breast_PD,Proteome
PRDX1,-0.15978336,Cytosol,Mertins_Breast_PD,Proteome
PRDX6,0.15507503,Cytosol,Mertins_Breast_PD,Proteome
PREB,0.26094675,Secretory,Mertins_Breast_PD,Proteome
PREP,-0.050502468,Cytosol,Mertins_Breast_PD,Proteome
PREPL,0.13371587,Cytosol,Mertins_Breast_PD,Proteome
PRKAB1,0.036064148,Cytosol,Mertins_Breast_PD,Proteome
PRKAB2,0.3125717,Cytosol,Mertins_Breast_PD,Proteome
PRKAR1B,0.23274519,Cytosol,Mertins_Breast_PD,Proteome
PRKCA,0.31823185,Cytosol,Mertins_Breast_PD,Proteome
PRKD2,0.06391846,Cytosol,Mertins_Breast_PD,Proteome
PRKRA,-0.22791742,Nucleus,Mertins_Breast_PD,Proteome
PRMT3,-0.019915907,Cytosol,Mertins_Breast_PD,Proteome
PRMT5,-0.12534717,Cytosol,Mertins_Breast_PD,Proteome
PRNP,0.24700843,Secretory,Mertins_Breast_PD,Proteome
PRPF19,0.26054683,Nucleus,Mertins_Breast_PD,Proteome
PRPF31,0.37296015,Nucleus,Mertins_Breast_PD,Proteome
PRPF38A,0.4491974,Nucleus,Mertins_Breast_PD,Proteome
PRPF40A,0.44756615,Nucleus,Mertins_Breast_PD,Proteome
PRPS2,-0.1762624,Cytosol,Mertins_Breast_PD,Proteome
PRTFDC1,0.28356975,Cytosol,Mertins_Breast_PD,Proteome
PSMA1,0.28397292,Cytosol,Mertins_Breast_PD,Proteome
PSMA3,0.27068213,Cytosol,Mertins_Breast_PD,Proteome
PSMA4,0.29272974,Cytosol,Mertins_Breast_PD,Proteome
PSMA5,0.27150962,Cytosol,Mertins_Breast_PD,Proteome
PSMA6,0.29607594,Cytosol,Mertins_Breast_PD,Proteome
PSMA7,0.28134155,Cytosol,Mertins_Breast_PD,Proteome
PSMB2,0.28113452,Cytosol,Mertins_Breast_PD,Proteome
PSMB4,0.25999358,Cytosol,Mertins_Breast_PD,Proteome
PSMB5,-0.2878744,Cytosol,Mertins_Breast_PD,Proteome
PSMB7,-0.26431453,Cytosol,Mertins_Breast_PD,Proteome
PSMC1,-0.11728727,Cytosol,Mertins_Breast_PD,Proteome
PSMC2,0.21042505,Cytosol,Mertins_Breast_PD,Proteome
PSMC3,0.23294474,Cytosol,Mertins_Breast_PD,Proteome
PSMC4,0.13571537,Cytosol,Mertins_Breast_PD,Proteome
PSMC5,0.22311603,Cytosol,Mertins_Breast_PD,Proteome
PSMD1,0.051139906,Cytosol,Mertins_Breast_PD,Proteome
PSMD11,0.17010616,Cytosol,Mertins_Breast_PD,Proteome
PSMD12,0.012664916,Cytosol,Mertins_Breast_PD,Proteome
PSMD13,0.17377558,Cytosol,Mertins_Breast_PD,Proteome
PSMD14,0.23324595,Cytosol,Mertins_Breast_PD,Proteome
PSMD2,-0.018645732,Cytosol,Mertins_Breast_PD,Proteome
PSMD3,-0.46369192,Cytosol,Mertins_Breast_PD,Proteome
PSMD7,0.24729796,Cytosol,Mertins_Breast_PD,Proteome
PSMD8,0.1533631,Cytosol,Mertins_Breast_PD,Proteome
PSMD9,-0.46149418,Cytosol,Mertins_Breast_PD,Proteome
PSME4,-0.25699335,Cytosol,Mertins_Breast_PD,Proteome
PSMG1,0.08506034,Cytosol,Mertins_Breast_PD,Proteome
PSMG4,0.3251738,Cytosol,Mertins_Breast_PD,Proteome
PSPC1,0.3307077,Nucleus,Mertins_Breast_PD,Proteome
PTDSS1,-0.09976844,Secretory,Mertins_Breast_PD,Proteome
PTGES2,0.031042816,Mitochondria,Mertins_Breast_PD,Proteome
PTGES3,-0.20432575,Cytosol,Mertins_Breast_PD,Proteome
PTGFRN,0.12555085,Secretory,Mertins_Breast_PD,Proteome
PTGR1,0.2222083,Cytosol,Mertins_Breast_PD,Proteome
PTK7,-0.42570403,Secretory,Mertins_Breast_PD,Proteome
PTP4A2,-0.023175847,Cytosol,Mertins_Breast_PD,Proteome
PTPMT1,0.257627,Mitochondria,Mertins_Breast_PD,Proteome
PTPN1,0.050716612,Secretory,Mertins_Breast_PD,Proteome
PTPN11,-0.24522452,Cytosol,Mertins_Breast_PD,Proteome
PTPN12,0.013642121,Cytosol,Mertins_Breast_PD,Proteome
PTPN13,-0.0443398,Secretory,Mertins_Breast_PD,Proteome
PTPRA,0.23317781,Secretory,Mertins_Breast_PD,Proteome
PTPRE,-0.43647805,Secretory,Mertins_Breast_PD,Proteome
PTPRF,-0.31994945,Secretory,Mertins_Breast_PD,Proteome
PTPRJ,-0.45491883,Secretory,Mertins_Breast_PD,Proteome
PTPRK,-0.43594322,Secretory,Mertins_Breast_PD,Proteome
PTPRS,-0.38879356,Secretory,Mertins_Breast_PD,Proteome
PTRH2,0.25619337,Secretory,Mertins_Breast_PD,Proteome
PTRHD1,-0.35387498,Cytosol,Mertins_Breast_PD,Proteome
PTTG1IP,-0.0046209972,Secretory,Mertins_Breast_PD,Proteome
PUS3,0.28845745,Nucleus,Mertins_Breast_PD,Proteome
PUSL1,-0.48611614,Secretory,Mertins_Breast_PD,Proteome
PWP2,0.45578295,Nucleus,Mertins_Breast_PD,Proteome
PXN,0.31454355,Cytosol,Mertins_Breast_PD,Proteome
PYCR1,-0.005067113,Mitochondria,Mertins_Breast_PD,Proteome
PYCR2,-0.12178078,Mitochondria,Mertins_Breast_PD,Proteome
PYGL,0.1605806,Cytosol,Mertins_Breast_PD,Proteome
PYGO2,-0.021514967,Nucleus,Mertins_Breast_PD,Proteome
PYROXD1,-0.30246484,Cytosol,Mertins_Breast_PD,Proteome
QDPR,0.15963505,Cytosol,Mertins_Breast_PD,Proteome
QSOX1,-0.46098718,Secretory,Mertins_Breast_PD,Proteome
QTRT1,0.07115202,Cytosol,Mertins_Breast_PD,Proteome
R3HCC1,0.1854959,Cytosol,Mertins_Breast_PD,Proteome
R3HDM2,-0.4331196,Cytosol,Mertins_Breast_PD,Proteome
RAB10,0.14461139,Secretory,Mertins_Breast_PD,Proteome
RAB11FIP5,-0.43525103,Secretory,Mertins_Breast_PD,Proteome
RAB12,0.23471019,Secretory,Mertins_Breast_PD,Proteome
RAB13,0.15253408,Secretory,Mertins_Breast_PD,Proteome
RAB14,0.2053411,Secretory,Mertins_Breast_PD,Proteome
RAB18,0.23249829,Secretory,Mertins_Breast_PD,Proteome
RAB1A,0.23127022,Secretory,Mertins_Breast_PD,Proteome
RAB1B,0.25563198,Secretory,Mertins_Breast_PD,Proteome
RAB21,0.24539325,Secretory,Mertins_Breast_PD,Proteome
RAB22A,0.13607006,Secretory,Mertins_Breast_PD,Proteome
RAB23,-0.4206897,Secretory,Mertins_Breast_PD,Proteome
RAB24,0.25583506,Secretory,Mertins_Breast_PD,Proteome
RAB27A,0.250465,Secretory,Mertins_Breast_PD,Proteome
RAB27B,-0.12830572,Secretory,Mertins_Breast_PD,Proteome
RAB2A,0.15887345,Secretory,Mertins_Breast_PD,Proteome
RAB2B,0.17260365,Secretory,Mertins_Breast_PD,Proteome
RAB30,0.10073725,Secretory,Mertins_Breast_PD,Proteome
RAB31,0.01563521,Secretory,Mertins_Breast_PD,Proteome
RAB32,-0.2816795,Secretory,Mertins_Breast_PD,Proteome
RAB33B,0.2470066,Secretory,Mertins_Breast_PD,Proteome
RAB35,0.1250796,Secretory,Mertins_Breast_PD,Proteome
RAB43,0.25608584,Secretory,Mertins_Breast_PD,Proteome
RAB4A,0.14511283,Secretory,Mertins_Breast_PD,Proteome
RAB5A,0.24534906,Secretory,Mertins_Breast_PD,Proteome
RAB6A,0.24492458,Secretory,Mertins_Breast_PD,Proteome
RAB7A,0.23751414,Secretory,Mertins_Breast_PD,Proteome
RAB8A,0.16901296,Secretory,Mertins_Breast_PD,Proteome
RAB8B,0.09071205,Secretory,Mertins_Breast_PD,Proteome
RAB9A,0.24653399,Secretory,Mertins_Breast_PD,Proteome
RABAC1,0.22895887,Secretory,Mertins_Breast_PD,Proteome
RABEP1,-0.005621155,Cytosol,Mertins_Breast_PD,Proteome
RABEPK,-0.03025902,Cytosol,Mertins_Breast_PD,Proteome
RABGAP1,-0.40229538,Cytosol,Mertins_Breast_PD,Proteome
RABGAP1L,-0.39328268,Cytosol,Mertins_Breast_PD,Proteome
RABGGTA,0.08835811,Cytosol,Mertins_Breast_PD,Proteome
RABGGTB,-0.4541559,Cytosol,Mertins_Breast_PD,Proteome
RABIF,0.24863507,Cytosol,Mertins_Breast_PD,Proteome
RABL3,-0.24616924,Secretory,Mertins_Breast_PD,Proteome
RABL6,-0.0728869,Cytosol,Mertins_Breast_PD,Proteome
RACGAP1,-0.3317259,Mitochondria,Mertins_Breast_PD,Proteome
RAD21,-0.14302175,Nucleus,Mertins_Breast_PD,Proteome
RAD23A,0.18619627,Cytosol,Mertins_Breast_PD,Proteome
RAD23B,0.15795384,Cytosol,Mertins_Breast_PD,Proteome
RAI1,0.01219488,Nucleus,Mertins_Breast_PD,Proteome
RALA,0.14070264,Secretory,Mertins_Breast_PD,Proteome
RALB,0.17664522,Secretory,Mertins_Breast_PD,Proteome
RALGAPA2,-0.39201337,Cytosol,Mertins_Breast_PD,Proteome
RALGPS2,0.070814714,Cytosol,Mertins_Breast_PD,Proteome
RALY,0.25148678,Nucleus,Mertins_Breast_PD,Proteome
RAN,-0.2521394,Cytosol,Mertins_Breast_PD,Proteome
RANBP1,-0.35572693,Cytosol,Mertins_Breast_PD,Proteome
RANBP2,0.45072466,Nucleus,Mertins_Breast_PD,Proteome
RANBP3,-0.4119612,Nucleus,Mertins_Breast_PD,Proteome
RAP1A,-0.47853255,Secretory,Mertins_Breast_PD,Proteome
RAP1B,-0.47776407,Secretory,Mertins_Breast_PD,Proteome
RAP1GDS1,0.10775787,Cytosol,Mertins_Breast_PD,Proteome
RAP2B,0.23698808,Secretory,Mertins_Breast_PD,Proteome
RAP2C,0.17026292,Secretory,Mertins_Breast_PD,Proteome
RAPH1,-0.2555986,Cytosol,Mertins_Breast_PD,Proteome
RASA1,0.0008016076,Cytosol,Mertins_Breast_PD,Proteome
RBBP5,0.4153721,Nucleus,Mertins_Breast_PD,Proteome
RBBP9,0.20690237,Cytosol,Mertins_Breast_PD,Proteome
RBCK1,-0.18699814,Cytosol,Mertins_Breast_PD,Proteome
RBKS,0.043334156,Cytosol,Mertins_Breast_PD,Proteome
RBM12B,0.24967104,Nucleus,Mertins_Breast_PD,Proteome
RBM14,0.33931145,Nucleus,Mertins_Breast_PD,Proteome
RBM15,0.4229701,Nucleus,Mertins_Breast_PD,Proteome
RBM15B,-0.38794222,Nucleus,Mertins_Breast_PD,Proteome
RBM19,0.47192913,Nucleus,Mertins_Breast_PD,Proteome
RBM25,0.33384964,Nucleus,Mertins_Breast_PD,Proteome
RBM34,0.45307907,Nucleus,Mertins_Breast_PD,Proteome
RBM42,0.43148497,Nucleus,Mertins_Breast_PD,Proteome
RBM47,-0.39428902,Nucleus,Mertins_Breast_PD,Proteome
RBM5,0.11962819,Nucleus,Mertins_Breast_PD,Proteome
RBM6,0.24321312,Nucleus,Mertins_Breast_PD,Proteome
RBMS2,-0.41350615,Nucleus,Mertins_Breast_PD,Proteome
RBMX,0.23479338,Nucleus,Mertins_Breast_PD,Proteome
RBMXL1,0.10706156,Nucleus,Mertins_Breast_PD,Proteome
RBPJ,-0.24575637,Nucleus,Mertins_Breast_PD,Proteome
RBX1,-0.40196517,Cytosol,Mertins_Breast_PD,Proteome
RCC1,0.2256127,Nucleus,Mertins_Breast_PD,Proteome
RCL1,0.4435154,Nucleus,Mertins_Breast_PD,Proteome
RCN1,-0.39835075,Nucleus,Mertins_Breast_PD,Proteome
RCOR1,0.214996,Nucleus,Mertins_Breast_PD,Proteome
RCOR3,-0.38856697,Nucleus,Mertins_Breast_PD,Proteome
RDH10,-0.4057768,Secretory,Mertins_Breast_PD,Proteome
RDH11,0.2603313,Secretory,Mertins_Breast_PD,Proteome
RDH13,-0.29648754,Mitochondria,Mertins_Breast_PD,Proteome
RDH14,0.03446684,Secretory,Mertins_Breast_PD,Proteome
RDX,0.32310322,Cytosol,Mertins_Breast_PD,Proteome
RECQL5,0.37846285,Nucleus,Mertins_Breast_PD,Proteome
REEP3,0.083592534,Secretory,Mertins_Breast_PD,Proteome
REEP5,0.19055106,Secretory,Mertins_Breast_PD,Proteome
REL,0.18687057,Cytosol,Mertins_Breast_PD,Proteome
RELB,0.31924087,Cytosol,Mertins_Breast_PD,Proteome
RELL1,-0.039879505,Secretory,Mertins_Breast_PD,Proteome
RER1,0.22069332,Secretory,Mertins_Breast_PD,Proteome
RETSAT,0.13784426,Secretory,Mertins_Breast_PD,Proteome
REXO2,0.32847503,Cytosol,Mertins_Breast_PD,Proteome
REXO4,0.47150832,Nucleus,Mertins_Breast_PD,Proteome
RFC1,0.4524632,Nucleus,Mertins_Breast_PD,Proteome
RFX1,-0.23792301,Nucleus,Mertins_Breast_PD,Proteome
RHEB,-0.20653225,Cytosol,Mertins_Breast_PD,Proteome
RHOB,0.13844638,Secretory,Mertins_Breast_PD,Proteome
RHOG,-0.43492916,Secretory,Mertins_Breast_PD,Proteome
RHOT1,0.2789005,Mitochondria,Mertins_Breast_PD,Proteome
RHOT2,-0.10132941,Mitochondria,Mertins_Breast_PD,Proteome
RICTOR,-0.4071498,Cytosol,Mertins_Breast_PD,Proteome
RIF1,0.4752414,Nucleus,Mertins_Breast_PD,Proteome
RIN3,0.29051915,Cytosol,Mertins_Breast_PD,Proteome
RMDN1,-0.27875936,Nucleus,Mertins_Breast_PD,Proteome
RMDN3,-0.05699751,Mitochondria,Mertins_Breast_PD,Proteome
RMND1,0.18962638,Mitochondria,Mertins_Breast_PD,Proteome
RNF123,-0.16079552,Cytosol,Mertins_Breast_PD,Proteome
RNF126,0.3062013,Cytosol,Mertins_Breast_PD,Proteome
RNF14,-0.21021038,Cytosol,Mertins_Breast_PD,Proteome
RNF146,0.31965005,Cytosol,Mertins_Breast_PD,Proteome
RNF169,0.3480834,Nucleus,Mertins_Breast_PD,Proteome
RNF2,-0.42615977,Nucleus,Mertins_Breast_PD,Proteome
RNF20,0.3903462,Nucleus,Mertins_Breast_PD,Proteome
RNF25,-0.37126845,Cytosol,Mertins_Breast_PD,Proteome
RNF40,0.37951162,Nucleus,Mertins_Breast_PD,Proteome
RNMT,0.44301096,Nucleus,Mertins_Breast_PD,Proteome
RNPC3,0.3853856,Nucleus,Mertins_Breast_PD,Proteome
RNPEP,-0.17616118,Cytosol,Mertins_Breast_PD,Proteome
RNPS1,0.11555647,Nucleus,Mertins_Breast_PD,Proteome
ROCK1,0.32091704,Cytosol,Mertins_Breast_PD,Proteome
ROCK2,0.31962207,Cytosol,Mertins_Breast_PD,Proteome
RP2,0.23941725,Secretory,Mertins_Breast_PD,Proteome
RPE,0.28299114,Cytosol,Mertins_Breast_PD,Proteome
RPF2,0.4126719,Nucleus,Mertins_Breast_PD,Proteome
RPL10,0.42924663,Nucleus,Mertins_Breast_PD,Proteome
RPL11,0.25512195,Nucleus,Mertins_Breast_PD,Proteome
RPL12,0.4495074,Nucleus,Mertins_Breast_PD,Proteome
RPL13A,0.41095018,Nucleus,Mertins_Breast_PD,Proteome
RPL14,0.40397787,Nucleus,Mertins_Breast_PD,Proteome
RPL15,0.29350522,Nucleus,Mertins_Breast_PD,Proteome
RPL18,0.40877852,Nucleus,Mertins_Breast_PD,Proteome
RPL18A,0.36279765,Nucleus,Mertins_Breast_PD,Proteome
RPL21,0.4030569,Nucleus,Mertins_Breast_PD,Proteome
RPL22L1,0.4560358,Nucleus,Mertins_Breast_PD,Proteome
RPL23A,0.404157,Nucleus,Mertins_Breast_PD,Proteome
RPL27,0.41410956,Nucleus,Mertins_Breast_PD,Proteome
RPL28,0.27838743,Nucleus,Mertins_Breast_PD,Proteome
RPL3,0.39761126,Nucleus,Mertins_Breast_PD,Proteome
RPL30,0.38133094,Nucleus,Mertins_Breast_PD,Proteome
RPL34,0.2500841,Nucleus,Mertins_Breast_PD,Proteome
RPL35A,0.094688304,Nucleus,Mertins_Breast_PD,Proteome
RPL36,0.41880828,Nucleus,Mertins_Breast_PD,Proteome
RPL37A,0.3328721,Nucleus,Mertins_Breast_PD,Proteome
RPL4,0.41820627,Nucleus,Mertins_Breast_PD,Proteome
RPL6,0.41565502,Nucleus,Mertins_Breast_PD,Proteome
RPL7,0.4099891,Nucleus,Mertins_Breast_PD,Proteome
RPL7A,0.40678486,Nucleus,Mertins_Breast_PD,Proteome
RPL7L1,0.43464488,Nucleus,Mertins_Breast_PD,Proteome
RPL9,0.27358267,Nucleus,Mertins_Breast_PD,Proteome
RPLP0,0.01670676,Nucleus,Mertins_Breast_PD,Proteome
RPLP2,0.17805643,Nucleus,Mertins_Breast_PD,Proteome
RPN1,0.2587761,Secretory,Mertins_Breast_PD,Proteome
RPN2,0.25544137,Secretory,Mertins_Breast_PD,Proteome
RPRD2,0.24268207,Nucleus,Mertins_Breast_PD,Proteome
RPS4X,0.4480598,Nucleus,Mertins_Breast_PD,Proteome
RPS6KA1,-0.48137453,Cytosol,Mertins_Breast_PD,Proteome
RPS6KB1,-0.23590516,Cytosol,Mertins_Breast_PD,Proteome
RPS7,0.4451475,Nucleus,Mertins_Breast_PD,Proteome
RPS8,0.40540287,Nucleus,Mertins_Breast_PD,Proteome
RRAS,-0.45941722,Secretory,Mertins_Breast_PD,Proteome
RRAS2,-0.44147357,Secretory,Mertins_Breast_PD,Proteome
RRBP1,0.23054904,Secretory,Mertins_Breast_PD,Proteome
RREB1,0.008233422,Nucleus,Mertins_Breast_PD,Proteome
RRM2,-0.23309886,Cytosol,Mertins_Breast_PD,Proteome
RRM2B,-0.35726336,Cytosol,Mertins_Breast_PD,Proteome
RRP12,0.44886634,Nucleus,Mertins_Breast_PD,Proteome
RRP36,0.46390134,Nucleus,Mertins_Breast_PD,Proteome
RRP7A,0.45469114,Nucleus,Mertins_Breast_PD,Proteome
RRS1,0.45583704,Nucleus,Mertins_Breast_PD,Proteome
RSBN1,0.3968354,Nucleus,Mertins_Breast_PD,Proteome
RSBN1L,-0.13569844,Nucleus,Mertins_Breast_PD,Proteome
RSF1,0.21450002,Nucleus,Mertins_Breast_PD,Proteome
RSL1D1,0.44967023,Nucleus,Mertins_Breast_PD,Proteome
RTN3,0.23527896,Secretory,Mertins_Breast_PD,Proteome
RTN4,0.18575582,Secretory,Mertins_Breast_PD,Proteome
RUFY3,0.039962746,Cytosol,Mertins_Breast_PD,Proteome
RWDD1,0.25853106,Cytosol,Mertins_Breast_PD,Proteome
RWDD4,0.21552247,Cytosol,Mertins_Breast_PD,Proteome
RYBP,0.1655683,Nucleus,Mertins_Breast_PD,Proteome
S100A6,0.31574097,Cytosol,Mertins_Breast_PD,Proteome
SACM1L,0.23880287,Secretory,Mertins_Breast_PD,Proteome
SAFB,0.26134127,Nucleus,Mertins_Breast_PD,Proteome
SAFB2,0.21621537,Nucleus,Mertins_Breast_PD,Proteome
SAMM50,-0.18902768,Mitochondria,Mertins_Breast_PD,Proteome
SAP18,0.2958464,Nucleus,Mertins_Breast_PD,Proteome
SAR1A,0.26345813,Cytosol,Mertins_Breast_PD,Proteome
SAR1B,0.09295518,Cytosol,Mertins_Breast_PD,Proteome
SART3,0.3667015,Nucleus,Mertins_Breast_PD,Proteome
SASH1,0.32274842,Cytosol,Mertins_Breast_PD,Proteome
SBDS,0.31576398,Cytosol,Mertins_Breast_PD,Proteome
SCAF1,0.3264554,Nucleus,Mertins_Breast_PD,Proteome
SCAF4,0.3317107,Nucleus,Mertins_Breast_PD,Proteome
SCAF8,0.27963725,Nucleus,Mertins_Breast_PD,Proteome
SCAMP1,0.15705138,Secretory,Mertins_Breast_PD,Proteome
SCAMP2,0.19814768,Secretory,Mertins_Breast_PD,Proteome
SCAMP3,0.23893386,Secretory,Mertins_Breast_PD,Proteome
SCAMP4,0.15745099,Secretory,Mertins_Breast_PD,Proteome
SCARB2,0.26124766,Secretory,Mertins_Breast_PD,Proteome
SCCPDH,0.042153407,Mitochondria,Mertins_Breast_PD,Proteome
SCFD1,-0.32032347,Secretory,Mertins_Breast_PD,Proteome
SCFD2,-0.44418564,Secretory,Mertins_Breast_PD,Proteome
SCO1,0.30062664,Mitochondria,Mertins_Breast_PD,Proteome
SCRIB,0.194932,Mitochondria,Mertins_Breast_PD,Proteome
SCRN1,0.294334,Cytosol,Mertins_Breast_PD,Proteome
SCRN3,0.118801914,Cytosol,Mertins_Breast_PD,Proteome
SDAD1,0.47027996,Nucleus,Mertins_Breast_PD,Proteome
SDC1,-0.12982483,Secretory,Mertins_Breast_PD,Proteome
SDCBP,0.3139908,Cytosol,Mertins_Breast_PD,Proteome
SDF2,-0.43089178,Secretory,Mertins_Breast_PD,Proteome
SDHA,-0.06517067,Mitochondria,Mertins_Breast_PD,Proteome
SDHB,-0.10396547,Mitochondria,Mertins_Breast_PD,Proteome
SEC11A,0.1583173,Secretory,Mertins_Breast_PD,Proteome
SEC23IP,-0.15157138,Cytosol,Mertins_Breast_PD,Proteome
SEC62,0.22135593,Secretory,Mertins_Breast_PD,Proteome
SEC63,0.254179,Secretory,Mertins_Breast_PD,Proteome
SEL1L,0.24152903,Secretory,Mertins_Breast_PD,Proteome
SEMA3C,-0.15988114,Secretory,Mertins_Breast_PD,Proteome
SENP3,0.31927577,Nucleus,Mertins_Breast_PD,Proteome
SENP7,0.1170931,Nucleus,Mertins_Breast_PD,Proteome
SEPSECS,0.060660236,Cytosol,Mertins_Breast_PD,Proteome
SERPINB1,0.28012043,Cytosol,Mertins_Breast_PD,Proteome
SET,0.45854092,Nucleus,Mertins_Breast_PD,Proteome
SETD7,0.29396692,Cytosol,Mertins_Breast_PD,Proteome
SF3A1,0.4257459,Nucleus,Mertins_Breast_PD,Proteome
SF3A2,0.38853863,Nucleus,Mertins_Breast_PD,Proteome
SF3A3,0.18869713,Nucleus,Mertins_Breast_PD,Proteome
SF3B1,0.42979994,Nucleus,Mertins_Breast_PD,Proteome
SFXN1,0.003873885,Mitochondria,Mertins_Breast_PD,Proteome
SFXN2,0.043943685,Mitochondria,Mertins_Breast_PD,Proteome
SFXN3,-0.29434794,Mitochondria,Mertins_Breast_PD,Proteome
SGPL1,0.26012048,Secretory,Mertins_Breast_PD,Proteome
SGTA,-0.18672459,Cytosol,Mertins_Breast_PD,Proteome
SGTB,0.30855617,Cytosol,Mertins_Breast_PD,Proteome
SH2D4A,0.048053328,Cytosol,Mertins_Breast_PD,Proteome
SH3BP2,-0.15636846,Cytosol,Mertins_Breast_PD,Proteome
SH3BP4,-0.29864314,Secretory,Mertins_Breast_PD,Proteome
SH3BP5L,-0.4345301,Cytosol,Mertins_Breast_PD,Proteome
SH3D19,0.29854903,Cytosol,Mertins_Breast_PD,Proteome
SH3GL1,0.31132066,Cytosol,Mertins_Breast_PD,Proteome
SH3KBP1,0.31195652,Cytosol,Mertins_Breast_PD,Proteome
SH3PXD2B,0.3202199,Cytosol,Mertins_Breast_PD,Proteome
SH3RF1,0.32681197,Cytosol,Mertins_Breast_PD,Proteome
SIN3A,0.30921054,Nucleus,Mertins_Breast_PD,Proteome
SIRT1,0.15112117,Nucleus,Mertins_Breast_PD,Proteome
SLC12A2,0.17128344,Secretory,Mertins_Breast_PD,Proteome
SLC12A4,0.03803434,Secretory,Mertins_Breast_PD,Proteome
SLC12A9,0.2525037,Secretory,Mertins_Breast_PD,Proteome
SLC16A1,-0.47867677,Secretory,Mertins_Breast_PD,Proteome
SLC16A3,0.13271469,Secretory,Mertins_Breast_PD,Proteome
SLC1A4,0.061727792,Secretory,Mertins_Breast_PD,Proteome
SLC1A5,0.2157678,Secretory,Mertins_Breast_PD,Proteome
SLC25A1,-0.20430368,Mitochondria,Mertins_Breast_PD,Proteome
SLC25A12,0.23116677,Mitochondria,Mertins_Breast_PD,Proteome
SLC25A13,-0.22189625,Mitochondria,Mertins_Breast_PD,Proteome
SLC25A22,0.21005343,Mitochondria,Mertins_Breast_PD,Proteome
SLC25A24,0.074395105,Mitochondria,Mertins_Breast_PD,Proteome
SLC25A25,0.18029524,Mitochondria,Mertins_Breast_PD,Proteome
SLC25A3,-0.21966422,Mitochondria,Mertins_Breast_PD,Proteome
SLC25A35,0.039275575,Mitochondria,Mertins_Breast_PD,Proteome
SLC25A36,0.1476185,Mitochondria,Mertins_Breast_PD,Proteome
SLC25A5,-0.27981582,Mitochondria,Mertins_Breast_PD,Proteome
SLC25A6,0.09654577,Mitochondria,Mertins_Breast_PD,Proteome
SLC27A1,0.16822845,Secretory,Mertins_Breast_PD,Proteome
SLC27A4,0.25125822,Secretory,Mertins_Breast_PD,Proteome
SLC30A1,0.2011713,Secretory,Mertins_Breast_PD,Proteome
SLC35E1,0.11959895,Secretory,Mertins_Breast_PD,Proteome
SLC3A2,-0.5631198,Secretory,Mertins_Breast_PD,Proteome
SLC44A1,0.20062685,Secretory,Mertins_Breast_PD,Proteome
SLC44A2,0.07280936,Secretory,Mertins_Breast_PD,Proteome
SLC4A1AP,0.39451104,Nucleus,Mertins_Breast_PD,Proteome
SLC4A2,-0.062790364,Secretory,Mertins_Breast_PD,Proteome
SLC4A7,-0.17928264,Secretory,Mertins_Breast_PD,Proteome
SLC9A1,0.13602851,Secretory,Mertins_Breast_PD,Proteome
SLK,-0.43276507,Cytosol,Mertins_Breast_PD,Proteome
SLMAP,0.024097621,Secretory,Mertins_Breast_PD,Proteome
SLTM,0.16831511,Nucleus,Mertins_Breast_PD,Proteome
SMAD2,-0.3164418,Cytosol,Mertins_Breast_PD,Proteome
SMAD4,0.26825497,Cytosol,Mertins_Breast_PD,Proteome
SMAD5,-0.13480784,Cytosol,Mertins_Breast_PD,Proteome
SMAP1,-0.345672,Cytosol,Mertins_Breast_PD,Proteome
SMARCA1,-0.18836957,Nucleus,Mertins_Breast_PD,Proteome
SMARCA5,0.43317744,Nucleus,Mertins_Breast_PD,Proteome
SMARCAD1,0.45386645,Nucleus,Mertins_Breast_PD,Proteome
SMC1A,0.3613977,Nucleus,Mertins_Breast_PD,Proteome
SMC5,0.46937165,Nucleus,Mertins_Breast_PD,Proteome
SMC6,0.41198516,Nucleus,Mertins_Breast_PD,Proteome
SMCHD1,0.45549983,Nucleus,Mertins_Breast_PD,Proteome
SMG8,-0.42059425,Cytosol,Mertins_Breast_PD,Proteome
SMIM12,-0.38655278,Mitochondria,Mertins_Breast_PD,Proteome
SMPD1,-0.4269975,Secretory,Mertins_Breast_PD,Proteome
SMPD4,-0.40484795,Nucleus,Mertins_Breast_PD,Proteome
SMS,-0.17063813,Cytosol,Mertins_Breast_PD,Proteome
SMYD2,-0.10840665,Cytosol,Mertins_Breast_PD,Proteome
SMYD5,-0.43289936,Cytosol,Mertins_Breast_PD,Proteome
SNAP23,0.19710514,Secretory,Mertins_Breast_PD,Proteome
SNAP47,-0.347679,Secretory,Mertins_Breast_PD,Proteome
SNTB2,-0.30352688,Mitochondria,Mertins_Breast_PD,Proteome
SNX1,0.26286307,Cytosol,Mertins_Breast_PD,Proteome
SNX15,0.21398343,Cytosol,Mertins_Breast_PD,Proteome
SNX2,0.2918395,Cytosol,Mertins_Breast_PD,Proteome
SNX5,0.25680962,Cytosol,Mertins_Breast_PD,Proteome
SNX6,0.29096264,Cytosol,Mertins_Breast_PD,Proteome
SNX9,0.27220055,Cytosol,Mertins_Breast_PD,Proteome
SOAT1,-0.5277572,Secretory,Mertins_Breast_PD,Proteome
SOD1,0.106577575,Cytosol,Mertins_Breast_PD,Proteome
SORBS3,0.2975358,Cytosol,Mertins_Breast_PD,Proteome
SORD,-0.11439166,Cytosol,Mertins_Breast_PD,Proteome
SORT1,0.15485373,Secretory,Mertins_Breast_PD,Proteome
SOS1,0.29942992,Cytosol,Mertins_Breast_PD,Proteome
SOWAHC,-0.31430984,Cytosol,Mertins_Breast_PD,Proteome
SP1,0.25004396,Nucleus,Mertins_Breast_PD,Proteome
SPAG9,0.15798256,Cytosol,Mertins_Breast_PD,Proteome
SPC24,-0.21870604,Cytosol,Mertins_Breast_PD,Proteome
SPCS2,0.23771699,Secretory,Mertins_Breast_PD,Proteome
SPCS3,0.1982731,Secretory,Mertins_Breast_PD,Proteome
SPECC1,-0.40296197,Secretory,Mertins_Breast_PD,Proteome
SPEN,0.22845325,Nucleus,Mertins_Breast_PD,Proteome
SPG7,-0.029426945,Mitochondria,Mertins_Breast_PD,Proteome
SPIN1,-0.16610968,Nucleus,Mertins_Breast_PD,Proteome
SPPL2A,-0.4174579,Secretory,Mertins_Breast_PD,Proteome
SPR,0.0683859,Cytosol,Mertins_Breast_PD,Proteome
SPRYD3,-0.43929154,Secretory,Mertins_Breast_PD,Proteome
SPTLC1,0.2568188,Secretory,Mertins_Breast_PD,Proteome
SPTLC2,0.21984126,Secretory,Mertins_Breast_PD,Proteome
SQLE,-0.49731067,Secretory,Mertins_Breast_PD,Proteome
SRCAP,0.12284085,Nucleus,Mertins_Breast_PD,Proteome
SRFBP1,0.24383265,Nucleus,Mertins_Breast_PD,Proteome
SRGAP1,-0.3257113,Cytosol,Mertins_Breast_PD,Proteome
SRI,0.27429357,Cytosol,Mertins_Breast_PD,Proteome
SRM,0.29402763,Cytosol,Mertins_Breast_PD,Proteome
SRP68,-0.3808203,Cytosol,Mertins_Breast_PD,Proteome
SRP72,-0.17841609,Cytosol,Mertins_Breast_PD,Proteome
SRPRB,0.25400105,Secretory,Mertins_Breast_PD,Proteome
SRR,0.2156655,Cytosol,Mertins_Breast_PD,Proteome
SRRT,0.26115438,Nucleus,Mertins_Breast_PD,Proteome
SRSF1,0.13060929,Nucleus,Mertins_Breast_PD,Proteome
SRSF3,0.3167223,Nucleus,Mertins_Breast_PD,Proteome
SRSF4,0.2572765,Nucleus,Mertins_Breast_PD,Proteome
SRSF5,0.2879583,Nucleus,Mertins_Breast_PD,Proteome
SRSF7,0.21324174,Nucleus,Mertins_Breast_PD,Proteome
SRSF9,0.18858203,Nucleus,Mertins_Breast_PD,Proteome
SSBP1,0.055946477,Mitochondria,Mertins_Breast_PD,Proteome
SSH3,-0.002427146,Cytosol,Mertins_Breast_PD,Proteome
SSNA1,-0.13812178,Cytosol,Mertins_Breast_PD,Proteome
SSR1,0.25698256,Secretory,Mertins_Breast_PD,Proteome
SSR4,0.24234515,Secretory,Mertins_Breast_PD,Proteome
SSU72,-0.3029469,Cytosol,Mertins_Breast_PD,Proteome
ST13,-0.2912969,Cytosol,Mertins_Breast_PD,Proteome
ST3GAL1,0.076975234,Secretory,Mertins_Breast_PD,Proteome
STAG1,0.22837755,Nucleus,Mertins_Breast_PD,Proteome
STAG2,0.32562712,Nucleus,Mertins_Breast_PD,Proteome
STAMBP,0.22895676,Cytosol,Mertins_Breast_PD,Proteome
STAT1,0.23561418,Cytosol,Mertins_Breast_PD,Proteome
STAT5B,0.33136842,Cytosol,Mertins_Breast_PD,Proteome
STAU1,0.33912954,Nucleus,Mertins_Breast_PD,Proteome
STAU2,-0.28342146,Nucleus,Mertins_Breast_PD,Proteome
STIM1,0.21236253,Secretory,Mertins_Breast_PD,Proteome
STIP1,-0.3611637,Cytosol,Mertins_Breast_PD,Proteome
STK24,0.26151168,Cytosol,Mertins_Breast_PD,Proteome
STK38,-0.13727257,Cytosol,Mertins_Breast_PD,Proteome
STK38L,0.30264568,Cytosol,Mertins_Breast_PD,Proteome
STK4,0.30882862,Cytosol,Mertins_Breast_PD,Proteome
STMN1,-0.5266498,Cytosol,Mertins_Breast_PD,Proteome
STOM,0.15510075,Secretory,Mertins_Breast_PD,Proteome
STOML2,-0.26087105,Mitochondria,Mertins_Breast_PD,Proteome
STRAP,-0.54102165,Cytosol,Mertins_Breast_PD,Proteome
STRBP,0.2999874,Nucleus,Mertins_Breast_PD,Proteome
STT3A,0.2566795,Secretory,Mertins_Breast_PD,Proteome
STT3B,0.2603114,Secretory,Mertins_Breast_PD,Proteome
STX10,-0.05150522,Secretory,Mertins_Breast_PD,Proteome
STX12,0.25198528,Secretory,Mertins_Breast_PD,Proteome
STX16,0.2054896,Secretory,Mertins_Breast_PD,Proteome
STX17,-0.42584693,Secretory,Mertins_Breast_PD,Proteome
STX18,0.17681544,Secretory,Mertins_Breast_PD,Proteome
STX3,0.17515855,Secretory,Mertins_Breast_PD,Proteome
STX4,0.16057527,Secretory,Mertins_Breast_PD,Proteome
STX5,0.2566352,Secretory,Mertins_Breast_PD,Proteome
STX6,0.15225857,Secretory,Mertins_Breast_PD,Proteome
STX7,0.18630607,Secretory,Mertins_Breast_PD,Proteome
STXBP3,-0.23758009,Secretory,Mertins_Breast_PD,Proteome
SUGP1,0.32022852,Nucleus,Mertins_Breast_PD,Proteome
SUGP2,-0.016978009,Nucleus,Mertins_Breast_PD,Proteome
SUGT1,0.3194035,Cytosol,Mertins_Breast_PD,Proteome
SUN1,-0.39866114,Nucleus,Mertins_Breast_PD,Proteome
SUN2,-0.43379483,Nucleus,Mertins_Breast_PD,Proteome
SUOX,-0.39782277,Nucleus,Mertins_Breast_PD,Proteome
SUPT16H,0.47705063,Nucleus,Mertins_Breast_PD,Proteome
SUPT5H,0.4665019,Nucleus,Mertins_Breast_PD,Proteome
SUPT6H,0.30921113,Nucleus,Mertins_Breast_PD,Proteome
SUPV3L1,-0.16073564,Mitochondria,Mertins_Breast_PD,Proteome
SURF1,0.17166705,Mitochondria,Mertins_Breast_PD,Proteome
SURF4,0.25305614,Secretory,Mertins_Breast_PD,Proteome
SURF6,0.37632325,Nucleus,Mertins_Breast_PD,Proteome
SWAP70,0.23312454,Cytosol,Mertins_Breast_PD,Proteome
SYMPK,0.4169136,Nucleus,Mertins_Breast_PD,Proteome
SYNCRIP,0.2233755,Nucleus,Mertins_Breast_PD,Proteome
SYNE2,-0.43617645,Nucleus,Mertins_Breast_PD,Proteome
SYNGR2,0.19514863,Secretory,Mertins_Breast_PD,Proteome
SYNJ1,0.18282634,Cytosol,Mertins_Breast_PD,Proteome
SYNJ2BP,-0.17908947,Mitochondria,Mertins_Breast_PD,Proteome
SYNRG,-0.33128613,Cytosol,Mertins_Breast_PD,Proteome
SZRD1,-0.44097152,Cytosol,Mertins_Breast_PD,Proteome
TAB1,0.18414208,Cytosol,Mertins_Breast_PD,Proteome
TAB2,0.30066222,Cytosol,Mertins_Breast_PD,Proteome
TACC2,-0.22658306,Cytosol,Mertins_Breast_PD,Proteome
TACC3,-0.2689202,Cytosol,Mertins_Breast_PD,Proteome
TAF4,0.21843714,Nucleus,Mertins_Breast_PD,Proteome
TAF7,-0.4602544,Cytosol,Mertins_Breast_PD,Proteome
TAGLN2,0.32952628,Cytosol,Mertins_Breast_PD,Proteome
TALDO1,0.2920795,Cytosol,Mertins_Breast_PD,Proteome
TAMM41,-0.17735249,Mitochondria,Mertins_Breast_PD,Proteome
TANC1,-0.41742697,Cytosol,Mertins_Breast_PD,Proteome
TANGO2,0.23612162,Cytosol,Mertins_Breast_PD,Proteome
TANK,-0.087746836,Cytosol,Mertins_Breast_PD,Proteome
TAP1,-0.41848066,Secretory,Mertins_Breast_PD,Proteome
TAP2,-0.405174,Secretory,Mertins_Breast_PD,Proteome
TARS2,0.15185787,Mitochondria,Mertins_Breast_PD,Proteome
TATDN1,-0.40560967,Cytosol,Mertins_Breast_PD,Proteome
TATDN3,0.15924235,Cytosol,Mertins_Breast_PD,Proteome
TBC1D1,-0.20055372,Cytosol,Mertins_Breast_PD,Proteome
TBC1D13,0.2415904,Cytosol,Mertins_Breast_PD,Proteome
TBC1D2,0.29180065,Cytosol,Mertins_Breast_PD,Proteome
TBC1D22A,0.27974054,Cytosol,Mertins_Breast_PD,Proteome
TBC1D2B,0.30728728,Cytosol,Mertins_Breast_PD,Proteome
TBC1D5,-0.23158196,Cytosol,Mertins_Breast_PD,Proteome
TBCB,-0.1720209,Cytosol,Mertins_Breast_PD,Proteome
TBCC,0.1616638,Cytosol,Mertins_Breast_PD,Proteome
TBCE,0.0950254,Cytosol,Mertins_Breast_PD,Proteome
TBCEL,0.318878,Cytosol,Mertins_Breast_PD,Proteome
TBK1,-0.4749805,Cytosol,Mertins_Breast_PD,Proteome
TBL1XR1,0.243375,Nucleus,Mertins_Breast_PD,Proteome
TBL2,0.23329033,Secretory,Mertins_Breast_PD,Proteome
TBL3,0.4563337,Nucleus,Mertins_Breast_PD,Proteome
TBRG4,-0.48122993,Mitochondria,Mertins_Breast_PD,Proteome
TCERG1,0.36426917,Nucleus,Mertins_Breast_PD,Proteome
TCF20,0.36561516,Nucleus,Mertins_Breast_PD,Proteome
TCF25,-0.54888684,Secretory,Mertins_Breast_PD,Proteome
TCIRG1,0.24455604,Secretory,Mertins_Breast_PD,Proteome
TCOF1,0.24663943,Nucleus,Mertins_Breast_PD,Proteome
TCP1,0.17783338,Cytosol,Mertins_Breast_PD,Proteome
TDRKH,-0.24653499,Mitochondria,Mertins_Breast_PD,Proteome
TECPR2,-0.19492789,Cytosol,Mertins_Breast_PD,Proteome
TECR,0.15597269,Secretory,Mertins_Breast_PD,Proteome
TEP1,-0.44127116,Nucleus,Mertins_Breast_PD,Proteome
TEX10,0.46563584,Nucleus,Mertins_Breast_PD,Proteome
TEX2,0.24138372,Secretory,Mertins_Breast_PD,Proteome
TEX264,0.2237375,Secretory,Mertins_Breast_PD,Proteome
TFAM,-0.04693942,Mitochondria,Mertins_Breast_PD,Proteome
TFAP2A,0.42363054,Nucleus,Mertins_Breast_PD,Proteome
TFAP2C,0.37719923,Nucleus,Mertins_Breast_PD,Proteome
TFB1M,-0.3589302,Secretory,Mertins_Breast_PD,Proteome
TFG,0.28350708,Cytosol,Mertins_Breast_PD,Proteome
TFIP11,0.47509497,Nucleus,Mertins_Breast_PD,Proteome
TFRC,0.19987224,Secretory,Mertins_Breast_PD,Proteome
TGFBRAP1,-0.17968427,Cytosol,Mertins_Breast_PD,Proteome
THADA,-0.5388441,Cytosol,Mertins_Breast_PD,Proteome
THAP11,-0.06453311,Nucleus,Mertins_Breast_PD,Proteome
THEM6,0.2339663,Secretory,Mertins_Breast_PD,Proteome
THG1L,-0.41279343,Cytosol,Mertins_Breast_PD,Proteome
THOP1,0.055490483,Cytosol,Mertins_Breast_PD,Proteome
THTPA,0.17931032,Cytosol,Mertins_Breast_PD,Proteome
THUMPD3,-0.25015455,Cytosol,Mertins_Breast_PD,Proteome
TIMM10,-0.12880439,Mitochondria,Mertins_Breast_PD,Proteome
TIMM17B,0.034901433,Mitochondria,Mertins_Breast_PD,Proteome
TIMM44,-0.28427508,Mitochondria,Mertins_Breast_PD,Proteome
TIMM50,0.13198751,Mitochondria,Mertins_Breast_PD,Proteome
TIMMDC1,-0.09952355,Mitochondria,Mertins_Breast_PD,Proteome
TIMP2,-0.41182646,Secretory,Mertins_Breast_PD,Proteome
TIPRL,0.12379359,Cytosol,Mertins_Breast_PD,Proteome
TK1,-0.25987482,Cytosol,Mertins_Breast_PD,Proteome
TLK1,0.28741044,Nucleus,Mertins_Breast_PD,Proteome
TLK2,0.38883153,Nucleus,Mertins_Breast_PD,Proteome
TLN1,0.32469934,Cytosol,Mertins_Breast_PD,Proteome
TM9SF2,0.25906378,Secretory,Mertins_Breast_PD,Proteome
TM9SF3,0.25770962,Secretory,Mertins_Breast_PD,Proteome
TM9SF4,0.258553,Secretory,Mertins_Breast_PD,Proteome
TMED1,0.239304,Secretory,Mertins_Breast_PD,Proteome
TMED10,0.25842506,Secretory,Mertins_Breast_PD,Proteome
TMED2,0.18837148,Secretory,Mertins_Breast_PD,Proteome
TMED3,0.24105759,Secretory,Mertins_Breast_PD,Proteome
TMED4,0.18911552,Secretory,Mertins_Breast_PD,Proteome
TMED5,0.2518299,Secretory,Mertins_Breast_PD,Proteome
TMED9,0.22374514,Secretory,Mertins_Breast_PD,Proteome
TMEM106B,0.1944622,Secretory,Mertins_Breast_PD,Proteome
TMEM11,-0.022504317,Mitochondria,Mertins_Breast_PD,Proteome
TMEM115,-0.16119055,Secretory,Mertins_Breast_PD,Proteome
TMEM126A,-0.23053518,Mitochondria,Mertins_Breast_PD,Proteome
TMEM205,0.1840472,Secretory,Mertins_Breast_PD,Proteome
TMEM214,0.21101786,Secretory,Mertins_Breast_PD,Proteome
TMEM230,0.25331125,Secretory,Mertins_Breast_PD,Proteome
TMEM43,0.21896568,Secretory,Mertins_Breast_PD,Proteome
TMEM63A,0.24208067,Secretory,Mertins_Breast_PD,Proteome
TMEM70,-0.25294277,Mitochondria,Mertins_Breast_PD,Proteome
TMEM87A,0.23083635,Secretory,Mertins_Breast_PD,Proteome
TMEM87B,0.24711724,Secretory,Mertins_Breast_PD,Proteome
TMPO,0.47088134,Nucleus,Mertins_Breast_PD,Proteome
TMTC3,0.2546819,Secretory,Mertins_Breast_PD,Proteome
TMX1,0.25932536,Secretory,Mertins_Breast_PD,Proteome
TMX2,0.21627788,Secretory,Mertins_Breast_PD,Proteome
TMX3,0.2564532,Secretory,Mertins_Breast_PD,Proteome
TNIP1,0.31965777,Cytosol,Mertins_Breast_PD,Proteome
TOE1,0.4708908,Nucleus,Mertins_Breast_PD,Proteome
TOM1L1,-0.0606777,Cytosol,Mertins_Breast_PD,Proteome
TOMM20,0.10708743,Mitochondria,Mertins_Breast_PD,Proteome
TOMM22,0.14092329,Mitochondria,Mertins_Breast_PD,Proteome
TOMM34,-0.2852564,Cytosol,Mertins_Breast_PD,Proteome
TOMM40,0.23368265,Mitochondria,Mertins_Breast_PD,Proteome
TOMM5,0.014078828,Mitochondria,Mertins_Breast_PD,Proteome
TOP2A,0.29985994,Nucleus,Mertins_Breast_PD,Proteome
TOP2B,0.33040074,Nucleus,Mertins_Breast_PD,Proteome
TOR1AIP1,-0.38143864,Nucleus,Mertins_Breast_PD,Proteome
TOR1AIP2,0.22372906,Secretory,Mertins_Breast_PD,Proteome
TOR2A,-0.34212983,Secretory,Mertins_Breast_PD,Proteome
TP53I3,0.3251846,Cytosol,Mertins_Breast_PD,Proteome
TPD52,-0.2009873,Cytosol,Mertins_Breast_PD,Proteome
TPI1,0.23681526,Cytosol,Mertins_Breast_PD,Proteome
TPM1,0.3017184,Cytosol,Mertins_Breast_PD,Proteome
TPM2,0.30337778,Cytosol,Mertins_Breast_PD,Proteome
TPM3,0.3258618,Cytosol,Mertins_Breast_PD,Proteome
TPM4,0.30489624,Cytosol,Mertins_Breast_PD,Proteome
TPMT,0.18518476,Cytosol,Mertins_Breast_PD,Proteome
TPP2,-0.4587161,Nucleus,Mertins_Breast_PD,Proteome
TPRG1L,-0.4666502,Secretory,Mertins_Breast_PD,Proteome
TPT1,0.2530164,Cytosol,Mertins_Breast_PD,Proteome
TRA2A,-0.2211187,Nucleus,Mertins_Breast_PD,Proteome
TRA2B,0.3691183,Nucleus,Mertins_Breast_PD,Proteome
TRAF2,-0.1505874,Cytosol,Mertins_Breast_PD,Proteome
TRAF3IP1,-0.41123378,Cytosol,Mertins_Breast_PD,Proteome
TRAFD1,-0.46369427,Cytosol,Mertins_Breast_PD,Proteome
TRAP1,0.18538071,Mitochondria,Mertins_Breast_PD,Proteome
TRAPPC3,-0.4108919,Cytosol,Mertins_Breast_PD,Proteome
TRIAP1,0.072839834,Nucleus,Mertins_Breast_PD,Proteome
TRIM21,0.31772092,Cytosol,Mertins_Breast_PD,Proteome
TRIM24,0.40660217,Nucleus,Mertins_Breast_PD,Proteome
TRIM26,-0.47463757,Cytosol,Mertins_Breast_PD,Proteome
TRIM28,0.26537248,Nucleus,Mertins_Breast_PD,Proteome
TRIM33,0.47906256,Nucleus,Mertins_Breast_PD,Proteome
TRIM36,-0.17814548,Cytosol,Mertins_Breast_PD,Proteome
TRIM4,-0.44089308,Secretory,Mertins_Breast_PD,Proteome
TRIM47,0.29125676,Cytosol,Mertins_Breast_PD,Proteome
TRIM5,0.32521254,Cytosol,Mertins_Breast_PD,Proteome
TRIM56,-0.36018082,Nucleus,Mertins_Breast_PD,Proteome
TRIM65,0.28194553,Cytosol,Mertins_Breast_PD,Proteome
TRIP10,0.31877115,Cytosol,Mertins_Breast_PD,Proteome
TRIP11,-0.28028923,Secretory,Mertins_Breast_PD,Proteome
TRIP12,-0.3530986,Nucleus,Mertins_Breast_PD,Proteome
TRIP6,0.32418978,Cytosol,Mertins_Breast_PD,Proteome
TRMT10C,-0.22417082,Mitochondria,Mertins_Breast_PD,Proteome
TRMT1L,0.4358614,Nucleus,Mertins_Breast_PD,Proteome
TRMT6,0.47154003,Nucleus,Mertins_Breast_PD,Proteome
TRUB2,-0.3631215,Secretory,Mertins_Breast_PD,Proteome
TSC1,-0.39419967,Cytosol,Mertins_Breast_PD,Proteome
TSC22D2,-0.40098718,Cytosol,Mertins_Breast_PD,Proteome
TSPO,-0.30140945,Mitochondria,Mertins_Breast_PD,Proteome
TSTD1,-0.07440941,Cytosol,Mertins_Breast_PD,Proteome
TTC1,0.087441035,Cytosol,Mertins_Breast_PD,Proteome
TTC13,-0.456797,Secretory,Mertins_Breast_PD,Proteome
TTC17,-0.2975969,Secretory,Mertins_Breast_PD,Proteome
TTC4,-0.2165105,Cytosol,Mertins_Breast_PD,Proteome
TTC5,-0.2919427,Cytosol,Mertins_Breast_PD,Proteome
TTLL12,-0.06584501,Cytosol,Mertins_Breast_PD,Proteome
TUBA4A,0.07604684,Cytosol,Mertins_Breast_PD,Proteome
TUBB,0.3046024,Cytosol,Mertins_Breast_PD,Proteome
TUBB4B,-0.09614583,Cytosol,Mertins_Breast_PD,Proteome
TUBB6,0.3156148,Cytosol,Mertins_Breast_PD,Proteome
TUBGCP6,-0.40806663,Cytosol,Mertins_Breast_PD,Proteome
TUFM,0.28056964,Mitochondria,Mertins_Breast_PD,Proteome
TUFT1,-0.38687262,Cytosol,Mertins_Breast_PD,Proteome
TUT1,0.26980802,Nucleus,Mertins_Breast_PD,Proteome
TWF2,0.32062626,Cytosol,Mertins_Breast_PD,Proteome
TXLNA,-0.5492899,Cytosol,Mertins_Breast_PD,Proteome
TXLNG,-0.56748056,Cytosol,Mertins_Breast_PD,Proteome
TXNDC5,-0.3817299,Nucleus,Mertins_Breast_PD,Proteome
TXNDC9,0.22104414,Cytosol,Mertins_Breast_PD,Proteome
TXNL1,0.12566392,Cytosol,Mertins_Breast_PD,Proteome
TXNL4B,0.29821095,Cytosol,Mertins_Breast_PD,Proteome
TXNRD1,-0.14791937,Cytosol,Mertins_Breast_PD,Proteome
TYW5,-0.28758806,Cytosol,Mertins_Breast_PD,Proteome
U2AF1,0.1135756,Nucleus,Mertins_Breast_PD,Proteome
U2AF2,0.4164671,Nucleus,Mertins_Breast_PD,Proteome
UAP1,0.28927812,Cytosol,Mertins_Breast_PD,Proteome
UAP1L1,0.26688856,Cytosol,Mertins_Breast_PD,Proteome
UBA1,0.2685597,Cytosol,Mertins_Breast_PD,Proteome
UBA6,-0.012332641,Cytosol,Mertins_Breast_PD,Proteome
UBAC1,0.23843421,Cytosol,Mertins_Breast_PD,Proteome
UBAP1,0.3324825,Cytosol,Mertins_Breast_PD,Proteome
UBE2A,-0.08727768,Cytosol,Mertins_Breast_PD,Proteome
UBE2B,0.27188203,Cytosol,Mertins_Breast_PD,Proteome
UBE2C,-0.2917321,Cytosol,Mertins_Breast_PD,Proteome
UBE2D2,0.26474878,Cytosol,Mertins_Breast_PD,Proteome
UBE2G1,-0.38101336,Cytosol,Mertins_Breast_PD,Proteome
UBE2G2,-0.48095852,Secretory,Mertins_Breast_PD,Proteome
UBE2H,0.069426425,Cytosol,Mertins_Breast_PD,Proteome
UBE2K,0.1494691,Cytosol,Mertins_Breast_PD,Proteome
UBE2L3,0.14825402,Cytosol,Mertins_Breast_PD,Proteome
UBE2L6,0.27034134,Cytosol,Mertins_Breast_PD,Proteome
UBE2M,-0.41123408,Cytosol,Mertins_Breast_PD,Proteome
UBE2O,-0.19422005,Cytosol,Mertins_Breast_PD,Proteome
UBE2R2,-0.058800258,Cytosol,Mertins_Breast_PD,Proteome
UBE2Z,0.23863195,Cytosol,Mertins_Breast_PD,Proteome
UBFD1,-0.21855336,Cytosol,Mertins_Breast_PD,Proteome
UBL7,0.01580415,Cytosol,Mertins_Breast_PD,Proteome
UBN1,0.37203023,Nucleus,Mertins_Breast_PD,Proteome
UBP1,0.15832452,Cytosol,Mertins_Breast_PD,Proteome
UBQLN1,0.23497592,Cytosol,Mertins_Breast_PD,Proteome
UBR1,-0.322639,Cytosol,Mertins_Breast_PD,Proteome
UBR3,-0.40626353,Cytosol,Mertins_Breast_PD,Proteome
UBR4,-0.40904936,Cytosol,Mertins_Breast_PD,Proteome
UBR5,0.4511239,Nucleus,Mertins_Breast_PD,Proteome
UBXN1,-0.48764107,Cytosol,Mertins_Breast_PD,Proteome
UBXN2B,-0.08768124,Cytosol,Mertins_Breast_PD,Proteome
UBXN4,0.15455262,Secretory,Mertins_Breast_PD,Proteome
UCHL5,0.25002038,Cytosol,Mertins_Breast_PD,Proteome
UCK2,-0.31389222,Cytosol,Mertins_Breast_PD,Proteome
UEVLD,-0.13483302,Cytosol,Mertins_Breast_PD,Proteome
UFL1,-0.16378662,Secretory,Mertins_Breast_PD,Proteome
UGDH,-0.07200003,Cytosol,Mertins_Breast_PD,Proteome
UHRF2,0.3451811,Nucleus,Mertins_Breast_PD,Proteome
UNC119,0.15123098,Cytosol,Mertins_Breast_PD,Proteome
UNC119B,0.038613625,Cytosol,Mertins_Breast_PD,Proteome
UNC13B,-0.22522195,Cytosol,Mertins_Breast_PD,Proteome
UNC13D,0.31121087,Cytosol,Mertins_Breast_PD,Proteome
UPRT,-0.5036548,Cytosol,Mertins_Breast_PD,Proteome
UQCC1,0.29068476,Mitochondria,Mertins_Breast_PD,Proteome
UQCR10,0.17099285,Mitochondria,Mertins_Breast_PD,Proteome
UQCRB,-0.04855055,Mitochondria,Mertins_Breast_PD,Proteome
UQCRC1,-0.0072021377,Mitochondria,Mertins_Breast_PD,Proteome
UQCRC2,0.0037787752,Mitochondria,Mertins_Breast_PD,Proteome
UQCRFS1,-0.051800437,Mitochondria,Mertins_Breast_PD,Proteome
UQCRH,0.22693688,Mitochondria,Mertins_Breast_PD,Proteome
UQCRQ,0.030931558,Mitochondria,Mertins_Breast_PD,Proteome
URB1,0.46933827,Nucleus,Mertins_Breast_PD,Proteome
URB2,0.4534262,Nucleus,Mertins_Breast_PD,Proteome
UROD,0.23770532,Cytosol,Mertins_Breast_PD,Proteome
UROS,0.17833187,Cytosol,Mertins_Breast_PD,Proteome
USE1,0.23158444,Secretory,Mertins_Breast_PD,Proteome
USP11,-0.051924307,Nucleus,Mertins_Breast_PD,Proteome
USP13,0.030676221,Cytosol,Mertins_Breast_PD,Proteome
USP15,0.31703278,Cytosol,Mertins_Breast_PD,Proteome
USP24,-0.38177454,Cytosol,Mertins_Breast_PD,Proteome
USP25,-0.3649684,Cytosol,Mertins_Breast_PD,Proteome
USP36,0.354521,Nucleus,Mertins_Breast_PD,Proteome
USP4,0.14548557,Cytosol,Mertins_Breast_PD,Proteome
USP47,0.0223798,Cytosol,Mertins_Breast_PD,Proteome
USP5,0.06568753,Cytosol,Mertins_Breast_PD,Proteome
USP7,-0.2698924,Nucleus,Mertins_Breast_PD,Proteome
USP8,-0.18449023,Cytosol,Mertins_Breast_PD,Proteome
USP9X,-0.42711124,Cytosol,Mertins_Breast_PD,Proteome
UTP14A,0.46244696,Nucleus,Mertins_Breast_PD,Proteome
UTP15,0.4724649,Nucleus,Mertins_Breast_PD,Proteome
UTP18,0.4633456,Nucleus,Mertins_Breast_PD,Proteome
UTP20,0.46686146,Nucleus,Mertins_Breast_PD,Proteome
UTP23,0.46094668,Nucleus,Mertins_Breast_PD,Proteome
UTP3,0.41370073,Nucleus,Mertins_Breast_PD,Proteome
UTP6,0.4480914,Nucleus,Mertins_Breast_PD,Proteome
UTRN,-0.2764843,Mitochondria,Mertins_Breast_PD,Proteome
VAMP3,0.18298557,Secretory,Mertins_Breast_PD,Proteome
VAMP7,0.21806373,Secretory,Mertins_Breast_PD,Proteome
VAPA,0.17147952,Secretory,Mertins_Breast_PD,Proteome
VAPB,0.25895002,Secretory,Mertins_Breast_PD,Proteome
VASP,0.29982916,Cytosol,Mertins_Breast_PD,Proteome
VBP1,-0.2952883,Cytosol,Mertins_Breast_PD,Proteome
VCL,0.30852798,Cytosol,Mertins_Breast_PD,Proteome
VCP,-0.2894195,Cytosol,Mertins_Breast_PD,Proteome
VCPIP1,-0.25285625,Cytosol,Mertins_Breast_PD,Proteome
VDAC1,0.016153691,Mitochondria,Mertins_Breast_PD,Proteome
VDAC2,0.27018318,Mitochondria,Mertins_Breast_PD,Proteome
VDAC3,0.3053979,Mitochondria,Mertins_Breast_PD,Proteome
VIPAS39,-0.34889105,Cytosol,Mertins_Breast_PD,Proteome
VPS13A,-0.17469876,Secretory,Mertins_Breast_PD,Proteome
VPS13C,0.30811256,Cytosol,Mertins_Breast_PD,Proteome
VPS25,0.2611921,Cytosol,Mertins_Breast_PD,Proteome
VPS26A,0.32555053,Cytosol,Mertins_Breast_PD,Proteome
VPS33B,-0.38335568,Cytosol,Mertins_Breast_PD,Proteome
VPS35,-0.35830706,Cytosol,Mertins_Breast_PD,Proteome
VPS37B,-0.28714734,Cytosol,Mertins_Breast_PD,Proteome
VPS4A,0.29907784,Cytosol,Mertins_Breast_PD,Proteome
VPS4B,0.008999001,Cytosol,Mertins_Breast_PD,Proteome
VPS52,-0.40322003,Cytosol,Mertins_Breast_PD,Proteome
VTA1,0.19114096,Cytosol,Mertins_Breast_PD,Proteome
VTI1A,0.19807306,Secretory,Mertins_Breast_PD,Proteome
VWA8,0.022553079,Mitochondria,Mertins_Breast_PD,Proteome
WAC,0.34989446,Nucleus,Mertins_Breast_PD,Proteome
WARS2,-0.041995365,Mitochondria,Mertins_Breast_PD,Proteome
WBP11,0.32958198,Nucleus,Mertins_Breast_PD,Proteome
WDFY1,-0.44582468,Secretory,Mertins_Breast_PD,Proteome
WDR1,0.32768556,Cytosol,Mertins_Breast_PD,Proteome
WDR18,0.45982203,Nucleus,Mertins_Breast_PD,Proteome
WDR3,0.4521598,Nucleus,Mertins_Breast_PD,Proteome
WDR33,0.20662524,Nucleus,Mertins_Breast_PD,Proteome
WDR36,0.45012853,Nucleus,Mertins_Breast_PD,Proteome
WDR37,0.24640715,Cytosol,Mertins_Breast_PD,Proteome
WDR43,0.46095192,Nucleus,Mertins_Breast_PD,Proteome
WDR44,0.20215786,Cytosol,Mertins_Breast_PD,Proteome
WDR45,0.24600846,Cytosol,Mertins_Breast_PD,Proteome
WDR46,0.45451057,Nucleus,Mertins_Breast_PD,Proteome
WDR6,0.08601159,Cytosol,Mertins_Breast_PD,Proteome
WDR7,0.11808627,Cytosol,Mertins_Breast_PD,Proteome
WDR75,0.41556773,Nucleus,Mertins_Breast_PD,Proteome
WDR77,-0.12479105,Cytosol,Mertins_Breast_PD,Proteome
WDR81,0.2883255,Cytosol,Mertins_Breast_PD,Proteome
WDR83,0.3844716,Nucleus,Mertins_Breast_PD,Proteome
WDSUB1,0.18881261,Cytosol,Mertins_Breast_PD,Proteome
WDTC1,-0.39874935,Cytosol,Mertins_Breast_PD,Proteome
WFS1,0.17654938,Secretory,Mertins_Breast_PD,Proteome
WIPI2,0.3236811,Cytosol,Mertins_Breast_PD,Proteome
WIZ,0.34506255,Nucleus,Mertins_Breast_PD,Proteome
WNK1,-0.45346236,Cytosol,Mertins_Breast_PD,Proteome
WRN,0.4563674,Nucleus,Mertins_Breast_PD,Proteome
WRNIP1,0.39681768,Nucleus,Mertins_Breast_PD,Proteome
WWC3,0.2758049,Cytosol,Mertins_Breast_PD,Proteome
WWP1,-0.1845175,Secretory,Mertins_Breast_PD,Proteome
WWP2,0.080440044,Secretory,Mertins_Breast_PD,Proteome
XIAP,0.29048708,Cytosol,Mertins_Breast_PD,Proteome
XPC,-0.37394524,Nucleus,Mertins_Breast_PD,Proteome
XPNPEP1,0.09176243,Cytosol,Mertins_Breast_PD,Proteome
XPO5,-0.39895892,Cytosol,Mertins_Breast_PD,Proteome
XRCC1,0.16536318,Nucleus,Mertins_Breast_PD,Proteome
XRCC4,-0.32384083,Nucleus,Mertins_Breast_PD,Proteome
YAP1,0.30672118,Cytosol,Mertins_Breast_PD,Proteome
YBEY,-0.22508982,Mitochondria,Mertins_Breast_PD,Proteome
YES1,0.25249606,Secretory,Mertins_Breast_PD,Proteome
YIF1A,0.18387744,Secretory,Mertins_Breast_PD,Proteome
YIPF3,0.24759413,Secretory,Mertins_Breast_PD,Proteome
YIPF4,0.24962476,Secretory,Mertins_Breast_PD,Proteome
YIPF5,0.25858685,Secretory,Mertins_Breast_PD,Proteome
YKT6,-0.48007298,Cytosol,Mertins_Breast_PD,Proteome
YLPM1,0.2963999,Nucleus,Mertins_Breast_PD,Proteome
YME1L1,0.010549136,Mitochondria,Mertins_Breast_PD,Proteome
YTHDC2,-0.37480342,Nucleus,Mertins_Breast_PD,Proteome
YWHAB,0.16084616,Cytosol,Mertins_Breast_PD,Proteome
YWHAE,0.25306764,Cytosol,Mertins_Breast_PD,Proteome
YWHAG,-0.42251062,Cytosol,Mertins_Breast_PD,Proteome
YWHAH,0.2628765,Cytosol,Mertins_Breast_PD,Proteome
YWHAQ,-0.37213522,Cytosol,Mertins_Breast_PD,Proteome
YWHAZ,-0.4734312,Cytosol,Mertins_Breast_PD,Proteome
ZBTB14,0.22270995,Nucleus,Mertins_Breast_PD,Proteome
ZBTB8OS,-0.037721366,Cytosol,Mertins_Breast_PD,Proteome
ZC3H8,0.455257,Nucleus,Mertins_Breast_PD,Proteome
ZC3HAV1,0.16460301,Secretory,Mertins_Breast_PD,Proteome
ZC3HC1,0.4109215,Nucleus,Mertins_Breast_PD,Proteome
ZCRB1,0.26913768,Nucleus,Mertins_Breast_PD,Proteome
ZDHHC13,0.19122013,Secretory,Mertins_Breast_PD,Proteome
ZDHHC5,0.13123386,Secretory,Mertins_Breast_PD,Proteome
ZFAND1,0.036345456,Cytosol,Mertins_Breast_PD,Proteome
ZFAND5,-0.4633454,Cytosol,Mertins_Breast_PD,Proteome
ZFPL1,0.25468382,Secretory,Mertins_Breast_PD,Proteome
ZFR,0.46593878,Nucleus,Mertins_Breast_PD,Proteome
ZFX,0.148671,Nucleus,Mertins_Breast_PD,Proteome
ZFYVE1,-0.417669,Cytosol,Mertins_Breast_PD,Proteome
ZFYVE19,-0.06912589,Cytosol,Mertins_Breast_PD,Proteome
ZHX1,0.32087457,Nucleus,Mertins_Breast_PD,Proteome
ZHX2,0.4648002,Nucleus,Mertins_Breast_PD,Proteome
ZMPSTE24,0.25857148,Secretory,Mertins_Breast_PD,Proteome
ZMYM2,0.21797617,Nucleus,Mertins_Breast_PD,Proteome
ZMYND11,0.16171503,Nucleus,Mertins_Breast_PD,Proteome
ZNF143,0.14441122,Nucleus,Mertins_Breast_PD,Proteome
ZNF148,0.18456045,Nucleus,Mertins_Breast_PD,Proteome
ZNF217,-0.035568837,Nucleus,Mertins_Breast_PD,Proteome
ZNF280C,0.46614036,Nucleus,Mertins_Breast_PD,Proteome
ZNF318,0.4118702,Nucleus,Mertins_Breast_PD,Proteome
ZNF326,0.42833394,Nucleus,Mertins_Breast_PD,Proteome
ZNF346,-0.38850877,Nucleus,Mertins_Breast_PD,Proteome
ZNF384,0.21045062,Nucleus,Mertins_Breast_PD,Proteome
ZNF574,0.24684586,Nucleus,Mertins_Breast_PD,Proteome
ZNF629,0.26980403,Nucleus,Mertins_Breast_PD,Proteome
ZNF652,0.17509465,Nucleus,Mertins_Breast_PD,Proteome
ZNF668,-0.026686693,Nucleus,Mertins_Breast_PD,Proteome
ZNF687,0.21233726,Nucleus,Mertins_Breast_PD,Proteome
ZNHIT6,0.45086348,Nucleus,Mertins_Breast_PD,Proteome
ZYX,0.310754,Cytosol,Mertins_Breast_PD,Proteome
ZZEF1,-0.39570165,Cytosol,Mertins_Breast_PD,Proteome
AAAS,-0.09884179,Secretory,Mertins_Breast_MD,Transcriptome
AACS,-0.06296695,Cytosol,Mertins_Breast_MD,Transcriptome
AAK1,-0.05983995,Cytosol,Mertins_Breast_MD,Transcriptome
AASDHPPT,-0.03398908,Cytosol,Mertins_Breast_MD,Transcriptome
AATF,-0.056354236,Nucleus,Mertins_Breast_MD,Transcriptome
ABCB7,-0.16784391,Mitochondria,Mertins_Breast_MD,Transcriptome
ABCC1,-0.01188487,Secretory,Mertins_Breast_MD,Transcriptome
ABCD1,-0.2301611,Secretory,Mertins_Breast_MD,Transcriptome
ABCD3,0.11076627,Secretory,Mertins_Breast_MD,Transcriptome
ABHD12,-0.058370885,Secretory,Mertins_Breast_MD,Transcriptome
ABHD14B,-0.09152523,Cytosol,Mertins_Breast_MD,Transcriptome
ABHD16A,0.0048221312,Secretory,Mertins_Breast_MD,Transcriptome
ABL1,-0.0739898,Cytosol,Mertins_Breast_MD,Transcriptome
ABR,-0.017841617,Cytosol,Mertins_Breast_MD,Transcriptome
ABRACL,-0.0023563812,Cytosol,Mertins_Breast_MD,Transcriptome
ABT1,-0.07059407,Nucleus,Mertins_Breast_MD,Transcriptome
ACAD9,0.036491565,Mitochondria,Mertins_Breast_MD,Transcriptome
ACAP2,-0.07661787,Cytosol,Mertins_Breast_MD,Transcriptome
ACAT2,-0.056768887,Cytosol,Mertins_Breast_MD,Transcriptome
ACBD5,0.099286355,Secretory,Mertins_Breast_MD,Transcriptome
ACBD6,-0.024361044,Cytosol,Mertins_Breast_MD,Transcriptome
ACIN1,-0.03005015,Nucleus,Mertins_Breast_MD,Transcriptome
ACLY,-0.10189719,Cytosol,Mertins_Breast_MD,Transcriptome
ACOT11,-0.031982172,Cytosol,Mertins_Breast_MD,Transcriptome
ACP1,-0.16072783,Cytosol,Mertins_Breast_MD,Transcriptome
ACSL1,-0.049848933,Secretory,Mertins_Breast_MD,Transcriptome
ACSL3,-0.011697888,Secretory,Mertins_Breast_MD,Transcriptome
ACSL4,-0.036444776,Secretory,Mertins_Breast_MD,Transcriptome
ACSS2,-0.22077653,Cytosol,Mertins_Breast_MD,Transcriptome
ACTR10,-0.12210683,Cytosol,Mertins_Breast_MD,Transcriptome
ACYP1,-0.20651348,Cytosol,Mertins_Breast_MD,Transcriptome
ACYP2,0.00070552115,Cytosol,Mertins_Breast_MD,Transcriptome
ADAM10,0.06437831,Secretory,Mertins_Breast_MD,Transcriptome
ADAM15,-0.13020611,Secretory,Mertins_Breast_MD,Transcriptome
ADAR,-0.016071633,Nucleus,Mertins_Breast_MD,Transcriptome
ADARB1,-0.017971136,Nucleus,Mertins_Breast_MD,Transcriptome
ADH5,-0.16298385,Cytosol,Mertins_Breast_MD,Transcriptome
ADI1,-0.15527809,Cytosol,Mertins_Breast_MD,Transcriptome
ADK,-0.20635362,Cytosol,Mertins_Breast_MD,Transcriptome
ADNP,-0.016824242,Nucleus,Mertins_Breast_MD,Transcriptome
ADO,-0.20219262,Cytosol,Mertins_Breast_MD,Transcriptome
ADRM1,-0.14523198,Cytosol,Mertins_Breast_MD,Transcriptome
ADSL,-0.0910631,Cytosol,Mertins_Breast_MD,Transcriptome
AFF4,-0.07244008,Nucleus,Mertins_Breast_MD,Transcriptome
AFG3L2,-0.07046562,Mitochondria,Mertins_Breast_MD,Transcriptome
AGFG1,-0.019217113,Cytosol,Mertins_Breast_MD,Transcriptome
AGFG2,-0.11493364,Cytosol,Mertins_Breast_MD,Transcriptome
AGK,0.03520871,Mitochondria,Mertins_Breast_MD,Transcriptome
AGO2,0.0046989736,Nucleus,Mertins_Breast_MD,Transcriptome
AGPAT3,-0.02427257,Secretory,Mertins_Breast_MD,Transcriptome
AGPAT5,-0.16516788,Mitochondria,Mertins_Breast_MD,Transcriptome
AGRN,-0.017647536,Secretory,Mertins_Breast_MD,Transcriptome
AHCTF1,0.0036114524,Nucleus,Mertins_Breast_MD,Transcriptome
AHCY,-0.15078647,Cytosol,Mertins_Breast_MD,Transcriptome
AHCYL1,-0.11484963,Cytosol,Mertins_Breast_MD,Transcriptome
AHCYL2,-0.09491732,Cytosol,Mertins_Breast_MD,Transcriptome
AHDC1,-0.002075107,Nucleus,Mertins_Breast_MD,Transcriptome
AHSA1,-0.17905147,Cytosol,Mertins_Breast_MD,Transcriptome
AIFM1,0.14095853,Mitochondria,Mertins_Breast_MD,Transcriptome
AIP,-0.15360269,Cytosol,Mertins_Breast_MD,Transcriptome
AK1,-0.18073975,Cytosol,Mertins_Breast_MD,Transcriptome
AK2,0.017507693,Nucleus,Mertins_Breast_MD,Transcriptome
AKAP1,-0.05674288,Mitochondria,Mertins_Breast_MD,Transcriptome
AKAP12,-0.0022665663,Cytosol,Mertins_Breast_MD,Transcriptome
AKAP17A,-0.21061152,Nucleus,Mertins_Breast_MD,Transcriptome
AKAP8L,-0.16557097,Nucleus,Mertins_Breast_MD,Transcriptome
AKR1A1,-0.21659337,Cytosol,Mertins_Breast_MD,Transcriptome
AKT1,-0.023488767,Cytosol,Mertins_Breast_MD,Transcriptome
AKT2,-0.17278035,Cytosol,Mertins_Breast_MD,Transcriptome
AKTIP,-0.06853137,Cytosol,Mertins_Breast_MD,Transcriptome
ALCAM,0.05485962,Secretory,Mertins_Breast_MD,Transcriptome
ALDH1A3,0.016325299,Cytosol,Mertins_Breast_MD,Transcriptome
ALDH3A2,0.116038606,Secretory,Mertins_Breast_MD,Transcriptome
ALDH9A1,-0.10751332,Cytosol,Mertins_Breast_MD,Transcriptome
ALDOA,-0.06961782,Cytosol,Mertins_Breast_MD,Transcriptome
ALG1,-0.005350193,Secretory,Mertins_Breast_MD,Transcriptome
ALG5,-0.031849753,Secretory,Mertins_Breast_MD,Transcriptome
ALKBH3,-0.19412433,Cytosol,Mertins_Breast_MD,Transcriptome
ALKBH8,-0.10667638,Cytosol,Mertins_Breast_MD,Transcriptome
AMDHD2,-0.19866577,Cytosol,Mertins_Breast_MD,Transcriptome
AMPD2,0.0005442494,Cytosol,Mertins_Breast_MD,Transcriptome
ANKLE2,-0.018085115,Secretory,Mertins_Breast_MD,Transcriptome
ANKMY2,-0.116917424,Cytosol,Mertins_Breast_MD,Transcriptome
ANKRD54,-0.16313352,Cytosol,Mertins_Breast_MD,Transcriptome
ANKS1A,-0.031594038,Cytosol,Mertins_Breast_MD,Transcriptome
ANO10,0.08208782,Secretory,Mertins_Breast_MD,Transcriptome
ANO6,0.05147596,Secretory,Mertins_Breast_MD,Transcriptome
ANXA1,0.016394213,Cytosol,Mertins_Breast_MD,Transcriptome
ANXA11,-0.20297553,Cytosol,Mertins_Breast_MD,Transcriptome
ANXA5,0.015507068,Cytosol,Mertins_Breast_MD,Transcriptome
AP2A1,-0.2125538,Secretory,Mertins_Breast_MD,Transcriptome
AP2A2,-0.02875092,Secretory,Mertins_Breast_MD,Transcriptome
AP2M1,-0.13942628,Secretory,Mertins_Breast_MD,Transcriptome
AP3B1,-0.11707255,Cytosol,Mertins_Breast_MD,Transcriptome
AP3D1,-0.06513784,Cytosol,Mertins_Breast_MD,Transcriptome
AP3M2,-0.10706937,Cytosol,Mertins_Breast_MD,Transcriptome
AP4E1,-0.09769051,Cytosol,Mertins_Breast_MD,Transcriptome
APLP2,-0.03141877,Secretory,Mertins_Breast_MD,Transcriptome
APMAP,0.048893698,Secretory,Mertins_Breast_MD,Transcriptome
APOO,0.19482599,Mitochondria,Mertins_Breast_MD,Transcriptome
APOOL,-0.17465423,Mitochondria,Mertins_Breast_MD,Transcriptome
APP,-0.044630494,Secretory,Mertins_Breast_MD,Transcriptome
APPL1,-0.104653165,Cytosol,Mertins_Breast_MD,Transcriptome
APRT,-0.14334948,Cytosol,Mertins_Breast_MD,Transcriptome
ARAP1,-0.005678812,Cytosol,Mertins_Breast_MD,Transcriptome
ARCN1,-0.03590266,Cytosol,Mertins_Breast_MD,Transcriptome
ARFGEF2,-0.099182285,Cytosol,Mertins_Breast_MD,Transcriptome
ARFRP1,-0.23980549,Secretory,Mertins_Breast_MD,Transcriptome
ARHGAP12,-0.10881825,Cytosol,Mertins_Breast_MD,Transcriptome
ARHGAP17,-0.19531529,Cytosol,Mertins_Breast_MD,Transcriptome
ARHGAP35,-0.114618175,Cytosol,Mertins_Breast_MD,Transcriptome
ARHGAP5,-0.08141355,Cytosol,Mertins_Breast_MD,Transcriptome
ARHGDIA,-0.11618869,Cytosol,Mertins_Breast_MD,Transcriptome
ARHGDIB,-0.13962957,Cytosol,Mertins_Breast_MD,Transcriptome
ARHGEF10,-0.022249341,Cytosol,Mertins_Breast_MD,Transcriptome
ARHGEF10L,-0.0019136508,Cytosol,Mertins_Breast_MD,Transcriptome
ARHGEF40,-0.001661055,Secretory,Mertins_Breast_MD,Transcriptome
ARHGEF7,-0.023505034,Cytosol,Mertins_Breast_MD,Transcriptome
ARID1B,-0.039762788,Nucleus,Mertins_Breast_MD,Transcriptome
ARIH1,-0.08079296,Cytosol,Mertins_Breast_MD,Transcriptome
ARIH2,-0.09579721,Cytosol,Mertins_Breast_MD,Transcriptome
ARL6,-0.050955553,Cytosol,Mertins_Breast_MD,Transcriptome
ARL6IP5,0.08242087,Secretory,Mertins_Breast_MD,Transcriptome
ARL8A,-0.005031357,Secretory,Mertins_Breast_MD,Transcriptome
ARL8B,0.07111955,Secretory,Mertins_Breast_MD,Transcriptome
ARMC10,0.17706081,Mitochondria,Mertins_Breast_MD,Transcriptome
ARMC6,-0.14841886,Cytosol,Mertins_Breast_MD,Transcriptome
ARMCX3,-0.13799134,Mitochondria,Mertins_Breast_MD,Transcriptome
ARPC5,0.0027063563,Cytosol,Mertins_Breast_MD,Transcriptome
ASAH1,0.093375385,Secretory,Mertins_Breast_MD,Transcriptome
ASAP1,-0.04030558,Cytosol,Mertins_Breast_MD,Transcriptome
ASH2L,-0.0033452918,Nucleus,Mertins_Breast_MD,Transcriptome
ASMTL,-0.09600172,Cytosol,Mertins_Breast_MD,Transcriptome
ASPH,0.022726927,Secretory,Mertins_Breast_MD,Transcriptome
ASPSCR1,-0.20358258,Cytosol,Mertins_Breast_MD,Transcriptome
ASS1,-0.004211719,Cytosol,Mertins_Breast_MD,Transcriptome
ATAD1,-0.1631985,Mitochondria,Mertins_Breast_MD,Transcriptome
ATAD2,-0.008706573,Nucleus,Mertins_Breast_MD,Transcriptome
ATAD2B,0.004323768,Nucleus,Mertins_Breast_MD,Transcriptome
ATAD3A,0.17970386,Mitochondria,Mertins_Breast_MD,Transcriptome
ATE1,-0.10128532,Cytosol,Mertins_Breast_MD,Transcriptome
ATF1,-0.07108155,Nucleus,Mertins_Breast_MD,Transcriptome
ATG13,-0.1216604,Cytosol,Mertins_Breast_MD,Transcriptome
ATG16L1,-0.11170869,Cytosol,Mertins_Breast_MD,Transcriptome
ATG2B,-0.111078136,Cytosol,Mertins_Breast_MD,Transcriptome
ATG3,-0.008108983,Cytosol,Mertins_Breast_MD,Transcriptome
ATG4B,-0.1263117,Cytosol,Mertins_Breast_MD,Transcriptome
ATG5,-0.008108509,Cytosol,Mertins_Breast_MD,Transcriptome
ATG7,-0.14193963,Cytosol,Mertins_Breast_MD,Transcriptome
ATG9A,-0.017372642,Secretory,Mertins_Breast_MD,Transcriptome
ATIC,-0.19864012,Cytosol,Mertins_Breast_MD,Transcriptome
ATL2,-0.08058246,Secretory,Mertins_Breast_MD,Transcriptome
ATL3,-0.09559631,Secretory,Mertins_Breast_MD,Transcriptome
ATP13A1,-0.21811981,Secretory,Mertins_Breast_MD,Transcriptome
ATP1A1,-0.01283721,Secretory,Mertins_Breast_MD,Transcriptome
ATP1B1,-0.019590251,Secretory,Mertins_Breast_MD,Transcriptome
ATP1B3,-0.20154196,Secretory,Mertins_Breast_MD,Transcriptome
ATP2A2,-0.021390473,Secretory,Mertins_Breast_MD,Transcriptome
ATP2B1,0.053877994,Secretory,Mertins_Breast_MD,Transcriptome
ATP2B4,0.003173695,Secretory,Mertins_Breast_MD,Transcriptome
ATP2C1,-0.042584594,Secretory,Mertins_Breast_MD,Transcriptome
ATP6AP1,-0.14260286,Secretory,Mertins_Breast_MD,Transcriptome
ATP6AP2,0.11390067,Secretory,Mertins_Breast_MD,Transcriptome
ATP6V0A1,0.097586185,Secretory,Mertins_Breast_MD,Transcriptome
ATP6V0A2,-0.026631692,Secretory,Mertins_Breast_MD,Transcriptome
ATP6V0D1,-0.21761234,Secretory,Mertins_Breast_MD,Transcriptome
ATP8B1,0.108715385,Secretory,Mertins_Breast_MD,Transcriptome
ATP9A,0.045785826,Secretory,Mertins_Breast_MD,Transcriptome
ATPAF1,0.0046229493,Mitochondria,Mertins_Breast_MD,Transcriptome
ATRN,0.024088336,Secretory,Mertins_Breast_MD,Transcriptome
ATRX,-0.058238488,Nucleus,Mertins_Breast_MD,Transcriptome
ATXN1,0.0010656673,Nucleus,Mertins_Breast_MD,Transcriptome
ATXN3,-0.0027527811,Cytosol,Mertins_Breast_MD,Transcriptome
ATXN7L3B,-0.1455952,Cytosol,Mertins_Breast_MD,Transcriptome
AUP1,-0.25044644,Secretory,Mertins_Breast_MD,Transcriptome
AVL9,-0.110987954,Cytosol,Mertins_Breast_MD,Transcriptome
B2M,-0.040974308,Secretory,Mertins_Breast_MD,Transcriptome
B3GAT3,-0.24452552,Secretory,Mertins_Breast_MD,Transcriptome
B4GALT1,-0.012230439,Secretory,Mertins_Breast_MD,Transcriptome
BAG3,-0.20212144,Cytosol,Mertins_Breast_MD,Transcriptome
BAG6,-0.09692236,Cytosol,Mertins_Breast_MD,Transcriptome
BAX,-0.16381907,Cytosol,Mertins_Breast_MD,Transcriptome
BAZ1A,0.02630872,Nucleus,Mertins_Breast_MD,Transcriptome
BAZ1B,0.0013543621,Nucleus,Mertins_Breast_MD,Transcriptome
BAZ2A,-0.057601895,Nucleus,Mertins_Breast_MD,Transcriptome
BCAP29,-0.23968518,Secretory,Mertins_Breast_MD,Transcriptome
BCAP31,-0.25289765,Secretory,Mertins_Breast_MD,Transcriptome
BCAR1,-0.18399584,Cytosol,Mertins_Breast_MD,Transcriptome
BCAS3,-0.11209969,Cytosol,Mertins_Breast_MD,Transcriptome
BCL10,0.0055412296,Cytosol,Mertins_Breast_MD,Transcriptome
BCL2L1,0.039994586,Mitochondria,Mertins_Breast_MD,Transcriptome
BCL2L13,0.1910987,Mitochondria,Mertins_Breast_MD,Transcriptome
BCL9L,0.0071748625,Nucleus,Mertins_Breast_MD,Transcriptome
BCS1L,0.16929527,Mitochondria,Mertins_Breast_MD,Transcriptome
BDH1,0.0851197,Mitochondria,Mertins_Breast_MD,Transcriptome
BDH2,-0.040367126,Cytosol,Mertins_Breast_MD,Transcriptome
BET1,0.118853934,Secretory,Mertins_Breast_MD,Transcriptome
BET1L,-0.012584932,Secretory,Mertins_Breast_MD,Transcriptome
BID,-0.041771725,Cytosol,Mertins_Breast_MD,Transcriptome
BIN1,0.011317672,Cytosol,Mertins_Breast_MD,Transcriptome
BIN3,-0.11725332,Cytosol,Mertins_Breast_MD,Transcriptome
BIRC2,0.0016359722,Cytosol,Mertins_Breast_MD,Transcriptome
BIRC6,-0.08091927,Cytosol,Mertins_Breast_MD,Transcriptome
BLVRB,-0.16129911,Cytosol,Mertins_Breast_MD,Transcriptome
BMP2K,0.010625944,Secretory,Mertins_Breast_MD,Transcriptome
BMS1,-0.0010176789,Nucleus,Mertins_Breast_MD,Transcriptome
BPNT1,-0.061963215,Cytosol,Mertins_Breast_MD,Transcriptome
BRAF,-0.10905519,Cytosol,Mertins_Breast_MD,Transcriptome
BRCC3,-0.059304092,Cytosol,Mertins_Breast_MD,Transcriptome
BRD1,-0.005092932,Nucleus,Mertins_Breast_MD,Transcriptome
BRD2,0.021333955,Nucleus,Mertins_Breast_MD,Transcriptome
BRD4,0.002292095,Nucleus,Mertins_Breast_MD,Transcriptome
BRIX1,-0.16598117,Nucleus,Mertins_Breast_MD,Transcriptome
BROX,-0.08269532,Cytosol,Mertins_Breast_MD,Transcriptome
BRPF1,0.018591333,Nucleus,Mertins_Breast_MD,Transcriptome
BSG,-0.2478676,Secretory,Mertins_Breast_MD,Transcriptome
BTF3,-0.10601409,Cytosol,Mertins_Breast_MD,Transcriptome
BTF3L4,-0.059391238,Cytosol,Mertins_Breast_MD,Transcriptome
C11orf68,-0.19100632,Cytosol,Mertins_Breast_MD,Transcriptome
C12orf57,-0.20180528,Cytosol,Mertins_Breast_MD,Transcriptome
C14orf119,-0.20308375,Cytosol,Mertins_Breast_MD,Transcriptome
C1QBP,0.078430176,Mitochondria,Mertins_Breast_MD,Transcriptome
C1orf198,0.0018776448,Cytosol,Mertins_Breast_MD,Transcriptome
C1orf226,-0.062839806,Mitochondria,Mertins_Breast_MD,Transcriptome
C1orf50,-0.07273868,Cytosol,Mertins_Breast_MD,Transcriptome
C2orf49,0.006536826,Nucleus,Mertins_Breast_MD,Transcriptome
C2orf69,-0.08718591,Cytosol,Mertins_Breast_MD,Transcriptome
C5orf24,-0.10001958,Nucleus,Mertins_Breast_MD,Transcriptome
CABIN1,-0.03134369,Nucleus,Mertins_Breast_MD,Transcriptome
CACYBP,-0.04732077,Cytosol,Mertins_Breast_MD,Transcriptome
CAD,-0.005124567,Cytosol,Mertins_Breast_MD,Transcriptome
CADM4,-0.2534353,Secretory,Mertins_Breast_MD,Transcriptome
CALCOCO1,-0.09826593,Cytosol,Mertins_Breast_MD,Transcriptome
CALR,-0.017102439,Nucleus,Mertins_Breast_MD,Transcriptome
CALU,-0.0074824183,Nucleus,Mertins_Breast_MD,Transcriptome
CAMK2D,0.00062584487,Cytosol,Mertins_Breast_MD,Transcriptome
CAMK2G,0.00032106004,Cytosol,Mertins_Breast_MD,Transcriptome
CANT1,0.051157746,Secretory,Mertins_Breast_MD,Transcriptome
CANX,0.07462704,Secretory,Mertins_Breast_MD,Transcriptome
CAPN1,-0.15808159,Cytosol,Mertins_Breast_MD,Transcriptome
CAPN2,-0.019613769,Cytosol,Mertins_Breast_MD,Transcriptome
CAPNS1,-0.20458934,Cytosol,Mertins_Breast_MD,Transcriptome
CAPS,-0.15350528,Cytosol,Mertins_Breast_MD,Transcriptome
CASK,0.077052586,Mitochondria,Mertins_Breast_MD,Transcriptome
CASP7,-0.10821544,Cytosol,Mertins_Breast_MD,Transcriptome
CAST,-0.10805817,Cytosol,Mertins_Breast_MD,Transcriptome
CAV1,-0.027048634,Secretory,Mertins_Breast_MD,Transcriptome
CBFB,-0.0037987456,Cytosol,Mertins_Breast_MD,Transcriptome
CBL,-0.03268919,Cytosol,Mertins_Breast_MD,Transcriptome
CBR1,-0.098085776,Cytosol,Mertins_Breast_MD,Transcriptome
CBR3,-0.13201118,Cytosol,Mertins_Breast_MD,Transcriptome
CBX3,-0.13221712,Nucleus,Mertins_Breast_MD,Transcriptome
CBX5,-0.038850658,Nucleus,Mertins_Breast_MD,Transcriptome
CBX8,-0.20859596,Nucleus,Mertins_Breast_MD,Transcriptome
CC2D1B,-0.031164993,Cytosol,Mertins_Breast_MD,Transcriptome
CCAR1,0.030504415,Nucleus,Mertins_Breast_MD,Transcriptome
CCAR2,-0.109710336,Nucleus,Mertins_Breast_MD,Transcriptome
CCDC115,-0.20309007,Secretory,Mertins_Breast_MD,Transcriptome
CCDC127,0.0878074,Mitochondria,Mertins_Breast_MD,Transcriptome
CCDC134,-0.06805783,Secretory,Mertins_Breast_MD,Transcriptome
CCDC22,-0.17601033,Cytosol,Mertins_Breast_MD,Transcriptome
CCDC25,-0.12002945,Cytosol,Mertins_Breast_MD,Transcriptome
CCDC43,-0.110356994,Cytosol,Mertins_Breast_MD,Transcriptome
CCDC47,0.054782882,Secretory,Mertins_Breast_MD,Transcriptome
CCDC50,0.015015697,Cytosol,Mertins_Breast_MD,Transcriptome
CCDC51,-0.097562864,Mitochondria,Mertins_Breast_MD,Transcriptome
CCDC6,-0.018604506,Cytosol,Mertins_Breast_MD,Transcriptome
CCDC61,-0.22769824,Secretory,Mertins_Breast_MD,Transcriptome
CCDC85C,-0.037811097,Cytosol,Mertins_Breast_MD,Transcriptome
CCDC86,-0.11277447,Nucleus,Mertins_Breast_MD,Transcriptome
CCDC90B,-0.13947305,Mitochondria,Mertins_Breast_MD,Transcriptome
CCDC91,-0.121596,Cytosol,Mertins_Breast_MD,Transcriptome
CCDC92,0.014429167,Cytosol,Mertins_Breast_MD,Transcriptome
CCDC93,-0.016665949,Cytosol,Mertins_Breast_MD,Transcriptome
CCDC97,-0.120660044,Cytosol,Mertins_Breast_MD,Transcriptome
CCNH,-0.1136617,Nucleus,Mertins_Breast_MD,Transcriptome
CCNT1,-0.053022828,Nucleus,Mertins_Breast_MD,Transcriptome
CCNT2,-0.006891609,Nucleus,Mertins_Breast_MD,Transcriptome
CCS,-0.2197766,Cytosol,Mertins_Breast_MD,Transcriptome
CCT2,-0.10291677,Cytosol,Mertins_Breast_MD,Transcriptome
CCT3,-0.0633099,Cytosol,Mertins_Breast_MD,Transcriptome
CCT4,-0.0050376905,Cytosol,Mertins_Breast_MD,Transcriptome
CCT5,-0.064657666,Cytosol,Mertins_Breast_MD,Transcriptome
CCT6A,-0.07094231,Cytosol,Mertins_Breast_MD,Transcriptome
CCT7,-0.14033598,Cytosol,Mertins_Breast_MD,Transcriptome
CCT8,-0.0661366,Cytosol,Mertins_Breast_MD,Transcriptome
CD109,-0.004450882,Secretory,Mertins_Breast_MD,Transcriptome
CD276,-0.07110309,Secretory,Mertins_Breast_MD,Transcriptome
CD2AP,-0.08776136,Cytosol,Mertins_Breast_MD,Transcriptome
CD44,-0.09447861,Secretory,Mertins_Breast_MD,Transcriptome
CD46,0.09184256,Secretory,Mertins_Breast_MD,Transcriptome
CD47,-0.07544191,Secretory,Mertins_Breast_MD,Transcriptome
CD55,-0.024628578,Secretory,Mertins_Breast_MD,Transcriptome
CD63,-0.18578443,Secretory,Mertins_Breast_MD,Transcriptome
CD81,-0.22699334,Secretory,Mertins_Breast_MD,Transcriptome
CD99,-0.014790645,Secretory,Mertins_Breast_MD,Transcriptome
CDC123,-0.05161111,Cytosol,Mertins_Breast_MD,Transcriptome
CDC37,-0.16444105,Cytosol,Mertins_Breast_MD,Transcriptome
CDC40,-0.03382284,Nucleus,Mertins_Breast_MD,Transcriptome
CDC42,-0.10829139,Cytosol,Mertins_Breast_MD,Transcriptome
CDC42EP4,-0.014610405,Cytosol,Mertins_Breast_MD,Transcriptome
CDC5L,0.023223966,Nucleus,Mertins_Breast_MD,Transcriptome
CDC73,-0.008470848,Nucleus,Mertins_Breast_MD,Transcriptome
CDK1,-0.062598996,Cytosol,Mertins_Breast_MD,Transcriptome
CDK13,-0.048653256,Nucleus,Mertins_Breast_MD,Transcriptome
CDK17,0.11632579,Secretory,Mertins_Breast_MD,Transcriptome
CDK5,-0.21723577,Cytosol,Mertins_Breast_MD,Transcriptome
CDK5RAP3,0.020933753,Secretory,Mertins_Breast_MD,Transcriptome
CDK6,0.015078845,Cytosol,Mertins_Breast_MD,Transcriptome
CDK9,-0.21728334,Nucleus,Mertins_Breast_MD,Transcriptome
CDKAL1,-0.08726841,Secretory,Mertins_Breast_MD,Transcriptome
CDKN2AIPNL,-0.13044584,Nucleus,Mertins_Breast_MD,Transcriptome
CDR2L,-0.17061546,Cytosol,Mertins_Breast_MD,Transcriptome
CDV3,-0.010013905,Cytosol,Mertins_Breast_MD,Transcriptome
CEBPB,-0.003469914,Nucleus,Mertins_Breast_MD,Transcriptome
CEBPZ,-0.0018227686,Nucleus,Mertins_Breast_MD,Transcriptome
CELF1,-0.078714274,Nucleus,Mertins_Breast_MD,Transcriptome
CENPB,-0.22703588,Nucleus,Mertins_Breast_MD,Transcriptome
CEP128,0.024247289,Mitochondria,Mertins_Breast_MD,Transcriptome
CEP192,-0.042007368,Cytosol,Mertins_Breast_MD,Transcriptome
CEP44,-0.10861494,Cytosol,Mertins_Breast_MD,Transcriptome
CEP85,-0.049309276,Cytosol,Mertins_Breast_MD,Transcriptome
CERS2,0.1098471,Secretory,Mertins_Breast_MD,Transcriptome
CFL1,-0.1853244,Cytosol,Mertins_Breast_MD,Transcriptome
CHAF1A,0.0021686503,Nucleus,Mertins_Breast_MD,Transcriptome
CHCHD3,0.07810258,Mitochondria,Mertins_Breast_MD,Transcriptome
CHCHD6,0.16817604,Mitochondria,Mertins_Breast_MD,Transcriptome
CHD1,-0.105178215,Nucleus,Mertins_Breast_MD,Transcriptome
CHD2,-0.021011874,Nucleus,Mertins_Breast_MD,Transcriptome
CHD3,-0.080261394,Nucleus,Mertins_Breast_MD,Transcriptome
CHD4,-0.21729103,Nucleus,Mertins_Breast_MD,Transcriptome
CHDH,-0.16313954,Mitochondria,Mertins_Breast_MD,Transcriptome
CHERP,0.006955789,Nucleus,Mertins_Breast_MD,Transcriptome
CHKA,-0.023281531,Cytosol,Mertins_Breast_MD,Transcriptome
CHM,-0.08696274,Cytosol,Mertins_Breast_MD,Transcriptome
CHMP2A,-0.19254217,Cytosol,Mertins_Breast_MD,Transcriptome
CHMP4B,-0.16836448,Cytosol,Mertins_Breast_MD,Transcriptome
CHMP5,-0.09704583,Cytosol,Mertins_Breast_MD,Transcriptome
CHMP6,-0.2283352,Secretory,Mertins_Breast_MD,Transcriptome
CHORDC1,-0.06042793,Cytosol,Mertins_Breast_MD,Transcriptome
CHTOP,0.011380272,Nucleus,Mertins_Breast_MD,Transcriptome
CIAO1,-0.1723969,Cytosol,Mertins_Breast_MD,Transcriptome
CIAPIN1,-0.0375084,Cytosol,Mertins_Breast_MD,Transcriptome
CIB1,-0.09627549,Secretory,Mertins_Breast_MD,Transcriptome
CIC,-0.021894304,Nucleus,Mertins_Breast_MD,Transcriptome
CISD1,0.09802833,Mitochondria,Mertins_Breast_MD,Transcriptome
CISD2,-0.24583817,Secretory,Mertins_Breast_MD,Transcriptome
CKAP4,-0.07468161,Secretory,Mertins_Breast_MD,Transcriptome
CKB,-0.05538809,Cytosol,Mertins_Breast_MD,Transcriptome
CLCC1,-0.21987905,Secretory,Mertins_Breast_MD,Transcriptome
CLCN7,0.10392391,Secretory,Mertins_Breast_MD,Transcriptome
CLIC1,-0.18186271,Cytosol,Mertins_Breast_MD,Transcriptome
CLIC4,0.01496083,Cytosol,Mertins_Breast_MD,Transcriptome
CLIP1,-0.092715286,Cytosol,Mertins_Breast_MD,Transcriptome
CLPB,0.15540926,Mitochondria,Mertins_Breast_MD,Transcriptome
CLUH,-0.00560726,Cytosol,Mertins_Breast_MD,Transcriptome
CMAS,-0.11532811,Nucleus,Mertins_Breast_MD,Transcriptome
CMBL,-0.10672153,Cytosol,Mertins_Breast_MD,Transcriptome
CMC2,0.09656888,Mitochondria,Mertins_Breast_MD,Transcriptome
CMPK1,-0.024295652,Cytosol,Mertins_Breast_MD,Transcriptome
CMSS1,-0.1286855,Nucleus,Mertins_Breast_MD,Transcriptome
CMTR2,-0.04660689,Cytosol,Mertins_Breast_MD,Transcriptome
CNDP2,-0.02145885,Cytosol,Mertins_Breast_MD,Transcriptome
CNN2,0.0133359935,Cytosol,Mertins_Breast_MD,Transcriptome
CNNM3,0.11718013,Secretory,Mertins_Breast_MD,Transcriptome
CNNM4,0.06887217,Secretory,Mertins_Breast_MD,Transcriptome
CNOT4,-0.07499555,Cytosol,Mertins_Breast_MD,Transcriptome
CNP,-0.16887018,Secretory,Mertins_Breast_MD,Transcriptome
CNPY3,-0.18648219,Nucleus,Mertins_Breast_MD,Transcriptome
CNTRL,-0.04929403,Cytosol,Mertins_Breast_MD,Transcriptome
COA3,0.03470084,Mitochondria,Mertins_Breast_MD,Transcriptome
COA7,-0.02151752,Nucleus,Mertins_Breast_MD,Transcriptome
COASY,-0.10318924,Cytosol,Mertins_Breast_MD,Transcriptome
COG4,-0.050551254,Cytosol,Mertins_Breast_MD,Transcriptome
COMMD4,-0.19250445,Cytosol,Mertins_Breast_MD,Transcriptome
COMMD6,-0.19384727,Cytosol,Mertins_Breast_MD,Transcriptome
COMTD1,0.18267183,Mitochondria,Mertins_Breast_MD,Transcriptome
COPA,-0.037420936,Cytosol,Mertins_Breast_MD,Transcriptome
COPB2,-0.039563376,Cytosol,Mertins_Breast_MD,Transcriptome
COPG1,-0.13873802,Cytosol,Mertins_Breast_MD,Transcriptome
COPS4,-0.0944966,Cytosol,Mertins_Breast_MD,Transcriptome
COPS7A,-0.15999083,Cytosol,Mertins_Breast_MD,Transcriptome
COPZ1,-0.10357516,Cytosol,Mertins_Breast_MD,Transcriptome
COQ3,-0.18472254,Secretory,Mertins_Breast_MD,Transcriptome
COQ7,0.048133064,Secretory,Mertins_Breast_MD,Transcriptome
COQ9,0.06399311,Mitochondria,Mertins_Breast_MD,Transcriptome
COX17,-0.19690396,Nucleus,Mertins_Breast_MD,Transcriptome
COX20,-0.17761469,Mitochondria,Mertins_Breast_MD,Transcriptome
COX4I1,0.20374477,Mitochondria,Mertins_Breast_MD,Transcriptome
COX5B,0.20350456,Mitochondria,Mertins_Breast_MD,Transcriptome
COX6B1,0.20522332,Mitochondria,Mertins_Breast_MD,Transcriptome
COX6C,-0.00984363,Mitochondria,Mertins_Breast_MD,Transcriptome
COX7A2,0.21114096,Mitochondria,Mertins_Breast_MD,Transcriptome
COX7A2L,0.18574719,Mitochondria,Mertins_Breast_MD,Transcriptome
COX7C,0.15966985,Mitochondria,Mertins_Breast_MD,Transcriptome
CPD,0.0966671,Secretory,Mertins_Breast_MD,Transcriptome
CPNE3,-0.09790517,Cytosol,Mertins_Breast_MD,Transcriptome
CPOX,0.0010284967,Nucleus,Mertins_Breast_MD,Transcriptome
CPSF6,0.014403744,Nucleus,Mertins_Breast_MD,Transcriptome
CPT1A,-0.15597321,Mitochondria,Mertins_Breast_MD,Transcriptome
CPT2,-0.008670761,Mitochondria,Mertins_Breast_MD,Transcriptome
CRABP2,-0.106931984,Cytosol,Mertins_Breast_MD,Transcriptome
CRBN,-0.098340556,Cytosol,Mertins_Breast_MD,Transcriptome
CREBBP,-0.05448325,Nucleus,Mertins_Breast_MD,Transcriptome
CRELD1,0.026891159,Secretory,Mertins_Breast_MD,Transcriptome
CRK,-0.0075865127,Cytosol,Mertins_Breast_MD,Transcriptome
CRKL,-0.052512527,Cytosol,Mertins_Breast_MD,Transcriptome
CRLF3,-0.04282341,Cytosol,Mertins_Breast_MD,Transcriptome
CRTAP,0.083948866,Secretory,Mertins_Breast_MD,Transcriptome
CRTC1,-0.09649251,Cytosol,Mertins_Breast_MD,Transcriptome
CRTC2,0.0009931783,Cytosol,Mertins_Breast_MD,Transcriptome
CRTC3,-0.07904495,Cytosol,Mertins_Breast_MD,Transcriptome
CSE1L,-0.013776682,Cytosol,Mertins_Breast_MD,Transcriptome
CSK,0.006797795,Cytosol,Mertins_Breast_MD,Transcriptome
CSTB,-0.03251851,Cytosol,Mertins_Breast_MD,Transcriptome
CSTF3,-0.14076255,Nucleus,Mertins_Breast_MD,Transcriptome
CTBP1,-0.14753567,Nucleus,Mertins_Breast_MD,Transcriptome
CTCF,0.011651777,Nucleus,Mertins_Breast_MD,Transcriptome
CTDP1,-0.05961753,Nucleus,Mertins_Breast_MD,Transcriptome
CTH,-0.110240236,Cytosol,Mertins_Breast_MD,Transcriptome
CTNNA1,0.09956022,Secretory,Mertins_Breast_MD,Transcriptome
CTNNB1,-0.18059461,Mitochondria,Mertins_Breast_MD,Transcriptome
CTNNBIP1,-0.18650916,Cytosol,Mertins_Breast_MD,Transcriptome
CTNNBL1,-0.1423509,Nucleus,Mertins_Breast_MD,Transcriptome
CTNND1,0.0750024,Mitochondria,Mertins_Breast_MD,Transcriptome
CTPS1,-0.0047723306,Cytosol,Mertins_Breast_MD,Transcriptome
CTPS2,-0.091738716,Cytosol,Mertins_Breast_MD,Transcriptome
CTR9,-0.117510386,Nucleus,Mertins_Breast_MD,Transcriptome
CTTNBP2NL,0.012350463,Cytosol,Mertins_Breast_MD,Transcriptome
CTU2,-0.13140768,Cytosol,Mertins_Breast_MD,Transcriptome
CUL1,-0.008643856,Cytosol,Mertins_Breast_MD,Transcriptome
CUL9,-0.08099204,Cytosol,Mertins_Breast_MD,Transcriptome
CUX1,0.056550287,Secretory,Mertins_Breast_MD,Transcriptome
CWC22,-0.0075592455,Nucleus,Mertins_Breast_MD,Transcriptome
CXXC1,-0.1711968,Nucleus,Mertins_Breast_MD,Transcriptome
CXorf38,-0.09028297,Cytosol,Mertins_Breast_MD,Transcriptome
CYB5A,0.07350667,Secretory,Mertins_Breast_MD,Transcriptome
CYB5B,-0.19482902,Secretory,Mertins_Breast_MD,Transcriptome
CYB5R3,-0.22510907,Secretory,Mertins_Breast_MD,Transcriptome
CYC1,0.20697083,Mitochondria,Mertins_Breast_MD,Transcriptome
CYP20A1,0.09296588,Secretory,Mertins_Breast_MD,Transcriptome
CYTH1,-0.0045993114,Cytosol,Mertins_Breast_MD,Transcriptome
DAAM1,0.06542437,Secretory,Mertins_Breast_MD,Transcriptome
DAG1,0.068930775,Secretory,Mertins_Breast_MD,Transcriptome
DAGLB,-0.23807669,Secretory,Mertins_Breast_MD,Transcriptome
DBI,-0.10917092,Cytosol,Mertins_Breast_MD,Transcriptome
DBNL,-0.21588656,Cytosol,Mertins_Breast_MD,Transcriptome
DCAF13,-0.14691713,Nucleus,Mertins_Breast_MD,Transcriptome
DCTD,-0.1431641,Cytosol,Mertins_Breast_MD,Transcriptome
DCTN1,-0.10353499,Cytosol,Mertins_Breast_MD,Transcriptome
DCTN2,-0.15549539,Cytosol,Mertins_Breast_MD,Transcriptome
DCTN4,-0.11193579,Cytosol,Mertins_Breast_MD,Transcriptome
DCTN5,-0.0758249,Cytosol,Mertins_Breast_MD,Transcriptome
DCTN6,-0.11926241,Cytosol,Mertins_Breast_MD,Transcriptome
DCTPP1,-0.076620765,Cytosol,Mertins_Breast_MD,Transcriptome
DCUN1D1,-0.03120242,Cytosol,Mertins_Breast_MD,Transcriptome
DDAH1,-0.11213757,Cytosol,Mertins_Breast_MD,Transcriptome
DDB2,-0.11760657,Nucleus,Mertins_Breast_MD,Transcriptome
DDHD2,-0.023173694,Cytosol,Mertins_Breast_MD,Transcriptome
DDI2,-0.09899977,Cytosol,Mertins_Breast_MD,Transcriptome
DDOST,-0.22302817,Secretory,Mertins_Breast_MD,Transcriptome
DDR1,0.09791766,Secretory,Mertins_Breast_MD,Transcriptome
DDRGK1,-0.19793527,Secretory,Mertins_Breast_MD,Transcriptome
DDX10,0.023742938,Nucleus,Mertins_Breast_MD,Transcriptome
DDX18,0.011859228,Nucleus,Mertins_Breast_MD,Transcriptome
DDX20,0.0089205215,Nucleus,Mertins_Breast_MD,Transcriptome
DDX24,-0.12277009,Nucleus,Mertins_Breast_MD,Transcriptome
DDX28,-0.20559093,Secretory,Mertins_Breast_MD,Transcriptome
DDX31,-0.005398866,Nucleus,Mertins_Breast_MD,Transcriptome
DDX39A,-0.1346882,Nucleus,Mertins_Breast_MD,Transcriptome
DDX39B,0.003962944,Nucleus,Mertins_Breast_MD,Transcriptome
DDX47,-0.0011254002,Nucleus,Mertins_Breast_MD,Transcriptome
DDX49,-0.16497642,Nucleus,Mertins_Breast_MD,Transcriptome
DDX5,-0.0984042,Nucleus,Mertins_Breast_MD,Transcriptome
DDX50,0.017210899,Nucleus,Mertins_Breast_MD,Transcriptome
DDX51,-0.07423951,Nucleus,Mertins_Breast_MD,Transcriptome
DDX52,-0.025683733,Nucleus,Mertins_Breast_MD,Transcriptome
DDX55,0.024798889,Nucleus,Mertins_Breast_MD,Transcriptome
DDX56,-0.21821953,Nucleus,Mertins_Breast_MD,Transcriptome
DENND4C,-0.08738336,Cytosol,Mertins_Breast_MD,Transcriptome
DENR,-0.03148062,Cytosol,Mertins_Breast_MD,Transcriptome
DEPDC5,-0.13072371,Cytosol,Mertins_Breast_MD,Transcriptome
DFFA,0.00015133203,Cytosol,Mertins_Breast_MD,Transcriptome
DGCR8,0.026735138,Nucleus,Mertins_Breast_MD,Transcriptome
DHCR24,0.041767873,Secretory,Mertins_Breast_MD,Transcriptome
DHCR7,-0.17827982,Secretory,Mertins_Breast_MD,Transcriptome
DHFR,-0.07347712,Cytosol,Mertins_Breast_MD,Transcriptome
DHODH,0.060544837,Mitochondria,Mertins_Breast_MD,Transcriptome
DHRS1,-0.18754403,Secretory,Mertins_Breast_MD,Transcriptome
DHRS3,-0.068287805,Secretory,Mertins_Breast_MD,Transcriptome
DHRS7,-0.079863824,Secretory,Mertins_Breast_MD,Transcriptome
DHRSX,0.04854958,Secretory,Mertins_Breast_MD,Transcriptome
DHX16,0.029479649,Nucleus,Mertins_Breast_MD,Transcriptome
DHX30,0.0795844,Secretory,Mertins_Breast_MD,Transcriptome
DHX33,-0.06254924,Nucleus,Mertins_Breast_MD,Transcriptome
DHX36,0.0067210644,Nucleus,Mertins_Breast_MD,Transcriptome
DHX37,0.0144114755,Nucleus,Mertins_Breast_MD,Transcriptome
DHX40,-0.10942874,Nucleus,Mertins_Breast_MD,Transcriptome
DHX9,-0.012553425,Nucleus,Mertins_Breast_MD,Transcriptome
DIABLO,-0.017906943,Nucleus,Mertins_Breast_MD,Transcriptome
DIAPH1,-0.03984081,Cytosol,Mertins_Breast_MD,Transcriptome
DIDO1,-0.044021755,Nucleus,Mertins_Breast_MD,Transcriptome
DIMT1,-0.009579386,Nucleus,Mertins_Breast_MD,Transcriptome
DIP2A,-0.03213151,Cytosol,Mertins_Breast_MD,Transcriptome
DIP2B,-0.08703754,Cytosol,Mertins_Breast_MD,Transcriptome
DIS3L,-0.10819621,Cytosol,Mertins_Breast_MD,Transcriptome
DIS3L2,-0.01387893,Cytosol,Mertins_Breast_MD,Transcriptome
DKC1,0.0027823653,Nucleus,Mertins_Breast_MD,Transcriptome
DLAT,-0.019026496,Secretory,Mertins_Breast_MD,Transcriptome
DLG1,-0.18159443,Mitochondria,Mertins_Breast_MD,Transcriptome
DLG5,0.11629487,Secretory,Mertins_Breast_MD,Transcriptome
DNAJA3,0.12720846,Mitochondria,Mertins_Breast_MD,Transcriptome
DNAJB11,-0.1101027,Secretory,Mertins_Breast_MD,Transcriptome
DNAJB12,-0.22491919,Secretory,Mertins_Breast_MD,Transcriptome
DNAJB14,0.059951838,Secretory,Mertins_Breast_MD,Transcriptome
DNAJB4,0.013760676,Cytosol,Mertins_Breast_MD,Transcriptome
DNAJC1,0.042373635,Secretory,Mertins_Breast_MD,Transcriptome
DNAJC10,0.025079148,Secretory,Mertins_Breast_MD,Transcriptome
DNAJC11,-0.100297585,Mitochondria,Mertins_Breast_MD,Transcriptome
DNAJC13,0.010414275,Secretory,Mertins_Breast_MD,Transcriptome
DNAJC19,0.031680685,Mitochondria,Mertins_Breast_MD,Transcriptome
DNAJC3,-0.007637331,Secretory,Mertins_Breast_MD,Transcriptome
DNAJC7,-0.10200657,Cytosol,Mertins_Breast_MD,Transcriptome
DNM2,-0.0076224813,Cytosol,Mertins_Breast_MD,Transcriptome
DNMBP,-0.11184101,Cytosol,Mertins_Breast_MD,Transcriptome
DNTTIP1,-0.19788422,Nucleus,Mertins_Breast_MD,Transcriptome
DNTTIP2,0.0017242323,Nucleus,Mertins_Breast_MD,Transcriptome
DOCK9,0.05162069,Secretory,Mertins_Breast_MD,Transcriptome
DOHH,-0.18619302,Cytosol,Mertins_Breast_MD,Transcriptome
DPF2,-0.14186186,Nucleus,Mertins_Breast_MD,Transcriptome
DPH2,-0.042996675,Cytosol,Mertins_Breast_MD,Transcriptome
DPH5,-0.20155504,Cytosol,Mertins_Breast_MD,Transcriptome
DPM1,-0.12861569,Secretory,Mertins_Breast_MD,Transcriptome
DPP3,-0.023723029,Cytosol,Mertins_Breast_MD,Transcriptome
DPYD,0.0045430507,Cytosol,Mertins_Breast_MD,Transcriptome
DRG2,-0.20123199,Cytosol,Mertins_Breast_MD,Transcriptome
DROSHA,-0.0024556855,Nucleus,Mertins_Breast_MD,Transcriptome
DSTN,-0.11430711,Cytosol,Mertins_Breast_MD,Transcriptome
DTNB,-0.012173043,Mitochondria,Mertins_Breast_MD,Transcriptome
DTNBP1,-0.07889064,Cytosol,Mertins_Breast_MD,Transcriptome
DTYMK,-0.12157378,Cytosol,Mertins_Breast_MD,Transcriptome
DUSP12,-0.009127257,Cytosol,Mertins_Breast_MD,Transcriptome
DUSP3,-0.121239975,Cytosol,Mertins_Breast_MD,Transcriptome
DVL2,-0.15423152,Cytosol,Mertins_Breast_MD,Transcriptome
DYNC1H1,-0.046358377,Cytosol,Mertins_Breast_MD,Transcriptome
DYNC1I2,-0.095117144,Cytosol,Mertins_Breast_MD,Transcriptome
DYNC1LI1,-0.12031491,Cytosol,Mertins_Breast_MD,Transcriptome
DYNC1LI2,-0.048611626,Cytosol,Mertins_Breast_MD,Transcriptome
DYNLRB1,-0.21242623,Cytosol,Mertins_Breast_MD,Transcriptome
DYNLT3,-0.110693775,Cytosol,Mertins_Breast_MD,Transcriptome
DYRK1A,-0.031030383,Cytosol,Mertins_Breast_MD,Transcriptome
EBNA1BP2,-0.12792572,Nucleus,Mertins_Breast_MD,Transcriptome
ECD,-0.100796096,Cytosol,Mertins_Breast_MD,Transcriptome
ECE1,0.077379905,Secretory,Mertins_Breast_MD,Transcriptome
ECI2,-0.027115436,Secretory,Mertins_Breast_MD,Transcriptome
ECSIT,0.15568925,Mitochondria,Mertins_Breast_MD,Transcriptome
ECT2,-0.05418525,Secretory,Mertins_Breast_MD,Transcriptome
EDEM3,0.07087808,Secretory,Mertins_Breast_MD,Transcriptome
EDF1,-0.21736962,Cytosol,Mertins_Breast_MD,Transcriptome
EEF1A1,-0.18462206,Cytosol,Mertins_Breast_MD,Transcriptome
EEF1B2,-0.18513373,Cytosol,Mertins_Breast_MD,Transcriptome
EEF1D,-0.17982776,Cytosol,Mertins_Breast_MD,Transcriptome
EEF2,-0.19156548,Cytosol,Mertins_Breast_MD,Transcriptome
EEF2K,-0.114382036,Cytosol,Mertins_Breast_MD,Transcriptome
EFR3A,0.08816079,Secretory,Mertins_Breast_MD,Transcriptome
EGFR,-0.06232243,Secretory,Mertins_Breast_MD,Transcriptome
EHBP1,0.010151401,Cytosol,Mertins_Breast_MD,Transcriptome
EIF1AD,-0.10491834,Cytosol,Mertins_Breast_MD,Transcriptome
EIF2AK4,-0.091246106,Cytosol,Mertins_Breast_MD,Transcriptome
EIF2B1,-0.07919599,Cytosol,Mertins_Breast_MD,Transcriptome
EIF4EBP2,-0.027136993,Cytosol,Mertins_Breast_MD,Transcriptome
EIF4H,-0.04205939,Cytosol,Mertins_Breast_MD,Transcriptome
EIF6,-0.17359614,Cytosol,Mertins_Breast_MD,Transcriptome
ELAVL1,-0.09650293,Nucleus,Mertins_Breast_MD,Transcriptome
ELMO2,-0.064526714,Cytosol,Mertins_Breast_MD,Transcriptome
ELMOD2,0.11477699,Secretory,Mertins_Breast_MD,Transcriptome
ELOVL1,-0.1476018,Secretory,Mertins_Breast_MD,Transcriptome
ELP4,-0.108729064,Cytosol,Mertins_Breast_MD,Transcriptome
EMC1,-0.072001405,Secretory,Mertins_Breast_MD,Transcriptome
EMC10,-0.23906632,Secretory,Mertins_Breast_MD,Transcriptome
EMC3,-0.049442653,Secretory,Mertins_Breast_MD,Transcriptome
EMC4,-0.11508096,Secretory,Mertins_Breast_MD,Transcriptome
EMC7,-0.120347336,Secretory,Mertins_Breast_MD,Transcriptome
EMC8,-0.1652694,Secretory,Mertins_Breast_MD,Transcriptome
EMD,-0.24371432,Secretory,Mertins_Breast_MD,Transcriptome
EML3,-0.1830445,Cytosol,Mertins_Breast_MD,Transcriptome
EML4,0.00053939444,Cytosol,Mertins_Breast_MD,Transcriptome
ENAH,-0.027525559,Cytosol,Mertins_Breast_MD,Transcriptome
ENDOD1,0.09801813,Secretory,Mertins_Breast_MD,Transcriptome
ENDOG,-0.2264818,Nucleus,Mertins_Breast_MD,Transcriptome
ENO1,-0.05617421,Cytosol,Mertins_Breast_MD,Transcriptome
ENO3,-0.12969996,Cytosol,Mertins_Breast_MD,Transcriptome
ENOPH1,-0.12910828,Cytosol,Mertins_Breast_MD,Transcriptome
ENSA,-0.18673454,Cytosol,Mertins_Breast_MD,Transcriptome
EPB41,-0.1843118,Mitochondria,Mertins_Breast_MD,Transcriptome
EPB41L5,0.10006661,Secretory,Mertins_Breast_MD,Transcriptome
EPHB4,-0.1281857,Secretory,Mertins_Breast_MD,Transcriptome
EPHX1,-0.004597599,Secretory,Mertins_Breast_MD,Transcriptome
ERAL1,0.12525907,Mitochondria,Mertins_Breast_MD,Transcriptome
ERBB2,-0.018076744,Secretory,Mertins_Breast_MD,Transcriptome
ERC1,-0.043117963,Cytosol,Mertins_Breast_MD,Transcriptome
ERCC6L,-0.026491027,Cytosol,Mertins_Breast_MD,Transcriptome
ERF,0.013308201,Cytosol,Mertins_Breast_MD,Transcriptome
ERGIC1,0.020324482,Secretory,Mertins_Breast_MD,Transcriptome
ERGIC2,-0.027005639,Secretory,Mertins_Breast_MD,Transcriptome
ERLEC1,0.09342442,Secretory,Mertins_Breast_MD,Transcriptome
ERLIN1,0.046681035,Secretory,Mertins_Breast_MD,Transcriptome
ERLIN2,0.10869439,Secretory,Mertins_Breast_MD,Transcriptome
ERMP1,0.100065194,Secretory,Mertins_Breast_MD,Transcriptome
ERP29,-0.22313887,Nucleus,Mertins_Breast_MD,Transcriptome
ESF1,0.028321981,Nucleus,Mertins_Breast_MD,Transcriptome
ESYT1,0.05668864,Secretory,Mertins_Breast_MD,Transcriptome
ESYT2,-0.0020014117,Secretory,Mertins_Breast_MD,Transcriptome
ETF1,-0.11940797,Cytosol,Mertins_Breast_MD,Transcriptome
ETFA,0.12588963,Mitochondria,Mertins_Breast_MD,Transcriptome
ETFDH,-0.10229769,Mitochondria,Mertins_Breast_MD,Transcriptome
EXD2,-0.12095267,Mitochondria,Mertins_Breast_MD,Transcriptome
EXOSC10,0.018775333,Nucleus,Mertins_Breast_MD,Transcriptome
EXOSC3,-0.026089953,Nucleus,Mertins_Breast_MD,Transcriptome
EXOSC5,-0.17170456,Nucleus,Mertins_Breast_MD,Transcriptome
EXOSC9,-0.032846484,Nucleus,Mertins_Breast_MD,Transcriptome
EZR,-0.11716604,Cytosol,Mertins_Breast_MD,Transcriptome
FAF2,0.08155356,Secretory,Mertins_Breast_MD,Transcriptome
FAH,-0.09844243,Cytosol,Mertins_Breast_MD,Transcriptome
FAIM,-0.12611766,Cytosol,Mertins_Breast_MD,Transcriptome
FAM107B,0.004553474,Cytosol,Mertins_Breast_MD,Transcriptome
FAM111A,-0.10560978,Nucleus,Mertins_Breast_MD,Transcriptome
FAM114A2,-0.1074843,Cytosol,Mertins_Breast_MD,Transcriptome
FAM120A,-0.1172003,Nucleus,Mertins_Breast_MD,Transcriptome
FAM136A,-0.0016675234,Nucleus,Mertins_Breast_MD,Transcriptome
FAM162A,0.18872431,Mitochondria,Mertins_Breast_MD,Transcriptome
FAM168A,-0.0024172936,Cytosol,Mertins_Breast_MD,Transcriptome
FAM177A1,-0.1316079,Secretory,Mertins_Breast_MD,Transcriptome
FAM20B,0.02955808,Secretory,Mertins_Breast_MD,Transcriptome
FAM210A,-0.04817068,Mitochondria,Mertins_Breast_MD,Transcriptome
FAM3C,-0.038046714,Secretory,Mertins_Breast_MD,Transcriptome
FAM76B,0.019287094,Nucleus,Mertins_Breast_MD,Transcriptome
FAR1,0.105810545,Secretory,Mertins_Breast_MD,Transcriptome
FARP2,-0.17764716,Mitochondria,Mertins_Breast_MD,Transcriptome
FARSA,-0.16404061,Nucleus,Mertins_Breast_MD,Transcriptome
FARSB,-0.095823415,Nucleus,Mertins_Breast_MD,Transcriptome
FAS,-0.04035081,Secretory,Mertins_Breast_MD,Transcriptome
FASTKD2,-0.17510977,Mitochondria,Mertins_Breast_MD,Transcriptome
FASTKD5,0.16096522,Mitochondria,Mertins_Breast_MD,Transcriptome
FAT1,-0.03627972,Secretory,Mertins_Breast_MD,Transcriptome
FBL,-0.12596367,Nucleus,Mertins_Breast_MD,Transcriptome
FBLIM1,0.011879982,Cytosol,Mertins_Breast_MD,Transcriptome
FBXO11,-0.0043900576,Nucleus,Mertins_Breast_MD,Transcriptome
FBXO28,-0.008651118,Nucleus,Mertins_Breast_MD,Transcriptome
FBXO3,-0.096042916,Cytosol,Mertins_Breast_MD,Transcriptome
FBXO30,-0.02457072,Cytosol,Mertins_Breast_MD,Transcriptome
FCF1,0.01792387,Nucleus,Mertins_Breast_MD,Transcriptome
FCHSD2,0.0033029069,Cytosol,Mertins_Breast_MD,Transcriptome
FDFT1,-0.07613454,Secretory,Mertins_Breast_MD,Transcriptome
FDPS,-0.030169308,Cytosol,Mertins_Breast_MD,Transcriptome
FER,-0.077689804,Cytosol,Mertins_Breast_MD,Transcriptome
FHOD1,-0.183234,Cytosol,Mertins_Breast_MD,Transcriptome
FKBP14,-0.009343407,Nucleus,Mertins_Breast_MD,Transcriptome
FKBP3,-0.18750402,Cytosol,Mertins_Breast_MD,Transcriptome
FKBP4,-0.08588041,Cytosol,Mertins_Breast_MD,Transcriptome
FKBP8,-0.23461579,Secretory,Mertins_Breast_MD,Transcriptome
FKBPL,-0.09235426,Cytosol,Mertins_Breast_MD,Transcriptome
FLCN,-0.17047349,Cytosol,Mertins_Breast_MD,Transcriptome
FLNA,0.014551481,Cytosol,Mertins_Breast_MD,Transcriptome
FLNB,-0.11749836,Cytosol,Mertins_Breast_MD,Transcriptome
FLOT1,-0.19131579,Secretory,Mertins_Breast_MD,Transcriptome
FLOT2,-0.16701868,Secretory,Mertins_Breast_MD,Transcriptome
FMNL2,-0.054483056,Secretory,Mertins_Breast_MD,Transcriptome
FNBP1,0.0138508305,Cytosol,Mertins_Breast_MD,Transcriptome
FNBP1L,-0.08644251,Cytosol,Mertins_Breast_MD,Transcriptome
FNBP4,-0.014421015,Nucleus,Mertins_Breast_MD,Transcriptome
FNDC3A,0.041886207,Secretory,Mertins_Breast_MD,Transcriptome
FNDC3B,-0.04033247,Secretory,Mertins_Breast_MD,Transcriptome
FOXK1,-0.0011347897,Nucleus,Mertins_Breast_MD,Transcriptome
FOXK2,-0.12755844,Nucleus,Mertins_Breast_MD,Transcriptome
FOXO3,-0.07378047,Cytosol,Mertins_Breast_MD,Transcriptome
FOXRED1,0.13559753,Mitochondria,Mertins_Breast_MD,Transcriptome
FPGT,-0.11934642,Cytosol,Mertins_Breast_MD,Transcriptome
FSCN1,0.012585464,Cytosol,Mertins_Breast_MD,Transcriptome
FTSJ1,-0.12887226,Cytosol,Mertins_Breast_MD,Transcriptome
FUNDC2,0.120107435,Mitochondria,Mertins_Breast_MD,Transcriptome
FXR2,-0.050612424,Nucleus,Mertins_Breast_MD,Transcriptome
FYTTD1,0.019713685,Nucleus,Mertins_Breast_MD,Transcriptome
G6PD,-0.164628,Cytosol,Mertins_Breast_MD,Transcriptome
GABARAP,-0.19536407,Cytosol,Mertins_Breast_MD,Transcriptome
GABPA,-0.044056263,Nucleus,Mertins_Breast_MD,Transcriptome
GADD45GIP1,-0.24327174,Secretory,Mertins_Breast_MD,Transcriptome
GALE,-0.19193377,Cytosol,Mertins_Breast_MD,Transcriptome
GALK1,-0.20491607,Cytosol,Mertins_Breast_MD,Transcriptome
GALK2,-0.042684488,Cytosol,Mertins_Breast_MD,Transcriptome
GALNT1,-0.026919598,Secretory,Mertins_Breast_MD,Transcriptome
GALNT2,-0.0025105984,Secretory,Mertins_Breast_MD,Transcriptome
GALNT7,0.116493836,Secretory,Mertins_Breast_MD,Transcriptome
GAPDH,-0.018333381,Cytosol,Mertins_Breast_MD,Transcriptome
GAR1,-0.117995836,Nucleus,Mertins_Breast_MD,Transcriptome
GART,-0.014028465,Cytosol,Mertins_Breast_MD,Transcriptome
GATAD1,-0.10065389,Nucleus,Mertins_Breast_MD,Transcriptome
GBA2,-0.0041413642,Secretory,Mertins_Breast_MD,Transcriptome
GBE1,-0.09612837,Cytosol,Mertins_Breast_MD,Transcriptome
GBP2,0.0078021097,Cytosol,Mertins_Breast_MD,Transcriptome
GCLM,-0.006988889,Cytosol,Mertins_Breast_MD,Transcriptome
GCSH,0.047482997,Mitochondria,Mertins_Breast_MD,Transcriptome
GDAP1,-0.110043034,Mitochondria,Mertins_Breast_MD,Transcriptome
GDI2,-0.008961791,Cytosol,Mertins_Breast_MD,Transcriptome
GEMIN5,-0.11837731,Cytosol,Mertins_Breast_MD,Transcriptome
GGA1,-0.13962561,Cytosol,Mertins_Breast_MD,Transcriptome
GGA3,-0.084629096,Cytosol,Mertins_Breast_MD,Transcriptome
GGCT,-0.17124128,Cytosol,Mertins_Breast_MD,Transcriptome
GIPC1,-0.14256755,Cytosol,Mertins_Breast_MD,Transcriptome
GLA,-0.20171006,Nucleus,Mertins_Breast_MD,Transcriptome
GLE1,-0.101096734,Nucleus,Mertins_Breast_MD,Transcriptome
GLG1,-0.03181395,Secretory,Mertins_Breast_MD,Transcriptome
GLIPR2,-0.0502208,Secretory,Mertins_Breast_MD,Transcriptome
GLOD4,-0.018363185,Cytosol,Mertins_Breast_MD,Transcriptome
GLRX,-0.09800852,Cytosol,Mertins_Breast_MD,Transcriptome
GLRX3,-0.042824164,Cytosol,Mertins_Breast_MD,Transcriptome
GLS,-0.12934229,Mitochondria,Mertins_Breast_MD,Transcriptome
GLUL,-0.10966934,Cytosol,Mertins_Breast_MD,Transcriptome
GMFB,-0.09069205,Cytosol,Mertins_Breast_MD,Transcriptome
GMIP,0.00464233,Cytosol,Mertins_Breast_MD,Transcriptome
GMPPA,-0.20819063,Cytosol,Mertins_Breast_MD,Transcriptome
GMPPB,-0.124595694,Cytosol,Mertins_Breast_MD,Transcriptome
GMPR2,-0.100762054,Cytosol,Mertins_Breast_MD,Transcriptome
GNA13,0.02755223,Secretory,Mertins_Breast_MD,Transcriptome
GNAI2,-0.09653048,Secretory,Mertins_Breast_MD,Transcriptome
GNAI3,-0.09409059,Secretory,Mertins_Breast_MD,Transcriptome
GNAQ,0.026454061,Secretory,Mertins_Breast_MD,Transcriptome
GNAS,-0.23202139,Secretory,Mertins_Breast_MD,Transcriptome
GNB1,-0.13955474,Secretory,Mertins_Breast_MD,Transcriptome
GNB1L,-0.17349198,Cytosol,Mertins_Breast_MD,Transcriptome
GNB2,-0.21719329,Secretory,Mertins_Breast_MD,Transcriptome
GNL2,-0.099975176,Nucleus,Mertins_Breast_MD,Transcriptome
GNPAT,-0.008237458,Secretory,Mertins_Breast_MD,Transcriptome
GNPDA2,-0.108148284,Cytosol,Mertins_Breast_MD,Transcriptome
GNPNAT1,-0.04243925,Cytosol,Mertins_Breast_MD,Transcriptome
GOLGA1,0.10731389,Secretory,Mertins_Breast_MD,Transcriptome
GOLGA2,0.07169107,Secretory,Mertins_Breast_MD,Transcriptome
GOLGA3,-0.024597079,Cytosol,Mertins_Breast_MD,Transcriptome
GOLGA4,-0.04697068,Nucleus,Mertins_Breast_MD,Transcriptome
GOLGA5,0.11049058,Secretory,Mertins_Breast_MD,Transcriptome
GOLGB1,0.08126268,Secretory,Mertins_Breast_MD,Transcriptome
GOLIM4,-0.0025446292,Secretory,Mertins_Breast_MD,Transcriptome
GOLM1,0.104873225,Secretory,Mertins_Breast_MD,Transcriptome
GOLPH3L,-0.099605754,Cytosol,Mertins_Breast_MD,Transcriptome
GORASP1,0.08219331,Secretory,Mertins_Breast_MD,Transcriptome
GORASP2,-0.14900135,Secretory,Mertins_Breast_MD,Transcriptome
GOSR1,0.08854272,Secretory,Mertins_Breast_MD,Transcriptome
GPATCH4,0.023440814,Nucleus,Mertins_Breast_MD,Transcriptome
GPATCH8,-0.05817985,Nucleus,Mertins_Breast_MD,Transcriptome
GPCPD1,-0.04604538,Cytosol,Mertins_Breast_MD,Transcriptome
GPD1L,-0.11256696,Cytosol,Mertins_Breast_MD,Transcriptome
GPD2,-0.17218493,Mitochondria,Mertins_Breast_MD,Transcriptome
GPI,-0.076322615,Cytosol,Mertins_Breast_MD,Transcriptome
GPN1,-0.0013773295,Cytosol,Mertins_Breast_MD,Transcriptome
GPR107,0.046931975,Secretory,Mertins_Breast_MD,Transcriptome
GPRC5A,-0.08898997,Secretory,Mertins_Breast_MD,Transcriptome
GPSM1,-0.013998359,Cytosol,Mertins_Breast_MD,Transcriptome
GPX4,-0.19852203,Cytosol,Mertins_Breast_MD,Transcriptome
GPX8,-0.008272946,Secretory,Mertins_Breast_MD,Transcriptome
GRHPR,-0.21942388,Cytosol,Mertins_Breast_MD,Transcriptome
GRIPAP1,-0.102277525,Cytosol,Mertins_Breast_MD,Transcriptome
GRSF1,-0.062360518,Secretory,Mertins_Breast_MD,Transcriptome
GSE1,-0.043787297,Nucleus,Mertins_Breast_MD,Transcriptome
GSK3A,-0.15545943,Cytosol,Mertins_Breast_MD,Transcriptome
GSK3B,-0.039531123,Cytosol,Mertins_Breast_MD,Transcriptome
GSN,0.01641865,Cytosol,Mertins_Breast_MD,Transcriptome
GSPT1,-0.113047205,Cytosol,Mertins_Breast_MD,Transcriptome
GSR,-0.17506997,Cytosol,Mertins_Breast_MD,Transcriptome
GSS,-0.21266869,Cytosol,Mertins_Breast_MD,Transcriptome
GSTO1,-0.21758038,Cytosol,Mertins_Breast_MD,Transcriptome
GTF3C2,-0.0015359222,Nucleus,Mertins_Breast_MD,Transcriptome
GTPBP10,0.09908154,Secretory,Mertins_Breast_MD,Transcriptome
GTPBP6,0.19587144,Mitochondria,Mertins_Breast_MD,Transcriptome
GUF1,-0.028498007,Mitochondria,Mertins_Breast_MD,Transcriptome
GUK1,-0.21236768,Cytosol,Mertins_Breast_MD,Transcriptome
HADHA,0.010823428,Mitochondria,Mertins_Breast_MD,Transcriptome
HADHB,0.012114706,Mitochondria,Mertins_Breast_MD,Transcriptome
HAGH,-0.16125698,Cytosol,Mertins_Breast_MD,Transcriptome
HAUS3,-0.106909566,Cytosol,Mertins_Breast_MD,Transcriptome
HAUS8,-0.10310219,Cytosol,Mertins_Breast_MD,Transcriptome
HAX1,0.09502298,Mitochondria,Mertins_Breast_MD,Transcriptome
HCCS,0.121868566,Mitochondria,Mertins_Breast_MD,Transcriptome
HCFC1,0.00467711,Nucleus,Mertins_Breast_MD,Transcriptome
HDAC2,0.007950734,Nucleus,Mertins_Breast_MD,Transcriptome
HDAC4,0.00038568495,Cytosol,Mertins_Breast_MD,Transcriptome
HDAC7,-0.10202123,Cytosol,Mertins_Breast_MD,Transcriptome
HDDC2,-0.046997886,Cytosol,Mertins_Breast_MD,Transcriptome
HDLBP,-0.020967107,Nucleus,Mertins_Breast_MD,Transcriptome
HEATR1,0.0006628583,Nucleus,Mertins_Breast_MD,Transcriptome
HEBP1,-0.11005257,Cytosol,Mertins_Breast_MD,Transcriptome
HECTD4,-0.10012141,Cytosol,Mertins_Breast_MD,Transcriptome
HELZ,-0.020995202,Nucleus,Mertins_Breast_MD,Transcriptome
HELZ2,-0.08750604,Nucleus,Mertins_Breast_MD,Transcriptome
HERC1,-0.08387626,Cytosol,Mertins_Breast_MD,Transcriptome
HERC2,0.038778424,Secretory,Mertins_Breast_MD,Transcriptome
HERC5,-0.0030642024,Nucleus,Mertins_Breast_MD,Transcriptome
HINT3,0.0383146,Secretory,Mertins_Breast_MD,Transcriptome
HIP1,-0.16082527,Mitochondria,Mertins_Breast_MD,Transcriptome
HIRIP3,-0.16576487,Nucleus,Mertins_Breast_MD,Transcriptome
HLA-A,-0.046568513,Secretory,Mertins_Breast_MD,Transcriptome
HLA-C,-0.039208673,Secretory,Mertins_Breast_MD,Transcriptome
HLA-E,-0.041772496,Secretory,Mertins_Breast_MD,Transcriptome
HLTF,-0.007717311,Nucleus,Mertins_Breast_MD,Transcriptome
HM13,-0.22623003,Secretory,Mertins_Breast_MD,Transcriptome
HMG20A,-0.049438227,Nucleus,Mertins_Breast_MD,Transcriptome
HMGCS1,-0.034924746,Cytosol,Mertins_Breast_MD,Transcriptome
HMOX2,-0.1979645,Secretory,Mertins_Breast_MD,Transcriptome
HNRNPA0,-0.10653807,Nucleus,Mertins_Breast_MD,Transcriptome
HNRNPA1,-0.18599963,Nucleus,Mertins_Breast_MD,Transcriptome
HNRNPA2B1,-0.0581127,Nucleus,Mertins_Breast_MD,Transcriptome
HNRNPA3,-0.15771978,Nucleus,Mertins_Breast_MD,Transcriptome
HNRNPAB,-0.20419791,Nucleus,Mertins_Breast_MD,Transcriptome
HNRNPC,-0.21709688,Nucleus,Mertins_Breast_MD,Transcriptome
HNRNPD,-0.048612382,Nucleus,Mertins_Breast_MD,Transcriptome
HNRNPDL,-0.089709006,Nucleus,Mertins_Breast_MD,Transcriptome
HNRNPH1,-0.06648309,Nucleus,Mertins_Breast_MD,Transcriptome
HNRNPH2,-0.121597104,Nucleus,Mertins_Breast_MD,Transcriptome
HNRNPH3,0.003303678,Nucleus,Mertins_Breast_MD,Transcriptome
HNRNPK,-0.11900609,Nucleus,Mertins_Breast_MD,Transcriptome
HNRNPL,-0.09021221,Nucleus,Mertins_Breast_MD,Transcriptome
HNRNPM,-0.014361591,Nucleus,Mertins_Breast_MD,Transcriptome
HNRNPR,-0.0080959555,Nucleus,Mertins_Breast_MD,Transcriptome
HNRNPUL1,-0.14588986,Nucleus,Mertins_Breast_MD,Transcriptome
HOOK3,-0.0100151785,Cytosol,Mertins_Breast_MD,Transcriptome
HP1BP3,-0.017699836,Nucleus,Mertins_Breast_MD,Transcriptome
HRAS,-0.23864104,Secretory,Mertins_Breast_MD,Transcriptome
HS1BP3,-0.20764327,Cytosol,Mertins_Breast_MD,Transcriptome
HSBP1,-0.1106816,Cytosol,Mertins_Breast_MD,Transcriptome
HSD17B11,-0.006883076,Secretory,Mertins_Breast_MD,Transcriptome
HSD17B12,-0.037464198,Secretory,Mertins_Breast_MD,Transcriptome
HSD17B7,0.113094665,Secretory,Mertins_Breast_MD,Transcriptome
HSDL1,-0.010942426,Mitochondria,Mertins_Breast_MD,Transcriptome
HSP90AA1,-0.034130704,Cytosol,Mertins_Breast_MD,Transcriptome
HSP90AB1,-0.034622036,Cytosol,Mertins_Breast_MD,Transcriptome
HSPA14,-0.053121146,Cytosol,Mertins_Breast_MD,Transcriptome
HSPA4,-0.110014066,Cytosol,Mertins_Breast_MD,Transcriptome
HSPA4L,-0.07821975,Cytosol,Mertins_Breast_MD,Transcriptome
HSPB1,-0.18751486,Cytosol,Mertins_Breast_MD,Transcriptome
HSPB8,-0.11500681,Cytosol,Mertins_Breast_MD,Transcriptome
HSPBP1,-0.17861769,Cytosol,Mertins_Breast_MD,Transcriptome
HSPH1,-0.02928004,Cytosol,Mertins_Breast_MD,Transcriptome
HTATIP2,-0.19652641,Secretory,Mertins_Breast_MD,Transcriptome
HTT,-0.09227338,Cytosol,Mertins_Breast_MD,Transcriptome
IAH1,-0.20603335,Cytosol,Mertins_Breast_MD,Transcriptome
IDE,-0.11360543,Cytosol,Mertins_Breast_MD,Transcriptome
IDH1,-0.05435455,Cytosol,Mertins_Breast_MD,Transcriptome
IDI1,-0.044498842,Cytosol,Mertins_Breast_MD,Transcriptome
IFIT5,-0.04656545,Cytosol,Mertins_Breast_MD,Transcriptome
IFT27,-0.19954395,Cytosol,Mertins_Breast_MD,Transcriptome
IFT81,-0.066346645,Cytosol,Mertins_Breast_MD,Transcriptome
IGF1R,0.11387335,Secretory,Mertins_Breast_MD,Transcriptome
IGF2BP2,-0.013105225,Nucleus,Mertins_Breast_MD,Transcriptome
IGF2R,-0.0095683215,Secretory,Mertins_Breast_MD,Transcriptome
IGSF8,-0.20939073,Secretory,Mertins_Breast_MD,Transcriptome
IK,-0.11265529,Nucleus,Mertins_Breast_MD,Transcriptome
IKBIP,-0.022167783,Secretory,Mertins_Breast_MD,Transcriptome
IL6ST,0.1032217,Secretory,Mertins_Breast_MD,Transcriptome
ILF2,0.0016308168,Nucleus,Mertins_Breast_MD,Transcriptome
ILF3,0.009078647,Nucleus,Mertins_Breast_MD,Transcriptome
ILVBL,-0.19351967,Secretory,Mertins_Breast_MD,Transcriptome
IMMT,0.0642705,Mitochondria,Mertins_Breast_MD,Transcriptome
IMP3,-0.19092852,Nucleus,Mertins_Breast_MD,Transcriptome
IMP4,-0.18646623,Nucleus,Mertins_Breast_MD,Transcriptome
IMPA1,-0.0751577,Cytosol,Mertins_Breast_MD,Transcriptome
IMPACT,-0.07841369,Cytosol,Mertins_Breast_MD,Transcriptome
IMPDH1,-0.1601165,Cytosol,Mertins_Breast_MD,Transcriptome
INCENP,-0.007857988,Nucleus,Mertins_Breast_MD,Transcriptome
ING1,-0.006831147,Nucleus,Mertins_Breast_MD,Transcriptome
ING5,-0.06455984,Nucleus,Mertins_Breast_MD,Transcriptome
INPP1,0.010868763,Cytosol,Mertins_Breast_MD,Transcriptome
INPP4A,0.004960903,Cytosol,Mertins_Breast_MD,Transcriptome
INPP5K,0.0027188228,Secretory,Mertins_Breast_MD,Transcriptome
INPPL1,-0.058991887,Cytosol,Mertins_Breast_MD,Transcriptome
INSR,0.10853241,Secretory,Mertins_Breast_MD,Transcriptome
INTS3,-0.025062965,Nucleus,Mertins_Breast_MD,Transcriptome
IQSEC2,-0.10892769,Cytosol,Mertins_Breast_MD,Transcriptome
IRAK4,-0.0990786,Cytosol,Mertins_Breast_MD,Transcriptome
IREB2,-0.07904824,Cytosol,Mertins_Breast_MD,Transcriptome
IRF2BP1,-0.21188377,Nucleus,Mertins_Breast_MD,Transcriptome
IRF2BPL,-0.11365409,Nucleus,Mertins_Breast_MD,Transcriptome
IRF3,-0.18486089,Cytosol,Mertins_Breast_MD,Transcriptome
IRF9,-0.033120163,Cytosol,Mertins_Breast_MD,Transcriptome
IRS1,-0.10683667,Cytosol,Mertins_Breast_MD,Transcriptome
IRS2,-0.04649932,Cytosol,Mertins_Breast_MD,Transcriptome
ISG20L2,0.024694415,Nucleus,Mertins_Breast_MD,Transcriptome
IST1,-0.02226095,Cytosol,Mertins_Breast_MD,Transcriptome
ITFG1,-0.00069094665,Secretory,Mertins_Breast_MD,Transcriptome
ITGA2,0.039333377,Secretory,Mertins_Breast_MD,Transcriptome
ITGA3,-0.04809941,Secretory,Mertins_Breast_MD,Transcriptome
ITGA5,-0.021724552,Secretory,Mertins_Breast_MD,Transcriptome
ITGA6,-0.058947895,Secretory,Mertins_Breast_MD,Transcriptome
ITGAV,-0.0038189543,Secretory,Mertins_Breast_MD,Transcriptome
ITGB1,-0.0049111396,Secretory,Mertins_Breast_MD,Transcriptome
ITGB4,-0.036494464,Secretory,Mertins_Breast_MD,Transcriptome
ITM2B,0.10373204,Secretory,Mertins_Breast_MD,Transcriptome
ITPA,-0.19719844,Cytosol,Mertins_Breast_MD,Transcriptome
ITPKC,-0.15093204,Cytosol,Mertins_Breast_MD,Transcriptome
ITPR2,0.06639341,Secretory,Mertins_Breast_MD,Transcriptome
ITPR3,-0.0117956465,Secretory,Mertins_Breast_MD,Transcriptome
IWS1,0.006074619,Nucleus,Mertins_Breast_MD,Transcriptome
JAK1,0.007946181,Secretory,Mertins_Breast_MD,Transcriptome
JMJD1C,-0.008921682,Nucleus,Mertins_Breast_MD,Transcriptome
JUP,-0.093989626,Mitochondria,Mertins_Breast_MD,Transcriptome
KAT7,-0.096655846,Nucleus,Mertins_Breast_MD,Transcriptome
KCMF1,-0.0026017393,Cytosol,Mertins_Breast_MD,Transcriptome
KCTD9,-0.00084008125,Cytosol,Mertins_Breast_MD,Transcriptome
KDM1A,0.0026491918,Nucleus,Mertins_Breast_MD,Transcriptome
KDM2A,0.021647112,Nucleus,Mertins_Breast_MD,Transcriptome
KDM3B,-0.09562014,Nucleus,Mertins_Breast_MD,Transcriptome
KDM4A,-0.17140286,Nucleus,Mertins_Breast_MD,Transcriptome
KDSR,0.052777685,Secretory,Mertins_Breast_MD,Transcriptome
KIAA0319L,0.108999215,Secretory,Mertins_Breast_MD,Transcriptome
KIAA0513,-0.02778446,Cytosol,Mertins_Breast_MD,Transcriptome
KIF13B,-0.10384627,Cytosol,Mertins_Breast_MD,Transcriptome
KIF15,-0.032701846,Cytosol,Mertins_Breast_MD,Transcriptome
KIF21A,-0.04943239,Cytosol,Mertins_Breast_MD,Transcriptome
KIF22,-0.13515343,Nucleus,Mertins_Breast_MD,Transcriptome
KIF3B,-0.111307725,Cytosol,Mertins_Breast_MD,Transcriptome
KIF4A,-0.058803797,Nucleus,Mertins_Breast_MD,Transcriptome
KIF5B,-0.062051762,Cytosol,Mertins_Breast_MD,Transcriptome
KLC2,-0.17004305,Cytosol,Mertins_Breast_MD,Transcriptome
KLC4,-0.111334495,Cytosol,Mertins_Breast_MD,Transcriptome
KLHL11,-0.10877926,Cytosol,Mertins_Breast_MD,Transcriptome
KLHL36,-0.0042779692,Cytosol,Mertins_Breast_MD,Transcriptome
KMT2A,-0.017007945,Nucleus,Mertins_Breast_MD,Transcriptome
KNTC1,-0.04205499,Cytosol,Mertins_Breast_MD,Transcriptome
KPNA2,-0.041046362,Cytosol,Mertins_Breast_MD,Transcriptome
KPNA4,-0.009332333,Cytosol,Mertins_Breast_MD,Transcriptome
KRAS,0.053388678,Secretory,Mertins_Breast_MD,Transcriptome
KRI1,-0.16275926,Nucleus,Mertins_Breast_MD,Transcriptome
KRR1,-0.11629016,Nucleus,Mertins_Breast_MD,Transcriptome
KRT80,-0.020740183,Cytosol,Mertins_Breast_MD,Transcriptome
KTN1,0.08894263,Secretory,Mertins_Breast_MD,Transcriptome
L2HGDH,-0.13426025,Mitochondria,Mertins_Breast_MD,Transcriptome
LACTB,0.070689596,Secretory,Mertins_Breast_MD,Transcriptome
LAMA5,-0.003754284,Secretory,Mertins_Breast_MD,Transcriptome
LAMB3,-0.05025254,Secretory,Mertins_Breast_MD,Transcriptome
LAMP1,-0.04394561,Secretory,Mertins_Breast_MD,Transcriptome
LAMP2,-0.0053451536,Secretory,Mertins_Breast_MD,Transcriptome
LAMTOR1,-0.23457587,Secretory,Mertins_Breast_MD,Transcriptome
LAMTOR3,-0.07196964,Secretory,Mertins_Breast_MD,Transcriptome
LARP1,-0.10770049,Nucleus,Mertins_Breast_MD,Transcriptome
LARP1B,-0.046286188,Nucleus,Mertins_Breast_MD,Transcriptome
LARP4B,0.0006908179,Nucleus,Mertins_Breast_MD,Transcriptome
LARP7,-0.071932934,Nucleus,Mertins_Breast_MD,Transcriptome
LAS1L,-0.2174693,Nucleus,Mertins_Breast_MD,Transcriptome
LASP1,-0.1099911,Cytosol,Mertins_Breast_MD,Transcriptome
LBR,-0.06700988,Secretory,Mertins_Breast_MD,Transcriptome
LCLAT1,-0.04633874,Secretory,Mertins_Breast_MD,Transcriptome
LDHB,0.0022492604,Cytosol,Mertins_Breast_MD,Transcriptome
LEMD2,0.12404453,Mitochondria,Mertins_Breast_MD,Transcriptome
LEMD3,-0.075595684,Nucleus,Mertins_Breast_MD,Transcriptome
LEO1,-0.12348919,Nucleus,Mertins_Breast_MD,Transcriptome
LETM1,-0.06401833,Mitochondria,Mertins_Breast_MD,Transcriptome
LGALSL,-0.002165297,Cytosol,Mertins_Breast_MD,Transcriptome
LIMD1,-0.09954037,Cytosol,Mertins_Breast_MD,Transcriptome
LIMS1,0.015083508,Cytosol,Mertins_Breast_MD,Transcriptome
LIN7C,-0.16615248,Secretory,Mertins_Breast_MD,Transcriptome
LLGL2,-0.17713057,Secretory,Mertins_Breast_MD,Transcriptome
LMAN1,0.008372123,Secretory,Mertins_Breast_MD,Transcriptome
LMAN2,-0.11470782,Secretory,Mertins_Breast_MD,Transcriptome
LMAN2L,-0.07812371,Secretory,Mertins_Breast_MD,Transcriptome
LMCD1,0.009280354,Cytosol,Mertins_Breast_MD,Transcriptome
LMNA,-0.010700789,Nucleus,Mertins_Breast_MD,Transcriptome
LMNB1,-0.044248153,Nucleus,Mertins_Breast_MD,Transcriptome
LMTK2,0.07398024,Secretory,Mertins_Breast_MD,Transcriptome
LNPEP,0.091567285,Secretory,Mertins_Breast_MD,Transcriptome
LPCAT1,0.057163212,Secretory,Mertins_Breast_MD,Transcriptome
LPCAT2,-0.030141933,Secretory,Mertins_Breast_MD,Transcriptome
LPGAT1,0.07120977,Secretory,Mertins_Breast_MD,Transcriptome
LPIN2,-0.08292645,Cytosol,Mertins_Breast_MD,Transcriptome
LPP,-0.053016108,Cytosol,Mertins_Breast_MD,Transcriptome
LRCH4,0.07291277,Secretory,Mertins_Breast_MD,Transcriptome
LRIF1,-0.1900606,Nucleus,Mertins_Breast_MD,Transcriptome
LRP1,-0.0046844766,Secretory,Mertins_Breast_MD,Transcriptome
LRPAP1,-0.2294779,Nucleus,Mertins_Breast_MD,Transcriptome
LRRC1,-0.054614536,Mitochondria,Mertins_Breast_MD,Transcriptome
LRRC59,-0.13664266,Secretory,Mertins_Breast_MD,Transcriptome
LRSAM1,-0.09892243,Cytosol,Mertins_Breast_MD,Transcriptome
LSM1,-0.061306402,Cytosol,Mertins_Breast_MD,Transcriptome
LSS,-0.1676046,Secretory,Mertins_Breast_MD,Transcriptome
LTA4H,-0.09485463,Cytosol,Mertins_Breast_MD,Transcriptome
LYAR,-0.083283626,Nucleus,Mertins_Breast_MD,Transcriptome
LYN,-0.049553588,Secretory,Mertins_Breast_MD,Transcriptome
LYPLA1,-0.057182368,Cytosol,Mertins_Breast_MD,Transcriptome
LYRM1,0.15298787,Mitochondria,Mertins_Breast_MD,Transcriptome
LYRM7,-0.12709774,Mitochondria,Mertins_Breast_MD,Transcriptome
LYSMD2,0.01107165,Cytosol,Mertins_Breast_MD,Transcriptome
LZIC,-0.11024998,Cytosol,Mertins_Breast_MD,Transcriptome
LZTFL1,-0.10647867,Cytosol,Mertins_Breast_MD,Transcriptome
M6PR,0.009373691,Secretory,Mertins_Breast_MD,Transcriptome
MACROD1,0.20523778,Mitochondria,Mertins_Breast_MD,Transcriptome
MAD1L1,-0.0132177295,Nucleus,Mertins_Breast_MD,Transcriptome
MAD2L1,-0.08115145,Cytosol,Mertins_Breast_MD,Transcriptome
MAF1,-0.20058614,Cytosol,Mertins_Breast_MD,Transcriptome
MAFG,-0.0003590088,Nucleus,Mertins_Breast_MD,Transcriptome
MAGI3,-0.10640941,Cytosol,Mertins_Breast_MD,Transcriptome
MALT1,0.016014287,Cytosol,Mertins_Breast_MD,Transcriptome
MAN1A2,0.018274136,Secretory,Mertins_Breast_MD,Transcriptome
MAN1B1,-0.17644313,Secretory,Mertins_Breast_MD,Transcriptome
MAN2A1,0.061623737,Secretory,Mertins_Breast_MD,Transcriptome
MAP2K1,-0.042120066,Cytosol,Mertins_Breast_MD,Transcriptome
MAP3K7,-0.034358528,Cytosol,Mertins_Breast_MD,Transcriptome
MAP4,-0.08665414,Cytosol,Mertins_Breast_MD,Transcriptome
MAP4K2,-0.088069685,Cytosol,Mertins_Breast_MD,Transcriptome
MAP4K3,-0.100649565,Cytosol,Mertins_Breast_MD,Transcriptome
MAP4K5,0.009234134,Cytosol,Mertins_Breast_MD,Transcriptome
MAPK1,-0.017890051,Cytosol,Mertins_Breast_MD,Transcriptome
MAPK14,-0.030819062,Cytosol,Mertins_Breast_MD,Transcriptome
MAPK8,-0.048845943,Cytosol,Mertins_Breast_MD,Transcriptome
MAPK9,-0.10703368,Cytosol,Mertins_Breast_MD,Transcriptome
MAPKAP1,-0.122546196,Cytosol,Mertins_Breast_MD,Transcriptome
MAPRE1,-0.010965469,Cytosol,Mertins_Breast_MD,Transcriptome
MAT2A,-0.0996591,Cytosol,Mertins_Breast_MD,Transcriptome
MAT2B,-0.102678746,Cytosol,Mertins_Breast_MD,Transcriptome
MATR3,-0.056199826,Nucleus,Mertins_Breast_MD,Transcriptome
MAVS,-0.17352884,Mitochondria,Mertins_Breast_MD,Transcriptome
MAX,-0.12771153,Nucleus,Mertins_Breast_MD,Transcriptome
MBD1,0.014286765,Nucleus,Mertins_Breast_MD,Transcriptome
MBD2,-0.1947668,Nucleus,Mertins_Breast_MD,Transcriptome
MBLAC2,0.100503646,Secretory,Mertins_Breast_MD,Transcriptome
MBOAT7,-0.08302005,Secretory,Mertins_Breast_MD,Transcriptome
MCL1,-0.17542313,Mitochondria,Mertins_Breast_MD,Transcriptome
MCM2,0.012010642,Nucleus,Mertins_Breast_MD,Transcriptome
MCM3,0.005062668,Nucleus,Mertins_Breast_MD,Transcriptome
MCM3AP,-0.023391502,Nucleus,Mertins_Breast_MD,Transcriptome
MCU,-0.14457864,Mitochondria,Mertins_Breast_MD,Transcriptome
MCUR1,0.075166635,Mitochondria,Mertins_Breast_MD,Transcriptome
MDH1,-0.13436693,Cytosol,Mertins_Breast_MD,Transcriptome
MDK,-0.21055098,Secretory,Mertins_Breast_MD,Transcriptome
MDN1,-0.0017832676,Nucleus,Mertins_Breast_MD,Transcriptome
MECP2,-0.0413455,Nucleus,Mertins_Breast_MD,Transcriptome
MEMO1,-0.014483222,Cytosol,Mertins_Breast_MD,Transcriptome
MEN1,-0.19064379,Nucleus,Mertins_Breast_MD,Transcriptome
MEPCE,-0.21737473,Nucleus,Mertins_Breast_MD,Transcriptome
METAP2,-0.018624714,Cytosol,Mertins_Breast_MD,Transcriptome
METTL2B,-0.11050789,Cytosol,Mertins_Breast_MD,Transcriptome
METTL5,-0.09584708,Cytosol,Mertins_Breast_MD,Transcriptome
METTL9,-0.07116443,Secretory,Mertins_Breast_MD,Transcriptome
MFF,0.061926544,Mitochondria,Mertins_Breast_MD,Transcriptome
MFN1,-0.13407214,Mitochondria,Mertins_Breast_MD,Transcriptome
MFN2,0.14302087,Mitochondria,Mertins_Breast_MD,Transcriptome
MGAT1,-0.037244547,Secretory,Mertins_Breast_MD,Transcriptome
MGME1,0.08278354,Mitochondria,Mertins_Breast_MD,Transcriptome
MGST3,-0.0726926,Mitochondria,Mertins_Breast_MD,Transcriptome
MIA3,0.10855544,Secretory,Mertins_Breast_MD,Transcriptome
MICAL2,0.004027499,Secretory,Mertins_Breast_MD,Transcriptome
MICAL3,-0.013544287,Cytosol,Mertins_Breast_MD,Transcriptome
MICU1,0.08292924,Mitochondria,Mertins_Breast_MD,Transcriptome
MICU2,-0.14750399,Mitochondria,Mertins_Breast_MD,Transcriptome
MIEF1,0.006202356,Mitochondria,Mertins_Breast_MD,Transcriptome
MIEN1,-0.13843782,Cytosol,Mertins_Breast_MD,Transcriptome
MIF4GD,-0.104290865,Cytosol,Mertins_Breast_MD,Transcriptome
MKI67,0.0015327086,Nucleus,Mertins_Breast_MD,Transcriptome
MLEC,0.038412932,Secretory,Mertins_Breast_MD,Transcriptome
MLKL,0.0067845224,Cytosol,Mertins_Breast_MD,Transcriptome
MLLT1,-0.15479779,Nucleus,Mertins_Breast_MD,Transcriptome
MMAB,0.13813691,Mitochondria,Mertins_Breast_MD,Transcriptome
MNAT1,-0.1238802,Nucleus,Mertins_Breast_MD,Transcriptome
MOB2,-0.21279661,Cytosol,Mertins_Breast_MD,Transcriptome
MOCS2,-0.10181229,Cytosol,Mertins_Breast_MD,Transcriptome
MORC3,-0.03207919,Nucleus,Mertins_Breast_MD,Transcriptome
MORF4L1,-0.0005525131,Nucleus,Mertins_Breast_MD,Transcriptome
MORF4L2,-0.11688416,Nucleus,Mertins_Breast_MD,Transcriptome
MOSPD2,0.09399031,Secretory,Mertins_Breast_MD,Transcriptome
MOV10,-0.065226346,Nucleus,Mertins_Breast_MD,Transcriptome
MPHOSPH10,-0.020712476,Nucleus,Mertins_Breast_MD,Transcriptome
MPHOSPH8,-0.082515985,Nucleus,Mertins_Breast_MD,Transcriptome
MPI,-0.09930984,Cytosol,Mertins_Breast_MD,Transcriptome
MPP7,-0.15906794,Mitochondria,Mertins_Breast_MD,Transcriptome
MPZL1,-0.036276862,Secretory,Mertins_Breast_MD,Transcriptome
MRI1,-0.111834206,Cytosol,Mertins_Breast_MD,Transcriptome
MRM1,0.079710774,Secretory,Mertins_Breast_MD,Transcriptome
MRPL1,-0.17874739,Secretory,Mertins_Breast_MD,Transcriptome
MRPL11,-0.22780488,Secretory,Mertins_Breast_MD,Transcriptome
MRPL13,-0.20761167,Secretory,Mertins_Breast_MD,Transcriptome
MRPL14,0.12368676,Mitochondria,Mertins_Breast_MD,Transcriptome
MRPL15,-0.14087439,Secretory,Mertins_Breast_MD,Transcriptome
MRPL16,-0.22928575,Secretory,Mertins_Breast_MD,Transcriptome
MRPL17,-0.24110246,Secretory,Mertins_Breast_MD,Transcriptome
MRPL18,-0.24073969,Secretory,Mertins_Breast_MD,Transcriptome
MRPL19,-0.05069043,Secretory,Mertins_Breast_MD,Transcriptome
MRPL2,-0.20986788,Secretory,Mertins_Breast_MD,Transcriptome
MRPL21,-0.24024647,Secretory,Mertins_Breast_MD,Transcriptome
MRPL22,-0.12180267,Secretory,Mertins_Breast_MD,Transcriptome
MRPL24,-0.19699627,Secretory,Mertins_Breast_MD,Transcriptome
MRPL27,-0.18008918,Secretory,Mertins_Breast_MD,Transcriptome
MRPL28,-0.21428777,Secretory,Mertins_Breast_MD,Transcriptome
MRPL3,-0.21884269,Secretory,Mertins_Breast_MD,Transcriptome
MRPL39,-0.16625863,Secretory,Mertins_Breast_MD,Transcriptome
MRPL40,-0.22463967,Secretory,Mertins_Breast_MD,Transcriptome
MRPL41,-0.240117,Secretory,Mertins_Breast_MD,Transcriptome
MRPL42,-0.06825667,Secretory,Mertins_Breast_MD,Transcriptome
MRPL43,-0.20673393,Secretory,Mertins_Breast_MD,Transcriptome
MRPL45,0.11205405,Secretory,Mertins_Breast_MD,Transcriptome
MRPL46,0.07859567,Secretory,Mertins_Breast_MD,Transcriptome
MRPL47,-0.2081837,Secretory,Mertins_Breast_MD,Transcriptome
MRPL48,-0.2542018,Secretory,Mertins_Breast_MD,Transcriptome
MRPL49,-0.1625532,Secretory,Mertins_Breast_MD,Transcriptome
MRPL50,-0.22015597,Secretory,Mertins_Breast_MD,Transcriptome
MRPL54,-0.19097187,Secretory,Mertins_Breast_MD,Transcriptome
MRPL55,-0.23935546,Secretory,Mertins_Breast_MD,Transcriptome
MRPL9,-0.100289054,Secretory,Mertins_Breast_MD,Transcriptome
MRPS10,-0.13113712,Secretory,Mertins_Breast_MD,Transcriptome
MRPS11,-0.21024781,Secretory,Mertins_Breast_MD,Transcriptome
MRPS12,-0.23966184,Secretory,Mertins_Breast_MD,Transcriptome
MRPS14,0.109064825,Secretory,Mertins_Breast_MD,Transcriptome
MRPS15,-0.24694793,Secretory,Mertins_Breast_MD,Transcriptome
MRPS16,-0.2177285,Secretory,Mertins_Breast_MD,Transcriptome
MRPS18A,-0.16562378,Secretory,Mertins_Breast_MD,Transcriptome
MRPS18B,-0.20096739,Secretory,Mertins_Breast_MD,Transcriptome
MRPS22,-0.14368515,Secretory,Mertins_Breast_MD,Transcriptome
MRPS23,-0.14423016,Secretory,Mertins_Breast_MD,Transcriptome
MRPS25,-0.21579012,Secretory,Mertins_Breast_MD,Transcriptome
MRPS28,-0.10972732,Secretory,Mertins_Breast_MD,Transcriptome
MRPS30,0.07863565,Secretory,Mertins_Breast_MD,Transcriptome
MRPS31,-0.18649814,Secretory,Mertins_Breast_MD,Transcriptome
MRPS34,-0.20301564,Secretory,Mertins_Breast_MD,Transcriptome
MRPS35,0.02459774,Secretory,Mertins_Breast_MD,Transcriptome
MRPS5,-0.18987744,Secretory,Mertins_Breast_MD,Transcriptome
MRPS9,-0.10136999,Secretory,Mertins_Breast_MD,Transcriptome
MSH3,-0.0975524,Nucleus,Mertins_Breast_MD,Transcriptome
MSI2,-0.12174095,Nucleus,Mertins_Breast_MD,Transcriptome
MSTO1,-0.022194939,Cytosol,Mertins_Breast_MD,Transcriptome
MT-CO2,0.21151115,Mitochondria,Mertins_Breast_MD,Transcriptome
MTA1,-0.0027975198,Nucleus,Mertins_Breast_MD,Transcriptome
MTCH1,0.0760899,Mitochondria,Mertins_Breast_MD,Transcriptome
MTCH2,0.19304135,Mitochondria,Mertins_Breast_MD,Transcriptome
MTDH,-0.03353377,Secretory,Mertins_Breast_MD,Transcriptome
MTFR1,0.08238368,Mitochondria,Mertins_Breast_MD,Transcriptome
MTFR1L,0.1983792,Mitochondria,Mertins_Breast_MD,Transcriptome
MTHFD1L,-0.10044373,Mitochondria,Mertins_Breast_MD,Transcriptome
MTMR1,-0.04739903,Cytosol,Mertins_Breast_MD,Transcriptome
MTMR12,-0.06719374,Cytosol,Mertins_Breast_MD,Transcriptome
MTMR2,0.012316113,Cytosol,Mertins_Breast_MD,Transcriptome
MTMR3,-0.04215363,Cytosol,Mertins_Breast_MD,Transcriptome
MTMR6,-0.030014131,Cytosol,Mertins_Breast_MD,Transcriptome
MTPAP,-0.03034133,Mitochondria,Mertins_Breast_MD,Transcriptome
MTR,-0.071596585,Cytosol,Mertins_Breast_MD,Transcriptome
MTX1,0.13314041,Mitochondria,Mertins_Breast_MD,Transcriptome
MTX2,0.093208894,Mitochondria,Mertins_Breast_MD,Transcriptome
MTX3,-0.15310407,Mitochondria,Mertins_Breast_MD,Transcriptome
MUC1,0.109346256,Secretory,Mertins_Breast_MD,Transcriptome
MVD,-0.114513054,Cytosol,Mertins_Breast_MD,Transcriptome
MVK,-0.15892369,Cytosol,Mertins_Breast_MD,Transcriptome
MVP,-0.19979465,Nucleus,Mertins_Breast_MD,Transcriptome
MXRA7,-0.01987879,Secretory,Mertins_Breast_MD,Transcriptome
MYADM,-0.107720666,Secretory,Mertins_Breast_MD,Transcriptome
MYBBP1A,-0.08246993,Nucleus,Mertins_Breast_MD,Transcriptome
MYCBP2,0.0038425245,Secretory,Mertins_Breast_MD,Transcriptome
MYH14,-0.006120711,Cytosol,Mertins_Breast_MD,Transcriptome
MYO19,-0.034304906,Mitochondria,Mertins_Breast_MD,Transcriptome
MYO1B,-0.013848871,Secretory,Mertins_Breast_MD,Transcriptome
MYO9B,0.009030402,Cytosol,Mertins_Breast_MD,Transcriptome
MYOF,0.09300792,Secretory,Mertins_Breast_MD,Transcriptome
N4BP1,-0.017565135,Cytosol,Mertins_Breast_MD,Transcriptome
NAA10,-0.16963278,Cytosol,Mertins_Breast_MD,Transcriptome
NAA50,-0.018475732,Cytosol,Mertins_Breast_MD,Transcriptome
NACA,-0.18733649,Cytosol,Mertins_Breast_MD,Transcriptome
NAE1,-0.00738249,Cytosol,Mertins_Breast_MD,Transcriptome
NAGK,-0.16073388,Cytosol,Mertins_Breast_MD,Transcriptome
NAMPT,-0.006360961,Cytosol,Mertins_Breast_MD,Transcriptome
NANP,-0.01827656,Cytosol,Mertins_Breast_MD,Transcriptome
NANS,-0.10733506,Cytosol,Mertins_Breast_MD,Transcriptome
NAP1L4,-0.12401144,Cytosol,Mertins_Breast_MD,Transcriptome
NASP,-0.046833195,Nucleus,Mertins_Breast_MD,Transcriptome
NAT1,-0.107121795,Cytosol,Mertins_Breast_MD,Transcriptome
NAT10,-0.1496666,Nucleus,Mertins_Breast_MD,Transcriptome
NBAS,0.041485794,Secretory,Mertins_Breast_MD,Transcriptome
NBN,-0.03622352,Nucleus,Mertins_Breast_MD,Transcriptome
NCAPD3,0.018443385,Nucleus,Mertins_Breast_MD,Transcriptome
NCBP1,0.011773142,Nucleus,Mertins_Breast_MD,Transcriptome
NCEH1,0.026528781,Secretory,Mertins_Breast_MD,Transcriptome
NCK1,0.0067896293,Cytosol,Mertins_Breast_MD,Transcriptome
NCK2,0.010305237,Cytosol,Mertins_Breast_MD,Transcriptome
NCL,-0.08958329,Nucleus,Mertins_Breast_MD,Transcriptome
NCLN,-0.24596518,Secretory,Mertins_Breast_MD,Transcriptome
NCOA5,-0.079865545,Nucleus,Mertins_Breast_MD,Transcriptome
NCOA6,0.011266617,Nucleus,Mertins_Breast_MD,Transcriptome
NCOR1,-0.07779375,Nucleus,Mertins_Breast_MD,Transcriptome
NCOR2,-0.08702097,Nucleus,Mertins_Breast_MD,Transcriptome
NDC1,-0.059489213,Secretory,Mertins_Breast_MD,Transcriptome
NDC80,-0.034014035,Cytosol,Mertins_Breast_MD,Transcriptome
NDE1,-0.06948674,Cytosol,Mertins_Breast_MD,Transcriptome
NDEL1,-0.0019512397,Cytosol,Mertins_Breast_MD,Transcriptome
NDOR1,-0.09499743,Cytosol,Mertins_Breast_MD,Transcriptome
NDRG1,0.0014959087,Cytosol,Mertins_Breast_MD,Transcriptome
NDRG2,0.010870906,Cytosol,Mertins_Breast_MD,Transcriptome
NDRG3,-0.20344563,Cytosol,Mertins_Breast_MD,Transcriptome
NDUFA10,0.093238965,Mitochondria,Mertins_Breast_MD,Transcriptome
NDUFA12,0.21577983,Mitochondria,Mertins_Breast_MD,Transcriptome
NDUFA2,0.14617676,Mitochondria,Mertins_Breast_MD,Transcriptome
NDUFA3,0.20798628,Mitochondria,Mertins_Breast_MD,Transcriptome
NDUFA4,0.21765512,Mitochondria,Mertins_Breast_MD,Transcriptome
NDUFA5,-0.08177142,Mitochondria,Mertins_Breast_MD,Transcriptome
NDUFA8,0.21323314,Mitochondria,Mertins_Breast_MD,Transcriptome
NDUFAB1,0.16924298,Mitochondria,Mertins_Breast_MD,Transcriptome
NDUFAF1,0.009870905,Mitochondria,Mertins_Breast_MD,Transcriptome
NDUFAF2,0.12587658,Mitochondria,Mertins_Breast_MD,Transcriptome
NDUFAF3,0.13495176,Mitochondria,Mertins_Breast_MD,Transcriptome
NDUFAF4,0.006061665,Mitochondria,Mertins_Breast_MD,Transcriptome
NDUFAF7,-0.0020932725,Mitochondria,Mertins_Breast_MD,Transcriptome
NDUFB1,0.2113916,Mitochondria,Mertins_Breast_MD,Transcriptome
NDUFB10,0.17414102,Mitochondria,Mertins_Breast_MD,Transcriptome
NDUFB11,0.21608275,Mitochondria,Mertins_Breast_MD,Transcriptome
NDUFB3,0.17667186,Mitochondria,Mertins_Breast_MD,Transcriptome
NDUFB4,0.18936042,Mitochondria,Mertins_Breast_MD,Transcriptome
NDUFB5,0.16544673,Mitochondria,Mertins_Breast_MD,Transcriptome
NDUFB6,0.21666439,Mitochondria,Mertins_Breast_MD,Transcriptome
NDUFB7,0.19392103,Mitochondria,Mertins_Breast_MD,Transcriptome
NDUFB8,0.20341031,Mitochondria,Mertins_Breast_MD,Transcriptome
NDUFB9,0.15553802,Mitochondria,Mertins_Breast_MD,Transcriptome
NDUFC2,0.12736727,Mitochondria,Mertins_Breast_MD,Transcriptome
NDUFS1,-0.18375178,Mitochondria,Mertins_Breast_MD,Transcriptome
NDUFS2,0.046321172,Mitochondria,Mertins_Breast_MD,Transcriptome
NDUFS3,0.21441236,Mitochondria,Mertins_Breast_MD,Transcriptome
NDUFS4,-0.03224659,Mitochondria,Mertins_Breast_MD,Transcriptome
NDUFS5,0.20447156,Mitochondria,Mertins_Breast_MD,Transcriptome
NDUFS6,0.21608579,Mitochondria,Mertins_Breast_MD,Transcriptome
NDUFS7,0.21435298,Mitochondria,Mertins_Breast_MD,Transcriptome
NDUFS8,0.21780957,Mitochondria,Mertins_Breast_MD,Transcriptome
NDUFV1,0.14192091,Mitochondria,Mertins_Breast_MD,Transcriptome
NDUFV2,-0.1804966,Mitochondria,Mertins_Breast_MD,Transcriptome
NDUFV3,0.21352798,Mitochondria,Mertins_Breast_MD,Transcriptome
NECAP1,-0.12749553,Cytosol,Mertins_Breast_MD,Transcriptome
NECAP2,0.015894827,Cytosol,Mertins_Breast_MD,Transcriptome
NEK7,-0.074912794,Cytosol,Mertins_Breast_MD,Transcriptome
NELFA,-0.1620248,Nucleus,Mertins_Breast_MD,Transcriptome
NELFE,-0.118191905,Nucleus,Mertins_Breast_MD,Transcriptome
NEO1,0.060836624,Secretory,Mertins_Breast_MD,Transcriptome
NFKB1,-0.047960848,Cytosol,Mertins_Breast_MD,Transcriptome
NFKB2,0.013232415,Cytosol,Mertins_Breast_MD,Transcriptome
NFKBIB,-0.16307472,Cytosol,Mertins_Breast_MD,Transcriptome
NFXL1,-0.097620696,Secretory,Mertins_Breast_MD,Transcriptome
NGDN,-0.19667721,Nucleus,Mertins_Breast_MD,Transcriptome
NGLY1,-0.10329004,Cytosol,Mertins_Breast_MD,Transcriptome
NIF3L1,-0.16016078,Cytosol,Mertins_Breast_MD,Transcriptome
NIFK,-0.040810574,Nucleus,Mertins_Breast_MD,Transcriptome
NIP7,-0.031788144,Nucleus,Mertins_Breast_MD,Transcriptome
NIPBL,-0.05681325,Nucleus,Mertins_Breast_MD,Transcriptome
NIT2,-0.15077682,Cytosol,Mertins_Breast_MD,Transcriptome
NKRF,-0.04286919,Nucleus,Mertins_Breast_MD,Transcriptome
NLRX1,-0.14176685,Mitochondria,Mertins_Breast_MD,Transcriptome
NME1,-0.19288497,Cytosol,Mertins_Breast_MD,Transcriptome
NME3,0.14542721,Mitochondria,Mertins_Breast_MD,Transcriptome
NMI,0.015521251,Cytosol,Mertins_Breast_MD,Transcriptome
NMT1,-0.11028506,Nucleus,Mertins_Breast_MD,Transcriptome
NMT2,0.012818405,Cytosol,Mertins_Breast_MD,Transcriptome
NNT,-0.1064892,Mitochondria,Mertins_Breast_MD,Transcriptome
NOC2L,-0.226851,Nucleus,Mertins_Breast_MD,Transcriptome
NOC4L,-0.23002459,Nucleus,Mertins_Breast_MD,Transcriptome
NOL10,-0.009153956,Nucleus,Mertins_Breast_MD,Transcriptome
NOL11,0.0035315233,Nucleus,Mertins_Breast_MD,Transcriptome
NOL6,0.01699337,Nucleus,Mertins_Breast_MD,Transcriptome
NOL7,-0.13690335,Nucleus,Mertins_Breast_MD,Transcriptome
NOL8,-0.061063323,Nucleus,Mertins_Breast_MD,Transcriptome
NOL9,0.02471038,Nucleus,Mertins_Breast_MD,Transcriptome
NOLC1,0.014392241,Nucleus,Mertins_Breast_MD,Transcriptome
NOM1,0.028033905,Nucleus,Mertins_Breast_MD,Transcriptome
NOMO1,-0.12450837,Secretory,Mertins_Breast_MD,Transcriptome
NOP14,0.0108947735,Nucleus,Mertins_Breast_MD,Transcriptome
NOP16,-0.18679649,Nucleus,Mertins_Breast_MD,Transcriptome
NOP2,0.0014395079,Nucleus,Mertins_Breast_MD,Transcriptome
NOP56,-0.14571698,Nucleus,Mertins_Breast_MD,Transcriptome
NOP58,-0.030735381,Nucleus,Mertins_Breast_MD,Transcriptome
NOP9,-0.0076153795,Nucleus,Mertins_Breast_MD,Transcriptome
NOTCH2,0.0018360413,Secretory,Mertins_Breast_MD,Transcriptome
NOTCH3,-0.031651426,Secretory,Mertins_Breast_MD,Transcriptome
NPC1,-0.054937426,Secretory,Mertins_Breast_MD,Transcriptome
NPEPL1,-0.029744767,Cytosol,Mertins_Breast_MD,Transcriptome
NPEPPS,-0.11311494,Cytosol,Mertins_Breast_MD,Transcriptome
NPM1,-0.20999698,Nucleus,Mertins_Breast_MD,Transcriptome
NPM3,-0.14095165,Nucleus,Mertins_Breast_MD,Transcriptome
NPTN,0.09884003,Secretory,Mertins_Breast_MD,Transcriptome
NQO1,-0.17808864,Cytosol,Mertins_Breast_MD,Transcriptome
NQO2,-0.20932214,Cytosol,Mertins_Breast_MD,Transcriptome
NR3C1,0.009240061,Cytosol,Mertins_Breast_MD,Transcriptome
NRBP1,-0.04345472,Cytosol,Mertins_Breast_MD,Transcriptome
NRF1,-0.029266462,Nucleus,Mertins_Breast_MD,Transcriptome
NRP1,-0.027095787,Secretory,Mertins_Breast_MD,Transcriptome
NRP2,-0.028411714,Secretory,Mertins_Breast_MD,Transcriptome
NSDHL,-0.24499387,Secretory,Mertins_Breast_MD,Transcriptome
NSF,0.08135317,Secretory,Mertins_Breast_MD,Transcriptome
NSFL1C,-0.15290178,Cytosol,Mertins_Breast_MD,Transcriptome
NSL1,-0.11543171,Nucleus,Mertins_Breast_MD,Transcriptome
NSMAF,0.015100174,Cytosol,Mertins_Breast_MD,Transcriptome
NSUN4,-0.05346727,Mitochondria,Mertins_Breast_MD,Transcriptome
NSUN6,-0.041922826,Cytosol,Mertins_Breast_MD,Transcriptome
NT5C,-0.22031593,Cytosol,Mertins_Breast_MD,Transcriptome
NT5C2,-0.019798478,Cytosol,Mertins_Breast_MD,Transcriptome
NT5C3B,-0.15661827,Cytosol,Mertins_Breast_MD,Transcriptome
NT5DC1,-0.10810705,Cytosol,Mertins_Breast_MD,Transcriptome
NT5E,-0.023551743,Secretory,Mertins_Breast_MD,Transcriptome
NTAN1,-0.11681196,Cytosol,Mertins_Breast_MD,Transcriptome
NTHL1,-0.21711774,Nucleus,Mertins_Breast_MD,Transcriptome
NUB1,-0.043668512,Cytosol,Mertins_Breast_MD,Transcriptome
NUBPL,-0.033361185,Mitochondria,Mertins_Breast_MD,Transcriptome
NUDC,-0.21180531,Cytosol,Mertins_Breast_MD,Transcriptome
NUDCD1,-0.008424871,Cytosol,Mertins_Breast_MD,Transcriptome
NUDCD2,-0.10038755,Cytosol,Mertins_Breast_MD,Transcriptome
NUDCD3,-0.11106537,Cytosol,Mertins_Breast_MD,Transcriptome
NUDT1,-0.174086,Cytosol,Mertins_Breast_MD,Transcriptome
NUDT14,-0.20172611,Cytosol,Mertins_Breast_MD,Transcriptome
NUDT15,-0.12597124,Cytosol,Mertins_Breast_MD,Transcriptome
NUDT16,-0.106806174,Cytosol,Mertins_Breast_MD,Transcriptome
NUDT2,-0.1519996,Cytosol,Mertins_Breast_MD,Transcriptome
NUMB,0.114391774,Secretory,Mertins_Breast_MD,Transcriptome
NUP107,-0.040328734,Nucleus,Mertins_Breast_MD,Transcriptome
NUP133,-0.008990006,Nucleus,Mertins_Breast_MD,Transcriptome
NUP153,0.02674367,Nucleus,Mertins_Breast_MD,Transcriptome
NUP155,0.007221183,Nucleus,Mertins_Breast_MD,Transcriptome
NUP205,0.010745211,Nucleus,Mertins_Breast_MD,Transcriptome
NUP210,-0.02132607,Nucleus,Mertins_Breast_MD,Transcriptome
NUP50,-0.0009932319,Nucleus,Mertins_Breast_MD,Transcriptome
NUP93,0.0039860485,Nucleus,Mertins_Breast_MD,Transcriptome
NUP98,-0.07166972,Nucleus,Mertins_Breast_MD,Transcriptome
NXF1,-0.19817837,Nucleus,Mertins_Breast_MD,Transcriptome
NXT1,-0.13256733,Nucleus,Mertins_Breast_MD,Transcriptome
OARD1,-0.097454175,Cytosol,Mertins_Breast_MD,Transcriptome
OBSL1,-0.11532043,Cytosol,Mertins_Breast_MD,Transcriptome
OCIAD1,0.056261443,Mitochondria,Mertins_Breast_MD,Transcriptome
OCIAD2,0.20209055,Mitochondria,Mertins_Breast_MD,Transcriptome
OCLN,0.08831785,Secretory,Mertins_Breast_MD,Transcriptome
ODF2,0.19008312,Mitochondria,Mertins_Breast_MD,Transcriptome
OGFR,-0.20985252,Cytosol,Mertins_Breast_MD,Transcriptome
OLA1,-0.084183335,Cytosol,Mertins_Breast_MD,Transcriptome
OPA1,-0.14408141,Mitochondria,Mertins_Breast_MD,Transcriptome
OS9,0.036509812,Secretory,Mertins_Breast_MD,Transcriptome
OSBPL2,-0.059536852,Cytosol,Mertins_Breast_MD,Transcriptome
OSBPL8,0.04271274,Secretory,Mertins_Breast_MD,Transcriptome
OTUB1,-0.21134074,Cytosol,Mertins_Breast_MD,Transcriptome
OXA1L,0.18917486,Mitochondria,Mertins_Breast_MD,Transcriptome
OXR1,-0.07497635,Cytosol,Mertins_Breast_MD,Transcriptome
P2RX4,0.02315697,Secretory,Mertins_Breast_MD,Transcriptome
P4HB,-0.118609115,Nucleus,Mertins_Breast_MD,Transcriptome
PAAF1,-0.17306663,Cytosol,Mertins_Breast_MD,Transcriptome
PABPC1,-0.13653535,Nucleus,Mertins_Breast_MD,Transcriptome
PACSIN2,-0.048177324,Cytosol,Mertins_Breast_MD,Transcriptome
PAF1,-0.21848075,Nucleus,Mertins_Breast_MD,Transcriptome
PAIP1,-0.019646602,Cytosol,Mertins_Breast_MD,Transcriptome
PAIP2,-0.10976137,Cytosol,Mertins_Breast_MD,Transcriptome
PAK1,-0.17260809,Cytosol,Mertins_Breast_MD,Transcriptome
PAK1IP1,0.0004147395,Nucleus,Mertins_Breast_MD,Transcriptome
PAK2,-0.09096703,Cytosol,Mertins_Breast_MD,Transcriptome
PALLD,0.0075824033,Cytosol,Mertins_Breast_MD,Transcriptome
PAM,-0.0070038703,Secretory,Mertins_Breast_MD,Transcriptome
PANK2,-0.073432356,Cytosol,Mertins_Breast_MD,Transcriptome
PANK4,-0.20663081,Cytosol,Mertins_Breast_MD,Transcriptome
PAPSS2,-0.0015037234,Cytosol,Mertins_Breast_MD,Transcriptome
PARK7,-0.20575836,Cytosol,Mertins_Breast_MD,Transcriptome
PARP2,-0.16064467,Nucleus,Mertins_Breast_MD,Transcriptome
PARP4,-0.031147799,Nucleus,Mertins_Breast_MD,Transcriptome
PARVA,0.005809292,Cytosol,Mertins_Breast_MD,Transcriptome
PATL1,-0.024745941,Cytosol,Mertins_Breast_MD,Transcriptome
PAXBP1,0.0231974,Nucleus,Mertins_Breast_MD,Transcriptome
PBDC1,-0.19625822,Cytosol,Mertins_Breast_MD,Transcriptome
PBK,-0.07211761,Cytosol,Mertins_Breast_MD,Transcriptome
PBXIP1,0.09044281,Secretory,Mertins_Breast_MD,Transcriptome
PCBP1,-0.16217244,Cytosol,Mertins_Breast_MD,Transcriptome
PCDH1,0.100725666,Secretory,Mertins_Breast_MD,Transcriptome
PCF11,-0.045618262,Nucleus,Mertins_Breast_MD,Transcriptome
PCID2,-0.028282331,Cytosol,Mertins_Breast_MD,Transcriptome
PCMT1,-0.16850759,Cytosol,Mertins_Breast_MD,Transcriptome
PCNA,-0.08722582,Cytosol,Mertins_Breast_MD,Transcriptome
PCYOX1,0.10749479,Secretory,Mertins_Breast_MD,Transcriptome
PCYT2,-0.19047421,Cytosol,Mertins_Breast_MD,Transcriptome
PDAP1,-0.17719123,Cytosol,Mertins_Breast_MD,Transcriptome
PDCD10,-0.010849301,Cytosol,Mertins_Breast_MD,Transcriptome
PDCD11,0.018193053,Nucleus,Mertins_Breast_MD,Transcriptome
PDCD2,-0.20461161,Cytosol,Mertins_Breast_MD,Transcriptome
PDCD2L,-0.1241896,Cytosol,Mertins_Breast_MD,Transcriptome
PDCL3,-0.15853335,Cytosol,Mertins_Breast_MD,Transcriptome
PDE5A,-0.04082347,Cytosol,Mertins_Breast_MD,Transcriptome
PDE6D,-0.11123516,Cytosol,Mertins_Breast_MD,Transcriptome
PDHX,-0.11530679,Secretory,Mertins_Breast_MD,Transcriptome
PDK1,-0.084015936,Mitochondria,Mertins_Breast_MD,Transcriptome
PDLIM5,-0.08033948,Cytosol,Mertins_Breast_MD,Transcriptome
PDS5A,-0.05284148,Nucleus,Mertins_Breast_MD,Transcriptome
PDS5B,-0.06781363,Nucleus,Mertins_Breast_MD,Transcriptome
PDSS2,-0.027918285,Mitochondria,Mertins_Breast_MD,Transcriptome
PEBP1,-0.21841235,Cytosol,Mertins_Breast_MD,Transcriptome
PEPD,-0.01352674,Cytosol,Mertins_Breast_MD,Transcriptome
PEX14,-0.21102992,Secretory,Mertins_Breast_MD,Transcriptome
PEX19,-0.11702786,Cytosol,Mertins_Breast_MD,Transcriptome
PEX6,0.09565846,Secretory,Mertins_Breast_MD,Transcriptome
PFAS,-0.097992234,Cytosol,Mertins_Breast_MD,Transcriptome
PFDN1,-0.2008325,Cytosol,Mertins_Breast_MD,Transcriptome
PFDN2,-0.08798299,Cytosol,Mertins_Breast_MD,Transcriptome
PFDN5,-0.06551508,Cytosol,Mertins_Breast_MD,Transcriptome
PFDN6,-0.15996939,Cytosol,Mertins_Breast_MD,Transcriptome
PFKFB2,-0.034462094,Cytosol,Mertins_Breast_MD,Transcriptome
PFKL,-0.046911955,Cytosol,Mertins_Breast_MD,Transcriptome
PFN1,-0.120570846,Cytosol,Mertins_Breast_MD,Transcriptome
PFN2,-0.0033156273,Cytosol,Mertins_Breast_MD,Transcriptome
PGAM1,-0.006297379,Cytosol,Mertins_Breast_MD,Transcriptome
PGAM5,0.08265924,Mitochondria,Mertins_Breast_MD,Transcriptome
PGK1,-0.0071442663,Cytosol,Mertins_Breast_MD,Transcriptome
PGM1,-0.03706645,Cytosol,Mertins_Breast_MD,Transcriptome
PGM2,-0.037932143,Cytosol,Mertins_Breast_MD,Transcriptome
PGM2L1,-0.0045118853,Cytosol,Mertins_Breast_MD,Transcriptome
PGM3,-0.011860883,Cytosol,Mertins_Breast_MD,Transcriptome
PGP,-0.21122168,Cytosol,Mertins_Breast_MD,Transcriptome
PGRMC1,-0.059060153,Secretory,Mertins_Breast_MD,Transcriptome
PGRMC2,-0.0006448188,Secretory,Mertins_Breast_MD,Transcriptome
PHACTR4,-0.05188573,Cytosol,Mertins_Breast_MD,Transcriptome
PHB2,0.15548268,Mitochondria,Mertins_Breast_MD,Transcriptome
PHF2,-0.054924723,Nucleus,Mertins_Breast_MD,Transcriptome
PHGDH,-0.043013275,Cytosol,Mertins_Breast_MD,Transcriptome
PHIP,-0.03639651,Nucleus,Mertins_Breast_MD,Transcriptome
PHKA1,-0.11664236,Cytosol,Mertins_Breast_MD,Transcriptome
PHKB,-0.052361168,Cytosol,Mertins_Breast_MD,Transcriptome
PHKG2,-0.21597634,Cytosol,Mertins_Breast_MD,Transcriptome
PHPT1,-0.1923075,Cytosol,Mertins_Breast_MD,Transcriptome
PHYH,-0.2304769,Secretory,Mertins_Breast_MD,Transcriptome
PHYKPL,-0.11645564,Cytosol,Mertins_Breast_MD,Transcriptome
PI4K2A,-0.10116903,Secretory,Mertins_Breast_MD,Transcriptome
PI4KB,-0.04499528,Cytosol,Mertins_Breast_MD,Transcriptome
PIGK,0.10950893,Secretory,Mertins_Breast_MD,Transcriptome
PIH1D1,-0.19885205,Cytosol,Mertins_Breast_MD,Transcriptome
PIK3CA,-0.046092555,Cytosol,Mertins_Breast_MD,Transcriptome
PIN4,-0.21855445,Cytosol,Mertins_Breast_MD,Transcriptome
PIP5K1A,0.013224228,Secretory,Mertins_Breast_MD,Transcriptome
PIR,-0.1810336,Cytosol,Mertins_Breast_MD,Transcriptome
PISD,0.12098021,Mitochondria,Mertins_Breast_MD,Transcriptome
PITPNA,-0.013998276,Cytosol,Mertins_Breast_MD,Transcriptome
PITPNB,-0.003682505,Cytosol,Mertins_Breast_MD,Transcriptome
PKM,-0.054091886,Cytosol,Mertins_Breast_MD,Transcriptome
PKNOX1,-0.06253648,Nucleus,Mertins_Breast_MD,Transcriptome
PKP2,-0.17831826,Mitochondria,Mertins_Breast_MD,Transcriptome
PKP4,-0.1644611,Mitochondria,Mertins_Breast_MD,Transcriptome
PLAA,-0.00092192466,Cytosol,Mertins_Breast_MD,Transcriptome
PLAUR,-0.05680893,Secretory,Mertins_Breast_MD,Transcriptome
PLCB3,-0.18026179,Cytosol,Mertins_Breast_MD,Transcriptome
PLCD1,-0.040254097,Secretory,Mertins_Breast_MD,Transcriptome
PLCG1,-0.0703276,Cytosol,Mertins_Breast_MD,Transcriptome
PLEKHA2,0.013776919,Cytosol,Mertins_Breast_MD,Transcriptome
PLGRKT,-0.1280721,Mitochondria,Mertins_Breast_MD,Transcriptome
PLRG1,-0.037747882,Nucleus,Mertins_Breast_MD,Transcriptome
PLS3,0.014880281,Cytosol,Mertins_Breast_MD,Transcriptome
PLXNA1,-0.0524,Secretory,Mertins_Breast_MD,Transcriptome
PLXNB2,-0.03411692,Secretory,Mertins_Breast_MD,Transcriptome
PM20D2,0.0072876196,Cytosol,Mertins_Breast_MD,Transcriptome
PMM1,-0.18370984,Cytosol,Mertins_Breast_MD,Transcriptome
PMM2,-0.059069246,Cytosol,Mertins_Breast_MD,Transcriptome
PMVK,-0.14583232,Cytosol,Mertins_Breast_MD,Transcriptome
PNKD,-0.014375955,Mitochondria,Mertins_Breast_MD,Transcriptome
PNN,0.008616642,Nucleus,Mertins_Breast_MD,Transcriptome
PNPLA6,-0.031813536,Secretory,Mertins_Breast_MD,Transcriptome
PNPLA8,-0.17233196,Mitochondria,Mertins_Breast_MD,Transcriptome
PNPO,-0.09962586,Cytosol,Mertins_Breast_MD,Transcriptome
PODXL,-0.06726747,Secretory,Mertins_Breast_MD,Transcriptome
POGZ,-0.022952706,Nucleus,Mertins_Breast_MD,Transcriptome
POLR1A,0.008232509,Nucleus,Mertins_Breast_MD,Transcriptome
POLR1E,-0.0036985842,Nucleus,Mertins_Breast_MD,Transcriptome
POLR2A,-0.09076268,Nucleus,Mertins_Breast_MD,Transcriptome
POLR3B,-0.027851146,Nucleus,Mertins_Breast_MD,Transcriptome
POLRMT,-0.13906267,Secretory,Mertins_Breast_MD,Transcriptome
POM121C,-0.0009956056,Nucleus,Mertins_Breast_MD,Transcriptome
PON2,0.10634572,Secretory,Mertins_Breast_MD,Transcriptome
POP1,0.0051064086,Nucleus,Mertins_Breast_MD,Transcriptome
POP4,-0.114519805,Nucleus,Mertins_Breast_MD,Transcriptome
POR,-0.24223994,Secretory,Mertins_Breast_MD,Transcriptome
PPA1,-0.06654961,Cytosol,Mertins_Breast_MD,Transcriptome
PPAT,-0.011688303,Cytosol,Mertins_Breast_MD,Transcriptome
PPCS,-0.17617407,Cytosol,Mertins_Breast_MD,Transcriptome
PPHLN1,-0.083955,Nucleus,Mertins_Breast_MD,Transcriptome
PPIA,-0.15332365,Cytosol,Mertins_Breast_MD,Transcriptome
PPID,-0.06330531,Cytosol,Mertins_Breast_MD,Transcriptome
PPIL2,-0.08741176,Nucleus,Mertins_Breast_MD,Transcriptome
PPIL3,-0.21235143,Cytosol,Mertins_Breast_MD,Transcriptome
PPIP5K2,-0.09924181,Cytosol,Mertins_Breast_MD,Transcriptome
PPM1A,-0.121030115,Cytosol,Mertins_Breast_MD,Transcriptome
PPM1B,-0.054511648,Cytosol,Mertins_Breast_MD,Transcriptome
PPM1F,0.014957795,Cytosol,Mertins_Breast_MD,Transcriptome
PPM1H,-0.11399765,Cytosol,Mertins_Breast_MD,Transcriptome
PPME1,-0.16894017,Cytosol,Mertins_Breast_MD,Transcriptome
PPP1CB,0.0040946077,Cytosol,Mertins_Breast_MD,Transcriptome
PPP1R11,-0.16283272,Cytosol,Mertins_Breast_MD,Transcriptome
PPP1R14B,-0.14064105,Cytosol,Mertins_Breast_MD,Transcriptome
PPP1R2,-0.11242295,Cytosol,Mertins_Breast_MD,Transcriptome
PPP1R7,-0.18274298,Cytosol,Mertins_Breast_MD,Transcriptome
PPP2R1A,-0.21759492,Cytosol,Mertins_Breast_MD,Transcriptome
PPP2R1B,-0.021926247,Cytosol,Mertins_Breast_MD,Transcriptome
PPP2R2A,-0.107394286,Cytosol,Mertins_Breast_MD,Transcriptome
PPP2R3A,-0.040678244,Cytosol,Mertins_Breast_MD,Transcriptome
PPP2R5C,-0.011936975,Cytosol,Mertins_Breast_MD,Transcriptome
PPP2R5D,-0.022373285,Cytosol,Mertins_Breast_MD,Transcriptome
PPP3CB,-0.10112077,Cytosol,Mertins_Breast_MD,Transcriptome
PPP4C,-0.21656744,Cytosol,Mertins_Breast_MD,Transcriptome
PPP4R1,-0.030588776,Cytosol,Mertins_Breast_MD,Transcriptome
PPP5C,-0.17752826,Cytosol,Mertins_Breast_MD,Transcriptome
PPP6R1,-0.08426627,Cytosol,Mertins_Breast_MD,Transcriptome
PRDX1,-0.15326965,Cytosol,Mertins_Breast_MD,Transcriptome
PRDX6,-0.11165752,Cytosol,Mertins_Breast_MD,Transcriptome
PREB,-0.18610235,Secretory,Mertins_Breast_MD,Transcriptome
PREP,-0.0075503658,Cytosol,Mertins_Breast_MD,Transcriptome
PREPL,-0.08845402,Cytosol,Mertins_Breast_MD,Transcriptome
PRKAB1,-0.11362248,Cytosol,Mertins_Breast_MD,Transcriptome
PRKAB2,-0.034938566,Cytosol,Mertins_Breast_MD,Transcriptome
PRKAR1B,-0.14809611,Cytosol,Mertins_Breast_MD,Transcriptome
PRKCA,0.01657093,Cytosol,Mertins_Breast_MD,Transcriptome
PRKD2,-0.18783277,Cytosol,Mertins_Breast_MD,Transcriptome
PRKRA,0.018946111,Nucleus,Mertins_Breast_MD,Transcriptome
PRMT3,-0.102725595,Cytosol,Mertins_Breast_MD,Transcriptome
PRMT5,-0.06394142,Cytosol,Mertins_Breast_MD,Transcriptome
PRNP,-0.048977904,Secretory,Mertins_Breast_MD,Transcriptome
PRPF19,-0.16740961,Nucleus,Mertins_Breast_MD,Transcriptome
PRPF31,-0.17543706,Nucleus,Mertins_Breast_MD,Transcriptome
PRPF38A,-0.019913338,Nucleus,Mertins_Breast_MD,Transcriptome
PRPF40A,-0.00096194044,Nucleus,Mertins_Breast_MD,Transcriptome
PRPS2,-0.09909095,Cytosol,Mertins_Breast_MD,Transcriptome
PRTFDC1,0.01527267,Cytosol,Mertins_Breast_MD,Transcriptome
PSMA1,-0.2163316,Cytosol,Mertins_Breast_MD,Transcriptome
PSMA3,-0.20443591,Cytosol,Mertins_Breast_MD,Transcriptome
PSMA4,-0.11136783,Cytosol,Mertins_Breast_MD,Transcriptome
PSMA5,-0.22035635,Cytosol,Mertins_Breast_MD,Transcriptome
PSMA6,-0.12100775,Cytosol,Mertins_Breast_MD,Transcriptome
PSMA7,-0.17452896,Cytosol,Mertins_Breast_MD,Transcriptome
PSMB2,-0.15737465,Cytosol,Mertins_Breast_MD,Transcriptome
PSMB4,-0.1412829,Cytosol,Mertins_Breast_MD,Transcriptome
PSMB5,-0.19564351,Cytosol,Mertins_Breast_MD,Transcriptome
PSMB7,-0.219955,Cytosol,Mertins_Breast_MD,Transcriptome
PSMC1,-0.026694058,Cytosol,Mertins_Breast_MD,Transcriptome
PSMC2,-0.21791553,Cytosol,Mertins_Breast_MD,Transcriptome
PSMC3,-0.19828932,Cytosol,Mertins_Breast_MD,Transcriptome
PSMC4,-0.2003479,Cytosol,Mertins_Breast_MD,Transcriptome
PSMC5,-0.2029874,Cytosol,Mertins_Breast_MD,Transcriptome
PSMD1,-0.027271256,Cytosol,Mertins_Breast_MD,Transcriptome
PSMD11,-0.11376272,Cytosol,Mertins_Breast_MD,Transcriptome
PSMD12,-0.09647049,Cytosol,Mertins_Breast_MD,Transcriptome
PSMD13,-0.2181203,Cytosol,Mertins_Breast_MD,Transcriptome
PSMD14,-0.122281305,Cytosol,Mertins_Breast_MD,Transcriptome
PSMD2,-0.013422206,Cytosol,Mertins_Breast_MD,Transcriptome
PSMD3,-0.031506125,Cytosol,Mertins_Breast_MD,Transcriptome
PSMD7,-0.012127912,Cytosol,Mertins_Breast_MD,Transcriptome
PSMD8,-0.21124437,Cytosol,Mertins_Breast_MD,Transcriptome
PSMD9,-0.08408256,Cytosol,Mertins_Breast_MD,Transcriptome
PSME4,0.0023648946,Cytosol,Mertins_Breast_MD,Transcriptome
PSMG1,-0.07805013,Cytosol,Mertins_Breast_MD,Transcriptome
PSMG4,-0.08831365,Cytosol,Mertins_Breast_MD,Transcriptome
PSPC1,-0.14059746,Nucleus,Mertins_Breast_MD,Transcriptome
PTDSS1,-0.1943176,Secretory,Mertins_Breast_MD,Transcriptome
PTGES2,0.18604705,Mitochondria,Mertins_Breast_MD,Transcriptome
PTGES3,-0.0734318,Cytosol,Mertins_Breast_MD,Transcriptome
PTGFRN,-0.0017211231,Secretory,Mertins_Breast_MD,Transcriptome
PTGR1,-0.11592519,Cytosol,Mertins_Breast_MD,Transcriptome
PTK7,-0.06403587,Secretory,Mertins_Breast_MD,Transcriptome
PTP4A2,-0.11044759,Cytosol,Mertins_Breast_MD,Transcriptome
PTPMT1,0.10898484,Mitochondria,Mertins_Breast_MD,Transcriptome
PTPN1,0.11611888,Secretory,Mertins_Breast_MD,Transcriptome
PTPN11,-0.04161627,Cytosol,Mertins_Breast_MD,Transcriptome
PTPN12,-0.010277795,Cytosol,Mertins_Breast_MD,Transcriptome
PTPN13,0.05917206,Secretory,Mertins_Breast_MD,Transcriptome
PTPRA,0.029020952,Secretory,Mertins_Breast_MD,Transcriptome
PTPRE,0.0042891456,Secretory,Mertins_Breast_MD,Transcriptome
PTPRF,-0.029613683,Secretory,Mertins_Breast_MD,Transcriptome
PTPRJ,-0.0034025537,Secretory,Mertins_Breast_MD,Transcriptome
PTPRK,-0.0044440865,Secretory,Mertins_Breast_MD,Transcriptome
PTPRS,-0.068646915,Secretory,Mertins_Breast_MD,Transcriptome
PTRH2,-0.22519402,Secretory,Mertins_Breast_MD,Transcriptome
PTRHD1,-0.19010916,Cytosol,Mertins_Breast_MD,Transcriptome
PTTG1IP,-0.06782788,Secretory,Mertins_Breast_MD,Transcriptome
PUS3,0.0044255,Nucleus,Mertins_Breast_MD,Transcriptome
PUSL1,-0.25174624,Secretory,Mertins_Breast_MD,Transcriptome
PWP2,-0.0039437017,Nucleus,Mertins_Breast_MD,Transcriptome
PXN,0.00095232495,Cytosol,Mertins_Breast_MD,Transcriptome
PYCR1,0.0971545,Mitochondria,Mertins_Breast_MD,Transcriptome
PYCR2,0.13835849,Mitochondria,Mertins_Breast_MD,Transcriptome
PYGL,-0.10735543,Cytosol,Mertins_Breast_MD,Transcriptome
PYGO2,-0.026713058,Nucleus,Mertins_Breast_MD,Transcriptome
PYROXD1,-0.073772274,Cytosol,Mertins_Breast_MD,Transcriptome
QDPR,-0.15236555,Cytosol,Mertins_Breast_MD,Transcriptome
QSOX1,-0.06406036,Secretory,Mertins_Breast_MD,Transcriptome
QTRT1,-0.16167504,Cytosol,Mertins_Breast_MD,Transcriptome
R3HCC1,-0.17388754,Cytosol,Mertins_Breast_MD,Transcriptome
R3HDM2,-0.111698285,Cytosol,Mertins_Breast_MD,Transcriptome
RAB10,-0.018849768,Secretory,Mertins_Breast_MD,Transcriptome
RAB11FIP5,0.08942509,Secretory,Mertins_Breast_MD,Transcriptome
RAB12,-0.06511352,Secretory,Mertins_Breast_MD,Transcriptome
RAB13,-0.21086936,Secretory,Mertins_Breast_MD,Transcriptome
RAB14,0.061255004,Secretory,Mertins_Breast_MD,Transcriptome
RAB18,0.10567563,Secretory,Mertins_Breast_MD,Transcriptome
RAB1A,-0.12794067,Secretory,Mertins_Breast_MD,Transcriptome
RAB1B,-0.21553211,Secretory,Mertins_Breast_MD,Transcriptome
RAB21,0.05485504,Secretory,Mertins_Breast_MD,Transcriptome
RAB22A,-0.03617219,Secretory,Mertins_Breast_MD,Transcriptome
RAB23,-0.0027394558,Secretory,Mertins_Breast_MD,Transcriptome
RAB24,-0.2033002,Secretory,Mertins_Breast_MD,Transcriptome
RAB27A,-0.007214204,Secretory,Mertins_Breast_MD,Transcriptome
RAB27B,0.113901675,Secretory,Mertins_Breast_MD,Transcriptome
RAB2A,-0.20828493,Secretory,Mertins_Breast_MD,Transcriptome
RAB2B,0.006011169,Secretory,Mertins_Breast_MD,Transcriptome
RAB30,0.110039435,Secretory,Mertins_Breast_MD,Transcriptome
RAB31,0.068166435,Secretory,Mertins_Breast_MD,Transcriptome
RAB32,-0.074777156,Secretory,Mertins_Breast_MD,Transcriptome
RAB33B,0.08299529,Secretory,Mertins_Breast_MD,Transcriptome
RAB35,-0.02651203,Secretory,Mertins_Breast_MD,Transcriptome
RAB43,-0.059551235,Secretory,Mertins_Breast_MD,Transcriptome
RAB4A,-0.040822476,Secretory,Mertins_Breast_MD,Transcriptome
RAB5A,0.09706268,Secretory,Mertins_Breast_MD,Transcriptome
RAB6A,-0.21319595,Secretory,Mertins_Breast_MD,Transcriptome
RAB7A,-0.090116955,Secretory,Mertins_Breast_MD,Transcriptome
RAB8A,0.09504027,Secretory,Mertins_Breast_MD,Transcriptome
RAB8B,-0.00038423503,Secretory,Mertins_Breast_MD,Transcriptome
RAB9A,-0.24751484,Secretory,Mertins_Breast_MD,Transcriptome
RABAC1,-0.22899051,Secretory,Mertins_Breast_MD,Transcriptome
RABEP1,-0.113441914,Cytosol,Mertins_Breast_MD,Transcriptome
RABEPK,-0.18965259,Cytosol,Mertins_Breast_MD,Transcriptome
RABGAP1,-0.09763113,Cytosol,Mertins_Breast_MD,Transcriptome
RABGAP1L,-0.050017476,Cytosol,Mertins_Breast_MD,Transcriptome
RABGGTA,-0.2074897,Cytosol,Mertins_Breast_MD,Transcriptome
RABGGTB,-0.12467297,Cytosol,Mertins_Breast_MD,Transcriptome
RABIF,-0.032238577,Cytosol,Mertins_Breast_MD,Transcriptome
RABL3,0.0966773,Secretory,Mertins_Breast_MD,Transcriptome
RABL6,-0.18640526,Cytosol,Mertins_Breast_MD,Transcriptome
RACGAP1,0.01754466,Mitochondria,Mertins_Breast_MD,Transcriptome
RAD21,-0.07288879,Nucleus,Mertins_Breast_MD,Transcriptome
RAD23A,-0.13838124,Cytosol,Mertins_Breast_MD,Transcriptome
RAD23B,-0.09671102,Cytosol,Mertins_Breast_MD,Transcriptome
RAI1,-0.07739191,Nucleus,Mertins_Breast_MD,Transcriptome
RALA,-0.034487758,Secretory,Mertins_Breast_MD,Transcriptome
RALB,0.026211265,Secretory,Mertins_Breast_MD,Transcriptome
RALGAPA2,-0.09920841,Cytosol,Mertins_Breast_MD,Transcriptome
RALGPS2,-0.10418874,Cytosol,Mertins_Breast_MD,Transcriptome
RALY,-0.18617953,Nucleus,Mertins_Breast_MD,Transcriptome
RAN,-0.08357315,Cytosol,Mertins_Breast_MD,Transcriptome
RANBP1,-0.12620285,Cytosol,Mertins_Breast_MD,Transcriptome
RANBP2,-0.004960745,Nucleus,Mertins_Breast_MD,Transcriptome
RANBP3,-0.07237054,Nucleus,Mertins_Breast_MD,Transcriptome
RAP1A,-0.04018472,Secretory,Mertins_Breast_MD,Transcriptome
RAP1B,0.11224007,Secretory,Mertins_Breast_MD,Transcriptome
RAP1GDS1,-0.08865985,Cytosol,Mertins_Breast_MD,Transcriptome
RAP2B,-0.04258715,Secretory,Mertins_Breast_MD,Transcriptome
RAP2C,0.10264552,Secretory,Mertins_Breast_MD,Transcriptome
RAPH1,-0.07082257,Cytosol,Mertins_Breast_MD,Transcriptome
RASA1,-0.0931996,Cytosol,Mertins_Breast_MD,Transcriptome
RBBP5,-0.013196184,Nucleus,Mertins_Breast_MD,Transcriptome
RBBP9,-0.018120455,Cytosol,Mertins_Breast_MD,Transcriptome
RBCK1,-0.20390299,Cytosol,Mertins_Breast_MD,Transcriptome
RBKS,-0.10381835,Cytosol,Mertins_Breast_MD,Transcriptome
RBM12B,-0.032112535,Nucleus,Mertins_Breast_MD,Transcriptome
RBM14,-0.096760064,Nucleus,Mertins_Breast_MD,Transcriptome
RBM15,0.004804474,Nucleus,Mertins_Breast_MD,Transcriptome
RBM15B,-0.058781106,Nucleus,Mertins_Breast_MD,Transcriptome
RBM19,0.0020136917,Nucleus,Mertins_Breast_MD,Transcriptome
RBM25,0.00885876,Nucleus,Mertins_Breast_MD,Transcriptome
RBM34,-0.086129844,Nucleus,Mertins_Breast_MD,Transcriptome
RBM42,-0.1692039,Nucleus,Mertins_Breast_MD,Transcriptome
RBM47,-0.12287832,Nucleus,Mertins_Breast_MD,Transcriptome
RBM5,-0.076751344,Nucleus,Mertins_Breast_MD,Transcriptome
RBM6,-0.04923979,Nucleus,Mertins_Breast_MD,Transcriptome
RBMS2,-0.0120203635,Nucleus,Mertins_Breast_MD,Transcriptome
RBMX,0.0070543718,Nucleus,Mertins_Breast_MD,Transcriptome
RBMXL1,-0.0015620455,Nucleus,Mertins_Breast_MD,Transcriptome
RBPJ,-0.008934302,Nucleus,Mertins_Breast_MD,Transcriptome
RBX1,-0.17799169,Cytosol,Mertins_Breast_MD,Transcriptome
RCC1,-0.04356656,Nucleus,Mertins_Breast_MD,Transcriptome
RCL1,-0.0037239078,Nucleus,Mertins_Breast_MD,Transcriptome
RCN1,-0.014175902,Nucleus,Mertins_Breast_MD,Transcriptome
RCOR1,0.013044736,Nucleus,Mertins_Breast_MD,Transcriptome
RCOR3,-0.05907033,Nucleus,Mertins_Breast_MD,Transcriptome
RDH10,-0.102517225,Secretory,Mertins_Breast_MD,Transcriptome
RDH11,-0.1881732,Secretory,Mertins_Breast_MD,Transcriptome
RDH13,-0.113804586,Mitochondria,Mertins_Breast_MD,Transcriptome
RDH14,-0.13428104,Secretory,Mertins_Breast_MD,Transcriptome
RDX,0.00097344606,Cytosol,Mertins_Breast_MD,Transcriptome
RECQL5,-0.13225773,Nucleus,Mertins_Breast_MD,Transcriptome
REEP3,0.11027149,Secretory,Mertins_Breast_MD,Transcriptome
REEP5,0.043135464,Secretory,Mertins_Breast_MD,Transcriptome
REL,-0.084470905,Cytosol,Mertins_Breast_MD,Transcriptome
RELB,0.016338136,Cytosol,Mertins_Breast_MD,Transcriptome
RELL1,-0.14908884,Secretory,Mertins_Breast_MD,Transcriptome
RER1,-0.19483104,Secretory,Mertins_Breast_MD,Transcriptome
RETSAT,0.02503208,Secretory,Mertins_Breast_MD,Transcriptome
REXO2,0.003507484,Cytosol,Mertins_Breast_MD,Transcriptome
REXO4,-0.1491321,Nucleus,Mertins_Breast_MD,Transcriptome
RFC1,-0.044576988,Nucleus,Mertins_Breast_MD,Transcriptome
RFX1,-0.11518863,Nucleus,Mertins_Breast_MD,Transcriptome
RHEB,-0.080729604,Cytosol,Mertins_Breast_MD,Transcriptome
RHOB,0.0182284,Secretory,Mertins_Breast_MD,Transcriptome
RHOG,-0.0449823,Secretory,Mertins_Breast_MD,Transcriptome
RHOT1,-0.14749019,Mitochondria,Mertins_Breast_MD,Transcriptome
RHOT2,0.17344311,Mitochondria,Mertins_Breast_MD,Transcriptome
RICTOR,-0.084009476,Cytosol,Mertins_Breast_MD,Transcriptome
RIF1,-0.0057069077,Nucleus,Mertins_Breast_MD,Transcriptome
RIN3,0.016263781,Cytosol,Mertins_Breast_MD,Transcriptome
RMDN1,-0.08543189,Nucleus,Mertins_Breast_MD,Transcriptome
RMDN3,-0.11368302,Mitochondria,Mertins_Breast_MD,Transcriptome
RMND1,0.059098214,Mitochondria,Mertins_Breast_MD,Transcriptome
RNF123,-0.091920905,Cytosol,Mertins_Breast_MD,Transcriptome
RNF126,-0.21377088,Cytosol,Mertins_Breast_MD,Transcriptome
RNF14,-0.1068941,Cytosol,Mertins_Breast_MD,Transcriptome
RNF146,-0.034555815,Cytosol,Mertins_Breast_MD,Transcriptome
RNF169,-0.026655018,Nucleus,Mertins_Breast_MD,Transcriptome
RNF2,-0.08314304,Nucleus,Mertins_Breast_MD,Transcriptome
RNF20,-0.10023591,Nucleus,Mertins_Breast_MD,Transcriptome
RNF25,-0.2007625,Cytosol,Mertins_Breast_MD,Transcriptome
RNF40,-0.11982349,Nucleus,Mertins_Breast_MD,Transcriptome
RNMT,0.017021626,Nucleus,Mertins_Breast_MD,Transcriptome
RNPC3,-0.010630982,Nucleus,Mertins_Breast_MD,Transcriptome
RNPEP,-0.17785919,Cytosol,Mertins_Breast_MD,Transcriptome
RNPS1,-0.2298609,Nucleus,Mertins_Breast_MD,Transcriptome
ROCK1,-0.06210157,Cytosol,Mertins_Breast_MD,Transcriptome
ROCK2,-0.022475583,Cytosol,Mertins_Breast_MD,Transcriptome
RP2,0.05101908,Secretory,Mertins_Breast_MD,Transcriptome
RPE,-0.008126815,Cytosol,Mertins_Breast_MD,Transcriptome
RPF2,-0.0114134075,Nucleus,Mertins_Breast_MD,Transcriptome
RPL10,-0.19142915,Nucleus,Mertins_Breast_MD,Transcriptome
RPL11,-0.18148267,Nucleus,Mertins_Breast_MD,Transcriptome
RPL12,-0.18169057,Nucleus,Mertins_Breast_MD,Transcriptome
RPL13A,-0.18609811,Nucleus,Mertins_Breast_MD,Transcriptome
RPL14,-0.1823274,Nucleus,Mertins_Breast_MD,Transcriptome
RPL15,-0.18065071,Nucleus,Mertins_Breast_MD,Transcriptome
RPL18,-0.19119373,Nucleus,Mertins_Breast_MD,Transcriptome
RPL18A,-0.18354265,Nucleus,Mertins_Breast_MD,Transcriptome
RPL21,-0.18531653,Nucleus,Mertins_Breast_MD,Transcriptome
RPL22L1,-0.10195145,Nucleus,Mertins_Breast_MD,Transcriptome
RPL23A,-0.20072715,Nucleus,Mertins_Breast_MD,Transcriptome
RPL27,-0.1854232,Nucleus,Mertins_Breast_MD,Transcriptome
RPL28,-0.19014987,Nucleus,Mertins_Breast_MD,Transcriptome
RPL3,-0.17910212,Nucleus,Mertins_Breast_MD,Transcriptome
RPL30,-0.19243944,Nucleus,Mertins_Breast_MD,Transcriptome
RPL34,-0.18020165,Nucleus,Mertins_Breast_MD,Transcriptome
RPL35A,-0.18042985,Nucleus,Mertins_Breast_MD,Transcriptome
RPL36,-0.18104783,Nucleus,Mertins_Breast_MD,Transcriptome
RPL37A,-0.17998773,Nucleus,Mertins_Breast_MD,Transcriptome
RPL4,-0.18952361,Nucleus,Mertins_Breast_MD,Transcriptome
RPL6,-0.1790606,Nucleus,Mertins_Breast_MD,Transcriptome
RPL7,-0.18536405,Nucleus,Mertins_Breast_MD,Transcriptome
RPL7A,-0.17941757,Nucleus,Mertins_Breast_MD,Transcriptome
RPL7L1,-0.021585783,Nucleus,Mertins_Breast_MD,Transcriptome
RPL9,-0.18124275,Nucleus,Mertins_Breast_MD,Transcriptome
RPLP0,-0.18472506,Nucleus,Mertins_Breast_MD,Transcriptome
RPLP2,-0.18205029,Nucleus,Mertins_Breast_MD,Transcriptome
RPN1,-0.20215552,Secretory,Mertins_Breast_MD,Transcriptome
RPN2,-0.20295072,Secretory,Mertins_Breast_MD,Transcriptome
RPRD2,-0.041952796,Nucleus,Mertins_Breast_MD,Transcriptome
RPS4X,-0.17876072,Nucleus,Mertins_Breast_MD,Transcriptome
RPS6KA1,-0.21947473,Cytosol,Mertins_Breast_MD,Transcriptome
RPS6KB1,-0.10870493,Cytosol,Mertins_Breast_MD,Transcriptome
RPS7,-0.18055573,Nucleus,Mertins_Breast_MD,Transcriptome
RPS8,-0.19061576,Nucleus,Mertins_Breast_MD,Transcriptome
RRAS,-0.18468429,Secretory,Mertins_Breast_MD,Transcriptome
RRAS2,-0.048683118,Secretory,Mertins_Breast_MD,Transcriptome
RRBP1,-0.20292889,Secretory,Mertins_Breast_MD,Transcriptome
RREB1,-0.09538043,Nucleus,Mertins_Breast_MD,Transcriptome
RRM2,-0.04249677,Cytosol,Mertins_Breast_MD,Transcriptome
RRM2B,-0.12148597,Cytosol,Mertins_Breast_MD,Transcriptome
RRP12,-0.10681059,Nucleus,Mertins_Breast_MD,Transcriptome
RRP36,-0.061924182,Nucleus,Mertins_Breast_MD,Transcriptome
RRP7A,-0.14201157,Nucleus,Mertins_Breast_MD,Transcriptome
RRS1,-0.16714878,Nucleus,Mertins_Breast_MD,Transcriptome
RSBN1,-0.024672603,Nucleus,Mertins_Breast_MD,Transcriptome
RSBN1L,-0.08186455,Nucleus,Mertins_Breast_MD,Transcriptome
RSF1,-0.03741399,Nucleus,Mertins_Breast_MD,Transcriptome
RSL1D1,-0.2055028,Nucleus,Mertins_Breast_MD,Transcriptome
RTN3,-0.15058407,Secretory,Mertins_Breast_MD,Transcriptome
RTN4,0.10373472,Secretory,Mertins_Breast_MD,Transcriptome
RUFY3,-0.032536954,Cytosol,Mertins_Breast_MD,Transcriptome
RWDD1,-0.1910915,Cytosol,Mertins_Breast_MD,Transcriptome
RWDD4,-0.08039024,Cytosol,Mertins_Breast_MD,Transcriptome
RYBP,-0.10388297,Nucleus,Mertins_Breast_MD,Transcriptome
S100A6,0.00371515,Cytosol,Mertins_Breast_MD,Transcriptome
SACM1L,0.08133315,Secretory,Mertins_Breast_MD,Transcriptome
SAFB,-0.18303013,Nucleus,Mertins_Breast_MD,Transcriptome
SAFB2,-0.20220356,Nucleus,Mertins_Breast_MD,Transcriptome
SAMM50,0.17390957,Mitochondria,Mertins_Breast_MD,Transcriptome
SAP18,-0.19931431,Nucleus,Mertins_Breast_MD,Transcriptome
SAR1A,-0.13107638,Cytosol,Mertins_Breast_MD,Transcriptome
SAR1B,-0.10649083,Cytosol,Mertins_Breast_MD,Transcriptome
SART3,-0.038482007,Nucleus,Mertins_Breast_MD,Transcriptome
SASH1,-0.05764316,Cytosol,Mertins_Breast_MD,Transcriptome
SBDS,-0.07785827,Cytosol,Mertins_Breast_MD,Transcriptome
SCAF1,-0.21931307,Nucleus,Mertins_Breast_MD,Transcriptome
SCAF4,0.018451523,Nucleus,Mertins_Breast_MD,Transcriptome
SCAF8,-0.04027186,Nucleus,Mertins_Breast_MD,Transcriptome
SCAMP1,0.08574797,Secretory,Mertins_Breast_MD,Transcriptome
SCAMP2,-0.038400877,Secretory,Mertins_Breast_MD,Transcriptome
SCAMP3,-0.013738152,Secretory,Mertins_Breast_MD,Transcriptome
SCAMP4,-0.106802985,Secretory,Mertins_Breast_MD,Transcriptome
SCARB2,0.02898595,Secretory,Mertins_Breast_MD,Transcriptome
SCCPDH,-0.1301245,Mitochondria,Mertins_Breast_MD,Transcriptome
SCFD1,-0.022137769,Secretory,Mertins_Breast_MD,Transcriptome
SCFD2,-0.023545476,Secretory,Mertins_Breast_MD,Transcriptome
SCO1,-0.16585076,Mitochondria,Mertins_Breast_MD,Transcriptome
SCRIB,0.102697834,Mitochondria,Mertins_Breast_MD,Transcriptome
SCRN1,-0.040562164,Cytosol,Mertins_Breast_MD,Transcriptome
SCRN3,-0.1097723,Cytosol,Mertins_Breast_MD,Transcriptome
SDAD1,-0.03570917,Nucleus,Mertins_Breast_MD,Transcriptome
SDC1,-0.027810361,Secretory,Mertins_Breast_MD,Transcriptome
SDCBP,0.016598716,Cytosol,Mertins_Breast_MD,Transcriptome
SDF2,-0.1075371,Secretory,Mertins_Breast_MD,Transcriptome
SDHA,0.14439006,Mitochondria,Mertins_Breast_MD,Transcriptome
SDHB,0.21543404,Mitochondria,Mertins_Breast_MD,Transcriptome
SEC11A,-0.19610344,Secretory,Mertins_Breast_MD,Transcriptome
SEC23IP,-0.12067128,Cytosol,Mertins_Breast_MD,Transcriptome
SEC62,0.06683143,Secretory,Mertins_Breast_MD,Transcriptome
SEC63,-0.059684098,Secretory,Mertins_Breast_MD,Transcriptome
SEL1L,0.06863881,Secretory,Mertins_Breast_MD,Transcriptome
SEMA3C,0.08555979,Secretory,Mertins_Breast_MD,Transcriptome
SENP3,-6.686914e-05,Nucleus,Mertins_Breast_MD,Transcriptome
SENP7,-0.029859211,Nucleus,Mertins_Breast_MD,Transcriptome
SEPSECS,-0.10399236,Cytosol,Mertins_Breast_MD,Transcriptome
SERPINB1,-0.10336647,Cytosol,Mertins_Breast_MD,Transcriptome
SET,-0.101978704,Nucleus,Mertins_Breast_MD,Transcriptome
SETD7,-0.107058376,Cytosol,Mertins_Breast_MD,Transcriptome
SF3A1,0.025831487,Nucleus,Mertins_Breast_MD,Transcriptome
SF3A2,-0.20145676,Nucleus,Mertins_Breast_MD,Transcriptome
SF3A3,-0.0020777513,Nucleus,Mertins_Breast_MD,Transcriptome
SF3B1,-0.005262811,Nucleus,Mertins_Breast_MD,Transcriptome
SFXN1,-0.059992187,Mitochondria,Mertins_Breast_MD,Transcriptome
SFXN2,-0.12680224,Mitochondria,Mertins_Breast_MD,Transcriptome
SFXN3,-0.14855762,Mitochondria,Mertins_Breast_MD,Transcriptome
SGPL1,0.07588549,Secretory,Mertins_Breast_MD,Transcriptome
SGTA,-0.1919185,Cytosol,Mertins_Breast_MD,Transcriptome
SGTB,0.009891775,Cytosol,Mertins_Breast_MD,Transcriptome
SH2D4A,-0.10834328,Cytosol,Mertins_Breast_MD,Transcriptome
SH3BP2,0.008770598,Cytosol,Mertins_Breast_MD,Transcriptome
SH3BP4,-0.00091219856,Secretory,Mertins_Breast_MD,Transcriptome
SH3BP5L,-0.0300801,Cytosol,Mertins_Breast_MD,Transcriptome
SH3D19,-0.010369,Cytosol,Mertins_Breast_MD,Transcriptome
SH3GL1,-0.20132366,Cytosol,Mertins_Breast_MD,Transcriptome
SH3KBP1,0.01608675,Cytosol,Mertins_Breast_MD,Transcriptome
SH3PXD2B,0.014497929,Cytosol,Mertins_Breast_MD,Transcriptome
SH3RF1,-0.075733945,Cytosol,Mertins_Breast_MD,Transcriptome
SIN3A,-0.0712872,Nucleus,Mertins_Breast_MD,Transcriptome
SIRT1,-0.04807593,Nucleus,Mertins_Breast_MD,Transcriptome
SLC12A2,0.116659805,Secretory,Mertins_Breast_MD,Transcriptome
SLC12A4,-0.015399447,Secretory,Mertins_Breast_MD,Transcriptome
SLC12A9,-0.2542588,Secretory,Mertins_Breast_MD,Transcriptome
SLC16A1,-0.08486876,Secretory,Mertins_Breast_MD,Transcriptome
SLC16A3,-0.06825341,Secretory,Mertins_Breast_MD,Transcriptome
SLC1A4,0.0038204822,Secretory,Mertins_Breast_MD,Transcriptome
SLC1A5,-0.2437729,Secretory,Mertins_Breast_MD,Transcriptome
SLC25A1,0.19561031,Mitochondria,Mertins_Breast_MD,Transcriptome
SLC25A12,-0.17774153,Mitochondria,Mertins_Breast_MD,Transcriptome
SLC25A13,-0.0034920995,Mitochondria,Mertins_Breast_MD,Transcriptome
SLC25A22,0.21268523,Mitochondria,Mertins_Breast_MD,Transcriptome
SLC25A24,-0.1774964,Mitochondria,Mertins_Breast_MD,Transcriptome
SLC25A25,-0.18319514,Mitochondria,Mertins_Breast_MD,Transcriptome
SLC25A3,0.13215949,Mitochondria,Mertins_Breast_MD,Transcriptome
SLC25A35,0.013993284,Mitochondria,Mertins_Breast_MD,Transcriptome
SLC25A36,-0.18377371,Mitochondria,Mertins_Breast_MD,Transcriptome
SLC25A5,0.063983135,Mitochondria,Mertins_Breast_MD,Transcriptome
SLC25A6,0.19543006,Mitochondria,Mertins_Breast_MD,Transcriptome
SLC27A1,0.09248058,Secretory,Mertins_Breast_MD,Transcriptome
SLC27A4,-0.09045419,Secretory,Mertins_Breast_MD,Transcriptome
SLC30A1,0.10191029,Secretory,Mertins_Breast_MD,Transcriptome
SLC35E1,0.0012796599,Secretory,Mertins_Breast_MD,Transcriptome
SLC3A2,-0.25317392,Secretory,Mertins_Breast_MD,Transcriptome
SLC44A1,0.07323616,Secretory,Mertins_Breast_MD,Transcriptome
SLC44A2,-0.009519136,Secretory,Mertins_Breast_MD,Transcriptome
SLC4A1AP,-0.0019035627,Nucleus,Mertins_Breast_MD,Transcriptome
SLC4A2,0.0024022253,Secretory,Mertins_Breast_MD,Transcriptome
SLC4A7,0.09019297,Secretory,Mertins_Breast_MD,Transcriptome
SLC9A1,0.05730683,Secretory,Mertins_Breast_MD,Transcriptome
SLK,-0.08442344,Cytosol,Mertins_Breast_MD,Transcriptome
SLMAP,0.087895334,Secretory,Mertins_Breast_MD,Transcriptome
SLTM,-0.106520414,Nucleus,Mertins_Breast_MD,Transcriptome
SMAD2,-0.04848717,Cytosol,Mertins_Breast_MD,Transcriptome
SMAD4,-0.054123815,Cytosol,Mertins_Breast_MD,Transcriptome
SMAD5,-0.108683705,Cytosol,Mertins_Breast_MD,Transcriptome
SMAP1,-0.04180645,Cytosol,Mertins_Breast_MD,Transcriptome
SMARCA1,-0.017235674,Nucleus,Mertins_Breast_MD,Transcriptome
SMARCA5,-0.053964097,Nucleus,Mertins_Breast_MD,Transcriptome
SMARCAD1,-0.03132278,Nucleus,Mertins_Breast_MD,Transcriptome
SMC1A,-0.0007360663,Nucleus,Mertins_Breast_MD,Transcriptome
SMC5,-0.029562483,Nucleus,Mertins_Breast_MD,Transcriptome
SMC6,-0.0012049746,Nucleus,Mertins_Breast_MD,Transcriptome
SMCHD1,-0.009529709,Nucleus,Mertins_Breast_MD,Transcriptome
SMG8,-0.07089973,Cytosol,Mertins_Breast_MD,Transcriptome
SMIM12,0.13101915,Mitochondria,Mertins_Breast_MD,Transcriptome
SMPD1,0.08615409,Secretory,Mertins_Breast_MD,Transcriptome
SMPD4,-0.10737509,Nucleus,Mertins_Breast_MD,Transcriptome
SMS,-0.13238801,Cytosol,Mertins_Breast_MD,Transcriptome
SMYD2,-0.0046710214,Cytosol,Mertins_Breast_MD,Transcriptome
SMYD5,-0.11427483,Cytosol,Mertins_Breast_MD,Transcriptome
SNAP23,0.06876786,Secretory,Mertins_Breast_MD,Transcriptome
SNAP47,-0.013966777,Secretory,Mertins_Breast_MD,Transcriptome
SNTB2,-0.17180151,Mitochondria,Mertins_Breast_MD,Transcriptome
SNX1,-0.100996725,Cytosol,Mertins_Breast_MD,Transcriptome
SNX15,-0.069323495,Cytosol,Mertins_Breast_MD,Transcriptome
SNX2,-0.10633471,Cytosol,Mertins_Breast_MD,Transcriptome
SNX5,-0.10822804,Cytosol,Mertins_Breast_MD,Transcriptome
SNX6,-0.038223103,Cytosol,Mertins_Breast_MD,Transcriptome
SNX9,-0.100268394,Cytosol,Mertins_Breast_MD,Transcriptome
SOAT1,-0.04792697,Secretory,Mertins_Breast_MD,Transcriptome
SOD1,-0.2026642,Cytosol,Mertins_Breast_MD,Transcriptome
SORBS3,-0.18195184,Cytosol,Mertins_Breast_MD,Transcriptome
SORD,-0.10270958,Cytosol,Mertins_Breast_MD,Transcriptome
SORT1,-0.045349922,Secretory,Mertins_Breast_MD,Transcriptome
SOS1,-0.014321225,Cytosol,Mertins_Breast_MD,Transcriptome
SOWAHC,-0.08998789,Cytosol,Mertins_Breast_MD,Transcriptome
SP1,-0.06438823,Nucleus,Mertins_Breast_MD,Transcriptome
SPAG9,-0.103369385,Cytosol,Mertins_Breast_MD,Transcriptome
SPC24,-0.11117186,Cytosol,Mertins_Breast_MD,Transcriptome
SPCS2,-0.19773965,Secretory,Mertins_Breast_MD,Transcriptome
SPCS3,-0.04740671,Secretory,Mertins_Breast_MD,Transcriptome
SPECC1,-0.0050428165,Secretory,Mertins_Breast_MD,Transcriptome
SPEN,-0.022632407,Nucleus,Mertins_Breast_MD,Transcriptome
SPG7,0.0782677,Mitochondria,Mertins_Breast_MD,Transcriptome
SPIN1,-0.05027683,Nucleus,Mertins_Breast_MD,Transcriptome
SPPL2A,0.09510523,Secretory,Mertins_Breast_MD,Transcriptome
SPR,-0.11683224,Cytosol,Mertins_Breast_MD,Transcriptome
SPRYD3,0.031276457,Secretory,Mertins_Breast_MD,Transcriptome
SPTLC1,0.08672567,Secretory,Mertins_Breast_MD,Transcriptome
SPTLC2,0.09851004,Secretory,Mertins_Breast_MD,Transcriptome
SQLE,-0.18239698,Secretory,Mertins_Breast_MD,Transcriptome
SRCAP,-0.080635644,Nucleus,Mertins_Breast_MD,Transcriptome
SRFBP1,-0.096431665,Nucleus,Mertins_Breast_MD,Transcriptome
SRGAP1,-0.11946655,Cytosol,Mertins_Breast_MD,Transcriptome
SRI,-0.21548255,Cytosol,Mertins_Breast_MD,Transcriptome
SRM,-0.20188318,Cytosol,Mertins_Breast_MD,Transcriptome
SRP68,-0.11705162,Cytosol,Mertins_Breast_MD,Transcriptome
SRP72,-0.024266094,Cytosol,Mertins_Breast_MD,Transcriptome
SRPRB,-0.2383048,Secretory,Mertins_Breast_MD,Transcriptome
SRR,-0.10388088,Cytosol,Mertins_Breast_MD,Transcriptome
SRRT,-0.19011167,Nucleus,Mertins_Breast_MD,Transcriptome
SRSF1,-0.08492136,Nucleus,Mertins_Breast_MD,Transcriptome
SRSF3,-0.03313833,Nucleus,Mertins_Breast_MD,Transcriptome
SRSF4,-0.0040386105,Nucleus,Mertins_Breast_MD,Transcriptome
SRSF5,-0.10850445,Nucleus,Mertins_Breast_MD,Transcriptome
SRSF7,-0.05330693,Nucleus,Mertins_Breast_MD,Transcriptome
SRSF9,-0.0030478493,Nucleus,Mertins_Breast_MD,Transcriptome
SSBP1,0.2101522,Mitochondria,Mertins_Breast_MD,Transcriptome
SSH3,-0.11129196,Cytosol,Mertins_Breast_MD,Transcriptome
SSNA1,-0.21112616,Cytosol,Mertins_Breast_MD,Transcriptome
SSR1,-0.04863849,Secretory,Mertins_Breast_MD,Transcriptome
SSR4,-0.2465808,Secretory,Mertins_Breast_MD,Transcriptome
SSU72,-0.21778782,Cytosol,Mertins_Breast_MD,Transcriptome
ST13,-0.13276608,Cytosol,Mertins_Breast_MD,Transcriptome
ST3GAL1,0.025833765,Secretory,Mertins_Breast_MD,Transcriptome
STAG1,-0.013900783,Nucleus,Mertins_Breast_MD,Transcriptome
STAG2,-0.05505326,Nucleus,Mertins_Breast_MD,Transcriptome
STAMBP,-0.017667402,Cytosol,Mertins_Breast_MD,Transcriptome
STAT1,0.0017020601,Cytosol,Mertins_Breast_MD,Transcriptome
STAT5B,-0.08734007,Cytosol,Mertins_Breast_MD,Transcriptome
STAU1,-0.023889884,Nucleus,Mertins_Breast_MD,Transcriptome
STAU2,-0.08450254,Nucleus,Mertins_Breast_MD,Transcriptome
STIM1,-0.031866554,Secretory,Mertins_Breast_MD,Transcriptome
STIP1,-0.16288342,Cytosol,Mertins_Breast_MD,Transcriptome
STK24,-0.028103042,Cytosol,Mertins_Breast_MD,Transcriptome
STK38,0.0045589483,Cytosol,Mertins_Breast_MD,Transcriptome
STK38L,0.008720176,Cytosol,Mertins_Breast_MD,Transcriptome
STK4,-0.038047276,Cytosol,Mertins_Breast_MD,Transcriptome
STMN1,-0.013959719,Cytosol,Mertins_Breast_MD,Transcriptome
STOM,-0.023742158,Secretory,Mertins_Breast_MD,Transcriptome
STOML2,0.09373161,Mitochondria,Mertins_Breast_MD,Transcriptome
STRAP,-0.032418843,Cytosol,Mertins_Breast_MD,Transcriptome
STRBP,-0.11053864,Nucleus,Mertins_Breast_MD,Transcriptome
STT3A,-0.05904741,Secretory,Mertins_Breast_MD,Transcriptome
STT3B,0.06704897,Secretory,Mertins_Breast_MD,Transcriptome
STX10,-0.2248681,Secretory,Mertins_Breast_MD,Transcriptome
STX12,0.10154573,Secretory,Mertins_Breast_MD,Transcriptome
STX16,-0.05511113,Secretory,Mertins_Breast_MD,Transcriptome
STX17,0.03250093,Secretory,Mertins_Breast_MD,Transcriptome
STX18,0.009919959,Secretory,Mertins_Breast_MD,Transcriptome
STX3,-0.11944461,Secretory,Mertins_Breast_MD,Transcriptome
STX4,-0.20471424,Secretory,Mertins_Breast_MD,Transcriptome
STX5,-0.18325156,Secretory,Mertins_Breast_MD,Transcriptome
STX6,-0.024075577,Secretory,Mertins_Breast_MD,Transcriptome
STX7,-0.04984692,Secretory,Mertins_Breast_MD,Transcriptome
STXBP3,0.07053449,Secretory,Mertins_Breast_MD,Transcriptome
SUGP1,-0.18383515,Nucleus,Mertins_Breast_MD,Transcriptome
SUGP2,-0.043376487,Nucleus,Mertins_Breast_MD,Transcriptome
SUGT1,-0.029053124,Cytosol,Mertins_Breast_MD,Transcriptome
SUN1,0.0055185957,Nucleus,Mertins_Breast_MD,Transcriptome
SUN2,-0.014785488,Nucleus,Mertins_Breast_MD,Transcriptome
SUOX,-0.11335182,Nucleus,Mertins_Breast_MD,Transcriptome
SUPT16H,-0.032955993,Nucleus,Mertins_Breast_MD,Transcriptome
SUPT5H,0.00022559712,Nucleus,Mertins_Breast_MD,Transcriptome
SUPT6H,-0.13887309,Nucleus,Mertins_Breast_MD,Transcriptome
SUPV3L1,0.021345425,Mitochondria,Mertins_Breast_MD,Transcriptome
SURF1,0.039774843,Mitochondria,Mertins_Breast_MD,Transcriptome
SURF4,-0.026109537,Secretory,Mertins_Breast_MD,Transcriptome
SURF6,-0.17171745,Nucleus,Mertins_Breast_MD,Transcriptome
SWAP70,-0.006280071,Cytosol,Mertins_Breast_MD,Transcriptome
SYMPK,-0.07265466,Nucleus,Mertins_Breast_MD,Transcriptome
SYNCRIP,0.004553762,Nucleus,Mertins_Breast_MD,Transcriptome
SYNE2,-0.018662626,Nucleus,Mertins_Breast_MD,Transcriptome
SYNGR2,-0.24914882,Secretory,Mertins_Breast_MD,Transcriptome
SYNJ1,-0.09248403,Cytosol,Mertins_Breast_MD,Transcriptome
SYNJ2BP,-0.15457943,Mitochondria,Mertins_Breast_MD,Transcriptome
SYNRG,-0.09662811,Cytosol,Mertins_Breast_MD,Transcriptome
SZRD1,-0.20463218,Cytosol,Mertins_Breast_MD,Transcriptome
TAB1,-0.18004285,Cytosol,Mertins_Breast_MD,Transcriptome
TAB2,-0.026621098,Cytosol,Mertins_Breast_MD,Transcriptome
TACC2,-0.14558598,Cytosol,Mertins_Breast_MD,Transcriptome
TACC3,-0.09890547,Cytosol,Mertins_Breast_MD,Transcriptome
TAF4,-0.018711599,Nucleus,Mertins_Breast_MD,Transcriptome
TAF7,-0.10679592,Cytosol,Mertins_Breast_MD,Transcriptome
TAGLN2,-0.06571927,Cytosol,Mertins_Breast_MD,Transcriptome
TALDO1,-0.21340868,Cytosol,Mertins_Breast_MD,Transcriptome
TAMM41,-0.044289842,Mitochondria,Mertins_Breast_MD,Transcriptome
TANC1,-0.021617698,Cytosol,Mertins_Breast_MD,Transcriptome
TANGO2,-0.08939451,Cytosol,Mertins_Breast_MD,Transcriptome
TANK,0.008436583,Cytosol,Mertins_Breast_MD,Transcriptome
TAP1,-0.04609374,Secretory,Mertins_Breast_MD,Transcriptome
TAP2,-0.046950653,Secretory,Mertins_Breast_MD,Transcriptome
TARS2,-0.13394707,Mitochondria,Mertins_Breast_MD,Transcriptome
TATDN1,-0.10337031,Cytosol,Mertins_Breast_MD,Transcriptome
TATDN3,-0.1119834,Cytosol,Mertins_Breast_MD,Transcriptome
TBC1D1,0.014327338,Cytosol,Mertins_Breast_MD,Transcriptome
TBC1D13,-0.08924218,Cytosol,Mertins_Breast_MD,Transcriptome
TBC1D2,-0.020155491,Cytosol,Mertins_Breast_MD,Transcriptome
TBC1D22A,-0.18350309,Cytosol,Mertins_Breast_MD,Transcriptome
TBC1D2B,-0.0049911058,Cytosol,Mertins_Breast_MD,Transcriptome
TBC1D5,-0.06417493,Cytosol,Mertins_Breast_MD,Transcriptome
TBCB,-0.16322216,Cytosol,Mertins_Breast_MD,Transcriptome
TBCC,-0.14302352,Cytosol,Mertins_Breast_MD,Transcriptome
TBCE,-0.060443316,Cytosol,Mertins_Breast_MD,Transcriptome
TBCEL,-0.10135824,Cytosol,Mertins_Breast_MD,Transcriptome
TBK1,-0.116817884,Cytosol,Mertins_Breast_MD,Transcriptome
TBL1XR1,0.011185471,Nucleus,Mertins_Breast_MD,Transcriptome
TBL2,-0.0085689165,Secretory,Mertins_Breast_MD,Transcriptome
TBL3,-0.21953836,Nucleus,Mertins_Breast_MD,Transcriptome
TBRG4,0.031604428,Mitochondria,Mertins_Breast_MD,Transcriptome
TCERG1,0.009373538,Nucleus,Mertins_Breast_MD,Transcriptome
TCF20,0.01650971,Nucleus,Mertins_Breast_MD,Transcriptome
TCF25,-0.17204386,Secretory,Mertins_Breast_MD,Transcriptome
TCIRG1,-0.059993956,Secretory,Mertins_Breast_MD,Transcriptome
TCOF1,-0.0147918165,Nucleus,Mertins_Breast_MD,Transcriptome
TCP1,-0.01105427,Cytosol,Mertins_Breast_MD,Transcriptome
TDRKH,-0.1809104,Mitochondria,Mertins_Breast_MD,Transcriptome
TECPR2,-0.107895836,Cytosol,Mertins_Breast_MD,Transcriptome
TECR,-0.23386957,Secretory,Mertins_Breast_MD,Transcriptome
TEP1,0.0017873532,Nucleus,Mertins_Breast_MD,Transcriptome
TEX10,-0.00869733,Nucleus,Mertins_Breast_MD,Transcriptome
TEX2,0.045287836,Secretory,Mertins_Breast_MD,Transcriptome
TEX264,-0.09778683,Secretory,Mertins_Breast_MD,Transcriptome
TFAM,-0.119960904,Mitochondria,Mertins_Breast_MD,Transcriptome
TFAP2A,-0.10159048,Nucleus,Mertins_Breast_MD,Transcriptome
TFAP2C,0.004747151,Nucleus,Mertins_Breast_MD,Transcriptome
TFB1M,-0.24748054,Secretory,Mertins_Breast_MD,Transcriptome
TFG,-0.09753565,Cytosol,Mertins_Breast_MD,Transcriptome
TFIP11,-0.041263487,Nucleus,Mertins_Breast_MD,Transcriptome
TFRC,-0.044462908,Secretory,Mertins_Breast_MD,Transcriptome
TGFBRAP1,-0.07093086,Cytosol,Mertins_Breast_MD,Transcriptome
THADA,-0.041242484,Cytosol,Mertins_Breast_MD,Transcriptome
THAP11,-0.073607214,Nucleus,Mertins_Breast_MD,Transcriptome
THEM6,-0.22456877,Secretory,Mertins_Breast_MD,Transcriptome
THG1L,-0.1292794,Cytosol,Mertins_Breast_MD,Transcriptome
THOP1,-0.19089003,Cytosol,Mertins_Breast_MD,Transcriptome
THTPA,-0.120654896,Cytosol,Mertins_Breast_MD,Transcriptome
THUMPD3,-0.10534387,Cytosol,Mertins_Breast_MD,Transcriptome
TIMM10,0.21438114,Mitochondria,Mertins_Breast_MD,Transcriptome
TIMM17B,0.21637216,Mitochondria,Mertins_Breast_MD,Transcriptome
TIMM44,0.1380336,Mitochondria,Mertins_Breast_MD,Transcriptome
TIMM50,0.13495041,Mitochondria,Mertins_Breast_MD,Transcriptome
TIMMDC1,0.09803339,Mitochondria,Mertins_Breast_MD,Transcriptome
TIMP2,-0.014830119,Secretory,Mertins_Breast_MD,Transcriptome
TIPRL,-0.0037856682,Cytosol,Mertins_Breast_MD,Transcriptome
TK1,-0.13688502,Cytosol,Mertins_Breast_MD,Transcriptome
TLK1,-0.017737502,Nucleus,Mertins_Breast_MD,Transcriptome
TLK2,-0.09950492,Nucleus,Mertins_Breast_MD,Transcriptome
TLN1,0.008133948,Cytosol,Mertins_Breast_MD,Transcriptome
TM9SF2,-6.426532e-06,Secretory,Mertins_Breast_MD,Transcriptome
TM9SF3,0.09775049,Secretory,Mertins_Breast_MD,Transcriptome
TM9SF4,0.027139267,Secretory,Mertins_Breast_MD,Transcriptome
TMED1,-0.20837633,Secretory,Mertins_Breast_MD,Transcriptome
TMED10,0.05088604,Secretory,Mertins_Breast_MD,Transcriptome
TMED2,-0.015112872,Secretory,Mertins_Breast_MD,Transcriptome
TMED3,-0.041104175,Secretory,Mertins_Breast_MD,Transcriptome
TMED4,0.08486954,Secretory,Mertins_Breast_MD,Transcriptome
TMED5,0.11165545,Secretory,Mertins_Breast_MD,Transcriptome
TMED9,-0.24797766,Secretory,Mertins_Breast_MD,Transcriptome
TMEM106B,0.07714369,Secretory,Mertins_Breast_MD,Transcriptome
TMEM11,0.2013981,Mitochondria,Mertins_Breast_MD,Transcriptome
TMEM115,-0.1099909,Secretory,Mertins_Breast_MD,Transcriptome
TMEM126A,0.21271534,Mitochondria,Mertins_Breast_MD,Transcriptome
TMEM205,-0.05008597,Secretory,Mertins_Breast_MD,Transcriptome
TMEM214,-0.1993694,Secretory,Mertins_Breast_MD,Transcriptome
TMEM230,-0.17318816,Secretory,Mertins_Breast_MD,Transcriptome
TMEM43,-0.041357916,Secretory,Mertins_Breast_MD,Transcriptome
TMEM63A,-0.0012080866,Secretory,Mertins_Breast_MD,Transcriptome
TMEM70,0.13017459,Mitochondria,Mertins_Breast_MD,Transcriptome
TMEM87A,0.110831775,Secretory,Mertins_Breast_MD,Transcriptome
TMEM87B,0.112159036,Secretory,Mertins_Breast_MD,Transcriptome
TMPO,0.004917837,Nucleus,Mertins_Breast_MD,Transcriptome
TMTC3,0.113753356,Secretory,Mertins_Breast_MD,Transcriptome
TMX1,0.095064856,Secretory,Mertins_Breast_MD,Transcriptome
TMX2,-0.19746341,Secretory,Mertins_Breast_MD,Transcriptome
TMX3,0.012215973,Secretory,Mertins_Breast_MD,Transcriptome
TNIP1,0.014731142,Cytosol,Mertins_Breast_MD,Transcriptome
TOE1,-0.13472368,Nucleus,Mertins_Breast_MD,Transcriptome
TOM1L1,-0.10607484,Cytosol,Mertins_Breast_MD,Transcriptome
TOMM20,-0.18028805,Mitochondria,Mertins_Breast_MD,Transcriptome
TOMM22,0.16370313,Mitochondria,Mertins_Breast_MD,Transcriptome
TOMM34,-0.11420032,Cytosol,Mertins_Breast_MD,Transcriptome
TOMM40,0.12900978,Mitochondria,Mertins_Breast_MD,Transcriptome
TOMM5,0.018575318,Mitochondria,Mertins_Breast_MD,Transcriptome
TOP2A,-0.057399552,Nucleus,Mertins_Breast_MD,Transcriptome
TOP2B,-0.034341674,Nucleus,Mertins_Breast_MD,Transcriptome
TOR1AIP1,-0.059730835,Nucleus,Mertins_Breast_MD,Transcriptome
TOR1AIP2,-0.012635582,Secretory,Mertins_Breast_MD,Transcriptome
TOR2A,-0.11319473,Secretory,Mertins_Breast_MD,Transcriptome
TP53I3,0.01581591,Cytosol,Mertins_Breast_MD,Transcriptome
TPD52,-0.09022714,Cytosol,Mertins_Breast_MD,Transcriptome
TPI1,-0.12364908,Cytosol,Mertins_Breast_MD,Transcriptome
TPM1,0.00907359,Cytosol,Mertins_Breast_MD,Transcriptome
TPM2,0.016348884,Cytosol,Mertins_Breast_MD,Transcriptome
TPM3,-0.009995832,Cytosol,Mertins_Breast_MD,Transcriptome
TPM4,0.010209949,Cytosol,Mertins_Breast_MD,Transcriptome
TPMT,-0.18540953,Cytosol,Mertins_Breast_MD,Transcriptome
TPP2,-0.008444703,Nucleus,Mertins_Breast_MD,Transcriptome
TPRG1L,-0.18730469,Secretory,Mertins_Breast_MD,Transcriptome
TPT1,-0.18847652,Cytosol,Mertins_Breast_MD,Transcriptome
TRA2A,-0.22287951,Nucleus,Mertins_Breast_MD,Transcriptome
TRA2B,-0.008356412,Nucleus,Mertins_Breast_MD,Transcriptome
TRAF2,-0.16972777,Cytosol,Mertins_Breast_MD,Transcriptome
TRAF3IP1,-0.10775669,Cytosol,Mertins_Breast_MD,Transcriptome
TRAFD1,-0.10413952,Cytosol,Mertins_Breast_MD,Transcriptome
TRAP1,0.13140938,Mitochondria,Mertins_Breast_MD,Transcriptome
TRAPPC3,-0.21548332,Cytosol,Mertins_Breast_MD,Transcriptome
TRIAP1,-0.1306319,Nucleus,Mertins_Breast_MD,Transcriptome
TRIM21,-0.020145288,Cytosol,Mertins_Breast_MD,Transcriptome
TRIM24,-0.02650815,Nucleus,Mertins_Breast_MD,Transcriptome
TRIM26,-0.023275439,Cytosol,Mertins_Breast_MD,Transcriptome
TRIM28,-0.17271605,Nucleus,Mertins_Breast_MD,Transcriptome
TRIM33,-0.013290544,Nucleus,Mertins_Breast_MD,Transcriptome
TRIM36,-0.086678095,Cytosol,Mertins_Breast_MD,Transcriptome
TRIM4,0.104201645,Secretory,Mertins_Breast_MD,Transcriptome
TRIM47,-0.018928492,Cytosol,Mertins_Breast_MD,Transcriptome
TRIM5,-0.0028309901,Cytosol,Mertins_Breast_MD,Transcriptome
TRIM56,-0.055817474,Nucleus,Mertins_Breast_MD,Transcriptome
TRIM65,-0.0074908114,Cytosol,Mertins_Breast_MD,Transcriptome
TRIP10,0.01454494,Cytosol,Mertins_Breast_MD,Transcriptome
TRIP11,0.08718083,Secretory,Mertins_Breast_MD,Transcriptome
TRIP12,-0.020016827,Nucleus,Mertins_Breast_MD,Transcriptome
TRIP6,0.012622082,Cytosol,Mertins_Breast_MD,Transcriptome
TRMT10C,0.07076655,Mitochondria,Mertins_Breast_MD,Transcriptome
TRMT1L,-0.064681984,Nucleus,Mertins_Breast_MD,Transcriptome
TRMT6,0.0123942625,Nucleus,Mertins_Breast_MD,Transcriptome
TRUB2,-0.14041033,Secretory,Mertins_Breast_MD,Transcriptome
TSC1,-0.069185905,Cytosol,Mertins_Breast_MD,Transcriptome
TSC22D2,-0.01661973,Cytosol,Mertins_Breast_MD,Transcriptome
TSPO,0.15223804,Mitochondria,Mertins_Breast_MD,Transcriptome
TSTD1,-0.10181796,Cytosol,Mertins_Breast_MD,Transcriptome
TTC1,-0.0946079,Cytosol,Mertins_Breast_MD,Transcriptome
TTC13,-0.042877723,Secretory,Mertins_Breast_MD,Transcriptome
TTC17,0.11378908,Secretory,Mertins_Breast_MD,Transcriptome
TTC4,-0.081719056,Cytosol,Mertins_Breast_MD,Transcriptome
TTC5,-0.15071976,Cytosol,Mertins_Breast_MD,Transcriptome
TTLL12,-0.049573384,Cytosol,Mertins_Breast_MD,Transcriptome
TUBA4A,-0.12733299,Cytosol,Mertins_Breast_MD,Transcriptome
TUBB,-0.048596647,Cytosol,Mertins_Breast_MD,Transcriptome
TUBB4B,-0.2133812,Cytosol,Mertins_Breast_MD,Transcriptome
TUBB6,0.015623627,Cytosol,Mertins_Breast_MD,Transcriptome
TUBGCP6,-0.042413548,Cytosol,Mertins_Breast_MD,Transcriptome
TUFM,0.1799628,Mitochondria,Mertins_Breast_MD,Transcriptome
TUFT1,-0.09014739,Cytosol,Mertins_Breast_MD,Transcriptome
TUT1,-0.19207357,Nucleus,Mertins_Breast_MD,Transcriptome
TWF2,-0.16337171,Cytosol,Mertins_Breast_MD,Transcriptome
TXLNA,-0.029354459,Cytosol,Mertins_Breast_MD,Transcriptome
TXLNG,-0.049616102,Cytosol,Mertins_Breast_MD,Transcriptome
TXNDC5,0.011690458,Nucleus,Mertins_Breast_MD,Transcriptome
TXNDC9,-0.008324734,Cytosol,Mertins_Breast_MD,Transcriptome
TXNL1,-0.19652341,Cytosol,Mertins_Breast_MD,Transcriptome
TXNL4B,-0.05024862,Cytosol,Mertins_Breast_MD,Transcriptome
TXNRD1,-0.0052013323,Cytosol,Mertins_Breast_MD,Transcriptome
TYW5,-0.07277074,Cytosol,Mertins_Breast_MD,Transcriptome
U2AF1,0.015484233,Nucleus,Mertins_Breast_MD,Transcriptome
U2AF2,-0.18480319,Nucleus,Mertins_Breast_MD,Transcriptome
UAP1,-0.029930241,Cytosol,Mertins_Breast_MD,Transcriptome
UAP1L1,-0.19274004,Cytosol,Mertins_Breast_MD,Transcriptome
UBA1,-0.18230906,Cytosol,Mertins_Breast_MD,Transcriptome
UBA6,-0.020581042,Cytosol,Mertins_Breast_MD,Transcriptome
UBAC1,-0.11409096,Cytosol,Mertins_Breast_MD,Transcriptome
UBAP1,0.002448929,Cytosol,Mertins_Breast_MD,Transcriptome
UBE2A,-0.0678566,Cytosol,Mertins_Breast_MD,Transcriptome
UBE2B,-0.108090796,Cytosol,Mertins_Breast_MD,Transcriptome
UBE2C,-0.09125528,Cytosol,Mertins_Breast_MD,Transcriptome
UBE2D2,-0.10253195,Cytosol,Mertins_Breast_MD,Transcriptome
UBE2G1,-0.103823684,Cytosol,Mertins_Breast_MD,Transcriptome
UBE2G2,-0.05024382,Secretory,Mertins_Breast_MD,Transcriptome
UBE2H,-0.10909591,Cytosol,Mertins_Breast_MD,Transcriptome
UBE2K,-0.10394482,Cytosol,Mertins_Breast_MD,Transcriptome
UBE2L3,-0.19517769,Cytosol,Mertins_Breast_MD,Transcriptome
UBE2L6,-0.02158278,Cytosol,Mertins_Breast_MD,Transcriptome
UBE2M,-0.21821652,Cytosol,Mertins_Breast_MD,Transcriptome
UBE2O,-0.18306652,Cytosol,Mertins_Breast_MD,Transcriptome
UBE2R2,-0.019244129,Cytosol,Mertins_Breast_MD,Transcriptome
UBE2Z,-0.12771055,Cytosol,Mertins_Breast_MD,Transcriptome
UBFD1,-0.101021074,Cytosol,Mertins_Breast_MD,Transcriptome
UBL7,-0.18244308,Cytosol,Mertins_Breast_MD,Transcriptome
UBN1,-0.07083771,Nucleus,Mertins_Breast_MD,Transcriptome
UBP1,-0.070912145,Cytosol,Mertins_Breast_MD,Transcriptome
UBQLN1,-0.0882138,Cytosol,Mertins_Breast_MD,Transcriptome
UBR1,-0.082080625,Cytosol,Mertins_Breast_MD,Transcriptome
UBR3,-0.09173378,Cytosol,Mertins_Breast_MD,Transcriptome
UBR4,-0.065938175,Cytosol,Mertins_Breast_MD,Transcriptome
UBR5,-0.043650385,Nucleus,Mertins_Breast_MD,Transcriptome
UBXN1,-0.20972604,Cytosol,Mertins_Breast_MD,Transcriptome
UBXN2B,-0.0349365,Cytosol,Mertins_Breast_MD,Transcriptome
UBXN4,0.042042207,Secretory,Mertins_Breast_MD,Transcriptome
UCHL5,-0.02318094,Cytosol,Mertins_Breast_MD,Transcriptome
UCK2,-0.0019164816,Cytosol,Mertins_Breast_MD,Transcriptome
UEVLD,-0.1183176,Cytosol,Mertins_Breast_MD,Transcriptome
UFL1,0.076329045,Secretory,Mertins_Breast_MD,Transcriptome
UGDH,-0.10137804,Cytosol,Mertins_Breast_MD,Transcriptome
UHRF2,0.0015552723,Nucleus,Mertins_Breast_MD,Transcriptome
UNC119,-0.16696401,Cytosol,Mertins_Breast_MD,Transcriptome
UNC119B,-0.080293804,Cytosol,Mertins_Breast_MD,Transcriptome
UNC13B,-0.09572541,Cytosol,Mertins_Breast_MD,Transcriptome
UNC13D,0.016579876,Cytosol,Mertins_Breast_MD,Transcriptome
UPRT,-0.0980528,Cytosol,Mertins_Breast_MD,Transcriptome
UQCC1,0.037249096,Mitochondria,Mertins_Breast_MD,Transcriptome
UQCR10,0.21037021,Mitochondria,Mertins_Breast_MD,Transcriptome
UQCRB,0.18999031,Mitochondria,Mertins_Breast_MD,Transcriptome
UQCRC1,0.20997082,Mitochondria,Mertins_Breast_MD,Transcriptome
UQCRC2,-0.06917669,Mitochondria,Mertins_Breast_MD,Transcriptome
UQCRFS1,0.05278117,Mitochondria,Mertins_Breast_MD,Transcriptome
UQCRH,0.121485695,Mitochondria,Mertins_Breast_MD,Transcriptome
UQCRQ,0.10141402,Mitochondria,Mertins_Breast_MD,Transcriptome
URB1,0.023477737,Nucleus,Mertins_Breast_MD,Transcriptome
URB2,0.00873189,Nucleus,Mertins_Breast_MD,Transcriptome
UROD,-0.2078415,Cytosol,Mertins_Breast_MD,Transcriptome
UROS,-0.21101275,Cytosol,Mertins_Breast_MD,Transcriptome
USE1,-0.22892298,Secretory,Mertins_Breast_MD,Transcriptome
USP11,-0.18979451,Nucleus,Mertins_Breast_MD,Transcriptome
USP13,-0.008090004,Cytosol,Mertins_Breast_MD,Transcriptome
USP15,-0.039573576,Cytosol,Mertins_Breast_MD,Transcriptome
USP24,-0.08185474,Cytosol,Mertins_Breast_MD,Transcriptome
USP25,-0.03689223,Cytosol,Mertins_Breast_MD,Transcriptome
USP36,-0.027999226,Nucleus,Mertins_Breast_MD,Transcriptome
USP4,-0.09008433,Cytosol,Mertins_Breast_MD,Transcriptome
USP47,-0.1080151,Cytosol,Mertins_Breast_MD,Transcriptome
USP5,-0.17885607,Cytosol,Mertins_Breast_MD,Transcriptome
USP7,-0.07910185,Nucleus,Mertins_Breast_MD,Transcriptome
USP8,-0.09274659,Cytosol,Mertins_Breast_MD,Transcriptome
USP9X,-0.048265368,Cytosol,Mertins_Breast_MD,Transcriptome
UTP14A,-0.028137276,Nucleus,Mertins_Breast_MD,Transcriptome
UTP15,-0.10669169,Nucleus,Mertins_Breast_MD,Transcriptome
UTP18,-0.12817125,Nucleus,Mertins_Breast_MD,Transcriptome
UTP20,0.009862703,Nucleus,Mertins_Breast_MD,Transcriptome
UTP23,-0.02453196,Nucleus,Mertins_Breast_MD,Transcriptome
UTP3,-0.17680845,Nucleus,Mertins_Breast_MD,Transcriptome
UTP6,-0.09060074,Nucleus,Mertins_Breast_MD,Transcriptome
UTRN,-0.16682513,Mitochondria,Mertins_Breast_MD,Transcriptome
VAMP3,0.102616504,Secretory,Mertins_Breast_MD,Transcriptome
VAMP7,0.05529304,Secretory,Mertins_Breast_MD,Transcriptome
VAPA,-0.1987098,Secretory,Mertins_Breast_MD,Transcriptome
VAPB,-0.032403752,Secretory,Mertins_Breast_MD,Transcriptome
VASP,-0.16168872,Cytosol,Mertins_Breast_MD,Transcriptome
VBP1,-0.040609237,Cytosol,Mertins_Breast_MD,Transcriptome
VCL,0.00882946,Cytosol,Mertins_Breast_MD,Transcriptome
VCP,-0.15559538,Cytosol,Mertins_Breast_MD,Transcriptome
VCPIP1,-0.04589694,Cytosol,Mertins_Breast_MD,Transcriptome
VDAC1,0.14759226,Mitochondria,Mertins_Breast_MD,Transcriptome
VDAC2,0.20700672,Mitochondria,Mertins_Breast_MD,Transcriptome
VDAC3,0.17963943,Mitochondria,Mertins_Breast_MD,Transcriptome
VIPAS39,-0.10089439,Cytosol,Mertins_Breast_MD,Transcriptome
VPS13A,0.030580115,Secretory,Mertins_Breast_MD,Transcriptome
VPS13C,-0.07930383,Cytosol,Mertins_Breast_MD,Transcriptome
VPS25,-0.10384869,Cytosol,Mertins_Breast_MD,Transcriptome
VPS26A,-0.01874119,Cytosol,Mertins_Breast_MD,Transcriptome
VPS33B,-0.21871667,Cytosol,Mertins_Breast_MD,Transcriptome
VPS35,-0.012980044,Cytosol,Mertins_Breast_MD,Transcriptome
VPS37B,-0.009567001,Cytosol,Mertins_Breast_MD,Transcriptome
VPS4A,-0.14292946,Cytosol,Mertins_Breast_MD,Transcriptome
VPS4B,-0.067107886,Cytosol,Mertins_Breast_MD,Transcriptome
VPS52,-0.121229194,Cytosol,Mertins_Breast_MD,Transcriptome
VTA1,-0.014783592,Cytosol,Mertins_Breast_MD,Transcriptome
VTI1A,-0.087179035,Secretory,Mertins_Breast_MD,Transcriptome
VWA8,-0.16816494,Mitochondria,Mertins_Breast_MD,Transcriptome
WAC,0.0051923194,Nucleus,Mertins_Breast_MD,Transcriptome
WARS2,-0.18269947,Mitochondria,Mertins_Breast_MD,Transcriptome
WBP11,-0.097973585,Nucleus,Mertins_Breast_MD,Transcriptome
WDFY1,-0.025700016,Secretory,Mertins_Breast_MD,Transcriptome
WDR1,-0.08840086,Cytosol,Mertins_Breast_MD,Transcriptome
WDR18,-0.21291451,Nucleus,Mertins_Breast_MD,Transcriptome
WDR3,0.020657819,Nucleus,Mertins_Breast_MD,Transcriptome
WDR33,0.022726834,Nucleus,Mertins_Breast_MD,Transcriptome
WDR36,-0.09655594,Nucleus,Mertins_Breast_MD,Transcriptome
WDR37,-0.030989025,Cytosol,Mertins_Breast_MD,Transcriptome
WDR43,-0.0025075364,Nucleus,Mertins_Breast_MD,Transcriptome
WDR44,-0.10151495,Cytosol,Mertins_Breast_MD,Transcriptome
WDR45,-0.21779881,Cytosol,Mertins_Breast_MD,Transcriptome
WDR46,-0.083630085,Nucleus,Mertins_Breast_MD,Transcriptome
WDR6,-0.09755837,Cytosol,Mertins_Breast_MD,Transcriptome
WDR7,-0.06993968,Cytosol,Mertins_Breast_MD,Transcriptome
WDR75,-0.0757243,Nucleus,Mertins_Breast_MD,Transcriptome
WDR77,-0.015008735,Cytosol,Mertins_Breast_MD,Transcriptome
WDR81,-0.061350707,Cytosol,Mertins_Breast_MD,Transcriptome
WDR83,-0.18792976,Nucleus,Mertins_Breast_MD,Transcriptome
WDSUB1,-0.09390718,Cytosol,Mertins_Breast_MD,Transcriptome
WDTC1,-0.08711388,Cytosol,Mertins_Breast_MD,Transcriptome
WFS1,0.044266224,Secretory,Mertins_Breast_MD,Transcriptome
WIPI2,-0.0339238,Cytosol,Mertins_Breast_MD,Transcriptome
WIZ,-0.1451535,Nucleus,Mertins_Breast_MD,Transcriptome
WNK1,-0.04690018,Cytosol,Mertins_Breast_MD,Transcriptome
WRN,-0.05443148,Nucleus,Mertins_Breast_MD,Transcriptome
WRNIP1,-0.074218124,Nucleus,Mertins_Breast_MD,Transcriptome
WWC3,0.0020748205,Cytosol,Mertins_Breast_MD,Transcriptome
WWP1,0.10442054,Secretory,Mertins_Breast_MD,Transcriptome
WWP2,-0.07061192,Secretory,Mertins_Breast_MD,Transcriptome
XIAP,-0.099578805,Cytosol,Mertins_Breast_MD,Transcriptome
XPC,-0.09672504,Nucleus,Mertins_Breast_MD,Transcriptome
XPNPEP1,0.0013522028,Cytosol,Mertins_Breast_MD,Transcriptome
XPO5,-0.008675247,Cytosol,Mertins_Breast_MD,Transcriptome
XRCC1,-0.1992496,Nucleus,Mertins_Breast_MD,Transcriptome
XRCC4,-0.11731319,Nucleus,Mertins_Breast_MD,Transcriptome
YAP1,-0.0041630683,Cytosol,Mertins_Breast_MD,Transcriptome
YBEY,0.18916987,Mitochondria,Mertins_Breast_MD,Transcriptome
YES1,-0.07975094,Secretory,Mertins_Breast_MD,Transcriptome
YIF1A,-0.24877328,Secretory,Mertins_Breast_MD,Transcriptome
YIPF3,-0.22656739,Secretory,Mertins_Breast_MD,Transcriptome
YIPF4,-0.007091233,Secretory,Mertins_Breast_MD,Transcriptome
YIPF5,0.07217544,Secretory,Mertins_Breast_MD,Transcriptome
YKT6,-0.124303386,Cytosol,Mertins_Breast_MD,Transcriptome
YLPM1,-0.067570955,Nucleus,Mertins_Breast_MD,Transcriptome
YME1L1,-0.1614979,Mitochondria,Mertins_Breast_MD,Transcriptome
YTHDC2,-0.1049989,Nucleus,Mertins_Breast_MD,Transcriptome
YWHAB,-0.1122805,Cytosol,Mertins_Breast_MD,Transcriptome
YWHAE,-0.013399891,Cytosol,Mertins_Breast_MD,Transcriptome
YWHAG,-0.040699385,Cytosol,Mertins_Breast_MD,Transcriptome
YWHAH,-0.12526846,Cytosol,Mertins_Breast_MD,Transcriptome
YWHAQ,-0.026179748,Cytosol,Mertins_Breast_MD,Transcriptome
YWHAZ,-0.07761291,Cytosol,Mertins_Breast_MD,Transcriptome
ZBTB14,-0.022149457,Nucleus,Mertins_Breast_MD,Transcriptome
ZBTB8OS,-0.20834011,Cytosol,Mertins_Breast_MD,Transcriptome
ZC3H8,-0.054685857,Nucleus,Mertins_Breast_MD,Transcriptome
ZC3HAV1,0.035128355,Secretory,Mertins_Breast_MD,Transcriptome
ZC3HC1,-0.1708805,Nucleus,Mertins_Breast_MD,Transcriptome
ZCRB1,-0.15222768,Nucleus,Mertins_Breast_MD,Transcriptome
ZDHHC13,-0.010293865,Secretory,Mertins_Breast_MD,Transcriptome
ZDHHC5,-0.12908301,Secretory,Mertins_Breast_MD,Transcriptome
ZFAND1,-0.06415891,Cytosol,Mertins_Breast_MD,Transcriptome
ZFAND5,0.012248208,Cytosol,Mertins_Breast_MD,Transcriptome
ZFPL1,-0.2491085,Secretory,Mertins_Breast_MD,Transcriptome
ZFR,-0.0004651456,Nucleus,Mertins_Breast_MD,Transcriptome
ZFX,-0.10556829,Nucleus,Mertins_Breast_MD,Transcriptome
ZFYVE1,-0.11725156,Cytosol,Mertins_Breast_MD,Transcriptome
ZFYVE19,-0.09730115,Cytosol,Mertins_Breast_MD,Transcriptome
ZHX1,0.01402001,Nucleus,Mertins_Breast_MD,Transcriptome
ZHX2,-0.017128589,Nucleus,Mertins_Breast_MD,Transcriptome
ZMPSTE24,0.0685041,Secretory,Mertins_Breast_MD,Transcriptome
ZMYM2,-0.06230378,Nucleus,Mertins_Breast_MD,Transcriptome
ZMYND11,-0.00669079,Nucleus,Mertins_Breast_MD,Transcriptome
ZNF143,-0.04384611,Nucleus,Mertins_Breast_MD,Transcriptome
ZNF148,-0.04125854,Nucleus,Mertins_Breast_MD,Transcriptome
ZNF217,-0.08974324,Nucleus,Mertins_Breast_MD,Transcriptome
ZNF280C,-0.0027691268,Nucleus,Mertins_Breast_MD,Transcriptome
ZNF318,-0.00036450828,Nucleus,Mertins_Breast_MD,Transcriptome
ZNF326,-0.0037704129,Nucleus,Mertins_Breast_MD,Transcriptome
ZNF346,-0.11682672,Nucleus,Mertins_Breast_MD,Transcriptome
ZNF384,-0.0073621143,Nucleus,Mertins_Breast_MD,Transcriptome
ZNF574,-0.17576636,Nucleus,Mertins_Breast_MD,Transcriptome
ZNF629,-0.12148668,Nucleus,Mertins_Breast_MD,Transcriptome
ZNF652,-0.12943164,Nucleus,Mertins_Breast_MD,Transcriptome
ZNF668,-0.055092957,Nucleus,Mertins_Breast_MD,Transcriptome
ZNF687,-0.02506232,Nucleus,Mertins_Breast_MD,Transcriptome
ZNHIT6,0.00010428777,Nucleus,Mertins_Breast_MD,Transcriptome
ZYX,0.0112106465,Cytosol,Mertins_Breast_MD,Transcriptome
ZZEF1,-0.075873464,Cytosol,Mertins_Breast_MD,Transcriptome
