,Score,Localization,Dataset_Name,Type
AAAS,-0.6675331,Secretory,Krug_Breast_PD,Proteome
AACS,-0.36647317,Cytosol,Krug_Breast_PD,Proteome
AAK1,0.4040952,Cytosol,Krug_Breast_PD,Proteome
AASDHPPT,0.19135632,Cytosol,Krug_Breast_PD,Proteome
AATF,0.5318419,Nucleus,Krug_Breast_PD,Proteome
ABCB10,-0.513828,Mitochondria,Krug_Breast_PD,Proteome
ABCB7,-0.51560193,Mitochondria,Krug_Breast_PD,Proteome
ABCB8,-0.5812622,Mitochondria,Krug_Breast_PD,Proteome
ABCC1,0.40756154,Secretory,Krug_Breast_PD,Proteome
ABCD1,0.3788919,Secretory,Krug_Breast_PD,Proteome
ABCD3,0.4533614,Secretory,Krug_Breast_PD,Proteome
ABHD12,0.45649874,Secretory,Krug_Breast_PD,Proteome
ABHD14B,0.3552573,Cytosol,Krug_Breast_PD,Proteome
ABHD16A,0.46236837,Secretory,Krug_Breast_PD,Proteome
ABL1,0.3142288,Cytosol,Krug_Breast_PD,Proteome
ABL2,-0.4269904,Cytosol,Krug_Breast_PD,Proteome
ABR,0.37612566,Cytosol,Krug_Breast_PD,Proteome
ABRACL,0.2680534,Cytosol,Krug_Breast_PD,Proteome
ABT1,0.47278193,Nucleus,Krug_Breast_PD,Proteome
ACAD9,0.27889472,Mitochondria,Krug_Breast_PD,Proteome
ACAP2,0.4582364,Cytosol,Krug_Breast_PD,Proteome
ACAT2,0.1257538,Cytosol,Krug_Breast_PD,Proteome
ACBD5,0.46677664,Secretory,Krug_Breast_PD,Proteome
ACBD6,-0.0077474173,Cytosol,Krug_Breast_PD,Proteome
ACIN1,0.5316223,Nucleus,Krug_Breast_PD,Proteome
ACLY,-0.43157676,Cytosol,Krug_Breast_PD,Proteome
ACOT11,-0.030651124,Cytosol,Krug_Breast_PD,Proteome
ACP1,0.4194899,Cytosol,Krug_Breast_PD,Proteome
ACSL1,-0.2972679,Secretory,Krug_Breast_PD,Proteome
ACSL3,0.42733085,Secretory,Krug_Breast_PD,Proteome
ACSL4,-0.18358038,Secretory,Krug_Breast_PD,Proteome
ACSS2,0.42316163,Cytosol,Krug_Breast_PD,Proteome
ACTR10,-0.3495933,Cytosol,Krug_Breast_PD,Proteome
ACVR1,0.3932592,Secretory,Krug_Breast_PD,Proteome
ACYP1,0.33187568,Cytosol,Krug_Breast_PD,Proteome
ACYP2,-0.102520674,Cytosol,Krug_Breast_PD,Proteome
ADAM10,0.44383898,Secretory,Krug_Breast_PD,Proteome
ADAM15,0.4486484,Secretory,Krug_Breast_PD,Proteome
ADAM9,0.37745515,Secretory,Krug_Breast_PD,Proteome
ADAR,0.59311616,Nucleus,Krug_Breast_PD,Proteome
ADARB1,-0.50621986,Nucleus,Krug_Breast_PD,Proteome
ADAT2,-0.4139331,Cytosol,Krug_Breast_PD,Proteome
ADCK1,-0.30229035,Mitochondria,Krug_Breast_PD,Proteome
ADCY6,0.3993091,Secretory,Krug_Breast_PD,Proteome
ADH5,0.35998437,Cytosol,Krug_Breast_PD,Proteome
ADI1,0.2181677,Cytosol,Krug_Breast_PD,Proteome
ADK,0.42241094,Cytosol,Krug_Breast_PD,Proteome
ADNP,0.604574,Nucleus,Krug_Breast_PD,Proteome
ADNP2,0.54620004,Nucleus,Krug_Breast_PD,Proteome
ADO,0.34263948,Cytosol,Krug_Breast_PD,Proteome
ADRM1,-0.30020842,Cytosol,Krug_Breast_PD,Proteome
ADSL,-0.22914957,Cytosol,Krug_Breast_PD,Proteome
AFF4,0.5730792,Nucleus,Krug_Breast_PD,Proteome
AFG3L2,-0.5025212,Mitochondria,Krug_Breast_PD,Proteome
AGFG1,0.39640272,Cytosol,Krug_Breast_PD,Proteome
AGFG2,0.33710468,Cytosol,Krug_Breast_PD,Proteome
AGGF1,-0.34450912,Nucleus,Krug_Breast_PD,Proteome
AGK,0.2925036,Mitochondria,Krug_Breast_PD,Proteome
AGO2,0.4306191,Nucleus,Krug_Breast_PD,Proteome
AGPAT3,0.46876398,Secretory,Krug_Breast_PD,Proteome
AGPAT5,-0.53516924,Mitochondria,Krug_Breast_PD,Proteome
AGRN,-0.21979906,Secretory,Krug_Breast_PD,Proteome
AHCTF1,0.5806003,Nucleus,Krug_Breast_PD,Proteome
AHCY,-0.13925754,Cytosol,Krug_Breast_PD,Proteome
AHCYL1,0.29420027,Cytosol,Krug_Breast_PD,Proteome
AHCYL2,0.41460928,Cytosol,Krug_Breast_PD,Proteome
AHDC1,-0.4913317,Nucleus,Krug_Breast_PD,Proteome
AHSA1,-0.121679544,Cytosol,Krug_Breast_PD,Proteome
AIFM1,0.26318222,Mitochondria,Krug_Breast_PD,Proteome
AIP,0.32617605,Cytosol,Krug_Breast_PD,Proteome
AJUBA,0.1823998,Cytosol,Krug_Breast_PD,Proteome
AK1,0.377402,Cytosol,Krug_Breast_PD,Proteome
AK2,-0.3413236,Nucleus,Krug_Breast_PD,Proteome
AKAP1,-0.07391128,Mitochondria,Krug_Breast_PD,Proteome
AKAP12,0.27710178,Cytosol,Krug_Breast_PD,Proteome
AKAP17A,0.59743476,Nucleus,Krug_Breast_PD,Proteome
AKAP8L,0.62475747,Nucleus,Krug_Breast_PD,Proteome
AKR1A1,0.441702,Cytosol,Krug_Breast_PD,Proteome
AKT1,0.44830954,Cytosol,Krug_Breast_PD,Proteome
AKT2,0.41423523,Cytosol,Krug_Breast_PD,Proteome
AKTIP,0.46378013,Cytosol,Krug_Breast_PD,Proteome
ALCAM,0.4233411,Secretory,Krug_Breast_PD,Proteome
ALDH1A3,0.20061459,Cytosol,Krug_Breast_PD,Proteome
ALDH3A2,0.4389675,Secretory,Krug_Breast_PD,Proteome
ALDH9A1,0.31924722,Cytosol,Krug_Breast_PD,Proteome
ALDOA,0.40326226,Cytosol,Krug_Breast_PD,Proteome
ALG1,0.45366418,Secretory,Krug_Breast_PD,Proteome
ALG11,0.44573987,Secretory,Krug_Breast_PD,Proteome
ALG5,0.44299683,Secretory,Krug_Breast_PD,Proteome
ALKBH3,0.2890474,Cytosol,Krug_Breast_PD,Proteome
ALKBH8,0.2508188,Cytosol,Krug_Breast_PD,Proteome
AMDHD2,0.41043708,Cytosol,Krug_Breast_PD,Proteome
AMFR,0.4645586,Secretory,Krug_Breast_PD,Proteome
AMOTL2,0.24316065,Cytosol,Krug_Breast_PD,Proteome
AMPD2,0.052691065,Cytosol,Krug_Breast_PD,Proteome
ANKLE2,0.39824525,Secretory,Krug_Breast_PD,Proteome
ANKMY2,0.34867314,Cytosol,Krug_Breast_PD,Proteome
ANKRD12,0.26039287,Nucleus,Krug_Breast_PD,Proteome
ANKRD54,0.004253071,Cytosol,Krug_Breast_PD,Proteome
ANKS1A,-0.24488081,Cytosol,Krug_Breast_PD,Proteome
ANO10,0.44511622,Secretory,Krug_Breast_PD,Proteome
ANO6,0.4257887,Secretory,Krug_Breast_PD,Proteome
ANXA1,0.16301437,Cytosol,Krug_Breast_PD,Proteome
ANXA11,0.39042738,Cytosol,Krug_Breast_PD,Proteome
ANXA5,0.27079177,Cytosol,Krug_Breast_PD,Proteome
AP1AR,0.4267047,Secretory,Krug_Breast_PD,Proteome
AP2A1,-0.057600413,Secretory,Krug_Breast_PD,Proteome
AP2A2,-0.2690019,Secretory,Krug_Breast_PD,Proteome
AP2M1,0.18079257,Secretory,Krug_Breast_PD,Proteome
AP3B1,0.42745903,Cytosol,Krug_Breast_PD,Proteome
AP3D1,0.38745698,Cytosol,Krug_Breast_PD,Proteome
AP3M2,0.2720843,Cytosol,Krug_Breast_PD,Proteome
AP4E1,0.45250493,Cytosol,Krug_Breast_PD,Proteome
APLP2,0.38132465,Secretory,Krug_Breast_PD,Proteome
APMAP,-0.3161164,Secretory,Krug_Breast_PD,Proteome
APOO,0.24039906,Mitochondria,Krug_Breast_PD,Proteome
APOOL,0.26947248,Mitochondria,Krug_Breast_PD,Proteome
APP,-0.10742263,Secretory,Krug_Breast_PD,Proteome
APPL1,0.3110322,Cytosol,Krug_Breast_PD,Proteome
APRT,0.42218104,Cytosol,Krug_Breast_PD,Proteome
ARAP1,0.29133442,Cytosol,Krug_Breast_PD,Proteome
ARCN1,0.4200103,Cytosol,Krug_Breast_PD,Proteome
ARFGEF2,0.28456894,Cytosol,Krug_Breast_PD,Proteome
ARFRP1,-0.3623227,Secretory,Krug_Breast_PD,Proteome
ARHGAP12,0.43511647,Cytosol,Krug_Breast_PD,Proteome
ARHGAP17,0.41328323,Cytosol,Krug_Breast_PD,Proteome
ARHGAP35,0.29258347,Cytosol,Krug_Breast_PD,Proteome
ARHGAP39,-0.43928653,Secretory,Krug_Breast_PD,Proteome
ARHGAP5,0.33736357,Cytosol,Krug_Breast_PD,Proteome
ARHGDIA,0.4280821,Cytosol,Krug_Breast_PD,Proteome
ARHGDIB,0.4313056,Cytosol,Krug_Breast_PD,Proteome
ARHGEF10,0.10790092,Cytosol,Krug_Breast_PD,Proteome
ARHGEF10L,-0.37592998,Cytosol,Krug_Breast_PD,Proteome
ARHGEF40,-0.18191276,Secretory,Krug_Breast_PD,Proteome
ARHGEF7,0.31741744,Cytosol,Krug_Breast_PD,Proteome
ARID1B,0.5660753,Nucleus,Krug_Breast_PD,Proteome
ARIH1,-0.036093783,Cytosol,Krug_Breast_PD,Proteome
ARIH2,-0.56911695,Cytosol,Krug_Breast_PD,Proteome
ARL15,-0.10322491,Secretory,Krug_Breast_PD,Proteome
ARL6,0.4432411,Cytosol,Krug_Breast_PD,Proteome
ARL6IP5,0.43977028,Secretory,Krug_Breast_PD,Proteome
ARL8A,-0.63666815,Secretory,Krug_Breast_PD,Proteome
ARL8B,0.44981676,Secretory,Krug_Breast_PD,Proteome
ARMC10,-0.49701607,Mitochondria,Krug_Breast_PD,Proteome
ARMC6,-0.48342034,Cytosol,Krug_Breast_PD,Proteome
ARMCX3,-0.58581793,Mitochondria,Krug_Breast_PD,Proteome
ARPC5,0.21406738,Cytosol,Krug_Breast_PD,Proteome
ASAH1,-0.44761515,Secretory,Krug_Breast_PD,Proteome
ASAP1,0.17576696,Cytosol,Krug_Breast_PD,Proteome
ASH1L,0.5921335,Nucleus,Krug_Breast_PD,Proteome
ASH2L,0.5778499,Nucleus,Krug_Breast_PD,Proteome
ASMTL,0.305855,Cytosol,Krug_Breast_PD,Proteome
ASPH,0.28239325,Secretory,Krug_Breast_PD,Proteome
ASPSCR1,0.10991053,Cytosol,Krug_Breast_PD,Proteome
ASS1,-0.016464066,Cytosol,Krug_Breast_PD,Proteome
ATAD1,-0.5087479,Mitochondria,Krug_Breast_PD,Proteome
ATAD2,0.56473416,Nucleus,Krug_Breast_PD,Proteome
ATAD2B,0.4977847,Nucleus,Krug_Breast_PD,Proteome
ATAD3A,0.18849628,Mitochondria,Krug_Breast_PD,Proteome
ATAD3B,-0.5171735,Mitochondria,Krug_Breast_PD,Proteome
ATE1,0.30720332,Cytosol,Krug_Breast_PD,Proteome
ATF1,0.48752457,Nucleus,Krug_Breast_PD,Proteome
ATG12,0.4254224,Cytosol,Krug_Breast_PD,Proteome
ATG13,-0.39033985,Cytosol,Krug_Breast_PD,Proteome
ATG16L1,0.46414658,Cytosol,Krug_Breast_PD,Proteome
ATG2B,0.29012325,Cytosol,Krug_Breast_PD,Proteome
ATG3,0.16466786,Cytosol,Krug_Breast_PD,Proteome
ATG4B,0.08321788,Cytosol,Krug_Breast_PD,Proteome
ATG4C,0.34242237,Cytosol,Krug_Breast_PD,Proteome
ATG5,0.45667887,Cytosol,Krug_Breast_PD,Proteome
ATG7,0.43608087,Cytosol,Krug_Breast_PD,Proteome
ATG9A,0.39921504,Secretory,Krug_Breast_PD,Proteome
ATIC,0.3936388,Cytosol,Krug_Breast_PD,Proteome
ATL2,0.296249,Secretory,Krug_Breast_PD,Proteome
ATL3,0.4387146,Secretory,Krug_Breast_PD,Proteome
ATP11B,0.44086695,Secretory,Krug_Breast_PD,Proteome
ATP11C,0.22649169,Secretory,Krug_Breast_PD,Proteome
ATP13A1,0.46994618,Secretory,Krug_Breast_PD,Proteome
ATP13A3,0.45108578,Secretory,Krug_Breast_PD,Proteome
ATP1A1,0.4675567,Secretory,Krug_Breast_PD,Proteome
ATP1B1,0.45172337,Secretory,Krug_Breast_PD,Proteome
ATP1B3,0.32815048,Secretory,Krug_Breast_PD,Proteome
ATP2A2,0.4665221,Secretory,Krug_Breast_PD,Proteome
ATP2B1,0.4527719,Secretory,Krug_Breast_PD,Proteome
ATP2B4,0.43570933,Secretory,Krug_Breast_PD,Proteome
ATP2C1,0.4551645,Secretory,Krug_Breast_PD,Proteome
ATP6AP1,0.37180847,Secretory,Krug_Breast_PD,Proteome
ATP6AP2,0.26973456,Secretory,Krug_Breast_PD,Proteome
ATP6V0A1,0.4437309,Secretory,Krug_Breast_PD,Proteome
ATP6V0A2,0.45213538,Secretory,Krug_Breast_PD,Proteome
ATP6V0D1,0.19063671,Secretory,Krug_Breast_PD,Proteome
ATP7A,0.43450928,Secretory,Krug_Breast_PD,Proteome
ATP8B1,-0.45707998,Secretory,Krug_Breast_PD,Proteome
ATP9A,0.46354482,Secretory,Krug_Breast_PD,Proteome
ATP9B,0.4547613,Secretory,Krug_Breast_PD,Proteome
ATPAF1,0.29235885,Mitochondria,Krug_Breast_PD,Proteome
ATRN,-0.24710096,Secretory,Krug_Breast_PD,Proteome
ATRX,0.37385264,Nucleus,Krug_Breast_PD,Proteome
ATXN1,-0.49576452,Nucleus,Krug_Breast_PD,Proteome
ATXN3,0.35681608,Cytosol,Krug_Breast_PD,Proteome
ATXN7L3B,-0.085387744,Cytosol,Krug_Breast_PD,Proteome
AUP1,0.46406084,Secretory,Krug_Breast_PD,Proteome
AURKB,0.5028437,Nucleus,Krug_Breast_PD,Proteome
AVL9,0.361123,Cytosol,Krug_Breast_PD,Proteome
B2M,-0.1559015,Secretory,Krug_Breast_PD,Proteome
B3GAT3,0.4502529,Secretory,Krug_Breast_PD,Proteome
B3GNT2,-0.25598416,Secretory,Krug_Breast_PD,Proteome
B4GALT1,-0.28932014,Secretory,Krug_Breast_PD,Proteome
B4GALT3,0.3105337,Secretory,Krug_Breast_PD,Proteome
B4GALT4,0.44244,Secretory,Krug_Breast_PD,Proteome
BAG3,0.17490174,Cytosol,Krug_Breast_PD,Proteome
BAG6,-0.27373257,Cytosol,Krug_Breast_PD,Proteome
BAK1,-0.56310695,Mitochondria,Krug_Breast_PD,Proteome
BARD1,0.4944081,Nucleus,Krug_Breast_PD,Proteome
BAX,0.44557244,Cytosol,Krug_Breast_PD,Proteome
BAZ1A,0.577169,Nucleus,Krug_Breast_PD,Proteome
BAZ1B,0.5407305,Nucleus,Krug_Breast_PD,Proteome
BAZ2A,0.60023373,Nucleus,Krug_Breast_PD,Proteome
BAZ2B,0.19495177,Nucleus,Krug_Breast_PD,Proteome
BBC3,-0.19295985,Mitochondria,Krug_Breast_PD,Proteome
BCAP29,0.45457137,Secretory,Krug_Breast_PD,Proteome
BCAP31,0.46747518,Secretory,Krug_Breast_PD,Proteome
BCAR1,0.25520086,Cytosol,Krug_Breast_PD,Proteome
BCAS3,0.33481517,Cytosol,Krug_Breast_PD,Proteome
BCL10,0.25718853,Cytosol,Krug_Breast_PD,Proteome
BCL2L1,0.12732416,Mitochondria,Krug_Breast_PD,Proteome
BCL2L11,-0.43171763,Secretory,Krug_Breast_PD,Proteome
BCL2L13,-0.5158979,Mitochondria,Krug_Breast_PD,Proteome
BCL9L,-0.5459337,Nucleus,Krug_Breast_PD,Proteome
BCOR,0.50590885,Nucleus,Krug_Breast_PD,Proteome
BCS1L,0.29028758,Mitochondria,Krug_Breast_PD,Proteome
BDH1,0.2575859,Mitochondria,Krug_Breast_PD,Proteome
BDH2,0.25810456,Cytosol,Krug_Breast_PD,Proteome
BEND3,0.45810932,Nucleus,Krug_Breast_PD,Proteome
BET1,0.45049775,Secretory,Krug_Breast_PD,Proteome
BET1L,0.43958354,Secretory,Krug_Breast_PD,Proteome
BID,0.22270203,Cytosol,Krug_Breast_PD,Proteome
BIN1,0.26771945,Cytosol,Krug_Breast_PD,Proteome
BIN3,0.34224528,Cytosol,Krug_Breast_PD,Proteome
BIRC2,0.4073545,Cytosol,Krug_Breast_PD,Proteome
BIRC6,-0.29145783,Cytosol,Krug_Breast_PD,Proteome
BLM,0.50017214,Nucleus,Krug_Breast_PD,Proteome
BLVRB,0.45634863,Cytosol,Krug_Breast_PD,Proteome
BLZF1,-0.4563975,Secretory,Krug_Breast_PD,Proteome
BMP2K,-0.14536808,Secretory,Krug_Breast_PD,Proteome
BMS1,0.5321928,Nucleus,Krug_Breast_PD,Proteome
BNIP1,0.45021322,Secretory,Krug_Breast_PD,Proteome
BPNT1,0.3956681,Cytosol,Krug_Breast_PD,Proteome
BRAF,0.18658236,Cytosol,Krug_Breast_PD,Proteome
BRCC3,0.37061673,Cytosol,Krug_Breast_PD,Proteome
BRD1,0.6027922,Nucleus,Krug_Breast_PD,Proteome
BRD2,0.60110635,Nucleus,Krug_Breast_PD,Proteome
BRD4,0.62543833,Nucleus,Krug_Breast_PD,Proteome
BRIX1,0.49715105,Nucleus,Krug_Breast_PD,Proteome
BROX,0.32853585,Cytosol,Krug_Breast_PD,Proteome
BRPF1,0.49349236,Nucleus,Krug_Breast_PD,Proteome
BRPF3,0.5401732,Nucleus,Krug_Breast_PD,Proteome
BRWD1,0.27356163,Nucleus,Krug_Breast_PD,Proteome
BSG,-0.13788189,Secretory,Krug_Breast_PD,Proteome
BTBD9,-0.42654884,Secretory,Krug_Breast_PD,Proteome
BTF3,0.16694814,Cytosol,Krug_Breast_PD,Proteome
BTF3L4,-0.467265,Cytosol,Krug_Breast_PD,Proteome
BUB1,-0.44519973,Cytosol,Krug_Breast_PD,Proteome
BUB1B,-0.4706706,Cytosol,Krug_Breast_PD,Proteome
C11orf68,0.367788,Cytosol,Krug_Breast_PD,Proteome
C12orf57,0.46625334,Cytosol,Krug_Breast_PD,Proteome
C14orf119,0.29654235,Cytosol,Krug_Breast_PD,Proteome
C18orf21,0.3782844,Nucleus,Krug_Breast_PD,Proteome
C18orf32,0.42066374,Secretory,Krug_Breast_PD,Proteome
C1QBP,0.27804562,Mitochondria,Krug_Breast_PD,Proteome
C1orf131,0.5220692,Nucleus,Krug_Breast_PD,Proteome
C1orf198,0.111147985,Cytosol,Krug_Breast_PD,Proteome
C1orf226,-0.18688807,Mitochondria,Krug_Breast_PD,Proteome
C1orf50,0.39526844,Cytosol,Krug_Breast_PD,Proteome
C2CD2L,0.46583405,Secretory,Krug_Breast_PD,Proteome
C2orf49,0.60282445,Nucleus,Krug_Breast_PD,Proteome
C2orf69,-0.44023055,Cytosol,Krug_Breast_PD,Proteome
C4orf3,0.47048426,Secretory,Krug_Breast_PD,Proteome
C5orf24,0.37204152,Nucleus,Krug_Breast_PD,Proteome
C6orf47,0.4702788,Secretory,Krug_Breast_PD,Proteome
C6orf89,0.41816044,Secretory,Krug_Breast_PD,Proteome
CABIN1,0.38057542,Nucleus,Krug_Breast_PD,Proteome
CACYBP,-0.46153745,Cytosol,Krug_Breast_PD,Proteome
CAD,-0.40989798,Cytosol,Krug_Breast_PD,Proteome
CADM4,-0.42162296,Secretory,Krug_Breast_PD,Proteome
CALCOCO1,0.46297717,Cytosol,Krug_Breast_PD,Proteome
CALR,-0.3759568,Nucleus,Krug_Breast_PD,Proteome
CALU,-0.49292618,Nucleus,Krug_Breast_PD,Proteome
CAMK2D,0.058727384,Cytosol,Krug_Breast_PD,Proteome
CAMK2G,-0.20983358,Cytosol,Krug_Breast_PD,Proteome
CAMLG,0.4450672,Secretory,Krug_Breast_PD,Proteome
CANT1,0.39335215,Secretory,Krug_Breast_PD,Proteome
CANX,0.46786895,Secretory,Krug_Breast_PD,Proteome
CAPN1,0.43728277,Cytosol,Krug_Breast_PD,Proteome
CAPN2,0.3475626,Cytosol,Krug_Breast_PD,Proteome
CAPNS1,0.37315768,Cytosol,Krug_Breast_PD,Proteome
CAPS,-0.05563865,Cytosol,Krug_Breast_PD,Proteome
CASK,-0.1882799,Mitochondria,Krug_Breast_PD,Proteome
CASP7,0.38566676,Cytosol,Krug_Breast_PD,Proteome
CAST,0.22970851,Cytosol,Krug_Breast_PD,Proteome
CAV1,-0.12768516,Secretory,Krug_Breast_PD,Proteome
CBFB,0.20220517,Cytosol,Krug_Breast_PD,Proteome
CBL,0.15450975,Cytosol,Krug_Breast_PD,Proteome
CBR1,0.35995373,Cytosol,Krug_Breast_PD,Proteome
CBR3,0.40596431,Cytosol,Krug_Breast_PD,Proteome
CBX3,0.596145,Nucleus,Krug_Breast_PD,Proteome
CBX5,0.57777065,Nucleus,Krug_Breast_PD,Proteome
CBX8,0.40028003,Nucleus,Krug_Breast_PD,Proteome
CC2D1B,0.41041058,Cytosol,Krug_Breast_PD,Proteome
CCAR1,0.5484191,Nucleus,Krug_Breast_PD,Proteome
CCAR2,0.43192276,Nucleus,Krug_Breast_PD,Proteome
CCDC115,-0.45791024,Secretory,Krug_Breast_PD,Proteome
CCDC117,0.4855927,Nucleus,Krug_Breast_PD,Proteome
CCDC127,-0.09411847,Mitochondria,Krug_Breast_PD,Proteome
CCDC134,-0.41886848,Secretory,Krug_Breast_PD,Proteome
CCDC22,0.37436363,Cytosol,Krug_Breast_PD,Proteome
CCDC25,0.39159498,Cytosol,Krug_Breast_PD,Proteome
CCDC43,-0.1845544,Cytosol,Krug_Breast_PD,Proteome
CCDC47,0.451538,Secretory,Krug_Breast_PD,Proteome
CCDC50,0.1736375,Cytosol,Krug_Breast_PD,Proteome
CCDC51,0.27605414,Mitochondria,Krug_Breast_PD,Proteome
CCDC6,0.4469943,Cytosol,Krug_Breast_PD,Proteome
CCDC61,-0.4322883,Secretory,Krug_Breast_PD,Proteome
CCDC85C,0.39258236,Cytosol,Krug_Breast_PD,Proteome
CCDC86,0.5841296,Nucleus,Krug_Breast_PD,Proteome
CCDC90B,0.2900414,Mitochondria,Krug_Breast_PD,Proteome
CCDC91,0.049868584,Cytosol,Krug_Breast_PD,Proteome
CCDC92,0.2271443,Cytosol,Krug_Breast_PD,Proteome
CCDC93,0.39377406,Cytosol,Krug_Breast_PD,Proteome
CCDC97,-0.5761153,Cytosol,Krug_Breast_PD,Proteome
CCNB1,-0.5000456,Cytosol,Krug_Breast_PD,Proteome
CCNH,0.6263033,Nucleus,Krug_Breast_PD,Proteome
CCNT1,0.44147104,Nucleus,Krug_Breast_PD,Proteome
CCNT2,-0.403577,Nucleus,Krug_Breast_PD,Proteome
CCS,0.41806328,Cytosol,Krug_Breast_PD,Proteome
CCT2,0.23618658,Cytosol,Krug_Breast_PD,Proteome
CCT3,0.11577129,Cytosol,Krug_Breast_PD,Proteome
CCT4,0.13284594,Cytosol,Krug_Breast_PD,Proteome
CCT5,0.1831969,Cytosol,Krug_Breast_PD,Proteome
CCT6A,0.1788424,Cytosol,Krug_Breast_PD,Proteome
CCT7,0.2098616,Cytosol,Krug_Breast_PD,Proteome
CCT8,0.1058743,Cytosol,Krug_Breast_PD,Proteome
CD109,-0.14975,Secretory,Krug_Breast_PD,Proteome
CD151,0.42835572,Secretory,Krug_Breast_PD,Proteome
CD276,0.27643096,Secretory,Krug_Breast_PD,Proteome
CD2AP,0.31953558,Cytosol,Krug_Breast_PD,Proteome
CD44,0.4190844,Secretory,Krug_Breast_PD,Proteome
CD46,0.44782388,Secretory,Krug_Breast_PD,Proteome
CD47,0.41597393,Secretory,Krug_Breast_PD,Proteome
CD55,-0.040653083,Secretory,Krug_Breast_PD,Proteome
CD58,0.19355677,Secretory,Krug_Breast_PD,Proteome
CD63,0.39094064,Secretory,Krug_Breast_PD,Proteome
CD81,0.4628809,Secretory,Krug_Breast_PD,Proteome
CD99,-0.12256673,Secretory,Krug_Breast_PD,Proteome
CDAN1,0.31041276,Cytosol,Krug_Breast_PD,Proteome
CDC123,-0.1344204,Cytosol,Krug_Breast_PD,Proteome
CDC34,0.34644213,Cytosol,Krug_Breast_PD,Proteome
CDC37,0.32936168,Cytosol,Krug_Breast_PD,Proteome
CDC40,0.5914865,Nucleus,Krug_Breast_PD,Proteome
CDC42,0.27497038,Cytosol,Krug_Breast_PD,Proteome
CDC42EP4,-0.40194774,Cytosol,Krug_Breast_PD,Proteome
CDC5L,0.62092054,Nucleus,Krug_Breast_PD,Proteome
CDC73,0.6073116,Nucleus,Krug_Breast_PD,Proteome
CDCA2,0.47294125,Nucleus,Krug_Breast_PD,Proteome
CDCA5,0.5330911,Nucleus,Krug_Breast_PD,Proteome
CDK1,-0.4823468,Cytosol,Krug_Breast_PD,Proteome
CDK13,0.61780745,Nucleus,Krug_Breast_PD,Proteome
CDK17,-0.46123448,Secretory,Krug_Breast_PD,Proteome
CDK5,0.264668,Cytosol,Krug_Breast_PD,Proteome
CDK5RAP3,-0.43515795,Secretory,Krug_Breast_PD,Proteome
CDK6,0.14509858,Cytosol,Krug_Breast_PD,Proteome
CDK9,0.403756,Nucleus,Krug_Breast_PD,Proteome
CDKAL1,-0.4978255,Secretory,Krug_Breast_PD,Proteome
CDKN2AIPNL,-0.1963005,Nucleus,Krug_Breast_PD,Proteome
CDR2L,0.101778805,Cytosol,Krug_Breast_PD,Proteome
CDS2,0.45660406,Secretory,Krug_Breast_PD,Proteome
CDV3,-0.055483222,Cytosol,Krug_Breast_PD,Proteome
CEBPB,0.3551233,Nucleus,Krug_Breast_PD,Proteome
CEBPZ,0.5558261,Nucleus,Krug_Breast_PD,Proteome
CELF1,0.6117355,Nucleus,Krug_Breast_PD,Proteome
CENPB,0.48278543,Nucleus,Krug_Breast_PD,Proteome
CENPC,0.54345006,Nucleus,Krug_Breast_PD,Proteome
CENPT,-0.29330793,Nucleus,Krug_Breast_PD,Proteome
CEP112,0.19631946,Cytosol,Krug_Breast_PD,Proteome
CEP128,-0.41270226,Mitochondria,Krug_Breast_PD,Proteome
CEP192,-0.5386493,Cytosol,Krug_Breast_PD,Proteome
CEP44,0.28290826,Cytosol,Krug_Breast_PD,Proteome
CEP78,0.3104087,Cytosol,Krug_Breast_PD,Proteome
CEP85,-0.5003841,Cytosol,Krug_Breast_PD,Proteome
CEP89,0.07338084,Secretory,Krug_Breast_PD,Proteome
CERS2,0.4616272,Secretory,Krug_Breast_PD,Proteome
CFL1,0.3481196,Cytosol,Krug_Breast_PD,Proteome
CHAF1A,0.5726452,Nucleus,Krug_Breast_PD,Proteome
CHCHD3,0.120842695,Mitochondria,Krug_Breast_PD,Proteome
CHCHD6,-0.069692306,Mitochondria,Krug_Breast_PD,Proteome
CHD1,0.5186733,Nucleus,Krug_Breast_PD,Proteome
CHD2,0.61691344,Nucleus,Krug_Breast_PD,Proteome
CHD3,0.403872,Nucleus,Krug_Breast_PD,Proteome
CHD4,0.62606466,Nucleus,Krug_Breast_PD,Proteome
CHD6,0.36114162,Nucleus,Krug_Breast_PD,Proteome
CHD9,-0.534223,Nucleus,Krug_Breast_PD,Proteome
CHDH,0.13238057,Mitochondria,Krug_Breast_PD,Proteome
CHERP,0.6240663,Nucleus,Krug_Breast_PD,Proteome
CHKA,-0.2915056,Cytosol,Krug_Breast_PD,Proteome
CHM,-0.19891764,Cytosol,Krug_Breast_PD,Proteome
CHML,-0.2546297,Cytosol,Krug_Breast_PD,Proteome
CHMP2A,0.38078168,Cytosol,Krug_Breast_PD,Proteome
CHMP4B,0.364883,Cytosol,Krug_Breast_PD,Proteome
CHMP5,0.36921614,Cytosol,Krug_Breast_PD,Proteome
CHMP6,0.43146315,Secretory,Krug_Breast_PD,Proteome
CHORDC1,-0.15208004,Cytosol,Krug_Breast_PD,Proteome
CHPF,-0.09993322,Secretory,Krug_Breast_PD,Proteome
CHPF2,0.36718684,Secretory,Krug_Breast_PD,Proteome
CHST14,-0.118839234,Secretory,Krug_Breast_PD,Proteome
CHSY1,0.439787,Secretory,Krug_Breast_PD,Proteome
CHTOP,0.40866303,Nucleus,Krug_Breast_PD,Proteome
CIAO1,-0.37342075,Cytosol,Krug_Breast_PD,Proteome
CIAPIN1,0.2872178,Cytosol,Krug_Breast_PD,Proteome
CIB1,-0.46392944,Secretory,Krug_Breast_PD,Proteome
CIC,-0.5192323,Nucleus,Krug_Breast_PD,Proteome
CISD1,0.05835267,Mitochondria,Krug_Breast_PD,Proteome
CISD2,0.43271244,Secretory,Krug_Breast_PD,Proteome
CKAP4,0.37863788,Secretory,Krug_Breast_PD,Proteome
CKB,0.42160028,Cytosol,Krug_Breast_PD,Proteome
CKS2,0.10654057,Cytosol,Krug_Breast_PD,Proteome
CLCC1,0.46885213,Secretory,Krug_Breast_PD,Proteome
CLCN3,0.4643705,Secretory,Krug_Breast_PD,Proteome
CLCN7,0.46938515,Secretory,Krug_Breast_PD,Proteome
CLIC1,0.37001294,Cytosol,Krug_Breast_PD,Proteome
CLIC4,0.16701457,Cytosol,Krug_Breast_PD,Proteome
CLIP1,0.24620661,Cytosol,Krug_Breast_PD,Proteome
CLPB,0.2186873,Mitochondria,Krug_Breast_PD,Proteome
CLPTM1,0.45499116,Secretory,Krug_Breast_PD,Proteome
CLPTM1L,0.4330047,Secretory,Krug_Breast_PD,Proteome
CLUH,-0.44557405,Cytosol,Krug_Breast_PD,Proteome
CMAS,0.60452384,Nucleus,Krug_Breast_PD,Proteome
CMBL,0.27582762,Cytosol,Krug_Breast_PD,Proteome
CMC2,-0.52203554,Mitochondria,Krug_Breast_PD,Proteome
CMPK1,0.42391187,Cytosol,Krug_Breast_PD,Proteome
CMSS1,0.5597998,Nucleus,Krug_Breast_PD,Proteome
CMTR2,-0.16667259,Cytosol,Krug_Breast_PD,Proteome
CNDP2,0.456103,Cytosol,Krug_Breast_PD,Proteome
CNN2,0.11896096,Cytosol,Krug_Breast_PD,Proteome
CNNM3,0.45464623,Secretory,Krug_Breast_PD,Proteome
CNNM4,0.4419054,Secretory,Krug_Breast_PD,Proteome
CNOT4,-0.07780095,Cytosol,Krug_Breast_PD,Proteome
CNP,-0.41235012,Secretory,Krug_Breast_PD,Proteome
CNPY3,0.51275903,Nucleus,Krug_Breast_PD,Proteome
CNST,-0.46520573,Secretory,Krug_Breast_PD,Proteome
CNTRL,0.07304529,Cytosol,Krug_Breast_PD,Proteome
COA3,0.23887098,Mitochondria,Krug_Breast_PD,Proteome
COA7,0.59346133,Nucleus,Krug_Breast_PD,Proteome
COASY,0.26884827,Cytosol,Krug_Breast_PD,Proteome
COG4,0.46373215,Cytosol,Krug_Breast_PD,Proteome
COMMD4,0.4088319,Cytosol,Krug_Breast_PD,Proteome
COMMD6,0.3587802,Cytosol,Krug_Breast_PD,Proteome
COMTD1,-0.56187356,Mitochondria,Krug_Breast_PD,Proteome
COPA,0.30631843,Cytosol,Krug_Breast_PD,Proteome
COPB2,0.33354756,Cytosol,Krug_Breast_PD,Proteome
COPG1,0.32944313,Cytosol,Krug_Breast_PD,Proteome
COPS4,0.29965472,Cytosol,Krug_Breast_PD,Proteome
COPS7A,0.2969559,Cytosol,Krug_Breast_PD,Proteome
COPZ1,0.34561214,Cytosol,Krug_Breast_PD,Proteome
COQ3,-0.519357,Secretory,Krug_Breast_PD,Proteome
COQ7,-0.52589434,Secretory,Krug_Breast_PD,Proteome
COQ9,0.295033,Mitochondria,Krug_Breast_PD,Proteome
COX11,0.2815875,Mitochondria,Krug_Breast_PD,Proteome
COX15,-0.5397403,Mitochondria,Krug_Breast_PD,Proteome
COX17,-0.244808,Nucleus,Krug_Breast_PD,Proteome
COX20,0.12681358,Mitochondria,Krug_Breast_PD,Proteome
COX4I1,-0.514321,Mitochondria,Krug_Breast_PD,Proteome
COX5B,0.26173672,Mitochondria,Krug_Breast_PD,Proteome
COX6B1,0.23993425,Mitochondria,Krug_Breast_PD,Proteome
COX6C,0.26508644,Mitochondria,Krug_Breast_PD,Proteome
COX7A2,0.28104338,Mitochondria,Krug_Breast_PD,Proteome
COX7A2L,0.27789152,Mitochondria,Krug_Breast_PD,Proteome
COX7B,0.20675455,Mitochondria,Krug_Breast_PD,Proteome
COX7C,0.23679563,Mitochondria,Krug_Breast_PD,Proteome
CPD,0.45183393,Secretory,Krug_Breast_PD,Proteome
CPNE3,-0.26825193,Cytosol,Krug_Breast_PD,Proteome
CPOX,-0.12100269,Nucleus,Krug_Breast_PD,Proteome
CPSF6,0.5143864,Nucleus,Krug_Breast_PD,Proteome
CPT1A,-0.5260183,Mitochondria,Krug_Breast_PD,Proteome
CPT2,0.23776877,Mitochondria,Krug_Breast_PD,Proteome
CRABP2,0.24548924,Cytosol,Krug_Breast_PD,Proteome
CRBN,0.18152612,Cytosol,Krug_Breast_PD,Proteome
CREBBP,0.3179172,Nucleus,Krug_Breast_PD,Proteome
CRELD1,0.4473805,Secretory,Krug_Breast_PD,Proteome
CRK,0.3916785,Cytosol,Krug_Breast_PD,Proteome
CRKL,0.31126776,Cytosol,Krug_Breast_PD,Proteome
CRLF3,0.07935098,Cytosol,Krug_Breast_PD,Proteome
CRTAP,-0.06929035,Secretory,Krug_Breast_PD,Proteome
CRTC1,0.28151155,Cytosol,Krug_Breast_PD,Proteome
CRTC2,-0.20906653,Cytosol,Krug_Breast_PD,Proteome
CRTC3,0.32988137,Cytosol,Krug_Breast_PD,Proteome
CSE1L,-0.5733291,Cytosol,Krug_Breast_PD,Proteome
CSK,0.19586557,Cytosol,Krug_Breast_PD,Proteome
CSTB,0.16720548,Cytosol,Krug_Breast_PD,Proteome
CSTF3,0.616051,Nucleus,Krug_Breast_PD,Proteome
CTBP1,0.54604316,Nucleus,Krug_Breast_PD,Proteome
CTCF,0.5979317,Nucleus,Krug_Breast_PD,Proteome
CTDP1,0.49718603,Nucleus,Krug_Breast_PD,Proteome
CTH,0.3505713,Cytosol,Krug_Breast_PD,Proteome
CTNNA1,0.19757794,Secretory,Krug_Breast_PD,Proteome
CTNNB1,-0.53576094,Mitochondria,Krug_Breast_PD,Proteome
CTNNBIP1,0.35987914,Cytosol,Krug_Breast_PD,Proteome
CTNNBL1,0.6202032,Nucleus,Krug_Breast_PD,Proteome
CTNND1,-0.43063644,Mitochondria,Krug_Breast_PD,Proteome
CTPS1,-0.3546721,Cytosol,Krug_Breast_PD,Proteome
CTPS2,0.3512172,Cytosol,Krug_Breast_PD,Proteome
CTR9,0.6231589,Nucleus,Krug_Breast_PD,Proteome
CTTNBP2NL,0.11440841,Cytosol,Krug_Breast_PD,Proteome
CTU2,-0.19264163,Cytosol,Krug_Breast_PD,Proteome
CUEDC2,-0.5514188,Cytosol,Krug_Breast_PD,Proteome
CUL1,-0.47935024,Cytosol,Krug_Breast_PD,Proteome
CUL9,0.038664423,Cytosol,Krug_Breast_PD,Proteome
CUX1,0.4186395,Secretory,Krug_Breast_PD,Proteome
CWC22,0.61640006,Nucleus,Krug_Breast_PD,Proteome
CXADR,0.1923063,Secretory,Krug_Breast_PD,Proteome
CXXC1,0.4883477,Nucleus,Krug_Breast_PD,Proteome
CXorf38,0.05925202,Cytosol,Krug_Breast_PD,Proteome
CYB5A,-0.46263096,Secretory,Krug_Breast_PD,Proteome
CYB5B,0.45481473,Secretory,Krug_Breast_PD,Proteome
CYB5R3,0.29486644,Secretory,Krug_Breast_PD,Proteome
CYB5R4,0.29806378,Cytosol,Krug_Breast_PD,Proteome
CYC1,0.28918135,Mitochondria,Krug_Breast_PD,Proteome
CYP20A1,0.46302465,Secretory,Krug_Breast_PD,Proteome
CYP51A1,0.45733985,Secretory,Krug_Breast_PD,Proteome
CYTH1,0.03752945,Cytosol,Krug_Breast_PD,Proteome
CYTH3,0.14003131,Cytosol,Krug_Breast_PD,Proteome
DAAM1,0.4620032,Secretory,Krug_Breast_PD,Proteome
DAG1,-0.1726063,Secretory,Krug_Breast_PD,Proteome
DAGLB,0.47054812,Secretory,Krug_Breast_PD,Proteome
DBI,0.44191265,Cytosol,Krug_Breast_PD,Proteome
DBNDD1,0.29551068,Cytosol,Krug_Breast_PD,Proteome
DBNL,0.34643424,Cytosol,Krug_Breast_PD,Proteome
DCAF13,0.5312358,Nucleus,Krug_Breast_PD,Proteome
DCTD,0.3423974,Cytosol,Krug_Breast_PD,Proteome
DCTN1,0.36119932,Cytosol,Krug_Breast_PD,Proteome
DCTN2,0.3420095,Cytosol,Krug_Breast_PD,Proteome
DCTN4,0.35041925,Cytosol,Krug_Breast_PD,Proteome
DCTN5,0.39900893,Cytosol,Krug_Breast_PD,Proteome
DCTN6,0.34978196,Cytosol,Krug_Breast_PD,Proteome
DCTPP1,0.15837997,Cytosol,Krug_Breast_PD,Proteome
DCUN1D1,-0.17543766,Cytosol,Krug_Breast_PD,Proteome
DDAH1,0.29729435,Cytosol,Krug_Breast_PD,Proteome
DDB2,-0.48702025,Nucleus,Krug_Breast_PD,Proteome
DDHD2,0.049409445,Cytosol,Krug_Breast_PD,Proteome
DDI2,0.45847178,Cytosol,Krug_Breast_PD,Proteome
DDOST,0.4191574,Secretory,Krug_Breast_PD,Proteome
DDR1,0.4370977,Secretory,Krug_Breast_PD,Proteome
DDRGK1,0.46114492,Secretory,Krug_Breast_PD,Proteome
DDX10,0.57022727,Nucleus,Krug_Breast_PD,Proteome
DDX18,0.5138143,Nucleus,Krug_Breast_PD,Proteome
DDX20,0.597456,Nucleus,Krug_Breast_PD,Proteome
DDX24,0.5059147,Nucleus,Krug_Breast_PD,Proteome
DDX28,-0.5065334,Secretory,Krug_Breast_PD,Proteome
DDX31,0.55608815,Nucleus,Krug_Breast_PD,Proteome
DDX39A,0.5313712,Nucleus,Krug_Breast_PD,Proteome
DDX39B,0.6006488,Nucleus,Krug_Breast_PD,Proteome
DDX47,0.53532004,Nucleus,Krug_Breast_PD,Proteome
DDX49,0.52779317,Nucleus,Krug_Breast_PD,Proteome
DDX5,0.5950892,Nucleus,Krug_Breast_PD,Proteome
DDX50,0.55700904,Nucleus,Krug_Breast_PD,Proteome
DDX51,0.607463,Nucleus,Krug_Breast_PD,Proteome
DDX52,0.53843904,Nucleus,Krug_Breast_PD,Proteome
DDX55,0.5626006,Nucleus,Krug_Breast_PD,Proteome
DDX56,0.5548092,Nucleus,Krug_Breast_PD,Proteome
DEGS1,0.42451426,Secretory,Krug_Breast_PD,Proteome
DENND4C,0.3266215,Cytosol,Krug_Breast_PD,Proteome
DENR,0.39148706,Cytosol,Krug_Breast_PD,Proteome
DEPDC5,0.3750583,Cytosol,Krug_Breast_PD,Proteome
DFFA,0.22813262,Cytosol,Krug_Breast_PD,Proteome
DGCR8,0.5602133,Nucleus,Krug_Breast_PD,Proteome
DHCR24,0.44767877,Secretory,Krug_Breast_PD,Proteome
DHCR7,0.4114416,Secretory,Krug_Breast_PD,Proteome
DHFR,-0.53677696,Cytosol,Krug_Breast_PD,Proteome
DHODH,0.24895832,Mitochondria,Krug_Breast_PD,Proteome
DHRS1,-0.4219129,Secretory,Krug_Breast_PD,Proteome
DHRS3,-0.41205868,Secretory,Krug_Breast_PD,Proteome
DHRS7,0.44892338,Secretory,Krug_Breast_PD,Proteome
DHRSX,0.2443741,Secretory,Krug_Breast_PD,Proteome
DHX16,0.6193261,Nucleus,Krug_Breast_PD,Proteome
DHX30,-0.5016691,Secretory,Krug_Breast_PD,Proteome
DHX33,0.55681944,Nucleus,Krug_Breast_PD,Proteome
DHX36,0.4458009,Nucleus,Krug_Breast_PD,Proteome
DHX37,0.550256,Nucleus,Krug_Breast_PD,Proteome
DHX40,0.5098417,Nucleus,Krug_Breast_PD,Proteome
DHX9,0.6246427,Nucleus,Krug_Breast_PD,Proteome
DIABLO,-0.32717237,Nucleus,Krug_Breast_PD,Proteome
DIAPH1,-0.15504505,Cytosol,Krug_Breast_PD,Proteome
DIDO1,0.51397055,Nucleus,Krug_Breast_PD,Proteome
DIMT1,0.5550769,Nucleus,Krug_Breast_PD,Proteome
DIP2A,0.28085336,Cytosol,Krug_Breast_PD,Proteome
DIP2B,0.10329129,Cytosol,Krug_Breast_PD,Proteome
DIS3L,0.2609728,Cytosol,Krug_Breast_PD,Proteome
DIS3L2,0.39889106,Cytosol,Krug_Breast_PD,Proteome
DKC1,0.61983657,Nucleus,Krug_Breast_PD,Proteome
DLAT,-0.5261574,Secretory,Krug_Breast_PD,Proteome
DLG1,-0.23663476,Mitochondria,Krug_Breast_PD,Proteome
DLG5,-0.45578888,Secretory,Krug_Breast_PD,Proteome
DLGAP5,-0.4568678,Cytosol,Krug_Breast_PD,Proteome
DNAAF2,-0.28000352,Cytosol,Krug_Breast_PD,Proteome
DNAJA3,0.2783794,Mitochondria,Krug_Breast_PD,Proteome
DNAJB11,0.07430122,Secretory,Krug_Breast_PD,Proteome
DNAJB12,0.43081224,Secretory,Krug_Breast_PD,Proteome
DNAJB14,0.46707705,Secretory,Krug_Breast_PD,Proteome
DNAJB4,0.08302501,Cytosol,Krug_Breast_PD,Proteome
DNAJC1,0.43494886,Secretory,Krug_Breast_PD,Proteome
DNAJC10,0.3709854,Secretory,Krug_Breast_PD,Proteome
DNAJC11,-0.52199155,Mitochondria,Krug_Breast_PD,Proteome
DNAJC13,0.2732034,Secretory,Krug_Breast_PD,Proteome
DNAJC16,0.45731628,Secretory,Krug_Breast_PD,Proteome
DNAJC19,0.2794737,Mitochondria,Krug_Breast_PD,Proteome
DNAJC25,0.4666516,Secretory,Krug_Breast_PD,Proteome
DNAJC3,-0.29877284,Secretory,Krug_Breast_PD,Proteome
DNAJC5,0.46205834,Secretory,Krug_Breast_PD,Proteome
DNAJC7,-0.59077686,Cytosol,Krug_Breast_PD,Proteome
DNM2,0.20102952,Cytosol,Krug_Breast_PD,Proteome
DNMBP,0.36721265,Cytosol,Krug_Breast_PD,Proteome
DNTTIP1,0.49888745,Nucleus,Krug_Breast_PD,Proteome
DNTTIP2,0.5859247,Nucleus,Krug_Breast_PD,Proteome
DOCK9,-0.44829088,Secretory,Krug_Breast_PD,Proteome
DOHH,0.016814608,Cytosol,Krug_Breast_PD,Proteome
DOT1L,0.44214845,Nucleus,Krug_Breast_PD,Proteome
DPF2,0.6117819,Nucleus,Krug_Breast_PD,Proteome
DPH2,-0.4073319,Cytosol,Krug_Breast_PD,Proteome
DPH5,0.23672155,Cytosol,Krug_Breast_PD,Proteome
DPH7,-0.39944762,Cytosol,Krug_Breast_PD,Proteome
DPM1,-0.11845371,Secretory,Krug_Breast_PD,Proteome
DPM3,0.45778322,Secretory,Krug_Breast_PD,Proteome
DPP3,0.44606778,Cytosol,Krug_Breast_PD,Proteome
DPY19L1,0.38202393,Secretory,Krug_Breast_PD,Proteome
DPYD,0.21284507,Cytosol,Krug_Breast_PD,Proteome
DRG2,0.45350137,Cytosol,Krug_Breast_PD,Proteome
DROSHA,0.617477,Nucleus,Krug_Breast_PD,Proteome
DSTN,0.3806068,Cytosol,Krug_Breast_PD,Proteome
DTD1,0.45452806,Cytosol,Krug_Breast_PD,Proteome
DTNB,-0.38484988,Mitochondria,Krug_Breast_PD,Proteome
DTNBP1,0.46339092,Cytosol,Krug_Breast_PD,Proteome
DTYMK,0.22087719,Cytosol,Krug_Breast_PD,Proteome
DUSP12,-0.2656441,Cytosol,Krug_Breast_PD,Proteome
DUSP14,0.3088007,Cytosol,Krug_Breast_PD,Proteome
DUSP3,0.4368697,Cytosol,Krug_Breast_PD,Proteome
DVL2,0.12913771,Cytosol,Krug_Breast_PD,Proteome
DYNC1H1,-0.33691785,Cytosol,Krug_Breast_PD,Proteome
DYNC1I2,0.35263819,Cytosol,Krug_Breast_PD,Proteome
DYNC1LI1,-0.08378381,Cytosol,Krug_Breast_PD,Proteome
DYNC1LI2,0.27115628,Cytosol,Krug_Breast_PD,Proteome
DYNLRB1,0.43795872,Cytosol,Krug_Breast_PD,Proteome
DYNLT3,0.34933424,Cytosol,Krug_Breast_PD,Proteome
DYRK1A,-0.5799011,Cytosol,Krug_Breast_PD,Proteome
EBAG9,0.43204957,Secretory,Krug_Breast_PD,Proteome
EBNA1BP2,0.50642496,Nucleus,Krug_Breast_PD,Proteome
ECD,-0.3520108,Cytosol,Krug_Breast_PD,Proteome
ECE1,0.42218098,Secretory,Krug_Breast_PD,Proteome
ECI2,-0.47707295,Secretory,Krug_Breast_PD,Proteome
ECSIT,0.26783788,Mitochondria,Krug_Breast_PD,Proteome
ECT2,-0.57331556,Secretory,Krug_Breast_PD,Proteome
EDEM3,0.38066632,Secretory,Krug_Breast_PD,Proteome
EDF1,-0.32474333,Cytosol,Krug_Breast_PD,Proteome
EEF1A1,0.32580465,Cytosol,Krug_Breast_PD,Proteome
EEF1B2,-0.42172036,Cytosol,Krug_Breast_PD,Proteome
EEF1D,-0.33736557,Cytosol,Krug_Breast_PD,Proteome
EEF2,0.11063028,Cytosol,Krug_Breast_PD,Proteome
EEF2K,0.32269537,Cytosol,Krug_Breast_PD,Proteome
EFCAB14,0.41460195,Secretory,Krug_Breast_PD,Proteome
EFNB1,-0.30983138,Secretory,Krug_Breast_PD,Proteome
EFR3A,0.37437925,Secretory,Krug_Breast_PD,Proteome
EGFR,-0.04691135,Secretory,Krug_Breast_PD,Proteome
EHBP1,0.148435,Cytosol,Krug_Breast_PD,Proteome
EIF1AD,0.32713398,Cytosol,Krug_Breast_PD,Proteome
EIF2AK4,-0.39279383,Cytosol,Krug_Breast_PD,Proteome
EIF2B1,-0.06189669,Cytosol,Krug_Breast_PD,Proteome
EIF4EBP2,0.26061213,Cytosol,Krug_Breast_PD,Proteome
EIF4H,0.3642251,Cytosol,Krug_Breast_PD,Proteome
EIF6,-0.6110534,Cytosol,Krug_Breast_PD,Proteome
ELAVL1,0.6064266,Nucleus,Krug_Breast_PD,Proteome
ELMO2,-0.0372154,Cytosol,Krug_Breast_PD,Proteome
ELMOD2,0.4468023,Secretory,Krug_Breast_PD,Proteome
ELOVL1,0.41665938,Secretory,Krug_Breast_PD,Proteome
ELP4,0.3436483,Cytosol,Krug_Breast_PD,Proteome
EMC1,0.34363505,Secretory,Krug_Breast_PD,Proteome
EMC10,0.35698006,Secretory,Krug_Breast_PD,Proteome
EMC3,0.43068627,Secretory,Krug_Breast_PD,Proteome
EMC4,0.4320433,Secretory,Krug_Breast_PD,Proteome
EMC7,0.3684304,Secretory,Krug_Breast_PD,Proteome
EMC8,-0.28842565,Secretory,Krug_Breast_PD,Proteome
EMD,0.46288663,Secretory,Krug_Breast_PD,Proteome
EML3,-0.25402656,Cytosol,Krug_Breast_PD,Proteome
EML4,0.011387283,Cytosol,Krug_Breast_PD,Proteome
ENAH,0.041162472,Cytosol,Krug_Breast_PD,Proteome
ENDOD1,0.405116,Secretory,Krug_Breast_PD,Proteome
ENO1,0.3222568,Cytosol,Krug_Breast_PD,Proteome
ENO3,0.34387267,Cytosol,Krug_Breast_PD,Proteome
ENOPH1,0.32663742,Cytosol,Krug_Breast_PD,Proteome
ENSA,0.32469293,Cytosol,Krug_Breast_PD,Proteome
EPB41,-0.34764367,Mitochondria,Krug_Breast_PD,Proteome
EPB41L5,-0.45241618,Secretory,Krug_Breast_PD,Proteome
EPHB4,0.41885605,Secretory,Krug_Breast_PD,Proteome
EPHX1,0.42808425,Secretory,Krug_Breast_PD,Proteome
ERAL1,0.2656854,Mitochondria,Krug_Breast_PD,Proteome
ERBB2,0.32177943,Secretory,Krug_Breast_PD,Proteome
ERC1,0.09686245,Cytosol,Krug_Breast_PD,Proteome
ERCC6L,-0.4485842,Cytosol,Krug_Breast_PD,Proteome
ERF,-0.34408292,Cytosol,Krug_Breast_PD,Proteome
ERGIC1,0.4286447,Secretory,Krug_Breast_PD,Proteome
ERGIC2,0.4059141,Secretory,Krug_Breast_PD,Proteome
ERGIC3,0.4332381,Secretory,Krug_Breast_PD,Proteome
ERLEC1,-0.46561712,Secretory,Krug_Breast_PD,Proteome
ERLIN1,0.3999029,Secretory,Krug_Breast_PD,Proteome
ERLIN2,-0.4388692,Secretory,Krug_Breast_PD,Proteome
ERMP1,0.46437168,Secretory,Krug_Breast_PD,Proteome
ERP29,-0.45329577,Nucleus,Krug_Breast_PD,Proteome
ESF1,0.547766,Nucleus,Krug_Breast_PD,Proteome
ESYT1,0.42694578,Secretory,Krug_Breast_PD,Proteome
ESYT2,0.40776372,Secretory,Krug_Breast_PD,Proteome
ETF1,0.38316408,Cytosol,Krug_Breast_PD,Proteome
ETFA,-0.48775837,Mitochondria,Krug_Breast_PD,Proteome
ETFDH,-0.26299116,Mitochondria,Krug_Breast_PD,Proteome
EXD2,0.20534082,Mitochondria,Krug_Breast_PD,Proteome
EXOSC10,0.62638754,Nucleus,Krug_Breast_PD,Proteome
EXOSC3,0.5989184,Nucleus,Krug_Breast_PD,Proteome
EXOSC5,0.6261614,Nucleus,Krug_Breast_PD,Proteome
EXOSC9,0.6019549,Nucleus,Krug_Breast_PD,Proteome
EXT2,-0.015384454,Secretory,Krug_Breast_PD,Proteome
EZR,0.4101181,Cytosol,Krug_Breast_PD,Proteome
FAF2,0.46105367,Secretory,Krug_Breast_PD,Proteome
FAH,0.34923235,Cytosol,Krug_Breast_PD,Proteome
FAIM,0.2542177,Cytosol,Krug_Breast_PD,Proteome
FAM107B,0.2860934,Cytosol,Krug_Breast_PD,Proteome
FAM111A,0.5890305,Nucleus,Krug_Breast_PD,Proteome
FAM114A2,0.2899952,Cytosol,Krug_Breast_PD,Proteome
FAM120A,-0.46305224,Nucleus,Krug_Breast_PD,Proteome
FAM136A,0.5706999,Nucleus,Krug_Breast_PD,Proteome
FAM162A,0.25582358,Mitochondria,Krug_Breast_PD,Proteome
FAM168A,0.21565865,Cytosol,Krug_Breast_PD,Proteome
FAM177A1,-0.43566903,Secretory,Krug_Breast_PD,Proteome
FAM20B,0.43436936,Secretory,Krug_Breast_PD,Proteome
FAM210A,0.254327,Mitochondria,Krug_Breast_PD,Proteome
FAM3C,0.45351592,Secretory,Krug_Breast_PD,Proteome
FAM76A,0.57539606,Nucleus,Krug_Breast_PD,Proteome
FAM76B,0.54163516,Nucleus,Krug_Breast_PD,Proteome
FAM8A1,0.4561952,Secretory,Krug_Breast_PD,Proteome
FAR1,0.46699995,Secretory,Krug_Breast_PD,Proteome
FARP2,-0.4382334,Mitochondria,Krug_Breast_PD,Proteome
FARSA,-0.048143085,Nucleus,Krug_Breast_PD,Proteome
FARSB,-0.078165166,Nucleus,Krug_Breast_PD,Proteome
FAS,-0.059538506,Secretory,Krug_Breast_PD,Proteome
FASTKD2,0.24132265,Mitochondria,Krug_Breast_PD,Proteome
FASTKD5,0.2263058,Mitochondria,Krug_Breast_PD,Proteome
FAT1,-0.085644506,Secretory,Krug_Breast_PD,Proteome
FBL,0.61019486,Nucleus,Krug_Breast_PD,Proteome
FBLIM1,0.14116761,Cytosol,Krug_Breast_PD,Proteome
FBXO11,0.15374158,Nucleus,Krug_Breast_PD,Proteome
FBXO28,0.6183395,Nucleus,Krug_Breast_PD,Proteome
FBXO3,0.2758234,Cytosol,Krug_Breast_PD,Proteome
FBXO30,0.2383375,Cytosol,Krug_Breast_PD,Proteome
FBXW5,0.28643492,Cytosol,Krug_Breast_PD,Proteome
FCF1,0.53373027,Nucleus,Krug_Breast_PD,Proteome
FCHSD2,0.1858762,Cytosol,Krug_Breast_PD,Proteome
FDFT1,0.37096754,Secretory,Krug_Breast_PD,Proteome
FDPS,-0.07954429,Cytosol,Krug_Breast_PD,Proteome
FER,0.20505762,Cytosol,Krug_Breast_PD,Proteome
FHOD1,-0.032895576,Cytosol,Krug_Breast_PD,Proteome
FIZ1,0.57242024,Nucleus,Krug_Breast_PD,Proteome
FKBP14,-0.4822637,Nucleus,Krug_Breast_PD,Proteome
FKBP3,0.33091843,Cytosol,Krug_Breast_PD,Proteome
FKBP4,-0.051596783,Cytosol,Krug_Breast_PD,Proteome
FKBP8,0.27270204,Secretory,Krug_Breast_PD,Proteome
FKBPL,0.46484414,Cytosol,Krug_Breast_PD,Proteome
FLCN,-0.077354245,Cytosol,Krug_Breast_PD,Proteome
FLNA,0.0804754,Cytosol,Krug_Breast_PD,Proteome
FLNB,0.040787876,Cytosol,Krug_Breast_PD,Proteome
FLOT1,-0.44158855,Secretory,Krug_Breast_PD,Proteome
FLOT2,0.4347968,Secretory,Krug_Breast_PD,Proteome
FMNL2,-0.098455675,Secretory,Krug_Breast_PD,Proteome
FNBP1,0.16424851,Cytosol,Krug_Breast_PD,Proteome
FNBP1L,0.45167056,Cytosol,Krug_Breast_PD,Proteome
FNBP4,0.58913547,Nucleus,Krug_Breast_PD,Proteome
FNDC3A,0.45306402,Secretory,Krug_Breast_PD,Proteome
FNDC3B,0.35471356,Secretory,Krug_Breast_PD,Proteome
FNIP1,0.23186013,Cytosol,Krug_Breast_PD,Proteome
FOXK1,0.58397174,Nucleus,Krug_Breast_PD,Proteome
FOXK2,0.50161713,Nucleus,Krug_Breast_PD,Proteome
FOXO3,0.24041435,Cytosol,Krug_Breast_PD,Proteome
FOXRED1,0.20262235,Mitochondria,Krug_Breast_PD,Proteome
FPGT,0.34105167,Cytosol,Krug_Breast_PD,Proteome
FSCN1,0.118507795,Cytosol,Krug_Breast_PD,Proteome
FTSJ1,0.0057371506,Cytosol,Krug_Breast_PD,Proteome
FUNDC2,-0.5173853,Mitochondria,Krug_Breast_PD,Proteome
FUT8,0.42313913,Secretory,Krug_Breast_PD,Proteome
FXR2,0.61482716,Nucleus,Krug_Breast_PD,Proteome
FYTTD1,0.3492774,Nucleus,Krug_Breast_PD,Proteome
FZD6,0.3763088,Secretory,Krug_Breast_PD,Proteome
FZD7,0.1981387,Secretory,Krug_Breast_PD,Proteome
G6PD,0.05478831,Cytosol,Krug_Breast_PD,Proteome
GABARAP,-0.36626592,Cytosol,Krug_Breast_PD,Proteome
GABPA,0.6118618,Nucleus,Krug_Breast_PD,Proteome
GADD45GIP1,-0.5144641,Secretory,Krug_Breast_PD,Proteome
GALE,0.42507446,Cytosol,Krug_Breast_PD,Proteome
GALK1,0.33485302,Cytosol,Krug_Breast_PD,Proteome
GALK2,0.36091283,Cytosol,Krug_Breast_PD,Proteome
GALNT1,0.32463163,Secretory,Krug_Breast_PD,Proteome
GALNT10,-0.31031463,Secretory,Krug_Breast_PD,Proteome
GALNT2,0.3702592,Secretory,Krug_Breast_PD,Proteome
GALNT7,-0.43354028,Secretory,Krug_Breast_PD,Proteome
GAPDH,0.3681371,Cytosol,Krug_Breast_PD,Proteome
GAR1,0.6090103,Nucleus,Krug_Breast_PD,Proteome
GART,-0.4335758,Cytosol,Krug_Breast_PD,Proteome
GATAD1,0.35418665,Nucleus,Krug_Breast_PD,Proteome
GBA2,0.43575066,Secretory,Krug_Breast_PD,Proteome
GBE1,0.11629408,Cytosol,Krug_Breast_PD,Proteome
GBP2,0.09458612,Cytosol,Krug_Breast_PD,Proteome
GCLM,-0.20560084,Cytosol,Krug_Breast_PD,Proteome
GCSH,0.27454263,Mitochondria,Krug_Breast_PD,Proteome
GDAP1,0.098133795,Mitochondria,Krug_Breast_PD,Proteome
GDE1,0.40575078,Secretory,Krug_Breast_PD,Proteome
GDI2,0.34271088,Cytosol,Krug_Breast_PD,Proteome
GDPD1,0.45462963,Secretory,Krug_Breast_PD,Proteome
GDPD3,-0.42620954,Secretory,Krug_Breast_PD,Proteome
GEMIN5,-0.6081566,Cytosol,Krug_Breast_PD,Proteome
GGA1,0.3683973,Cytosol,Krug_Breast_PD,Proteome
GGA3,0.16925271,Cytosol,Krug_Breast_PD,Proteome
GGCT,0.44159365,Cytosol,Krug_Breast_PD,Proteome
GGCX,0.42798153,Secretory,Krug_Breast_PD,Proteome
GIPC1,0.051800016,Cytosol,Krug_Breast_PD,Proteome
GLA,-0.54302126,Nucleus,Krug_Breast_PD,Proteome
GLCE,-0.44343975,Secretory,Krug_Breast_PD,Proteome
GLE1,0.62206554,Nucleus,Krug_Breast_PD,Proteome
GLG1,0.4170127,Secretory,Krug_Breast_PD,Proteome
GLIPR2,-0.2007887,Secretory,Krug_Breast_PD,Proteome
GLOD4,0.2943024,Cytosol,Krug_Breast_PD,Proteome
GLRX,0.42109615,Cytosol,Krug_Breast_PD,Proteome
GLRX3,-0.104701,Cytosol,Krug_Breast_PD,Proteome
GLS,-0.44479704,Mitochondria,Krug_Breast_PD,Proteome
GLT8D1,0.19819088,Secretory,Krug_Breast_PD,Proteome
GLUL,0.18613459,Cytosol,Krug_Breast_PD,Proteome
GMFB,0.4006986,Cytosol,Krug_Breast_PD,Proteome
GMIP,0.114737466,Cytosol,Krug_Breast_PD,Proteome
GMPPA,0.42834252,Cytosol,Krug_Breast_PD,Proteome
GMPPB,0.40391302,Cytosol,Krug_Breast_PD,Proteome
GMPR2,0.3386903,Cytosol,Krug_Breast_PD,Proteome
GNA13,0.44971073,Secretory,Krug_Breast_PD,Proteome
GNAI2,0.36411643,Secretory,Krug_Breast_PD,Proteome
GNAI3,0.4357587,Secretory,Krug_Breast_PD,Proteome
GNAQ,0.4024211,Secretory,Krug_Breast_PD,Proteome
GNAS,0.4595056,Secretory,Krug_Breast_PD,Proteome
GNB1,-0.30623907,Secretory,Krug_Breast_PD,Proteome
GNB1L,-0.52719986,Cytosol,Krug_Breast_PD,Proteome
GNB2,-0.3352158,Secretory,Krug_Breast_PD,Proteome
GNL2,0.50542533,Nucleus,Krug_Breast_PD,Proteome
GNPAT,0.44900727,Secretory,Krug_Breast_PD,Proteome
GNPDA2,0.3654628,Cytosol,Krug_Breast_PD,Proteome
GNPNAT1,0.45650157,Cytosol,Krug_Breast_PD,Proteome
GOLGA1,-0.47189158,Secretory,Krug_Breast_PD,Proteome
GOLGA2,-0.3311271,Secretory,Krug_Breast_PD,Proteome
GOLGA3,0.39477918,Cytosol,Krug_Breast_PD,Proteome
GOLGA4,-0.5464201,Nucleus,Krug_Breast_PD,Proteome
GOLGA5,0.42959496,Secretory,Krug_Breast_PD,Proteome
GOLGA7,0.45676622,Secretory,Krug_Breast_PD,Proteome
GOLGB1,0.4476183,Secretory,Krug_Breast_PD,Proteome
GOLIM4,0.3633057,Secretory,Krug_Breast_PD,Proteome
GOLM1,-0.4612668,Secretory,Krug_Breast_PD,Proteome
GOLPH3L,0.24354869,Cytosol,Krug_Breast_PD,Proteome
GOLT1B,0.34965125,Secretory,Krug_Breast_PD,Proteome
GORASP1,-0.3706389,Secretory,Krug_Breast_PD,Proteome
GORASP2,-0.4000294,Secretory,Krug_Breast_PD,Proteome
GOSR1,0.46892568,Secretory,Krug_Breast_PD,Proteome
GPAM,-0.44444805,Mitochondria,Krug_Breast_PD,Proteome
GPATCH4,0.5942178,Nucleus,Krug_Breast_PD,Proteome
GPATCH8,0.5478945,Nucleus,Krug_Breast_PD,Proteome
GPCPD1,0.031498604,Cytosol,Krug_Breast_PD,Proteome
GPD1L,0.3520171,Cytosol,Krug_Breast_PD,Proteome
GPD2,-0.15014674,Mitochondria,Krug_Breast_PD,Proteome
GPI,0.3564147,Cytosol,Krug_Breast_PD,Proteome
GPN1,-0.16129771,Cytosol,Krug_Breast_PD,Proteome
GPR107,0.4107886,Secretory,Krug_Breast_PD,Proteome
GPR108,0.46287403,Secretory,Krug_Breast_PD,Proteome
GPRC5A,-0.48085612,Secretory,Krug_Breast_PD,Proteome
GPSM1,0.16861995,Cytosol,Krug_Breast_PD,Proteome
GPX4,0.26588175,Cytosol,Krug_Breast_PD,Proteome
GPX8,-0.017828032,Secretory,Krug_Breast_PD,Proteome
GRAMD1A,0.4527208,Secretory,Krug_Breast_PD,Proteome
GRHPR,0.32320204,Cytosol,Krug_Breast_PD,Proteome
GRIPAP1,0.33734947,Cytosol,Krug_Breast_PD,Proteome
GRSF1,-0.51153415,Secretory,Krug_Breast_PD,Proteome
GSE1,0.33137882,Nucleus,Krug_Breast_PD,Proteome
GSK3A,0.30724305,Cytosol,Krug_Breast_PD,Proteome
GSK3B,-0.24876742,Cytosol,Krug_Breast_PD,Proteome
GSN,0.21105698,Cytosol,Krug_Breast_PD,Proteome
GSPT1,0.2820724,Cytosol,Krug_Breast_PD,Proteome
GSR,0.4131669,Cytosol,Krug_Breast_PD,Proteome
GSS,0.4038742,Cytosol,Krug_Breast_PD,Proteome
GSTO1,0.29938927,Cytosol,Krug_Breast_PD,Proteome
GTF3A,-0.39623123,Cytosol,Krug_Breast_PD,Proteome
GTF3C2,0.6196405,Nucleus,Krug_Breast_PD,Proteome
GTPBP10,-0.50899845,Secretory,Krug_Breast_PD,Proteome
GTPBP6,0.2839718,Mitochondria,Krug_Breast_PD,Proteome
GUF1,0.27383316,Mitochondria,Krug_Breast_PD,Proteome
GUK1,0.4485437,Cytosol,Krug_Breast_PD,Proteome
HADHA,0.2583057,Mitochondria,Krug_Breast_PD,Proteome
HADHB,0.2543625,Mitochondria,Krug_Breast_PD,Proteome
HAGH,0.10785888,Cytosol,Krug_Breast_PD,Proteome
HAUS3,-0.4702054,Cytosol,Krug_Breast_PD,Proteome
HAUS8,-0.51640606,Cytosol,Krug_Breast_PD,Proteome
HAX1,-0.6310169,Mitochondria,Krug_Breast_PD,Proteome
HCCS,-0.4398178,Mitochondria,Krug_Breast_PD,Proteome
HCFC1,0.61539507,Nucleus,Krug_Breast_PD,Proteome
HDAC2,0.6222744,Nucleus,Krug_Breast_PD,Proteome
HDAC4,0.18864797,Cytosol,Krug_Breast_PD,Proteome
HDAC7,0.24678391,Cytosol,Krug_Breast_PD,Proteome
HDAC8,0.45322752,Cytosol,Krug_Breast_PD,Proteome
HDDC2,0.40029845,Cytosol,Krug_Breast_PD,Proteome
HDLBP,-0.4647312,Nucleus,Krug_Breast_PD,Proteome
HEATR1,0.56460196,Nucleus,Krug_Breast_PD,Proteome
HEBP1,-0.0036554465,Cytosol,Krug_Breast_PD,Proteome
HECTD4,0.16528934,Cytosol,Krug_Breast_PD,Proteome
HELZ,0.47078717,Nucleus,Krug_Breast_PD,Proteome
HELZ2,-0.13032971,Nucleus,Krug_Breast_PD,Proteome
HERC1,-0.4162131,Cytosol,Krug_Breast_PD,Proteome
HERC2,-0.22639829,Secretory,Krug_Breast_PD,Proteome
HERC5,0.20064773,Nucleus,Krug_Breast_PD,Proteome
HINT3,-0.47841063,Secretory,Krug_Breast_PD,Proteome
HIP1,-0.39564675,Mitochondria,Krug_Breast_PD,Proteome
HIRIP3,0.32817295,Nucleus,Krug_Breast_PD,Proteome
HLA-A,-0.050545998,Secretory,Krug_Breast_PD,Proteome
HLA-C,0.050530605,Secretory,Krug_Breast_PD,Proteome
HLA-E,-0.09311902,Secretory,Krug_Breast_PD,Proteome
HLA-F,-0.04450862,Secretory,Krug_Breast_PD,Proteome
HLTF,0.5998419,Nucleus,Krug_Breast_PD,Proteome
HM13,0.4594072,Secretory,Krug_Breast_PD,Proteome
HMG20A,0.52874076,Nucleus,Krug_Breast_PD,Proteome
HMGCS1,0.042568278,Cytosol,Krug_Breast_PD,Proteome
HMGXB4,0.623698,Nucleus,Krug_Breast_PD,Proteome
HMOX2,0.45880345,Secretory,Krug_Breast_PD,Proteome
HNRNPA0,0.5773244,Nucleus,Krug_Breast_PD,Proteome
HNRNPA1,0.5703199,Nucleus,Krug_Breast_PD,Proteome
HNRNPA2B1,0.5687293,Nucleus,Krug_Breast_PD,Proteome
HNRNPA3,0.5721297,Nucleus,Krug_Breast_PD,Proteome
HNRNPAB,0.6215899,Nucleus,Krug_Breast_PD,Proteome
HNRNPC,0.5924598,Nucleus,Krug_Breast_PD,Proteome
HNRNPD,0.58096796,Nucleus,Krug_Breast_PD,Proteome
HNRNPDL,0.5879408,Nucleus,Krug_Breast_PD,Proteome
HNRNPH1,0.6086448,Nucleus,Krug_Breast_PD,Proteome
HNRNPH2,-0.46545407,Nucleus,Krug_Breast_PD,Proteome
HNRNPH3,0.61285585,Nucleus,Krug_Breast_PD,Proteome
HNRNPK,0.58162004,Nucleus,Krug_Breast_PD,Proteome
HNRNPL,0.58607423,Nucleus,Krug_Breast_PD,Proteome
HNRNPM,0.577172,Nucleus,Krug_Breast_PD,Proteome
HNRNPR,0.5770754,Nucleus,Krug_Breast_PD,Proteome
HNRNPUL1,0.5474134,Nucleus,Krug_Breast_PD,Proteome
HOOK3,0.022610353,Cytosol,Krug_Breast_PD,Proteome
HP1BP3,0.34265527,Nucleus,Krug_Breast_PD,Proteome
HS1BP3,0.4269831,Cytosol,Krug_Breast_PD,Proteome
HS2ST1,0.4050976,Secretory,Krug_Breast_PD,Proteome
HSBP1,0.28783256,Cytosol,Krug_Breast_PD,Proteome
HSD17B11,0.34803024,Secretory,Krug_Breast_PD,Proteome
HSD17B12,0.41515353,Secretory,Krug_Breast_PD,Proteome
HSD17B7,0.45427033,Secretory,Krug_Breast_PD,Proteome
HSDL1,-0.5804996,Mitochondria,Krug_Breast_PD,Proteome
HSP90AA1,0.030535357,Cytosol,Krug_Breast_PD,Proteome
HSP90AB1,-0.31436345,Cytosol,Krug_Breast_PD,Proteome
HSPA14,-0.37038097,Cytosol,Krug_Breast_PD,Proteome
HSPA4,0.21438904,Cytosol,Krug_Breast_PD,Proteome
HSPA4L,-0.5410369,Cytosol,Krug_Breast_PD,Proteome
HSPB1,0.19384678,Cytosol,Krug_Breast_PD,Proteome
HSPB8,-0.004714374,Cytosol,Krug_Breast_PD,Proteome
HSPBP1,-0.5191544,Cytosol,Krug_Breast_PD,Proteome
HSPH1,-0.28440374,Cytosol,Krug_Breast_PD,Proteome
HTATIP2,-0.42813897,Secretory,Krug_Breast_PD,Proteome
HTT,-0.43782026,Cytosol,Krug_Breast_PD,Proteome
IAH1,0.38721505,Cytosol,Krug_Breast_PD,Proteome
IDE,-0.20630231,Cytosol,Krug_Breast_PD,Proteome
IDH1,0.36250314,Cytosol,Krug_Breast_PD,Proteome
IDI1,-0.23617913,Cytosol,Krug_Breast_PD,Proteome
IDS,-0.52596354,Nucleus,Krug_Breast_PD,Proteome
IFIT5,0.14112553,Cytosol,Krug_Breast_PD,Proteome
IFNGR1,0.39656392,Secretory,Krug_Breast_PD,Proteome
IFT27,0.4130976,Cytosol,Krug_Breast_PD,Proteome
IFT81,0.2175063,Cytosol,Krug_Breast_PD,Proteome
IFT88,0.2635401,Cytosol,Krug_Breast_PD,Proteome
IGF1R,-0.44059488,Secretory,Krug_Breast_PD,Proteome
IGF2BP2,0.34800866,Nucleus,Krug_Breast_PD,Proteome
IGF2R,0.424047,Secretory,Krug_Breast_PD,Proteome
IGSF3,0.4045389,Secretory,Krug_Breast_PD,Proteome
IGSF8,0.46913078,Secretory,Krug_Breast_PD,Proteome
IK,0.5792393,Nucleus,Krug_Breast_PD,Proteome
IKBIP,-0.0076786326,Secretory,Krug_Breast_PD,Proteome
IL1RAP,-0.28228354,Secretory,Krug_Breast_PD,Proteome
IL6ST,-0.43355605,Secretory,Krug_Breast_PD,Proteome
ILF2,0.62487924,Nucleus,Krug_Breast_PD,Proteome
ILF3,0.59466165,Nucleus,Krug_Breast_PD,Proteome
ILVBL,0.4353308,Secretory,Krug_Breast_PD,Proteome
IMMT,0.2773924,Mitochondria,Krug_Breast_PD,Proteome
IMP3,0.50475144,Nucleus,Krug_Breast_PD,Proteome
IMP4,0.52834404,Nucleus,Krug_Breast_PD,Proteome
IMPA1,-0.041355822,Cytosol,Krug_Breast_PD,Proteome
IMPACT,0.27369645,Cytosol,Krug_Breast_PD,Proteome
IMPDH1,-0.19120717,Cytosol,Krug_Breast_PD,Proteome
INCENP,0.5197903,Nucleus,Krug_Breast_PD,Proteome
ING1,0.51711196,Nucleus,Krug_Breast_PD,Proteome
ING5,0.5509609,Nucleus,Krug_Breast_PD,Proteome
INO80,0.5096222,Nucleus,Krug_Breast_PD,Proteome
INPP1,0.39998114,Cytosol,Krug_Breast_PD,Proteome
INPP4A,0.17343377,Cytosol,Krug_Breast_PD,Proteome
INPP5A,0.39469382,Secretory,Krug_Breast_PD,Proteome
INPP5K,0.4559641,Secretory,Krug_Breast_PD,Proteome
INPPL1,0.41060945,Cytosol,Krug_Breast_PD,Proteome
INSR,-0.6733171,Secretory,Krug_Breast_PD,Proteome
INTS3,0.6201045,Nucleus,Krug_Breast_PD,Proteome
IQSEC2,0.27349916,Cytosol,Krug_Breast_PD,Proteome
IRAK4,0.42336786,Cytosol,Krug_Breast_PD,Proteome
IREB2,0.19798458,Cytosol,Krug_Breast_PD,Proteome
IRF2BP1,0.56048185,Nucleus,Krug_Breast_PD,Proteome
IRF2BPL,0.46549615,Nucleus,Krug_Breast_PD,Proteome
IRF3,0.01035553,Cytosol,Krug_Breast_PD,Proteome
IRF9,0.14019804,Cytosol,Krug_Breast_PD,Proteome
IRS1,0.20841901,Cytosol,Krug_Breast_PD,Proteome
IRS2,-0.4530032,Cytosol,Krug_Breast_PD,Proteome
ISG20L2,0.5457656,Nucleus,Krug_Breast_PD,Proteome
IST1,0.2538959,Cytosol,Krug_Breast_PD,Proteome
ITFG1,0.4163465,Secretory,Krug_Breast_PD,Proteome
ITGA2,0.44434828,Secretory,Krug_Breast_PD,Proteome
ITGA3,0.39969152,Secretory,Krug_Breast_PD,Proteome
ITGA5,-0.0076563866,Secretory,Krug_Breast_PD,Proteome
ITGA6,0.32335293,Secretory,Krug_Breast_PD,Proteome
ITGAV,0.19532047,Secretory,Krug_Breast_PD,Proteome
ITGB1,0.2642413,Secretory,Krug_Breast_PD,Proteome
ITGB4,0.3437681,Secretory,Krug_Breast_PD,Proteome
ITM2B,0.15231562,Secretory,Krug_Breast_PD,Proteome
ITPA,0.35416698,Cytosol,Krug_Breast_PD,Proteome
ITPKC,0.43025222,Cytosol,Krug_Breast_PD,Proteome
ITPR2,0.4446001,Secretory,Krug_Breast_PD,Proteome
ITPR3,0.463977,Secretory,Krug_Breast_PD,Proteome
IWS1,0.6261858,Nucleus,Krug_Breast_PD,Proteome
JAGN1,0.46668312,Secretory,Krug_Breast_PD,Proteome
JAK1,-0.4352619,Secretory,Krug_Breast_PD,Proteome
JAK2,-0.11434968,Secretory,Krug_Breast_PD,Proteome
JMJD1C,0.53410006,Nucleus,Krug_Breast_PD,Proteome
JTB,-0.50321084,Secretory,Krug_Breast_PD,Proteome
JUP,-0.5685925,Mitochondria,Krug_Breast_PD,Proteome
KAT6A,0.5902074,Nucleus,Krug_Breast_PD,Proteome
KAT7,0.5842724,Nucleus,Krug_Breast_PD,Proteome
KCMF1,0.36025366,Cytosol,Krug_Breast_PD,Proteome
KCTD9,-0.47191697,Cytosol,Krug_Breast_PD,Proteome
KDM1A,0.6214191,Nucleus,Krug_Breast_PD,Proteome
KDM2A,0.5635137,Nucleus,Krug_Breast_PD,Proteome
KDM3B,0.53039235,Nucleus,Krug_Breast_PD,Proteome
KDM4A,0.452075,Nucleus,Krug_Breast_PD,Proteome
KDM5B,0.25668687,Nucleus,Krug_Breast_PD,Proteome
KDSR,0.46877736,Secretory,Krug_Breast_PD,Proteome
KHK,-0.54588205,Cytosol,Krug_Breast_PD,Proteome
KIAA0319L,0.43883932,Secretory,Krug_Breast_PD,Proteome
KIAA0513,0.22803666,Cytosol,Krug_Breast_PD,Proteome
KIAA0753,-0.5627048,Secretory,Krug_Breast_PD,Proteome
KIDINS220,0.4587369,Secretory,Krug_Breast_PD,Proteome
KIF13B,0.3028614,Cytosol,Krug_Breast_PD,Proteome
KIF14,-0.5039116,Secretory,Krug_Breast_PD,Proteome
KIF15,-0.5077496,Cytosol,Krug_Breast_PD,Proteome
KIF21A,-0.25193372,Cytosol,Krug_Breast_PD,Proteome
KIF22,0.4821475,Nucleus,Krug_Breast_PD,Proteome
KIF3B,0.17834152,Cytosol,Krug_Breast_PD,Proteome
KIF4A,0.5103322,Nucleus,Krug_Breast_PD,Proteome
KIF5B,0.32988828,Cytosol,Krug_Breast_PD,Proteome
KLC2,0.013206728,Cytosol,Krug_Breast_PD,Proteome
KLC4,0.27248156,Cytosol,Krug_Breast_PD,Proteome
KLHL11,0.15725078,Cytosol,Krug_Breast_PD,Proteome
KLHL26,0.20082161,Cytosol,Krug_Breast_PD,Proteome
KLHL36,-0.035539556,Cytosol,Krug_Breast_PD,Proteome
KMT2A,0.5462311,Nucleus,Krug_Breast_PD,Proteome
KNTC1,-0.44400638,Cytosol,Krug_Breast_PD,Proteome
KPNA2,-0.4321804,Cytosol,Krug_Breast_PD,Proteome
KPNA4,-0.18950571,Cytosol,Krug_Breast_PD,Proteome
KRAS,-0.19879152,Secretory,Krug_Breast_PD,Proteome
KRI1,0.5980516,Nucleus,Krug_Breast_PD,Proteome
KRR1,0.5678137,Nucleus,Krug_Breast_PD,Proteome
KRT80,0.04613826,Cytosol,Krug_Breast_PD,Proteome
KTN1,-0.45280182,Secretory,Krug_Breast_PD,Proteome
L2HGDH,0.2936212,Mitochondria,Krug_Breast_PD,Proteome
LACTB,-0.33775708,Secretory,Krug_Breast_PD,Proteome
LAMA5,-0.24549887,Secretory,Krug_Breast_PD,Proteome
LAMB3,-0.024666136,Secretory,Krug_Breast_PD,Proteome
LAMP1,0.27571166,Secretory,Krug_Breast_PD,Proteome
LAMP2,-0.3154377,Secretory,Krug_Breast_PD,Proteome
LAMTOR1,0.3930639,Secretory,Krug_Breast_PD,Proteome
LAMTOR3,-0.3319272,Secretory,Krug_Breast_PD,Proteome
LARP1,0.51899564,Nucleus,Krug_Breast_PD,Proteome
LARP1B,-0.39655468,Nucleus,Krug_Breast_PD,Proteome
LARP4B,0.5137531,Nucleus,Krug_Breast_PD,Proteome
LARP7,0.6022663,Nucleus,Krug_Breast_PD,Proteome
LAS1L,0.59096664,Nucleus,Krug_Breast_PD,Proteome
LASP1,0.39185274,Cytosol,Krug_Breast_PD,Proteome
LBR,0.3514247,Secretory,Krug_Breast_PD,Proteome
LCLAT1,0.46273148,Secretory,Krug_Breast_PD,Proteome
LDHB,-0.16615011,Cytosol,Krug_Breast_PD,Proteome
LDLR,0.40370315,Secretory,Krug_Breast_PD,Proteome
LEMD2,-0.5895281,Mitochondria,Krug_Breast_PD,Proteome
LEMD3,-0.5498401,Nucleus,Krug_Breast_PD,Proteome
LEO1,0.59285283,Nucleus,Krug_Breast_PD,Proteome
LETM1,-0.51503736,Mitochondria,Krug_Breast_PD,Proteome
LGALSL,0.42560342,Cytosol,Krug_Breast_PD,Proteome
LIMD1,0.019910032,Cytosol,Krug_Breast_PD,Proteome
LIMS1,0.19513775,Cytosol,Krug_Breast_PD,Proteome
LIN7C,-0.4275415,Secretory,Krug_Breast_PD,Proteome
LLGL2,-0.4565633,Secretory,Krug_Breast_PD,Proteome
LLPH,0.523668,Nucleus,Krug_Breast_PD,Proteome
LMAN1,0.44495198,Secretory,Krug_Breast_PD,Proteome
LMAN2,0.4602194,Secretory,Krug_Breast_PD,Proteome
LMAN2L,0.47047347,Secretory,Krug_Breast_PD,Proteome
LMBRD1,0.4398371,Secretory,Krug_Breast_PD,Proteome
LMBRD2,0.443369,Secretory,Krug_Breast_PD,Proteome
LMCD1,0.14736652,Cytosol,Krug_Breast_PD,Proteome
LMNA,-0.49199712,Nucleus,Krug_Breast_PD,Proteome
LMNB1,0.6120196,Nucleus,Krug_Breast_PD,Proteome
LMTK2,0.4652527,Secretory,Krug_Breast_PD,Proteome
LNPEP,0.4530112,Secretory,Krug_Breast_PD,Proteome
LPCAT1,0.4392218,Secretory,Krug_Breast_PD,Proteome
LPCAT2,0.23393953,Secretory,Krug_Breast_PD,Proteome
LPCAT4,0.17874525,Secretory,Krug_Breast_PD,Proteome
LPGAT1,0.46405944,Secretory,Krug_Breast_PD,Proteome
LPIN2,0.26629233,Cytosol,Krug_Breast_PD,Proteome
LPP,0.20694742,Cytosol,Krug_Breast_PD,Proteome
LRCH4,0.07069575,Secretory,Krug_Breast_PD,Proteome
LRIF1,0.49691018,Nucleus,Krug_Breast_PD,Proteome
LRP1,-0.17115974,Secretory,Krug_Breast_PD,Proteome
LRP10,0.43783033,Secretory,Krug_Breast_PD,Proteome
LRPAP1,-0.5232521,Nucleus,Krug_Breast_PD,Proteome
LRRC1,-0.26330277,Mitochondria,Krug_Breast_PD,Proteome
LRRC59,0.42302284,Secretory,Krug_Breast_PD,Proteome
LRSAM1,0.41150215,Cytosol,Krug_Breast_PD,Proteome
LSM1,-0.3976888,Cytosol,Krug_Breast_PD,Proteome
LSS,0.2707896,Secretory,Krug_Breast_PD,Proteome
LTA4H,0.37147754,Cytosol,Krug_Breast_PD,Proteome
LTBR,0.4549207,Secretory,Krug_Breast_PD,Proteome
LYAR,0.5509248,Nucleus,Krug_Breast_PD,Proteome
LYN,-0.05406771,Secretory,Krug_Breast_PD,Proteome
LYPLA1,-0.09118319,Cytosol,Krug_Breast_PD,Proteome
LYRM1,0.155383,Mitochondria,Krug_Breast_PD,Proteome
LYRM7,0.29545364,Mitochondria,Krug_Breast_PD,Proteome
LYSMD2,0.08830597,Cytosol,Krug_Breast_PD,Proteome
LYSMD3,-0.3496885,Secretory,Krug_Breast_PD,Proteome
LZIC,0.31472623,Cytosol,Krug_Breast_PD,Proteome
LZTFL1,0.25874195,Cytosol,Krug_Breast_PD,Proteome
M6PR,0.43032116,Secretory,Krug_Breast_PD,Proteome
MACROD1,0.11205806,Mitochondria,Krug_Breast_PD,Proteome
MAD2L1,-0.5063296,Cytosol,Krug_Breast_PD,Proteome
MAF1,-0.02965403,Cytosol,Krug_Breast_PD,Proteome
MAFG,0.496689,Nucleus,Krug_Breast_PD,Proteome
MAGI3,0.30675116,Cytosol,Krug_Breast_PD,Proteome
MALT1,0.22652206,Cytosol,Krug_Breast_PD,Proteome
MAML1,0.21077497,Nucleus,Krug_Breast_PD,Proteome
MAN1A2,0.44216076,Secretory,Krug_Breast_PD,Proteome
MAN1B1,0.43534315,Secretory,Krug_Breast_PD,Proteome
MAN2A1,0.41873533,Secretory,Krug_Breast_PD,Proteome
MAP2K1,0.3230511,Cytosol,Krug_Breast_PD,Proteome
MAP3K7,0.3470674,Cytosol,Krug_Breast_PD,Proteome
MAP4,0.1165865,Cytosol,Krug_Breast_PD,Proteome
MAP4K2,0.38923752,Cytosol,Krug_Breast_PD,Proteome
MAP4K3,0.2626095,Cytosol,Krug_Breast_PD,Proteome
MAP4K5,0.16586995,Cytosol,Krug_Breast_PD,Proteome
MAPK1,0.35974422,Cytosol,Krug_Breast_PD,Proteome
MAPK12,0.21569115,Cytosol,Krug_Breast_PD,Proteome
MAPK14,0.40717563,Cytosol,Krug_Breast_PD,Proteome
MAPK8,-0.5518852,Cytosol,Krug_Breast_PD,Proteome
MAPK9,0.34448323,Cytosol,Krug_Breast_PD,Proteome
MAPKAP1,0.3146916,Cytosol,Krug_Breast_PD,Proteome
MAPRE1,0.3556391,Cytosol,Krug_Breast_PD,Proteome
MAST4,0.24378724,Cytosol,Krug_Breast_PD,Proteome
MAT2A,0.26142216,Cytosol,Krug_Breast_PD,Proteome
MAT2B,0.27556998,Cytosol,Krug_Breast_PD,Proteome
MATR3,0.5464804,Nucleus,Krug_Breast_PD,Proteome
MAVS,-0.5495222,Mitochondria,Krug_Breast_PD,Proteome
MAX,0.460506,Nucleus,Krug_Breast_PD,Proteome
MBD1,0.49941897,Nucleus,Krug_Breast_PD,Proteome
MBD2,0.61521965,Nucleus,Krug_Breast_PD,Proteome
MBLAC2,-0.49192578,Secretory,Krug_Breast_PD,Proteome
MBOAT2,0.46909115,Secretory,Krug_Breast_PD,Proteome
MBOAT7,0.43988386,Secretory,Krug_Breast_PD,Proteome
MCL1,-0.5637687,Mitochondria,Krug_Breast_PD,Proteome
MCM2,0.5179221,Nucleus,Krug_Breast_PD,Proteome
MCM3,0.47899774,Nucleus,Krug_Breast_PD,Proteome
MCM3AP,0.62031364,Nucleus,Krug_Breast_PD,Proteome
MCU,-0.55910176,Mitochondria,Krug_Breast_PD,Proteome
MCUR1,-0.5494774,Mitochondria,Krug_Breast_PD,Proteome
MDH1,0.42304835,Cytosol,Krug_Breast_PD,Proteome
MDK,-0.28445184,Secretory,Krug_Breast_PD,Proteome
MDN1,0.56788677,Nucleus,Krug_Breast_PD,Proteome
MECP2,0.19917294,Nucleus,Krug_Breast_PD,Proteome
MEGF9,0.39793202,Secretory,Krug_Breast_PD,Proteome
MEMO1,0.36733642,Cytosol,Krug_Breast_PD,Proteome
MEN1,0.58761555,Nucleus,Krug_Breast_PD,Proteome
MEPCE,0.57224214,Nucleus,Krug_Breast_PD,Proteome
METAP2,0.10472196,Cytosol,Krug_Breast_PD,Proteome
METTL2B,0.07964871,Cytosol,Krug_Breast_PD,Proteome
METTL5,0.23865564,Cytosol,Krug_Breast_PD,Proteome
METTL9,-0.45681387,Secretory,Krug_Breast_PD,Proteome
MFF,-0.5370366,Mitochondria,Krug_Breast_PD,Proteome
MFN1,-0.64171857,Mitochondria,Krug_Breast_PD,Proteome
MFN2,-0.5007279,Mitochondria,Krug_Breast_PD,Proteome
MFSD6,0.45703685,Secretory,Krug_Breast_PD,Proteome
MGAT1,0.32104245,Secretory,Krug_Breast_PD,Proteome
MGAT5,-0.5210566,Secretory,Krug_Breast_PD,Proteome
MGME1,0.26405886,Mitochondria,Krug_Breast_PD,Proteome
MGRN1,0.43344536,Secretory,Krug_Breast_PD,Proteome
MGST3,-0.54669833,Mitochondria,Krug_Breast_PD,Proteome
MIA3,0.44213447,Secretory,Krug_Breast_PD,Proteome
MICAL2,0.23947191,Secretory,Krug_Breast_PD,Proteome
MICAL3,-0.25306037,Cytosol,Krug_Breast_PD,Proteome
MICU1,-0.5385543,Mitochondria,Krug_Breast_PD,Proteome
MICU2,-0.5477052,Mitochondria,Krug_Breast_PD,Proteome
MIEF1,0.19423063,Mitochondria,Krug_Breast_PD,Proteome
MIEN1,-0.24575831,Cytosol,Krug_Breast_PD,Proteome
MIF4GD,0.35030034,Cytosol,Krug_Breast_PD,Proteome
MKI67,0.5318729,Nucleus,Krug_Breast_PD,Proteome
MKNK1,-0.043549046,Cytosol,Krug_Breast_PD,Proteome
MLEC,0.45704573,Secretory,Krug_Breast_PD,Proteome
MLKL,0.13576227,Cytosol,Krug_Breast_PD,Proteome
MLLT1,0.50815135,Nucleus,Krug_Breast_PD,Proteome
MMAB,0.046635438,Mitochondria,Krug_Breast_PD,Proteome
MMGT1,0.40862983,Secretory,Krug_Breast_PD,Proteome
MNAT1,0.6225719,Nucleus,Krug_Breast_PD,Proteome
MOB2,0.41576424,Cytosol,Krug_Breast_PD,Proteome
MOCS2,0.29226705,Cytosol,Krug_Breast_PD,Proteome
MORC3,0.56072193,Nucleus,Krug_Breast_PD,Proteome
MORF4L1,0.60931414,Nucleus,Krug_Breast_PD,Proteome
MORF4L2,0.581477,Nucleus,Krug_Breast_PD,Proteome
MOSPD2,0.45279947,Secretory,Krug_Breast_PD,Proteome
MOV10,0.61228603,Nucleus,Krug_Breast_PD,Proteome
MPHOSPH10,0.53962696,Nucleus,Krug_Breast_PD,Proteome
MPHOSPH8,0.6028042,Nucleus,Krug_Breast_PD,Proteome
MPI,0.34266317,Cytosol,Krug_Breast_PD,Proteome
MPP7,-0.22874363,Mitochondria,Krug_Breast_PD,Proteome
MPZL1,0.42570716,Secretory,Krug_Breast_PD,Proteome
MRI1,0.32314417,Cytosol,Krug_Breast_PD,Proteome
MRM1,-0.5135675,Secretory,Krug_Breast_PD,Proteome
MRPL1,-0.5056026,Secretory,Krug_Breast_PD,Proteome
MRPL11,-0.5066143,Secretory,Krug_Breast_PD,Proteome
MRPL13,-0.51993316,Secretory,Krug_Breast_PD,Proteome
MRPL14,0.26683253,Mitochondria,Krug_Breast_PD,Proteome
MRPL15,-0.5083537,Secretory,Krug_Breast_PD,Proteome
MRPL16,-0.5097042,Secretory,Krug_Breast_PD,Proteome
MRPL17,-0.5100361,Secretory,Krug_Breast_PD,Proteome
MRPL18,-0.50506485,Secretory,Krug_Breast_PD,Proteome
MRPL19,-0.51458156,Secretory,Krug_Breast_PD,Proteome
MRPL2,-0.5007258,Secretory,Krug_Breast_PD,Proteome
MRPL21,-0.5000291,Secretory,Krug_Breast_PD,Proteome
MRPL22,-0.5099896,Secretory,Krug_Breast_PD,Proteome
MRPL24,-0.5147649,Secretory,Krug_Breast_PD,Proteome
MRPL27,-0.5056573,Secretory,Krug_Breast_PD,Proteome
MRPL28,-0.51058584,Secretory,Krug_Breast_PD,Proteome
MRPL3,-0.50767773,Secretory,Krug_Breast_PD,Proteome
MRPL34,-0.49819484,Secretory,Krug_Breast_PD,Proteome
MRPL39,-0.49956012,Secretory,Krug_Breast_PD,Proteome
MRPL40,-0.5143012,Secretory,Krug_Breast_PD,Proteome
MRPL41,-0.5093986,Secretory,Krug_Breast_PD,Proteome
MRPL42,-0.5067182,Secretory,Krug_Breast_PD,Proteome
MRPL43,-0.5032136,Secretory,Krug_Breast_PD,Proteome
MRPL45,-0.5031324,Secretory,Krug_Breast_PD,Proteome
MRPL46,-0.51539004,Secretory,Krug_Breast_PD,Proteome
MRPL47,-0.5091043,Secretory,Krug_Breast_PD,Proteome
MRPL48,-0.49912146,Secretory,Krug_Breast_PD,Proteome
MRPL49,-0.5070838,Secretory,Krug_Breast_PD,Proteome
MRPL50,-0.50233316,Secretory,Krug_Breast_PD,Proteome
MRPL54,-0.52074975,Secretory,Krug_Breast_PD,Proteome
MRPL55,-0.5104221,Secretory,Krug_Breast_PD,Proteome
MRPL9,-0.5059667,Secretory,Krug_Breast_PD,Proteome
MRPS10,-0.5136501,Secretory,Krug_Breast_PD,Proteome
MRPS11,-0.5182606,Secretory,Krug_Breast_PD,Proteome
MRPS12,-0.50177515,Secretory,Krug_Breast_PD,Proteome
MRPS14,-0.50748473,Secretory,Krug_Breast_PD,Proteome
MRPS15,-0.5063143,Secretory,Krug_Breast_PD,Proteome
MRPS16,-0.5122448,Secretory,Krug_Breast_PD,Proteome
MRPS18A,-0.49525765,Secretory,Krug_Breast_PD,Proteome
MRPS18B,-0.50891143,Secretory,Krug_Breast_PD,Proteome
MRPS22,-0.5075012,Secretory,Krug_Breast_PD,Proteome
MRPS23,-0.51157796,Secretory,Krug_Breast_PD,Proteome
MRPS25,-0.51177317,Secretory,Krug_Breast_PD,Proteome
MRPS28,-0.5110089,Secretory,Krug_Breast_PD,Proteome
MRPS30,-0.5047428,Secretory,Krug_Breast_PD,Proteome
MRPS31,-0.513273,Secretory,Krug_Breast_PD,Proteome
MRPS34,-0.5157001,Secretory,Krug_Breast_PD,Proteome
MRPS35,-0.5015986,Secretory,Krug_Breast_PD,Proteome
MRPS5,-0.49703842,Secretory,Krug_Breast_PD,Proteome
MRPS9,-0.500201,Secretory,Krug_Breast_PD,Proteome
MSH3,-0.3822493,Nucleus,Krug_Breast_PD,Proteome
MSI2,-0.3613112,Nucleus,Krug_Breast_PD,Proteome
MSTO1,0.15526368,Cytosol,Krug_Breast_PD,Proteome
MT-CO2,-0.5239729,Mitochondria,Krug_Breast_PD,Proteome
MTA1,0.5781627,Nucleus,Krug_Breast_PD,Proteome
MTCH1,-0.530305,Mitochondria,Krug_Breast_PD,Proteome
MTCH2,-0.51926666,Mitochondria,Krug_Breast_PD,Proteome
MTDH,0.4025023,Secretory,Krug_Breast_PD,Proteome
MTF2,0.59602886,Nucleus,Krug_Breast_PD,Proteome
MTFR1,0.24180388,Mitochondria,Krug_Breast_PD,Proteome
MTFR1L,0.13992417,Mitochondria,Krug_Breast_PD,Proteome
MTHFD1L,-0.5054419,Mitochondria,Krug_Breast_PD,Proteome
MTMR1,0.067216955,Cytosol,Krug_Breast_PD,Proteome
MTMR12,0.2231316,Cytosol,Krug_Breast_PD,Proteome
MTMR2,0.06422857,Cytosol,Krug_Breast_PD,Proteome
MTMR3,0.34080583,Cytosol,Krug_Breast_PD,Proteome
MTMR6,-0.18373089,Cytosol,Krug_Breast_PD,Proteome
MTPAP,0.104075916,Mitochondria,Krug_Breast_PD,Proteome
MTR,0.25494224,Cytosol,Krug_Breast_PD,Proteome
MTX1,-0.5041302,Mitochondria,Krug_Breast_PD,Proteome
MTX2,0.27782705,Mitochondria,Krug_Breast_PD,Proteome
MTX3,-0.04498973,Mitochondria,Krug_Breast_PD,Proteome
MUC1,-0.45647776,Secretory,Krug_Breast_PD,Proteome
MVD,-0.042005792,Cytosol,Krug_Breast_PD,Proteome
MVK,0.24440806,Cytosol,Krug_Breast_PD,Proteome
MVP,-0.53035545,Nucleus,Krug_Breast_PD,Proteome
MXRA7,-0.13387541,Secretory,Krug_Breast_PD,Proteome
MYADM,0.39532307,Secretory,Krug_Breast_PD,Proteome
MYBBP1A,0.5945829,Nucleus,Krug_Breast_PD,Proteome
MYCBP2,0.3123394,Secretory,Krug_Breast_PD,Proteome
MYH14,-0.375648,Cytosol,Krug_Breast_PD,Proteome
MYO19,0.03869173,Mitochondria,Krug_Breast_PD,Proteome
MYO1B,0.06260396,Secretory,Krug_Breast_PD,Proteome
MYO9A,0.26734635,Cytosol,Krug_Breast_PD,Proteome
MYO9B,-0.1754306,Cytosol,Krug_Breast_PD,Proteome
MYOF,0.380016,Secretory,Krug_Breast_PD,Proteome
N4BP1,0.11598242,Cytosol,Krug_Breast_PD,Proteome
N4BP2L2,0.45521092,Nucleus,Krug_Breast_PD,Proteome
NAA10,-0.2499907,Cytosol,Krug_Breast_PD,Proteome
NAA50,-0.1986824,Cytosol,Krug_Breast_PD,Proteome
NACA,0.12188666,Cytosol,Krug_Breast_PD,Proteome
NAE1,0.3544634,Cytosol,Krug_Breast_PD,Proteome
NAGK,0.31461325,Cytosol,Krug_Breast_PD,Proteome
NAMPT,0.10141585,Cytosol,Krug_Breast_PD,Proteome
NANP,0.29487687,Cytosol,Krug_Breast_PD,Proteome
NANS,0.37632993,Cytosol,Krug_Breast_PD,Proteome
NAP1L4,0.35753044,Cytosol,Krug_Breast_PD,Proteome
NAPB,-0.074549034,Cytosol,Krug_Breast_PD,Proteome
NASP,0.45975676,Nucleus,Krug_Breast_PD,Proteome
NAT1,0.30003476,Cytosol,Krug_Breast_PD,Proteome
NAT10,0.5723656,Nucleus,Krug_Breast_PD,Proteome
NAT14,0.2566825,Secretory,Krug_Breast_PD,Proteome
NBAS,-0.1287688,Secretory,Krug_Breast_PD,Proteome
NBN,0.45600578,Nucleus,Krug_Breast_PD,Proteome
NCAPD3,0.52120507,Nucleus,Krug_Breast_PD,Proteome
NCAPH2,0.5563733,Nucleus,Krug_Breast_PD,Proteome
NCBP1,0.6114164,Nucleus,Krug_Breast_PD,Proteome
NCEH1,0.4076895,Secretory,Krug_Breast_PD,Proteome
NCK1,0.30971488,Cytosol,Krug_Breast_PD,Proteome
NCK2,0.04421235,Cytosol,Krug_Breast_PD,Proteome
NCL,0.54920995,Nucleus,Krug_Breast_PD,Proteome
NCLN,0.43803152,Secretory,Krug_Breast_PD,Proteome
NCOA5,0.5867093,Nucleus,Krug_Breast_PD,Proteome
NCOA6,0.5062379,Nucleus,Krug_Breast_PD,Proteome
NCOR1,0.47446507,Nucleus,Krug_Breast_PD,Proteome
NCOR2,0.31499806,Nucleus,Krug_Breast_PD,Proteome
NDC1,0.43384507,Secretory,Krug_Breast_PD,Proteome
NDC80,-0.5223101,Cytosol,Krug_Breast_PD,Proteome
NDE1,0.022258572,Cytosol,Krug_Breast_PD,Proteome
NDEL1,0.16933315,Cytosol,Krug_Breast_PD,Proteome
NDOR1,0.43430263,Cytosol,Krug_Breast_PD,Proteome
NDRG1,-0.25873727,Cytosol,Krug_Breast_PD,Proteome
NDRG2,0.15898548,Cytosol,Krug_Breast_PD,Proteome
NDRG3,-0.14715421,Cytosol,Krug_Breast_PD,Proteome
NDUFA10,0.2363896,Mitochondria,Krug_Breast_PD,Proteome
NDUFA12,0.23604186,Mitochondria,Krug_Breast_PD,Proteome
NDUFA2,0.22846878,Mitochondria,Krug_Breast_PD,Proteome
NDUFA3,0.25669223,Mitochondria,Krug_Breast_PD,Proteome
NDUFA4,0.24972375,Mitochondria,Krug_Breast_PD,Proteome
NDUFA5,0.25336397,Mitochondria,Krug_Breast_PD,Proteome
NDUFA8,0.24060126,Mitochondria,Krug_Breast_PD,Proteome
NDUFAB1,0.2711357,Mitochondria,Krug_Breast_PD,Proteome
NDUFAF1,0.23649503,Mitochondria,Krug_Breast_PD,Proteome
NDUFAF2,0.25505722,Mitochondria,Krug_Breast_PD,Proteome
NDUFAF3,0.18680087,Mitochondria,Krug_Breast_PD,Proteome
NDUFAF4,0.07987409,Mitochondria,Krug_Breast_PD,Proteome
NDUFAF7,0.20069288,Mitochondria,Krug_Breast_PD,Proteome
NDUFB1,-0.5168502,Mitochondria,Krug_Breast_PD,Proteome
NDUFB10,0.26109505,Mitochondria,Krug_Breast_PD,Proteome
NDUFB11,-0.51795477,Mitochondria,Krug_Breast_PD,Proteome
NDUFB3,0.22347528,Mitochondria,Krug_Breast_PD,Proteome
NDUFB4,0.24668635,Mitochondria,Krug_Breast_PD,Proteome
NDUFB5,-0.5218682,Mitochondria,Krug_Breast_PD,Proteome
NDUFB6,-0.51488614,Mitochondria,Krug_Breast_PD,Proteome
NDUFB7,-0.5271668,Mitochondria,Krug_Breast_PD,Proteome
NDUFB8,-0.52478886,Mitochondria,Krug_Breast_PD,Proteome
NDUFB9,0.24507949,Mitochondria,Krug_Breast_PD,Proteome
NDUFC2,0.23415756,Mitochondria,Krug_Breast_PD,Proteome
NDUFS1,0.2367068,Mitochondria,Krug_Breast_PD,Proteome
NDUFS2,0.27059132,Mitochondria,Krug_Breast_PD,Proteome
NDUFS3,0.25244474,Mitochondria,Krug_Breast_PD,Proteome
NDUFS4,0.19058628,Mitochondria,Krug_Breast_PD,Proteome
NDUFS5,0.2269649,Mitochondria,Krug_Breast_PD,Proteome
NDUFS6,0.18746005,Mitochondria,Krug_Breast_PD,Proteome
NDUFS7,0.2277518,Mitochondria,Krug_Breast_PD,Proteome
NDUFS8,0.24878971,Mitochondria,Krug_Breast_PD,Proteome
NDUFV1,0.21898694,Mitochondria,Krug_Breast_PD,Proteome
NDUFV2,0.2337296,Mitochondria,Krug_Breast_PD,Proteome
NDUFV3,0.16965339,Mitochondria,Krug_Breast_PD,Proteome
NECAP1,0.14556783,Cytosol,Krug_Breast_PD,Proteome
NECAP2,0.14957291,Cytosol,Krug_Breast_PD,Proteome
NEK7,0.2545614,Cytosol,Krug_Breast_PD,Proteome
NELFA,0.6097295,Nucleus,Krug_Breast_PD,Proteome
NELFE,0.5832075,Nucleus,Krug_Breast_PD,Proteome
NEO1,-0.27902132,Secretory,Krug_Breast_PD,Proteome
NEURL4,-0.4305546,Secretory,Krug_Breast_PD,Proteome
NFKB1,0.41661832,Cytosol,Krug_Breast_PD,Proteome
NFKB2,0.03218757,Cytosol,Krug_Breast_PD,Proteome
NFKBIB,-0.3873477,Cytosol,Krug_Breast_PD,Proteome
NFXL1,0.44667223,Secretory,Krug_Breast_PD,Proteome
NGDN,0.54337287,Nucleus,Krug_Breast_PD,Proteome
NGLY1,0.18628244,Cytosol,Krug_Breast_PD,Proteome
NGRN,-0.50448394,Secretory,Krug_Breast_PD,Proteome
NIF3L1,0.37034616,Cytosol,Krug_Breast_PD,Proteome
NIFK,0.5034104,Nucleus,Krug_Breast_PD,Proteome
NIP7,0.49224943,Nucleus,Krug_Breast_PD,Proteome
NIPBL,0.5339094,Nucleus,Krug_Breast_PD,Proteome
NIT2,0.31044912,Cytosol,Krug_Breast_PD,Proteome
NKIRAS1,0.30950406,Cytosol,Krug_Breast_PD,Proteome
NKRF,0.49615905,Nucleus,Krug_Breast_PD,Proteome
NLRX1,-0.4787206,Mitochondria,Krug_Breast_PD,Proteome
NME1,-0.08250927,Cytosol,Krug_Breast_PD,Proteome
NME3,-0.11711196,Mitochondria,Krug_Breast_PD,Proteome
NMI,0.19920003,Cytosol,Krug_Breast_PD,Proteome
NMT1,0.10359628,Nucleus,Krug_Breast_PD,Proteome
NMT2,0.09387487,Cytosol,Krug_Breast_PD,Proteome
NNT,-0.5100313,Mitochondria,Krug_Breast_PD,Proteome
NOC2L,0.5891166,Nucleus,Krug_Breast_PD,Proteome
NOC4L,0.54356635,Nucleus,Krug_Breast_PD,Proteome
NOL10,0.5448305,Nucleus,Krug_Breast_PD,Proteome
NOL11,0.5317751,Nucleus,Krug_Breast_PD,Proteome
NOL6,0.53979707,Nucleus,Krug_Breast_PD,Proteome
NOL7,0.51983184,Nucleus,Krug_Breast_PD,Proteome
NOL8,0.6163956,Nucleus,Krug_Breast_PD,Proteome
NOL9,0.5914431,Nucleus,Krug_Breast_PD,Proteome
NOLC1,0.55681145,Nucleus,Krug_Breast_PD,Proteome
NOM1,0.54353726,Nucleus,Krug_Breast_PD,Proteome
NOMO1,-0.51145566,Secretory,Krug_Breast_PD,Proteome
NOP14,0.5686069,Nucleus,Krug_Breast_PD,Proteome
NOP16,0.5362528,Nucleus,Krug_Breast_PD,Proteome
NOP2,0.52629656,Nucleus,Krug_Breast_PD,Proteome
NOP56,0.6044607,Nucleus,Krug_Breast_PD,Proteome
NOP58,0.611207,Nucleus,Krug_Breast_PD,Proteome
NOP9,0.5863224,Nucleus,Krug_Breast_PD,Proteome
NOTCH1,-0.260981,Secretory,Krug_Breast_PD,Proteome
NOTCH2,-0.19910519,Secretory,Krug_Breast_PD,Proteome
NOTCH3,-0.120172895,Secretory,Krug_Breast_PD,Proteome
NPC1,0.41139224,Secretory,Krug_Breast_PD,Proteome
NPEPL1,0.27719733,Cytosol,Krug_Breast_PD,Proteome
NPEPPS,0.24985282,Cytosol,Krug_Breast_PD,Proteome
NPM1,0.6007291,Nucleus,Krug_Breast_PD,Proteome
NPM3,0.55504435,Nucleus,Krug_Breast_PD,Proteome
NPTN,-0.15632057,Secretory,Krug_Breast_PD,Proteome
NQO1,0.43675244,Cytosol,Krug_Breast_PD,Proteome
NQO2,0.46065918,Cytosol,Krug_Breast_PD,Proteome
NR3C1,0.27866802,Cytosol,Krug_Breast_PD,Proteome
NRBP1,0.31672952,Cytosol,Krug_Breast_PD,Proteome
NRF1,0.5978852,Nucleus,Krug_Breast_PD,Proteome
NRP1,-0.1696019,Secretory,Krug_Breast_PD,Proteome
NRP2,-0.056577086,Secretory,Krug_Breast_PD,Proteome
NSD1,0.625397,Nucleus,Krug_Breast_PD,Proteome
NSDHL,0.41587427,Secretory,Krug_Breast_PD,Proteome
NSF,-0.46497327,Secretory,Krug_Breast_PD,Proteome
NSFL1C,0.23649722,Cytosol,Krug_Breast_PD,Proteome
NSL1,0.5318772,Nucleus,Krug_Breast_PD,Proteome
NSMAF,-0.1250725,Cytosol,Krug_Breast_PD,Proteome
NSUN4,0.26709118,Mitochondria,Krug_Breast_PD,Proteome
NSUN6,0.391905,Cytosol,Krug_Breast_PD,Proteome
NT5C,0.3390699,Cytosol,Krug_Breast_PD,Proteome
NT5C2,0.0027075468,Cytosol,Krug_Breast_PD,Proteome
NT5C3B,0.22350475,Cytosol,Krug_Breast_PD,Proteome
NT5DC1,0.017740449,Cytosol,Krug_Breast_PD,Proteome
NT5E,0.23376483,Secretory,Krug_Breast_PD,Proteome
NTAN1,0.18373196,Cytosol,Krug_Breast_PD,Proteome
NTHL1,0.4104653,Nucleus,Krug_Breast_PD,Proteome
NTN4,-0.26313686,Secretory,Krug_Breast_PD,Proteome
NUB1,0.13660714,Cytosol,Krug_Breast_PD,Proteome
NUBPL,0.05999862,Mitochondria,Krug_Breast_PD,Proteome
NUDC,0.25957093,Cytosol,Krug_Breast_PD,Proteome
NUDCD1,-0.5222358,Cytosol,Krug_Breast_PD,Proteome
NUDCD2,0.29831085,Cytosol,Krug_Breast_PD,Proteome
NUDCD3,0.31387162,Cytosol,Krug_Breast_PD,Proteome
NUDT1,-0.41884315,Cytosol,Krug_Breast_PD,Proteome
NUDT14,0.3650356,Cytosol,Krug_Breast_PD,Proteome
NUDT15,-0.19164321,Cytosol,Krug_Breast_PD,Proteome
NUDT16,0.42002022,Cytosol,Krug_Breast_PD,Proteome
NUDT2,0.3235874,Cytosol,Krug_Breast_PD,Proteome
NUF2,-0.51034486,Cytosol,Krug_Breast_PD,Proteome
NUMB,-0.33222178,Secretory,Krug_Breast_PD,Proteome
NUP107,0.6140211,Nucleus,Krug_Breast_PD,Proteome
NUP133,0.6050397,Nucleus,Krug_Breast_PD,Proteome
NUP153,0.61805886,Nucleus,Krug_Breast_PD,Proteome
NUP155,0.61531174,Nucleus,Krug_Breast_PD,Proteome
NUP205,0.597267,Nucleus,Krug_Breast_PD,Proteome
NUP210,-0.40369305,Nucleus,Krug_Breast_PD,Proteome
NUP50,0.51693094,Nucleus,Krug_Breast_PD,Proteome
NUP93,0.59645706,Nucleus,Krug_Breast_PD,Proteome
NUP98,0.6148034,Nucleus,Krug_Breast_PD,Proteome
NXF1,0.6169655,Nucleus,Krug_Breast_PD,Proteome
NXT1,0.5899202,Nucleus,Krug_Breast_PD,Proteome
NXT2,0.60549253,Nucleus,Krug_Breast_PD,Proteome
OARD1,0.33693674,Cytosol,Krug_Breast_PD,Proteome
OBSL1,0.07143635,Cytosol,Krug_Breast_PD,Proteome
OCIAD1,0.26988882,Mitochondria,Krug_Breast_PD,Proteome
OCIAD2,0.24149093,Mitochondria,Krug_Breast_PD,Proteome
OCLN,-0.50225943,Secretory,Krug_Breast_PD,Proteome
ODF2,-0.40732127,Mitochondria,Krug_Breast_PD,Proteome
OGFR,0.07276873,Cytosol,Krug_Breast_PD,Proteome
OLA1,0.44132742,Cytosol,Krug_Breast_PD,Proteome
OMA1,-0.5436331,Mitochondria,Krug_Breast_PD,Proteome
OPA1,0.29450092,Mitochondria,Krug_Breast_PD,Proteome
OS9,-0.40611547,Secretory,Krug_Breast_PD,Proteome
OSBPL2,0.11044965,Cytosol,Krug_Breast_PD,Proteome
OSBPL5,0.42991462,Secretory,Krug_Breast_PD,Proteome
OSBPL8,0.46653596,Secretory,Krug_Breast_PD,Proteome
OTUB1,0.4386331,Cytosol,Krug_Breast_PD,Proteome
OTUD5,0.5458547,Nucleus,Krug_Breast_PD,Proteome
OXA1L,-0.5330842,Mitochondria,Krug_Breast_PD,Proteome
OXR1,-0.12746428,Cytosol,Krug_Breast_PD,Proteome
P2RX4,0.41875565,Secretory,Krug_Breast_PD,Proteome
P4HB,-0.5102029,Nucleus,Krug_Breast_PD,Proteome
PAAF1,0.3042778,Cytosol,Krug_Breast_PD,Proteome
PABPC1,0.53367054,Nucleus,Krug_Breast_PD,Proteome
PACSIN2,0.43572122,Cytosol,Krug_Breast_PD,Proteome
PAF1,0.62092996,Nucleus,Krug_Breast_PD,Proteome
PAIP1,-0.14578812,Cytosol,Krug_Breast_PD,Proteome
PAIP2,-0.22239093,Cytosol,Krug_Breast_PD,Proteome
PAIP2B,-0.45759353,Cytosol,Krug_Breast_PD,Proteome
PAK1,-0.34376237,Cytosol,Krug_Breast_PD,Proteome
PAK1IP1,0.5528265,Nucleus,Krug_Breast_PD,Proteome
PAK2,0.44749132,Cytosol,Krug_Breast_PD,Proteome
PALLD,0.14796114,Cytosol,Krug_Breast_PD,Proteome
PAM,-0.20269085,Secretory,Krug_Breast_PD,Proteome
PANK2,0.18054324,Cytosol,Krug_Breast_PD,Proteome
PANK3,0.40945825,Cytosol,Krug_Breast_PD,Proteome
PANK4,0.3491998,Cytosol,Krug_Breast_PD,Proteome
PAPSS2,0.04405522,Cytosol,Krug_Breast_PD,Proteome
PARK7,0.28971243,Cytosol,Krug_Breast_PD,Proteome
PARL,-0.5591966,Mitochondria,Krug_Breast_PD,Proteome
PARP2,0.613248,Nucleus,Krug_Breast_PD,Proteome
PARP4,-0.53795695,Nucleus,Krug_Breast_PD,Proteome
PARVA,0.16720688,Cytosol,Krug_Breast_PD,Proteome
PASK,-0.25050005,Cytosol,Krug_Breast_PD,Proteome
PATL1,-0.34512776,Cytosol,Krug_Breast_PD,Proteome
PATZ1,0.07326488,Nucleus,Krug_Breast_PD,Proteome
PAXBP1,0.6007644,Nucleus,Krug_Breast_PD,Proteome
PBDC1,0.37865025,Cytosol,Krug_Breast_PD,Proteome
PBK,-0.5187684,Cytosol,Krug_Breast_PD,Proteome
PBX2,0.4922286,Nucleus,Krug_Breast_PD,Proteome
PBXIP1,0.4064537,Secretory,Krug_Breast_PD,Proteome
PCDH1,-0.43155718,Secretory,Krug_Breast_PD,Proteome
PCF11,0.6191377,Nucleus,Krug_Breast_PD,Proteome
PCGF5,0.4495342,Nucleus,Krug_Breast_PD,Proteome
PCID2,-0.6160218,Cytosol,Krug_Breast_PD,Proteome
PCMT1,0.29707554,Cytosol,Krug_Breast_PD,Proteome
PCNA,-0.5188033,Cytosol,Krug_Breast_PD,Proteome
PCYOX1,0.0014665009,Secretory,Krug_Breast_PD,Proteome
PCYT2,0.24888742,Cytosol,Krug_Breast_PD,Proteome
PDAP1,-0.266697,Cytosol,Krug_Breast_PD,Proteome
PDCD10,0.22570516,Cytosol,Krug_Breast_PD,Proteome
PDCD11,0.53611636,Nucleus,Krug_Breast_PD,Proteome
PDCD2,0.25942254,Cytosol,Krug_Breast_PD,Proteome
PDCD2L,-0.43218303,Cytosol,Krug_Breast_PD,Proteome
PDCL3,0.26132932,Cytosol,Krug_Breast_PD,Proteome
PDE5A,0.15524174,Cytosol,Krug_Breast_PD,Proteome
PDE6D,0.43700433,Cytosol,Krug_Breast_PD,Proteome
PDHX,-0.5188701,Secretory,Krug_Breast_PD,Proteome
PDK1,-0.5021594,Mitochondria,Krug_Breast_PD,Proteome
PDLIM5,0.12708662,Cytosol,Krug_Breast_PD,Proteome
PDS5A,0.6154437,Nucleus,Krug_Breast_PD,Proteome
PDS5B,0.5645033,Nucleus,Krug_Breast_PD,Proteome
PDSS2,-0.3691266,Mitochondria,Krug_Breast_PD,Proteome
PDZD8,0.44228318,Secretory,Krug_Breast_PD,Proteome
PEBP1,0.31391588,Cytosol,Krug_Breast_PD,Proteome
PEPD,0.44304356,Cytosol,Krug_Breast_PD,Proteome
PEX13,0.4269117,Secretory,Krug_Breast_PD,Proteome
PEX14,0.45997918,Secretory,Krug_Breast_PD,Proteome
PEX19,0.30954334,Cytosol,Krug_Breast_PD,Proteome
PEX6,-0.5266611,Secretory,Krug_Breast_PD,Proteome
PFAS,0.26573345,Cytosol,Krug_Breast_PD,Proteome
PFDN1,0.39221504,Cytosol,Krug_Breast_PD,Proteome
PFDN2,-0.23768973,Cytosol,Krug_Breast_PD,Proteome
PFDN5,0.13687475,Cytosol,Krug_Breast_PD,Proteome
PFDN6,-0.11277566,Cytosol,Krug_Breast_PD,Proteome
PFKFB2,0.4392527,Cytosol,Krug_Breast_PD,Proteome
PFKL,-0.045635432,Cytosol,Krug_Breast_PD,Proteome
PFN1,0.31682363,Cytosol,Krug_Breast_PD,Proteome
PFN2,0.012175439,Cytosol,Krug_Breast_PD,Proteome
PGAM1,0.35030437,Cytosol,Krug_Breast_PD,Proteome
PGAM5,0.20579714,Mitochondria,Krug_Breast_PD,Proteome
PGK1,0.27401012,Cytosol,Krug_Breast_PD,Proteome
PGM1,0.32329077,Cytosol,Krug_Breast_PD,Proteome
PGM2,0.32964185,Cytosol,Krug_Breast_PD,Proteome
PGM2L1,0.036199864,Cytosol,Krug_Breast_PD,Proteome
PGM3,0.43834707,Cytosol,Krug_Breast_PD,Proteome
PGP,0.1825419,Cytosol,Krug_Breast_PD,Proteome
PGRMC1,0.45552218,Secretory,Krug_Breast_PD,Proteome
PGRMC2,0.44895944,Secretory,Krug_Breast_PD,Proteome
PHACTR2,-0.32036898,Cytosol,Krug_Breast_PD,Proteome
PHACTR4,0.4381218,Cytosol,Krug_Breast_PD,Proteome
PHB2,0.25414515,Mitochondria,Krug_Breast_PD,Proteome
PHF2,0.5408185,Nucleus,Krug_Breast_PD,Proteome
PHGDH,-0.13058676,Cytosol,Krug_Breast_PD,Proteome
PHIP,0.55771345,Nucleus,Krug_Breast_PD,Proteome
PHKA1,0.45382696,Cytosol,Krug_Breast_PD,Proteome
PHKB,0.45601472,Cytosol,Krug_Breast_PD,Proteome
PHKG2,0.4586433,Cytosol,Krug_Breast_PD,Proteome
PHPT1,0.29190388,Cytosol,Krug_Breast_PD,Proteome
PHYH,-0.49621558,Secretory,Krug_Breast_PD,Proteome
PHYKPL,0.3850306,Cytosol,Krug_Breast_PD,Proteome
PI4K2A,0.457974,Secretory,Krug_Breast_PD,Proteome
PI4K2B,0.46009842,Secretory,Krug_Breast_PD,Proteome
PI4KB,-0.41779435,Cytosol,Krug_Breast_PD,Proteome
PIGK,0.41478297,Secretory,Krug_Breast_PD,Proteome
PIGU,0.4550808,Secretory,Krug_Breast_PD,Proteome
PIH1D1,0.17079867,Cytosol,Krug_Breast_PD,Proteome
PIK3CA,0.3515463,Cytosol,Krug_Breast_PD,Proteome
PIN4,0.22752066,Cytosol,Krug_Breast_PD,Proteome
PIP5K1A,-0.6833153,Secretory,Krug_Breast_PD,Proteome
PIR,-0.17274022,Cytosol,Krug_Breast_PD,Proteome
PISD,-0.27948454,Mitochondria,Krug_Breast_PD,Proteome
PITPNA,0.36187872,Cytosol,Krug_Breast_PD,Proteome
PITPNB,0.30552256,Cytosol,Krug_Breast_PD,Proteome
PKM,0.3057809,Cytosol,Krug_Breast_PD,Proteome
PKNOX1,0.5687912,Nucleus,Krug_Breast_PD,Proteome
PKP2,-0.5181539,Mitochondria,Krug_Breast_PD,Proteome
PKP4,-0.20831996,Mitochondria,Krug_Breast_PD,Proteome
PLA2G12A,-0.48648623,Secretory,Krug_Breast_PD,Proteome
PLAA,-0.13009384,Cytosol,Krug_Breast_PD,Proteome
PLAUR,0.26871666,Secretory,Krug_Breast_PD,Proteome
PLCB3,0.083100155,Cytosol,Krug_Breast_PD,Proteome
PLCD1,-0.25551435,Secretory,Krug_Breast_PD,Proteome
PLCD3,-0.25479138,Secretory,Krug_Breast_PD,Proteome
PLCG1,-0.023167672,Cytosol,Krug_Breast_PD,Proteome
PLD1,0.17826733,Secretory,Krug_Breast_PD,Proteome
PLEKHA2,0.22641934,Cytosol,Krug_Breast_PD,Proteome
PLGRKT,-0.54173356,Mitochondria,Krug_Breast_PD,Proteome
PLRG1,0.61057764,Nucleus,Krug_Breast_PD,Proteome
PLS3,0.09382306,Cytosol,Krug_Breast_PD,Proteome
PLSCR1,-0.0088433735,Secretory,Krug_Breast_PD,Proteome
PLXNA1,0.2669183,Secretory,Krug_Breast_PD,Proteome
PLXNA3,-0.23305407,Secretory,Krug_Breast_PD,Proteome
PLXNB2,0.24648196,Secretory,Krug_Breast_PD,Proteome
PLXND1,-0.027663382,Secretory,Krug_Breast_PD,Proteome
PM20D2,-0.4048212,Cytosol,Krug_Breast_PD,Proteome
PMM1,0.13408227,Cytosol,Krug_Breast_PD,Proteome
PMM2,0.41871342,Cytosol,Krug_Breast_PD,Proteome
PMVK,0.34347582,Cytosol,Krug_Breast_PD,Proteome
PNKD,-0.5749341,Mitochondria,Krug_Breast_PD,Proteome
PNN,0.59170735,Nucleus,Krug_Breast_PD,Proteome
PNPLA6,0.44737804,Secretory,Krug_Breast_PD,Proteome
PNPLA8,0.29062974,Mitochondria,Krug_Breast_PD,Proteome
PNPO,0.27617583,Cytosol,Krug_Breast_PD,Proteome
PODXL,0.18986414,Secretory,Krug_Breast_PD,Proteome
POGZ,0.60476816,Nucleus,Krug_Breast_PD,Proteome
POLR1A,0.53504914,Nucleus,Krug_Breast_PD,Proteome
POLR1E,0.5919393,Nucleus,Krug_Breast_PD,Proteome
POLR2A,0.6207166,Nucleus,Krug_Breast_PD,Proteome
POLR3B,0.34098563,Nucleus,Krug_Breast_PD,Proteome
POLRMT,-0.491559,Secretory,Krug_Breast_PD,Proteome
POM121C,-0.51132566,Nucleus,Krug_Breast_PD,Proteome
POMK,-0.5209724,Secretory,Krug_Breast_PD,Proteome
PON2,-0.21435136,Secretory,Krug_Breast_PD,Proteome
POP1,0.5214073,Nucleus,Krug_Breast_PD,Proteome
POP4,0.60441345,Nucleus,Krug_Breast_PD,Proteome
POR,0.4026775,Secretory,Krug_Breast_PD,Proteome
PPA1,0.069135904,Cytosol,Krug_Breast_PD,Proteome
PPAT,-0.25763306,Cytosol,Krug_Breast_PD,Proteome
PPCS,0.38066548,Cytosol,Krug_Breast_PD,Proteome
PPHLN1,0.47405887,Nucleus,Krug_Breast_PD,Proteome
PPIA,0.44715887,Cytosol,Krug_Breast_PD,Proteome
PPID,-0.0063485964,Cytosol,Krug_Breast_PD,Proteome
PPIL2,0.59805197,Nucleus,Krug_Breast_PD,Proteome
PPIL3,0.4057966,Cytosol,Krug_Breast_PD,Proteome
PPIP5K2,0.19048278,Cytosol,Krug_Breast_PD,Proteome
PPM1A,0.34164175,Cytosol,Krug_Breast_PD,Proteome
PPM1B,0.45321023,Cytosol,Krug_Breast_PD,Proteome
PPM1F,0.22140506,Cytosol,Krug_Breast_PD,Proteome
PPM1H,0.19519414,Cytosol,Krug_Breast_PD,Proteome
PPME1,-0.20228025,Cytosol,Krug_Breast_PD,Proteome
PPP1CB,0.11340427,Cytosol,Krug_Breast_PD,Proteome
PPP1R11,0.30598527,Cytosol,Krug_Breast_PD,Proteome
PPP1R14B,0.074009754,Cytosol,Krug_Breast_PD,Proteome
PPP1R2,0.30250758,Cytosol,Krug_Breast_PD,Proteome
PPP1R7,0.41090944,Cytosol,Krug_Breast_PD,Proteome
PPP2R1A,0.36416277,Cytosol,Krug_Breast_PD,Proteome
PPP2R1B,-0.48076892,Cytosol,Krug_Breast_PD,Proteome
PPP2R2A,0.32565805,Cytosol,Krug_Breast_PD,Proteome
PPP2R3A,-0.04322732,Cytosol,Krug_Breast_PD,Proteome
PPP2R5C,-0.46143368,Cytosol,Krug_Breast_PD,Proteome
PPP2R5D,-0.111217715,Cytosol,Krug_Breast_PD,Proteome
PPP3CB,0.3563151,Cytosol,Krug_Breast_PD,Proteome
PPP4C,-0.44599867,Cytosol,Krug_Breast_PD,Proteome
PPP4R1,0.35468355,Cytosol,Krug_Breast_PD,Proteome
PPP5C,0.22037748,Cytosol,Krug_Breast_PD,Proteome
PPP6R1,0.03094703,Cytosol,Krug_Breast_PD,Proteome
PRDM15,-0.52448124,Nucleus,Krug_Breast_PD,Proteome
PRDM2,0.4433739,Nucleus,Krug_Breast_PD,Proteome
PRDX1,0.3825749,Cytosol,Krug_Breast_PD,Proteome
PRDX6,0.3451797,Cytosol,Krug_Breast_PD,Proteome
PREB,0.46733087,Secretory,Krug_Breast_PD,Proteome
PREP,0.2781143,Cytosol,Krug_Breast_PD,Proteome
PREPL,0.39107567,Cytosol,Krug_Breast_PD,Proteome
PRKAB1,0.39856443,Cytosol,Krug_Breast_PD,Proteome
PRKAB2,0.103352755,Cytosol,Krug_Breast_PD,Proteome
PRKAR1B,-0.07113677,Cytosol,Krug_Breast_PD,Proteome
PRKCA,0.09047132,Cytosol,Krug_Breast_PD,Proteome
PRKD2,0.1801034,Cytosol,Krug_Breast_PD,Proteome
PRKRA,-0.45195845,Nucleus,Krug_Breast_PD,Proteome
PRMT3,-0.19169153,Cytosol,Krug_Breast_PD,Proteome
PRMT5,0.11668072,Cytosol,Krug_Breast_PD,Proteome
PRNP,0.3874514,Secretory,Krug_Breast_PD,Proteome
PRPF19,0.6164913,Nucleus,Krug_Breast_PD,Proteome
PRPF31,0.60228795,Nucleus,Krug_Breast_PD,Proteome
PRPF38A,0.6174922,Nucleus,Krug_Breast_PD,Proteome
PRPF40A,0.6110552,Nucleus,Krug_Breast_PD,Proteome
PRPS2,-0.21584696,Cytosol,Krug_Breast_PD,Proteome
PRTFDC1,-0.1824663,Cytosol,Krug_Breast_PD,Proteome
PSMA1,0.3864581,Cytosol,Krug_Breast_PD,Proteome
PSMA3,0.3837146,Cytosol,Krug_Breast_PD,Proteome
PSMA4,0.39251563,Cytosol,Krug_Breast_PD,Proteome
PSMA5,0.38982704,Cytosol,Krug_Breast_PD,Proteome
PSMA6,0.3839071,Cytosol,Krug_Breast_PD,Proteome
PSMA7,0.38367346,Cytosol,Krug_Breast_PD,Proteome
PSMB2,0.38414472,Cytosol,Krug_Breast_PD,Proteome
PSMB4,0.37351552,Cytosol,Krug_Breast_PD,Proteome
PSMB5,0.46155563,Cytosol,Krug_Breast_PD,Proteome
PSMB7,0.40349227,Cytosol,Krug_Breast_PD,Proteome
PSMC1,0.22622196,Cytosol,Krug_Breast_PD,Proteome
PSMC2,0.27568153,Cytosol,Krug_Breast_PD,Proteome
PSMC3,0.36307412,Cytosol,Krug_Breast_PD,Proteome
PSMC4,0.30634695,Cytosol,Krug_Breast_PD,Proteome
PSMC5,0.34798327,Cytosol,Krug_Breast_PD,Proteome
PSMD1,0.22601199,Cytosol,Krug_Breast_PD,Proteome
PSMD11,0.28671548,Cytosol,Krug_Breast_PD,Proteome
PSMD12,0.27003393,Cytosol,Krug_Breast_PD,Proteome
PSMD13,0.23510087,Cytosol,Krug_Breast_PD,Proteome
PSMD14,0.300083,Cytosol,Krug_Breast_PD,Proteome
PSMD2,0.22273307,Cytosol,Krug_Breast_PD,Proteome
PSMD3,0.20915626,Cytosol,Krug_Breast_PD,Proteome
PSMD7,0.23421511,Cytosol,Krug_Breast_PD,Proteome
PSMD8,0.2397053,Cytosol,Krug_Breast_PD,Proteome
PSMD9,0.4101837,Cytosol,Krug_Breast_PD,Proteome
PSME4,-0.014418269,Cytosol,Krug_Breast_PD,Proteome
PSMG1,-0.377152,Cytosol,Krug_Breast_PD,Proteome
PSMG4,0.055950146,Cytosol,Krug_Breast_PD,Proteome
PSPC1,0.5850818,Nucleus,Krug_Breast_PD,Proteome
PTDSS1,0.41293484,Secretory,Krug_Breast_PD,Proteome
PTGES2,0.2851822,Mitochondria,Krug_Breast_PD,Proteome
PTGES3,0.011252076,Cytosol,Krug_Breast_PD,Proteome
PTGFRN,0.25400597,Secretory,Krug_Breast_PD,Proteome
PTGR1,0.3532896,Cytosol,Krug_Breast_PD,Proteome
PTK7,0.065745965,Secretory,Krug_Breast_PD,Proteome
PTP4A2,0.26976287,Cytosol,Krug_Breast_PD,Proteome
PTPMT1,0.26958412,Mitochondria,Krug_Breast_PD,Proteome
PTPN1,0.37735766,Secretory,Krug_Breast_PD,Proteome
PTPN11,0.3277725,Cytosol,Krug_Breast_PD,Proteome
PTPN12,0.02853075,Cytosol,Krug_Breast_PD,Proteome
PTPN13,-0.35383898,Secretory,Krug_Breast_PD,Proteome
PTPRA,0.35197175,Secretory,Krug_Breast_PD,Proteome
PTPRE,-0.04210076,Secretory,Krug_Breast_PD,Proteome
PTPRF,-0.47199294,Secretory,Krug_Breast_PD,Proteome
PTPRJ,-0.1811296,Secretory,Krug_Breast_PD,Proteome
PTPRK,-0.20816539,Secretory,Krug_Breast_PD,Proteome
PTPRS,-0.306889,Secretory,Krug_Breast_PD,Proteome
PTRH2,0.39252827,Secretory,Krug_Breast_PD,Proteome
PTRHD1,0.4081472,Cytosol,Krug_Breast_PD,Proteome
PTTG1IP,0.44694823,Secretory,Krug_Breast_PD,Proteome
PUS3,0.4344171,Nucleus,Krug_Breast_PD,Proteome
PVR,-0.15903555,Secretory,Krug_Breast_PD,Proteome
PWP2,0.5728457,Nucleus,Krug_Breast_PD,Proteome
PWWP2A,0.44933578,Nucleus,Krug_Breast_PD,Proteome
PXN,0.24151668,Cytosol,Krug_Breast_PD,Proteome
PYCR1,0.244467,Mitochondria,Krug_Breast_PD,Proteome
PYCR2,0.2505083,Mitochondria,Krug_Breast_PD,Proteome
PYGL,0.21682665,Cytosol,Krug_Breast_PD,Proteome
PYGO2,-0.040192492,Nucleus,Krug_Breast_PD,Proteome
PYROXD1,-0.26986697,Cytosol,Krug_Breast_PD,Proteome
QDPR,0.2478406,Cytosol,Krug_Breast_PD,Proteome
QPCTL,0.42514333,Secretory,Krug_Breast_PD,Proteome
QSER1,0.55720973,Nucleus,Krug_Breast_PD,Proteome
QSOX1,-0.34130946,Secretory,Krug_Breast_PD,Proteome
QSOX2,0.1698119,Secretory,Krug_Breast_PD,Proteome
QTRT1,0.15038382,Cytosol,Krug_Breast_PD,Proteome
R3HCC1,0.17717393,Cytosol,Krug_Breast_PD,Proteome
R3HDM2,-0.19681261,Cytosol,Krug_Breast_PD,Proteome
RAB10,0.454909,Secretory,Krug_Breast_PD,Proteome
RAB11FIP5,-0.1917381,Secretory,Krug_Breast_PD,Proteome
RAB12,0.37740365,Secretory,Krug_Breast_PD,Proteome
RAB13,0.4488154,Secretory,Krug_Breast_PD,Proteome
RAB14,0.45586023,Secretory,Krug_Breast_PD,Proteome
RAB18,0.43862662,Secretory,Krug_Breast_PD,Proteome
RAB1A,0.4590395,Secretory,Krug_Breast_PD,Proteome
RAB1B,0.4447204,Secretory,Krug_Breast_PD,Proteome
RAB20,0.21723911,Secretory,Krug_Breast_PD,Proteome
RAB21,0.46688527,Secretory,Krug_Breast_PD,Proteome
RAB22A,0.4670299,Secretory,Krug_Breast_PD,Proteome
RAB23,-0.11373788,Secretory,Krug_Breast_PD,Proteome
RAB24,0.46555883,Secretory,Krug_Breast_PD,Proteome
RAB27A,0.44069123,Secretory,Krug_Breast_PD,Proteome
RAB27B,-0.4693626,Secretory,Krug_Breast_PD,Proteome
RAB2A,0.42502102,Secretory,Krug_Breast_PD,Proteome
RAB2B,0.4501352,Secretory,Krug_Breast_PD,Proteome
RAB30,-0.4429411,Secretory,Krug_Breast_PD,Proteome
RAB31,0.19976322,Secretory,Krug_Breast_PD,Proteome
RAB32,0.38730404,Secretory,Krug_Breast_PD,Proteome
RAB33B,0.44126445,Secretory,Krug_Breast_PD,Proteome
RAB35,0.4629283,Secretory,Krug_Breast_PD,Proteome
RAB43,0.40342775,Secretory,Krug_Breast_PD,Proteome
RAB4A,0.45285398,Secretory,Krug_Breast_PD,Proteome
RAB5A,0.46906087,Secretory,Krug_Breast_PD,Proteome
RAB6A,0.4448479,Secretory,Krug_Breast_PD,Proteome
RAB7A,0.40966785,Secretory,Krug_Breast_PD,Proteome
RAB8A,0.46692708,Secretory,Krug_Breast_PD,Proteome
RAB8B,0.2980874,Secretory,Krug_Breast_PD,Proteome
RAB9A,0.123373464,Secretory,Krug_Breast_PD,Proteome
RABAC1,0.46446368,Secretory,Krug_Breast_PD,Proteome
RABEP1,0.22932124,Cytosol,Krug_Breast_PD,Proteome
RABEPK,0.37643722,Cytosol,Krug_Breast_PD,Proteome
RABGAP1,-0.28829554,Cytosol,Krug_Breast_PD,Proteome
RABGAP1L,-0.25239882,Cytosol,Krug_Breast_PD,Proteome
RABGGTA,0.42734113,Cytosol,Krug_Breast_PD,Proteome
RABGGTB,-0.28568712,Cytosol,Krug_Breast_PD,Proteome
RABIF,0.37165368,Cytosol,Krug_Breast_PD,Proteome
RABL3,-0.46478668,Secretory,Krug_Breast_PD,Proteome
RABL6,0.38453606,Cytosol,Krug_Breast_PD,Proteome
RACGAP1,-0.5844139,Mitochondria,Krug_Breast_PD,Proteome
RAD21,0.60315543,Nucleus,Krug_Breast_PD,Proteome
RAD23A,0.14946571,Cytosol,Krug_Breast_PD,Proteome
RAD23B,0.40340883,Cytosol,Krug_Breast_PD,Proteome
RAI1,0.48443675,Nucleus,Krug_Breast_PD,Proteome
RALA,-0.03632746,Secretory,Krug_Breast_PD,Proteome
RALB,0.0480925,Secretory,Krug_Breast_PD,Proteome
RALGAPA2,0.42277366,Cytosol,Krug_Breast_PD,Proteome
RALGPS2,0.26567265,Cytosol,Krug_Breast_PD,Proteome
RALY,0.6258165,Nucleus,Krug_Breast_PD,Proteome
RAN,-0.061948016,Cytosol,Krug_Breast_PD,Proteome
RANBP1,-0.41447958,Cytosol,Krug_Breast_PD,Proteome
RANBP2,0.60858953,Nucleus,Krug_Breast_PD,Proteome
RANBP3,0.38306177,Nucleus,Krug_Breast_PD,Proteome
RAP1A,-0.026382478,Secretory,Krug_Breast_PD,Proteome
RAP1B,-0.18706216,Secretory,Krug_Breast_PD,Proteome
RAP1GDS1,0.25177366,Cytosol,Krug_Breast_PD,Proteome
RAP2B,0.40673167,Secretory,Krug_Breast_PD,Proteome
RAP2C,0.4173078,Secretory,Krug_Breast_PD,Proteome
RAPH1,0.35260895,Cytosol,Krug_Breast_PD,Proteome
RASA1,0.35019454,Cytosol,Krug_Breast_PD,Proteome
RBBP5,0.6045701,Nucleus,Krug_Breast_PD,Proteome
RBBP8,-0.42255896,Nucleus,Krug_Breast_PD,Proteome
RBBP9,0.38252145,Cytosol,Krug_Breast_PD,Proteome
RBCK1,0.32549894,Cytosol,Krug_Breast_PD,Proteome
RBKS,0.28561756,Cytosol,Krug_Breast_PD,Proteome
RBM12B,0.5714823,Nucleus,Krug_Breast_PD,Proteome
RBM14,0.5882078,Nucleus,Krug_Breast_PD,Proteome
RBM15,0.6213805,Nucleus,Krug_Breast_PD,Proteome
RBM15B,0.55329996,Nucleus,Krug_Breast_PD,Proteome
RBM19,0.5279025,Nucleus,Krug_Breast_PD,Proteome
RBM25,0.60661083,Nucleus,Krug_Breast_PD,Proteome
RBM34,0.48999217,Nucleus,Krug_Breast_PD,Proteome
RBM42,0.61700207,Nucleus,Krug_Breast_PD,Proteome
RBM47,-0.47275668,Nucleus,Krug_Breast_PD,Proteome
RBM5,0.57332575,Nucleus,Krug_Breast_PD,Proteome
RBM6,0.54366446,Nucleus,Krug_Breast_PD,Proteome
RBMS2,-0.47669014,Nucleus,Krug_Breast_PD,Proteome
RBMX,0.509633,Nucleus,Krug_Breast_PD,Proteome
RBMXL1,0.4542377,Nucleus,Krug_Breast_PD,Proteome
RBPJ,0.5897448,Nucleus,Krug_Breast_PD,Proteome
RBX1,0.36151823,Cytosol,Krug_Breast_PD,Proteome
RCC1,0.6111505,Nucleus,Krug_Breast_PD,Proteome
RCL1,0.5452675,Nucleus,Krug_Breast_PD,Proteome
RCN1,-0.36123562,Nucleus,Krug_Breast_PD,Proteome
RCOR1,0.61931145,Nucleus,Krug_Breast_PD,Proteome
RCOR3,0.47218028,Nucleus,Krug_Breast_PD,Proteome
RDH10,-0.34151682,Secretory,Krug_Breast_PD,Proteome
RDH11,0.4671372,Secretory,Krug_Breast_PD,Proteome
RDH13,0.2741219,Mitochondria,Krug_Breast_PD,Proteome
RDH14,0.36861017,Secretory,Krug_Breast_PD,Proteome
RDX,-0.10431479,Cytosol,Krug_Breast_PD,Proteome
RECQL5,0.5806238,Nucleus,Krug_Breast_PD,Proteome
REEP3,0.42914864,Secretory,Krug_Breast_PD,Proteome
REEP4,0.45601526,Secretory,Krug_Breast_PD,Proteome
REEP5,0.431104,Secretory,Krug_Breast_PD,Proteome
REL,0.37069672,Cytosol,Krug_Breast_PD,Proteome
RELB,0.02343171,Cytosol,Krug_Breast_PD,Proteome
RELL1,-0.43469164,Secretory,Krug_Breast_PD,Proteome
RER1,0.46328855,Secretory,Krug_Breast_PD,Proteome
RETSAT,0.38245183,Secretory,Krug_Breast_PD,Proteome
REXO2,0.2808418,Cytosol,Krug_Breast_PD,Proteome
REXO4,0.5355491,Nucleus,Krug_Breast_PD,Proteome
RFC1,0.6058562,Nucleus,Krug_Breast_PD,Proteome
RFX1,0.62123513,Nucleus,Krug_Breast_PD,Proteome
RHBDD3,0.46455565,Secretory,Krug_Breast_PD,Proteome
RHBDF1,-0.42366707,Secretory,Krug_Breast_PD,Proteome
RHBDF2,0.34600767,Secretory,Krug_Breast_PD,Proteome
RHEB,-0.21526566,Cytosol,Krug_Breast_PD,Proteome
RHOB,0.44811413,Secretory,Krug_Breast_PD,Proteome
RHOG,-0.17596002,Secretory,Krug_Breast_PD,Proteome
RHOT1,-0.49501693,Mitochondria,Krug_Breast_PD,Proteome
RHOT2,0.1544706,Mitochondria,Krug_Breast_PD,Proteome
RICTOR,-0.44333515,Cytosol,Krug_Breast_PD,Proteome
RIF1,0.5665016,Nucleus,Krug_Breast_PD,Proteome
RIN3,0.13748874,Cytosol,Krug_Breast_PD,Proteome
RMDN1,-0.33939716,Nucleus,Krug_Breast_PD,Proteome
RMDN2,-0.45920846,Mitochondria,Krug_Breast_PD,Proteome
RMDN3,-0.11654637,Mitochondria,Krug_Breast_PD,Proteome
RMND1,0.032344993,Mitochondria,Krug_Breast_PD,Proteome
RNF123,-0.005218417,Cytosol,Krug_Breast_PD,Proteome
RNF126,0.16768426,Cytosol,Krug_Breast_PD,Proteome
RNF14,0.4248604,Cytosol,Krug_Breast_PD,Proteome
RNF146,0.30737597,Cytosol,Krug_Breast_PD,Proteome
RNF169,0.5399782,Nucleus,Krug_Breast_PD,Proteome
RNF2,0.5462134,Nucleus,Krug_Breast_PD,Proteome
RNF20,0.6157489,Nucleus,Krug_Breast_PD,Proteome
RNF216,0.458485,Cytosol,Krug_Breast_PD,Proteome
RNF25,0.45672074,Cytosol,Krug_Breast_PD,Proteome
RNF40,0.56674093,Nucleus,Krug_Breast_PD,Proteome
RNF5,0.42043892,Secretory,Krug_Breast_PD,Proteome
RNMT,0.62071353,Nucleus,Krug_Breast_PD,Proteome
RNPC3,0.6198963,Nucleus,Krug_Breast_PD,Proteome
RNPEP,0.3795818,Cytosol,Krug_Breast_PD,Proteome
RNPS1,0.61428124,Nucleus,Krug_Breast_PD,Proteome
ROCK1,0.10401936,Cytosol,Krug_Breast_PD,Proteome
ROCK2,-0.07047657,Cytosol,Krug_Breast_PD,Proteome
RP2,0.41226843,Secretory,Krug_Breast_PD,Proteome
RPAIN,-0.29678178,Nucleus,Krug_Breast_PD,Proteome
RPE,0.45368055,Cytosol,Krug_Breast_PD,Proteome
RPF1,0.5133878,Nucleus,Krug_Breast_PD,Proteome
RPF2,0.44835547,Nucleus,Krug_Breast_PD,Proteome
RPL10,0.3671529,Nucleus,Krug_Breast_PD,Proteome
RPL11,0.43697482,Nucleus,Krug_Breast_PD,Proteome
RPL12,0.49473858,Nucleus,Krug_Breast_PD,Proteome
RPL13A,0.3511795,Nucleus,Krug_Breast_PD,Proteome
RPL14,0.3259062,Nucleus,Krug_Breast_PD,Proteome
RPL15,0.30113417,Nucleus,Krug_Breast_PD,Proteome
RPL18,0.31659776,Nucleus,Krug_Breast_PD,Proteome
RPL18A,0.31793636,Nucleus,Krug_Breast_PD,Proteome
RPL21,0.35665196,Nucleus,Krug_Breast_PD,Proteome
RPL22L1,0.5751946,Nucleus,Krug_Breast_PD,Proteome
RPL23A,0.36570033,Nucleus,Krug_Breast_PD,Proteome
RPL27,0.37478608,Nucleus,Krug_Breast_PD,Proteome
RPL28,0.2972365,Nucleus,Krug_Breast_PD,Proteome
RPL3,0.34362808,Nucleus,Krug_Breast_PD,Proteome
RPL30,0.428959,Nucleus,Krug_Breast_PD,Proteome
RPL34,0.2897334,Nucleus,Krug_Breast_PD,Proteome
RPL35A,0.297548,Nucleus,Krug_Breast_PD,Proteome
RPL36,0.33864924,Nucleus,Krug_Breast_PD,Proteome
RPL37A,0.31361088,Nucleus,Krug_Breast_PD,Proteome
RPL4,0.37289727,Nucleus,Krug_Breast_PD,Proteome
RPL6,0.37891906,Nucleus,Krug_Breast_PD,Proteome
RPL7,0.32991284,Nucleus,Krug_Breast_PD,Proteome
RPL7A,0.31155273,Nucleus,Krug_Breast_PD,Proteome
RPL7L1,0.4743326,Nucleus,Krug_Breast_PD,Proteome
RPL9,0.4162829,Nucleus,Krug_Breast_PD,Proteome
RPLP0,0.44276252,Nucleus,Krug_Breast_PD,Proteome
RPLP2,0.44700658,Nucleus,Krug_Breast_PD,Proteome
RPN1,0.4316462,Secretory,Krug_Breast_PD,Proteome
RPN2,0.4504187,Secretory,Krug_Breast_PD,Proteome
RPRD2,0.60124063,Nucleus,Krug_Breast_PD,Proteome
RPS4X,0.38362202,Nucleus,Krug_Breast_PD,Proteome
RPS6KA1,0.44555557,Cytosol,Krug_Breast_PD,Proteome
RPS6KB1,0.19856836,Cytosol,Krug_Breast_PD,Proteome
RPS7,0.44514596,Nucleus,Krug_Breast_PD,Proteome
RPS8,0.35766912,Nucleus,Krug_Breast_PD,Proteome
RRAS,0.09658774,Secretory,Krug_Breast_PD,Proteome
RRAS2,0.08605393,Secretory,Krug_Breast_PD,Proteome
RRBP1,0.3302289,Secretory,Krug_Breast_PD,Proteome
RREB1,0.5402708,Nucleus,Krug_Breast_PD,Proteome
RRM2,-0.45883843,Cytosol,Krug_Breast_PD,Proteome
RRM2B,-0.14167413,Cytosol,Krug_Breast_PD,Proteome
RRP12,0.5886127,Nucleus,Krug_Breast_PD,Proteome
RRP36,0.5042739,Nucleus,Krug_Breast_PD,Proteome
RRP7A,0.5210034,Nucleus,Krug_Breast_PD,Proteome
RRS1,0.514886,Nucleus,Krug_Breast_PD,Proteome
RSBN1,0.60146165,Nucleus,Krug_Breast_PD,Proteome
RSBN1L,0.59686476,Nucleus,Krug_Breast_PD,Proteome
RSF1,0.5904804,Nucleus,Krug_Breast_PD,Proteome
RSL1D1,0.4804061,Nucleus,Krug_Breast_PD,Proteome
RTN3,0.45778003,Secretory,Krug_Breast_PD,Proteome
RTN4,0.39839864,Secretory,Krug_Breast_PD,Proteome
RUFY3,0.42433888,Cytosol,Krug_Breast_PD,Proteome
RWDD1,0.4101104,Cytosol,Krug_Breast_PD,Proteome
RWDD2B,0.33416876,Cytosol,Krug_Breast_PD,Proteome
RWDD4,0.23289953,Cytosol,Krug_Breast_PD,Proteome
RYBP,0.13989186,Nucleus,Krug_Breast_PD,Proteome
S100A6,0.17083667,Cytosol,Krug_Breast_PD,Proteome
SACM1L,0.45050082,Secretory,Krug_Breast_PD,Proteome
SAFB,0.5409878,Nucleus,Krug_Breast_PD,Proteome
SAFB2,0.5102447,Nucleus,Krug_Breast_PD,Proteome
SAMM50,-0.51038945,Mitochondria,Krug_Breast_PD,Proteome
SAP18,0.51198936,Nucleus,Krug_Breast_PD,Proteome
SAR1A,-0.25751376,Cytosol,Krug_Breast_PD,Proteome
SAR1B,0.38809252,Cytosol,Krug_Breast_PD,Proteome
SART3,0.47139484,Nucleus,Krug_Breast_PD,Proteome
SASH1,0.1934951,Cytosol,Krug_Breast_PD,Proteome
SASS6,-0.5380528,Cytosol,Krug_Breast_PD,Proteome
SBDS,0.31126136,Cytosol,Krug_Breast_PD,Proteome
SCAF1,0.54581034,Nucleus,Krug_Breast_PD,Proteome
SCAF4,0.61775565,Nucleus,Krug_Breast_PD,Proteome
SCAF8,0.50576967,Nucleus,Krug_Breast_PD,Proteome
SCAMP1,0.43855613,Secretory,Krug_Breast_PD,Proteome
SCAMP2,0.45441678,Secretory,Krug_Breast_PD,Proteome
SCAMP3,0.42301524,Secretory,Krug_Breast_PD,Proteome
SCAMP4,0.44125572,Secretory,Krug_Breast_PD,Proteome
SCARB2,0.44304255,Secretory,Krug_Breast_PD,Proteome
SCCPDH,-0.17724647,Mitochondria,Krug_Breast_PD,Proteome
SCD,0.4356649,Secretory,Krug_Breast_PD,Proteome
SCFD1,-0.3995227,Secretory,Krug_Breast_PD,Proteome
SCFD2,-0.19988859,Secretory,Krug_Breast_PD,Proteome
SCML2,0.55978197,Nucleus,Krug_Breast_PD,Proteome
SCO1,0.27803648,Mitochondria,Krug_Breast_PD,Proteome
SCRIB,-0.14290532,Mitochondria,Krug_Breast_PD,Proteome
SCRN1,0.41805008,Cytosol,Krug_Breast_PD,Proteome
SCRN3,0.33841303,Cytosol,Krug_Breast_PD,Proteome
SDAD1,0.5562416,Nucleus,Krug_Breast_PD,Proteome
SDC1,0.21435155,Secretory,Krug_Breast_PD,Proteome
SDC4,-0.450267,Secretory,Krug_Breast_PD,Proteome
SDCBP,0.2933167,Cytosol,Krug_Breast_PD,Proteome
SDF2,0.18935184,Secretory,Krug_Breast_PD,Proteome
SDHA,0.291889,Mitochondria,Krug_Breast_PD,Proteome
SDHB,0.28040123,Mitochondria,Krug_Breast_PD,Proteome
SEC11A,0.44762242,Secretory,Krug_Breast_PD,Proteome
SEC22A,0.46465164,Secretory,Krug_Breast_PD,Proteome
SEC23IP,0.44098324,Cytosol,Krug_Breast_PD,Proteome
SEC61B,0.40846053,Secretory,Krug_Breast_PD,Proteome
SEC62,0.4660639,Secretory,Krug_Breast_PD,Proteome
SEC63,0.39243153,Secretory,Krug_Breast_PD,Proteome
SEL1L,0.46273446,Secretory,Krug_Breast_PD,Proteome
SEMA3C,-0.2609759,Secretory,Krug_Breast_PD,Proteome
SEMA4C,0.39214557,Secretory,Krug_Breast_PD,Proteome
SEMA4D,-0.08352806,Secretory,Krug_Breast_PD,Proteome
SENP3,0.597743,Nucleus,Krug_Breast_PD,Proteome
SENP7,0.36775547,Nucleus,Krug_Breast_PD,Proteome
SEPSECS,0.2654956,Cytosol,Krug_Breast_PD,Proteome
SERAC1,0.2714655,Mitochondria,Krug_Breast_PD,Proteome
SERINC3,0.4519959,Secretory,Krug_Breast_PD,Proteome
SERPINB1,0.41555372,Cytosol,Krug_Breast_PD,Proteome
SET,0.60011,Nucleus,Krug_Breast_PD,Proteome
SETD1B,0.46332964,Nucleus,Krug_Breast_PD,Proteome
SETD7,0.3898661,Cytosol,Krug_Breast_PD,Proteome
SF3A1,0.5997052,Nucleus,Krug_Breast_PD,Proteome
SF3A2,0.59536445,Nucleus,Krug_Breast_PD,Proteome
SF3A3,0.6059737,Nucleus,Krug_Breast_PD,Proteome
SF3B1,0.62146014,Nucleus,Krug_Breast_PD,Proteome
SFXN1,0.1238059,Mitochondria,Krug_Breast_PD,Proteome
SFXN2,-0.017992165,Mitochondria,Krug_Breast_PD,Proteome
SFXN3,-0.40620524,Mitochondria,Krug_Breast_PD,Proteome
SFXN4,-0.5031732,Mitochondria,Krug_Breast_PD,Proteome
SGPL1,0.43831182,Secretory,Krug_Breast_PD,Proteome
SGPP1,0.4655825,Secretory,Krug_Breast_PD,Proteome
SGTA,0.26115435,Cytosol,Krug_Breast_PD,Proteome
SGTB,0.2723684,Cytosol,Krug_Breast_PD,Proteome
SH2D4A,0.37079787,Cytosol,Krug_Breast_PD,Proteome
SH3BP2,0.4480638,Cytosol,Krug_Breast_PD,Proteome
SH3BP4,-0.44255486,Secretory,Krug_Breast_PD,Proteome
SH3BP5L,-0.30651414,Cytosol,Krug_Breast_PD,Proteome
SH3D19,0.25737095,Cytosol,Krug_Breast_PD,Proteome
SH3GL1,0.19365779,Cytosol,Krug_Breast_PD,Proteome
SH3KBP1,0.22610871,Cytosol,Krug_Breast_PD,Proteome
SH3PXD2B,0.09535735,Cytosol,Krug_Breast_PD,Proteome
SH3RF1,0.30881086,Cytosol,Krug_Breast_PD,Proteome
SIN3A,0.5661801,Nucleus,Krug_Breast_PD,Proteome
SIRT1,0.5235724,Nucleus,Krug_Breast_PD,Proteome
SLC11A2,0.46400553,Secretory,Krug_Breast_PD,Proteome
SLC12A2,0.42674708,Secretory,Krug_Breast_PD,Proteome
SLC12A4,0.1789058,Secretory,Krug_Breast_PD,Proteome
SLC12A9,0.45052278,Secretory,Krug_Breast_PD,Proteome
SLC16A1,0.27423146,Secretory,Krug_Breast_PD,Proteome
SLC16A3,0.35628587,Secretory,Krug_Breast_PD,Proteome
SLC1A4,0.44910416,Secretory,Krug_Breast_PD,Proteome
SLC1A5,0.38972396,Secretory,Krug_Breast_PD,Proteome
SLC20A2,0.46154663,Secretory,Krug_Breast_PD,Proteome
SLC25A1,-0.54949224,Mitochondria,Krug_Breast_PD,Proteome
SLC25A12,0.23388933,Mitochondria,Krug_Breast_PD,Proteome
SLC25A13,0.19146243,Mitochondria,Krug_Breast_PD,Proteome
SLC25A15,0.20871575,Mitochondria,Krug_Breast_PD,Proteome
SLC25A19,-0.41421634,Mitochondria,Krug_Breast_PD,Proteome
SLC25A22,0.19469546,Mitochondria,Krug_Breast_PD,Proteome
SLC25A24,-0.4165892,Mitochondria,Krug_Breast_PD,Proteome
SLC25A25,-0.51243186,Mitochondria,Krug_Breast_PD,Proteome
SLC25A3,-0.54483074,Mitochondria,Krug_Breast_PD,Proteome
SLC25A35,-0.0684001,Mitochondria,Krug_Breast_PD,Proteome
SLC25A5,0.13431904,Mitochondria,Krug_Breast_PD,Proteome
SLC25A6,0.17325714,Mitochondria,Krug_Breast_PD,Proteome
SLC27A1,0.43620118,Secretory,Krug_Breast_PD,Proteome
SLC27A4,0.4471842,Secretory,Krug_Breast_PD,Proteome
SLC30A1,0.45201036,Secretory,Krug_Breast_PD,Proteome
SLC30A9,-0.53801465,Mitochondria,Krug_Breast_PD,Proteome
SLC33A1,0.44894063,Secretory,Krug_Breast_PD,Proteome
SLC35B2,0.4504285,Secretory,Krug_Breast_PD,Proteome
SLC35E1,0.45857257,Secretory,Krug_Breast_PD,Proteome
SLC35F6,0.44426423,Secretory,Krug_Breast_PD,Proteome
SLC38A1,0.4701404,Secretory,Krug_Breast_PD,Proteome
SLC38A10,0.45675966,Secretory,Krug_Breast_PD,Proteome
SLC38A2,0.43144405,Secretory,Krug_Breast_PD,Proteome
SLC39A10,-0.4442067,Secretory,Krug_Breast_PD,Proteome
SLC39A11,0.4622691,Secretory,Krug_Breast_PD,Proteome
SLC39A6,-0.43892467,Secretory,Krug_Breast_PD,Proteome
SLC39A7,0.46651867,Secretory,Krug_Breast_PD,Proteome
SLC3A2,0.11401959,Secretory,Krug_Breast_PD,Proteome
SLC44A1,0.41868705,Secretory,Krug_Breast_PD,Proteome
SLC44A2,0.45991826,Secretory,Krug_Breast_PD,Proteome
SLC4A1AP,0.45706132,Nucleus,Krug_Breast_PD,Proteome
SLC4A2,0.14929159,Secretory,Krug_Breast_PD,Proteome
SLC4A7,0.4384011,Secretory,Krug_Breast_PD,Proteome
SLC7A1,0.25254375,Secretory,Krug_Breast_PD,Proteome
SLC7A5,-0.050177786,Secretory,Krug_Breast_PD,Proteome
SLC9A1,-0.44314665,Secretory,Krug_Breast_PD,Proteome
SLK,0.3952299,Cytosol,Krug_Breast_PD,Proteome
SLMAP,0.41998592,Secretory,Krug_Breast_PD,Proteome
SLTM,0.41343096,Nucleus,Krug_Breast_PD,Proteome
SMAD2,-0.37623757,Cytosol,Krug_Breast_PD,Proteome
SMAD4,-0.5159727,Cytosol,Krug_Breast_PD,Proteome
SMAD5,0.40625483,Cytosol,Krug_Breast_PD,Proteome
SMAP1,0.31218863,Cytosol,Krug_Breast_PD,Proteome
SMARCA1,0.4518596,Nucleus,Krug_Breast_PD,Proteome
SMARCA5,0.62044185,Nucleus,Krug_Breast_PD,Proteome
SMARCAD1,0.61925787,Nucleus,Krug_Breast_PD,Proteome
SMC1A,0.5861036,Nucleus,Krug_Breast_PD,Proteome
SMC5,0.5860658,Nucleus,Krug_Breast_PD,Proteome
SMC6,0.6052325,Nucleus,Krug_Breast_PD,Proteome
SMCHD1,0.5803201,Nucleus,Krug_Breast_PD,Proteome
SMG8,-0.59276813,Cytosol,Krug_Breast_PD,Proteome
SMIM12,-0.6096681,Mitochondria,Krug_Breast_PD,Proteome
SMPD1,-0.28891465,Secretory,Krug_Breast_PD,Proteome
SMPD4,-0.53770626,Nucleus,Krug_Breast_PD,Proteome
SMS,0.31592172,Cytosol,Krug_Breast_PD,Proteome
SMURF2,-0.09630538,Cytosol,Krug_Breast_PD,Proteome
SMYD2,-0.043497868,Cytosol,Krug_Breast_PD,Proteome
SMYD5,0.44452947,Cytosol,Krug_Breast_PD,Proteome
SNAP23,0.4182274,Secretory,Krug_Breast_PD,Proteome
SNAP47,-0.6706279,Secretory,Krug_Breast_PD,Proteome
SNTB2,-0.40967804,Mitochondria,Krug_Breast_PD,Proteome
SNX1,0.3999641,Cytosol,Krug_Breast_PD,Proteome
SNX13,0.4366011,Secretory,Krug_Breast_PD,Proteome
SNX14,0.4624052,Secretory,Krug_Breast_PD,Proteome
SNX15,0.40166318,Cytosol,Krug_Breast_PD,Proteome
SNX2,0.36026102,Cytosol,Krug_Breast_PD,Proteome
SNX5,0.41817066,Cytosol,Krug_Breast_PD,Proteome
SNX6,0.34440017,Cytosol,Krug_Breast_PD,Proteome
SNX9,0.23205192,Cytosol,Krug_Breast_PD,Proteome
SOAT1,0.31946838,Secretory,Krug_Breast_PD,Proteome
SOD1,0.1983882,Cytosol,Krug_Breast_PD,Proteome
SORBS3,0.22489548,Cytosol,Krug_Breast_PD,Proteome
SORD,0.4134011,Cytosol,Krug_Breast_PD,Proteome
SORT1,0.39982486,Secretory,Krug_Breast_PD,Proteome
SOS1,-0.05863947,Cytosol,Krug_Breast_PD,Proteome
SOWAHC,0.38662297,Cytosol,Krug_Breast_PD,Proteome
SP1,0.43184954,Nucleus,Krug_Breast_PD,Proteome
SPAG9,-0.064903826,Cytosol,Krug_Breast_PD,Proteome
SPC24,-0.47597277,Cytosol,Krug_Breast_PD,Proteome
SPCS1,0.45564348,Secretory,Krug_Breast_PD,Proteome
SPCS2,0.447129,Secretory,Krug_Breast_PD,Proteome
SPCS3,0.21552394,Secretory,Krug_Breast_PD,Proteome
SPECC1,-0.033476017,Secretory,Krug_Breast_PD,Proteome
SPEN,0.5608399,Nucleus,Krug_Breast_PD,Proteome
SPG7,-0.49904123,Mitochondria,Krug_Breast_PD,Proteome
SPIN1,0.6195299,Nucleus,Krug_Breast_PD,Proteome
SPPL2A,-0.4636892,Secretory,Krug_Breast_PD,Proteome
SPR,0.19748987,Cytosol,Krug_Breast_PD,Proteome
SPRYD3,-0.33540368,Secretory,Krug_Breast_PD,Proteome
SPRYD7,0.45245963,Secretory,Krug_Breast_PD,Proteome
SPTLC1,0.4289811,Secretory,Krug_Breast_PD,Proteome
SPTLC2,0.2857613,Secretory,Krug_Breast_PD,Proteome
SPTY2D1,0.4946892,Nucleus,Krug_Breast_PD,Proteome
SQLE,0.30899385,Secretory,Krug_Breast_PD,Proteome
SRCAP,0.4830655,Nucleus,Krug_Breast_PD,Proteome
SREBF1,0.4673495,Secretory,Krug_Breast_PD,Proteome
SRFBP1,0.52820385,Nucleus,Krug_Breast_PD,Proteome
SRGAP1,0.23323065,Cytosol,Krug_Breast_PD,Proteome
SRI,0.37204096,Cytosol,Krug_Breast_PD,Proteome
SRM,0.34392238,Cytosol,Krug_Breast_PD,Proteome
SRP68,-0.2993822,Cytosol,Krug_Breast_PD,Proteome
SRP72,-0.23694767,Cytosol,Krug_Breast_PD,Proteome
SRPRB,0.427918,Secretory,Krug_Breast_PD,Proteome
SRR,0.31780204,Cytosol,Krug_Breast_PD,Proteome
SRRT,0.5516544,Nucleus,Krug_Breast_PD,Proteome
SRSF1,0.5928895,Nucleus,Krug_Breast_PD,Proteome
SRSF3,0.59332454,Nucleus,Krug_Breast_PD,Proteome
SRSF4,0.48637012,Nucleus,Krug_Breast_PD,Proteome
SRSF5,0.5484594,Nucleus,Krug_Breast_PD,Proteome
SRSF7,0.5977156,Nucleus,Krug_Breast_PD,Proteome
SRSF9,0.5912041,Nucleus,Krug_Breast_PD,Proteome
SSBP1,0.27872923,Mitochondria,Krug_Breast_PD,Proteome
SSH3,0.32389754,Cytosol,Krug_Breast_PD,Proteome
SSNA1,0.38205835,Cytosol,Krug_Breast_PD,Proteome
SSR1,0.43718937,Secretory,Krug_Breast_PD,Proteome
SSR3,0.45055738,Secretory,Krug_Breast_PD,Proteome
SSR4,0.39197785,Secretory,Krug_Breast_PD,Proteome
SSU72,-0.26046833,Cytosol,Krug_Breast_PD,Proteome
ST13,0.34422344,Cytosol,Krug_Breast_PD,Proteome
ST3GAL1,0.44438255,Secretory,Krug_Breast_PD,Proteome
STAG1,0.5722869,Nucleus,Krug_Breast_PD,Proteome
STAG2,0.5711737,Nucleus,Krug_Breast_PD,Proteome
STAMBP,0.43703303,Cytosol,Krug_Breast_PD,Proteome
STARD3,0.37454715,Secretory,Krug_Breast_PD,Proteome
STAT1,0.079152144,Cytosol,Krug_Breast_PD,Proteome
STAT5B,0.42566097,Cytosol,Krug_Breast_PD,Proteome
STAU1,0.626063,Nucleus,Krug_Breast_PD,Proteome
STAU2,-0.20169927,Nucleus,Krug_Breast_PD,Proteome
STIM1,0.4309358,Secretory,Krug_Breast_PD,Proteome
STIP1,0.02152798,Cytosol,Krug_Breast_PD,Proteome
STK24,0.40449274,Cytosol,Krug_Breast_PD,Proteome
STK38,0.018412841,Cytosol,Krug_Breast_PD,Proteome
STK38L,0.19660707,Cytosol,Krug_Breast_PD,Proteome
STK4,0.16714177,Cytosol,Krug_Breast_PD,Proteome
STMN1,-0.49904025,Cytosol,Krug_Breast_PD,Proteome
STOM,0.30312213,Secretory,Krug_Breast_PD,Proteome
STOML2,0.2703159,Mitochondria,Krug_Breast_PD,Proteome
STRAP,-0.29394284,Cytosol,Krug_Breast_PD,Proteome
STRBP,0.5013006,Nucleus,Krug_Breast_PD,Proteome
STT3A,0.447169,Secretory,Krug_Breast_PD,Proteome
STT3B,0.4623681,Secretory,Krug_Breast_PD,Proteome
STX10,0.4252296,Secretory,Krug_Breast_PD,Proteome
STX12,0.36611298,Secretory,Krug_Breast_PD,Proteome
STX16,0.4451923,Secretory,Krug_Breast_PD,Proteome
STX17,-0.48939756,Secretory,Krug_Breast_PD,Proteome
STX18,0.43350127,Secretory,Krug_Breast_PD,Proteome
STX3,0.44556552,Secretory,Krug_Breast_PD,Proteome
STX4,0.42663306,Secretory,Krug_Breast_PD,Proteome
STX5,0.46890533,Secretory,Krug_Breast_PD,Proteome
STX6,0.45690894,Secretory,Krug_Breast_PD,Proteome
STX7,0.32833254,Secretory,Krug_Breast_PD,Proteome
STX8,0.37212515,Secretory,Krug_Breast_PD,Proteome
STXBP3,-0.40587214,Secretory,Krug_Breast_PD,Proteome
SUGP1,0.6149377,Nucleus,Krug_Breast_PD,Proteome
SUGP2,-0.14159232,Nucleus,Krug_Breast_PD,Proteome
SUGT1,0.37901023,Cytosol,Krug_Breast_PD,Proteome
SUN1,-0.5523301,Nucleus,Krug_Breast_PD,Proteome
SUN2,-0.56022036,Nucleus,Krug_Breast_PD,Proteome
SUOX,-0.48924077,Nucleus,Krug_Breast_PD,Proteome
SUPT16H,0.599823,Nucleus,Krug_Breast_PD,Proteome
SUPT5H,0.5966216,Nucleus,Krug_Breast_PD,Proteome
SUPT6H,0.6146334,Nucleus,Krug_Breast_PD,Proteome
SUPV3L1,0.12371051,Mitochondria,Krug_Breast_PD,Proteome
SURF1,0.28567547,Mitochondria,Krug_Breast_PD,Proteome
SURF4,0.45497376,Secretory,Krug_Breast_PD,Proteome
SURF6,0.5390045,Nucleus,Krug_Breast_PD,Proteome
SUV39H2,0.5520261,Nucleus,Krug_Breast_PD,Proteome
SWAP70,0.26527008,Cytosol,Krug_Breast_PD,Proteome
SYMPK,0.62017685,Nucleus,Krug_Breast_PD,Proteome
SYNCRIP,0.47368333,Nucleus,Krug_Breast_PD,Proteome
SYNE2,-0.5859611,Nucleus,Krug_Breast_PD,Proteome
SYNGR2,0.45531142,Secretory,Krug_Breast_PD,Proteome
SYNJ1,0.010245563,Cytosol,Krug_Breast_PD,Proteome
SYNJ2BP,-0.5617222,Mitochondria,Krug_Breast_PD,Proteome
SYNRG,0.22853887,Cytosol,Krug_Breast_PD,Proteome
SYPL1,-0.32285124,Secretory,Krug_Breast_PD,Proteome
SYS1,0.442532,Secretory,Krug_Breast_PD,Proteome
SYVN1,0.45685175,Secretory,Krug_Breast_PD,Proteome
SZRD1,0.4331551,Cytosol,Krug_Breast_PD,Proteome
TAB1,0.34372228,Cytosol,Krug_Breast_PD,Proteome
TAB2,0.3058594,Cytosol,Krug_Breast_PD,Proteome
TACC2,0.40175837,Cytosol,Krug_Breast_PD,Proteome
TACC3,-0.43815202,Cytosol,Krug_Breast_PD,Proteome
TAF4,0.59952265,Nucleus,Krug_Breast_PD,Proteome
TAF7,-0.33831,Cytosol,Krug_Breast_PD,Proteome
TAGLN2,0.2579952,Cytosol,Krug_Breast_PD,Proteome
TALDO1,0.4393396,Cytosol,Krug_Breast_PD,Proteome
TAMM41,0.23423085,Mitochondria,Krug_Breast_PD,Proteome
TANC1,-0.09995588,Cytosol,Krug_Breast_PD,Proteome
TANGO2,0.431436,Cytosol,Krug_Breast_PD,Proteome
TANK,0.0894845,Cytosol,Krug_Breast_PD,Proteome
TAP1,0.052410852,Secretory,Krug_Breast_PD,Proteome
TAP2,0.096207894,Secretory,Krug_Breast_PD,Proteome
TAPT1,0.44702244,Secretory,Krug_Breast_PD,Proteome
TARS2,-0.058462117,Mitochondria,Krug_Breast_PD,Proteome
TASP1,-0.42451522,Nucleus,Krug_Breast_PD,Proteome
TATDN1,-0.23037165,Cytosol,Krug_Breast_PD,Proteome
TATDN3,0.29303747,Cytosol,Krug_Breast_PD,Proteome
TBC1D1,0.08341359,Cytosol,Krug_Breast_PD,Proteome
TBC1D13,0.40443814,Cytosol,Krug_Breast_PD,Proteome
TBC1D2,0.067803875,Cytosol,Krug_Breast_PD,Proteome
TBC1D20,0.34688517,Secretory,Krug_Breast_PD,Proteome
TBC1D22A,0.44672778,Cytosol,Krug_Breast_PD,Proteome
TBC1D2B,0.21010615,Cytosol,Krug_Breast_PD,Proteome
TBC1D5,0.23744442,Cytosol,Krug_Breast_PD,Proteome
TBCB,0.40036893,Cytosol,Krug_Breast_PD,Proteome
TBCC,-0.53364134,Cytosol,Krug_Breast_PD,Proteome
TBCE,-0.07537038,Cytosol,Krug_Breast_PD,Proteome
TBCEL,0.1883064,Cytosol,Krug_Breast_PD,Proteome
TBK1,0.12154079,Cytosol,Krug_Breast_PD,Proteome
TBL1XR1,0.6154771,Nucleus,Krug_Breast_PD,Proteome
TBL2,0.4468136,Secretory,Krug_Breast_PD,Proteome
TBL3,0.53921694,Nucleus,Krug_Breast_PD,Proteome
TBPL1,-0.4028162,Cytosol,Krug_Breast_PD,Proteome
TBRG4,0.13335189,Mitochondria,Krug_Breast_PD,Proteome
TCERG1,0.60787123,Nucleus,Krug_Breast_PD,Proteome
TCF20,0.55938023,Nucleus,Krug_Breast_PD,Proteome
TCF25,0.10182627,Secretory,Krug_Breast_PD,Proteome
TCIRG1,0.434666,Secretory,Krug_Breast_PD,Proteome
TCOF1,0.54778576,Nucleus,Krug_Breast_PD,Proteome
TCP1,0.17010793,Cytosol,Krug_Breast_PD,Proteome
TDRKH,-0.5712654,Mitochondria,Krug_Breast_PD,Proteome
TECPR2,0.3113782,Cytosol,Krug_Breast_PD,Proteome
TECR,0.47019818,Secretory,Krug_Breast_PD,Proteome
TEP1,-0.54516727,Nucleus,Krug_Breast_PD,Proteome
TEX10,0.5934711,Nucleus,Krug_Breast_PD,Proteome
TEX2,0.4679718,Secretory,Krug_Breast_PD,Proteome
TEX264,0.45226514,Secretory,Krug_Breast_PD,Proteome
TFAM,0.2934863,Mitochondria,Krug_Breast_PD,Proteome
TFAP2A,0.621605,Nucleus,Krug_Breast_PD,Proteome
TFAP2C,0.44012362,Nucleus,Krug_Breast_PD,Proteome
TFB1M,-0.49797165,Secretory,Krug_Breast_PD,Proteome
TFG,0.31848732,Cytosol,Krug_Breast_PD,Proteome
TFIP11,0.6175724,Nucleus,Krug_Breast_PD,Proteome
TFRC,-0.11538511,Secretory,Krug_Breast_PD,Proteome
TGFBRAP1,0.38516742,Cytosol,Krug_Breast_PD,Proteome
TGOLN2,0.4643987,Secretory,Krug_Breast_PD,Proteome
THADA,-0.21152186,Cytosol,Krug_Breast_PD,Proteome
THAP11,0.6132966,Nucleus,Krug_Breast_PD,Proteome
THAP4,-0.4580892,Nucleus,Krug_Breast_PD,Proteome
THEM6,0.4301307,Secretory,Krug_Breast_PD,Proteome
THG1L,0.1613565,Cytosol,Krug_Breast_PD,Proteome
THOP1,0.1641747,Cytosol,Krug_Breast_PD,Proteome
THTPA,0.28412724,Cytosol,Krug_Breast_PD,Proteome
THUMPD3,0.3725884,Cytosol,Krug_Breast_PD,Proteome
TIMM10,0.2206257,Mitochondria,Krug_Breast_PD,Proteome
TIMM17B,0.25348574,Mitochondria,Krug_Breast_PD,Proteome
TIMM21,-0.50810623,Mitochondria,Krug_Breast_PD,Proteome
TIMM44,0.1809326,Mitochondria,Krug_Breast_PD,Proteome
TIMM50,0.15675905,Mitochondria,Krug_Breast_PD,Proteome
TIMMDC1,0.06515278,Mitochondria,Krug_Breast_PD,Proteome
TIMP2,-0.17633004,Secretory,Krug_Breast_PD,Proteome
TIPIN,0.5614128,Nucleus,Krug_Breast_PD,Proteome
TIPRL,-0.08617753,Cytosol,Krug_Breast_PD,Proteome
TK1,-0.48398873,Cytosol,Krug_Breast_PD,Proteome
TLK1,0.61514807,Nucleus,Krug_Breast_PD,Proteome
TLK2,0.48235688,Nucleus,Krug_Breast_PD,Proteome
TLN1,0.159507,Cytosol,Krug_Breast_PD,Proteome
TM9SF2,0.4694954,Secretory,Krug_Breast_PD,Proteome
TM9SF3,0.46533862,Secretory,Krug_Breast_PD,Proteome
TM9SF4,0.45110664,Secretory,Krug_Breast_PD,Proteome
TMCC1,0.45769024,Secretory,Krug_Breast_PD,Proteome
TMCO1,0.43595892,Secretory,Krug_Breast_PD,Proteome
TMCO3,0.445719,Secretory,Krug_Breast_PD,Proteome
TMED1,0.47047204,Secretory,Krug_Breast_PD,Proteome
TMED10,-0.030749768,Secretory,Krug_Breast_PD,Proteome
TMED2,0.44178948,Secretory,Krug_Breast_PD,Proteome
TMED3,-0.06403209,Secretory,Krug_Breast_PD,Proteome
TMED4,-0.34165248,Secretory,Krug_Breast_PD,Proteome
TMED5,0.44959393,Secretory,Krug_Breast_PD,Proteome
TMED9,0.10257738,Secretory,Krug_Breast_PD,Proteome
TMEM106B,0.44793683,Secretory,Krug_Breast_PD,Proteome
TMEM11,-0.4916613,Mitochondria,Krug_Breast_PD,Proteome
TMEM115,0.3902512,Secretory,Krug_Breast_PD,Proteome
TMEM120A,0.45491666,Secretory,Krug_Breast_PD,Proteome
TMEM126A,0.2930263,Mitochondria,Krug_Breast_PD,Proteome
TMEM131,0.38772154,Secretory,Krug_Breast_PD,Proteome
TMEM134,0.4285194,Secretory,Krug_Breast_PD,Proteome
TMEM165,0.46343845,Secretory,Krug_Breast_PD,Proteome
TMEM168,0.469728,Secretory,Krug_Breast_PD,Proteome
TMEM177,-0.4411324,Mitochondria,Krug_Breast_PD,Proteome
TMEM179B,0.46768704,Secretory,Krug_Breast_PD,Proteome
TMEM192,0.45091274,Secretory,Krug_Breast_PD,Proteome
TMEM199,0.4679555,Secretory,Krug_Breast_PD,Proteome
TMEM201,-0.5089441,Nucleus,Krug_Breast_PD,Proteome
TMEM205,0.44869056,Secretory,Krug_Breast_PD,Proteome
TMEM209,-0.5205389,Nucleus,Krug_Breast_PD,Proteome
TMEM214,0.4354347,Secretory,Krug_Breast_PD,Proteome
TMEM230,0.44405603,Secretory,Krug_Breast_PD,Proteome
TMEM245,0.4542735,Secretory,Krug_Breast_PD,Proteome
TMEM30A,0.46011347,Secretory,Krug_Breast_PD,Proteome
TMEM43,0.38189313,Secretory,Krug_Breast_PD,Proteome
TMEM59,0.4139628,Secretory,Krug_Breast_PD,Proteome
TMEM63A,0.4632866,Secretory,Krug_Breast_PD,Proteome
TMEM63B,0.46680334,Secretory,Krug_Breast_PD,Proteome
TMEM70,0.268004,Mitochondria,Krug_Breast_PD,Proteome
TMEM87A,0.4432082,Secretory,Krug_Breast_PD,Proteome
TMEM87B,0.45712617,Secretory,Krug_Breast_PD,Proteome
TMEM9,0.4543193,Secretory,Krug_Breast_PD,Proteome
TMPO,0.5756436,Nucleus,Krug_Breast_PD,Proteome
TMTC3,0.40737715,Secretory,Krug_Breast_PD,Proteome
TMX1,0.45865527,Secretory,Krug_Breast_PD,Proteome
TMX2,0.42779082,Secretory,Krug_Breast_PD,Proteome
TMX3,0.38263324,Secretory,Krug_Breast_PD,Proteome
TNIP1,0.39744318,Cytosol,Krug_Breast_PD,Proteome
TNKS,0.22212733,Cytosol,Krug_Breast_PD,Proteome
TOE1,0.49386513,Nucleus,Krug_Breast_PD,Proteome
TOM1L1,0.2586911,Cytosol,Krug_Breast_PD,Proteome
TOMM20,0.21202075,Mitochondria,Krug_Breast_PD,Proteome
TOMM22,0.23545645,Mitochondria,Krug_Breast_PD,Proteome
TOMM34,-0.32624456,Cytosol,Krug_Breast_PD,Proteome
TOMM40,0.22532402,Mitochondria,Krug_Breast_PD,Proteome
TOMM5,0.1793945,Mitochondria,Krug_Breast_PD,Proteome
TOP2A,0.49636102,Nucleus,Krug_Breast_PD,Proteome
TOP2B,0.61291724,Nucleus,Krug_Breast_PD,Proteome
TOPORS,0.4198361,Nucleus,Krug_Breast_PD,Proteome
TOR1AIP1,-0.57308334,Nucleus,Krug_Breast_PD,Proteome
TOR1AIP2,0.46835443,Secretory,Krug_Breast_PD,Proteome
TOR2A,-0.16436806,Secretory,Krug_Breast_PD,Proteome
TP53I3,0.14772801,Cytosol,Krug_Breast_PD,Proteome
TPCN1,0.45733777,Secretory,Krug_Breast_PD,Proteome
TPD52,-0.2189875,Cytosol,Krug_Breast_PD,Proteome
TPI1,0.40322244,Cytosol,Krug_Breast_PD,Proteome
TPM1,0.14130811,Cytosol,Krug_Breast_PD,Proteome
TPM2,0.11393565,Cytosol,Krug_Breast_PD,Proteome
TPM3,0.2910202,Cytosol,Krug_Breast_PD,Proteome
TPM4,0.09436435,Cytosol,Krug_Breast_PD,Proteome
TPMT,0.4518227,Cytosol,Krug_Breast_PD,Proteome
TPP2,-0.47844088,Nucleus,Krug_Breast_PD,Proteome
TPRG1L,-0.41938952,Secretory,Krug_Breast_PD,Proteome
TPT1,0.38834536,Cytosol,Krug_Breast_PD,Proteome
TRA2A,0.59396064,Nucleus,Krug_Breast_PD,Proteome
TRA2B,0.58605725,Nucleus,Krug_Breast_PD,Proteome
TRABD,0.0025877485,Mitochondria,Krug_Breast_PD,Proteome
TRAF2,0.40410307,Cytosol,Krug_Breast_PD,Proteome
TRAF3IP1,0.18483858,Cytosol,Krug_Breast_PD,Proteome
TRAFD1,0.4603373,Cytosol,Krug_Breast_PD,Proteome
TRAM1,0.44842198,Secretory,Krug_Breast_PD,Proteome
TRAP1,0.27054343,Mitochondria,Krug_Breast_PD,Proteome
TRAPPC3,0.29601514,Cytosol,Krug_Breast_PD,Proteome
TRIAP1,-0.3194405,Nucleus,Krug_Breast_PD,Proteome
TRIM21,0.1992171,Cytosol,Krug_Breast_PD,Proteome
TRIM24,0.59302646,Nucleus,Krug_Breast_PD,Proteome
TRIM26,-0.07349942,Cytosol,Krug_Breast_PD,Proteome
TRIM28,0.5477855,Nucleus,Krug_Breast_PD,Proteome
TRIM33,0.6169119,Nucleus,Krug_Breast_PD,Proteome
TRIM36,0.412334,Cytosol,Krug_Breast_PD,Proteome
TRIM4,-0.23916273,Secretory,Krug_Breast_PD,Proteome
TRIM47,0.17213635,Cytosol,Krug_Breast_PD,Proteome
TRIM5,0.13468175,Cytosol,Krug_Breast_PD,Proteome
TRIM56,0.35913655,Nucleus,Krug_Breast_PD,Proteome
TRIM65,0.019110337,Cytosol,Krug_Breast_PD,Proteome
TRIP10,0.123988025,Cytosol,Krug_Breast_PD,Proteome
TRIP11,-0.41792873,Secretory,Krug_Breast_PD,Proteome
TRIP12,-0.5247914,Nucleus,Krug_Breast_PD,Proteome
TRIP6,0.08779103,Cytosol,Krug_Breast_PD,Proteome
TRMT10C,0.24226965,Mitochondria,Krug_Breast_PD,Proteome
TRMT1L,0.59870464,Nucleus,Krug_Breast_PD,Proteome
TRMT6,0.5405866,Nucleus,Krug_Breast_PD,Proteome
TRUB2,-0.50309116,Secretory,Krug_Breast_PD,Proteome
TSC1,0.40893245,Cytosol,Krug_Breast_PD,Proteome
TSC22D1,0.37652367,Cytosol,Krug_Breast_PD,Proteome
TSC22D2,0.39263096,Cytosol,Krug_Breast_PD,Proteome
TSPAN14,0.43986183,Secretory,Krug_Breast_PD,Proteome
TSPO,0.2890113,Mitochondria,Krug_Breast_PD,Proteome
TSTD1,0.2592465,Cytosol,Krug_Breast_PD,Proteome
TSTD2,0.4006362,Cytosol,Krug_Breast_PD,Proteome
TTC1,0.33338618,Cytosol,Krug_Breast_PD,Proteome
TTC13,0.013820398,Secretory,Krug_Breast_PD,Proteome
TTC17,0.2475866,Secretory,Krug_Breast_PD,Proteome
TTC3,-0.49020845,Secretory,Krug_Breast_PD,Proteome
TTC4,-0.11344661,Cytosol,Krug_Breast_PD,Proteome
TTC5,-0.46926686,Cytosol,Krug_Breast_PD,Proteome
TTI2,-0.2319858,Cytosol,Krug_Breast_PD,Proteome
TTL,0.30181593,Cytosol,Krug_Breast_PD,Proteome
TTLL12,0.01038498,Cytosol,Krug_Breast_PD,Proteome
TTYH3,0.3888402,Secretory,Krug_Breast_PD,Proteome
TUBA4A,0.326666,Cytosol,Krug_Breast_PD,Proteome
TUBB,0.36558607,Cytosol,Krug_Breast_PD,Proteome
TUBB4B,0.38798898,Cytosol,Krug_Breast_PD,Proteome
TUBB6,0.13727856,Cytosol,Krug_Breast_PD,Proteome
TUBGCP6,-0.14060345,Cytosol,Krug_Breast_PD,Proteome
TUFM,0.2797078,Mitochondria,Krug_Breast_PD,Proteome
TUFT1,-0.05423803,Cytosol,Krug_Breast_PD,Proteome
TUT1,0.5161533,Nucleus,Krug_Breast_PD,Proteome
TWF2,0.17126834,Cytosol,Krug_Breast_PD,Proteome
TXLNA,-0.5001466,Cytosol,Krug_Breast_PD,Proteome
TXLNG,-0.5816151,Cytosol,Krug_Breast_PD,Proteome
TXNDC11,0.2739952,Secretory,Krug_Breast_PD,Proteome
TXNDC5,-0.28504273,Nucleus,Krug_Breast_PD,Proteome
TXNDC9,0.32109603,Cytosol,Krug_Breast_PD,Proteome
TXNL1,0.35846138,Cytosol,Krug_Breast_PD,Proteome
TXNL4B,0.062244378,Cytosol,Krug_Breast_PD,Proteome
TXNRD1,-0.12362471,Cytosol,Krug_Breast_PD,Proteome
TYW1,0.45803759,Secretory,Krug_Breast_PD,Proteome
TYW5,0.46039224,Cytosol,Krug_Breast_PD,Proteome
U2AF1,0.5970156,Nucleus,Krug_Breast_PD,Proteome
U2AF2,0.61522907,Nucleus,Krug_Breast_PD,Proteome
UAP1,0.2587749,Cytosol,Krug_Breast_PD,Proteome
UAP1L1,0.27739003,Cytosol,Krug_Breast_PD,Proteome
UBA1,0.4581766,Cytosol,Krug_Breast_PD,Proteome
UBA6,-0.028886057,Cytosol,Krug_Breast_PD,Proteome
UBAC1,0.3184232,Cytosol,Krug_Breast_PD,Proteome
UBAC2,0.39870438,Secretory,Krug_Breast_PD,Proteome
UBAP1,0.37682837,Cytosol,Krug_Breast_PD,Proteome
UBE2A,0.048921976,Cytosol,Krug_Breast_PD,Proteome
UBE2B,0.3439133,Cytosol,Krug_Breast_PD,Proteome
UBE2C,-0.45826575,Cytosol,Krug_Breast_PD,Proteome
UBE2D2,0.32258907,Cytosol,Krug_Breast_PD,Proteome
UBE2G1,0.33101964,Cytosol,Krug_Breast_PD,Proteome
UBE2G2,-0.5802582,Secretory,Krug_Breast_PD,Proteome
UBE2H,-0.314867,Cytosol,Krug_Breast_PD,Proteome
UBE2J1,0.2871456,Secretory,Krug_Breast_PD,Proteome
UBE2K,0.37956095,Cytosol,Krug_Breast_PD,Proteome
UBE2L3,0.3970411,Cytosol,Krug_Breast_PD,Proteome
UBE2L6,0.14156085,Cytosol,Krug_Breast_PD,Proteome
UBE2M,0.039850254,Cytosol,Krug_Breast_PD,Proteome
UBE2O,-0.48897356,Cytosol,Krug_Breast_PD,Proteome
UBE2R2,0.38133726,Cytosol,Krug_Breast_PD,Proteome
UBE2Z,0.27509147,Cytosol,Krug_Breast_PD,Proteome
UBFD1,0.26123482,Cytosol,Krug_Breast_PD,Proteome
UBL7,-0.6125977,Cytosol,Krug_Breast_PD,Proteome
UBN1,0.43511003,Nucleus,Krug_Breast_PD,Proteome
UBN2,0.5462791,Nucleus,Krug_Breast_PD,Proteome
UBP1,-0.03180787,Cytosol,Krug_Breast_PD,Proteome
UBQLN1,0.22348547,Cytosol,Krug_Breast_PD,Proteome
UBR1,0.43543512,Cytosol,Krug_Breast_PD,Proteome
UBR3,0.29697818,Cytosol,Krug_Breast_PD,Proteome
UBR4,-0.39144236,Cytosol,Krug_Breast_PD,Proteome
UBR5,0.6202104,Nucleus,Krug_Breast_PD,Proteome
UBXN1,0.015309583,Cytosol,Krug_Breast_PD,Proteome
UBXN2B,0.099613205,Cytosol,Krug_Breast_PD,Proteome
UBXN4,0.43448868,Secretory,Krug_Breast_PD,Proteome
UCHL5,-0.1055441,Cytosol,Krug_Breast_PD,Proteome
UCK2,-0.4330236,Cytosol,Krug_Breast_PD,Proteome
UEVLD,0.44583416,Cytosol,Krug_Breast_PD,Proteome
UFL1,-0.45208597,Secretory,Krug_Breast_PD,Proteome
UGCG,-0.42416194,Secretory,Krug_Breast_PD,Proteome
UGDH,0.4280667,Cytosol,Krug_Breast_PD,Proteome
UHRF2,0.5889727,Nucleus,Krug_Breast_PD,Proteome
UNC119,0.0644839,Cytosol,Krug_Breast_PD,Proteome
UNC119B,0.30718657,Cytosol,Krug_Breast_PD,Proteome
UNC13B,0.2254626,Cytosol,Krug_Breast_PD,Proteome
UNC13D,0.08675052,Cytosol,Krug_Breast_PD,Proteome
UPRT,0.22985633,Cytosol,Krug_Breast_PD,Proteome
UQCC1,0.21926363,Mitochondria,Krug_Breast_PD,Proteome
UQCR10,0.21788229,Mitochondria,Krug_Breast_PD,Proteome
UQCRB,0.27118838,Mitochondria,Krug_Breast_PD,Proteome
UQCRC1,0.2788152,Mitochondria,Krug_Breast_PD,Proteome
UQCRC2,0.26771212,Mitochondria,Krug_Breast_PD,Proteome
UQCRFS1,0.27817246,Mitochondria,Krug_Breast_PD,Proteome
UQCRH,0.292659,Mitochondria,Krug_Breast_PD,Proteome
UQCRQ,0.26077038,Mitochondria,Krug_Breast_PD,Proteome
URB1,0.59754795,Nucleus,Krug_Breast_PD,Proteome
URB2,0.59346783,Nucleus,Krug_Breast_PD,Proteome
UROD,0.38470122,Cytosol,Krug_Breast_PD,Proteome
UROS,0.36290082,Cytosol,Krug_Breast_PD,Proteome
USE1,0.44912028,Secretory,Krug_Breast_PD,Proteome
USP11,0.21020201,Nucleus,Krug_Breast_PD,Proteome
USP13,-0.44145584,Cytosol,Krug_Breast_PD,Proteome
USP15,0.19955108,Cytosol,Krug_Breast_PD,Proteome
USP24,-0.609814,Cytosol,Krug_Breast_PD,Proteome
USP25,-0.41139844,Cytosol,Krug_Breast_PD,Proteome
USP30,-0.10510074,Mitochondria,Krug_Breast_PD,Proteome
USP33,0.4328396,Secretory,Krug_Breast_PD,Proteome
USP36,0.59438866,Nucleus,Krug_Breast_PD,Proteome
USP4,0.36160633,Cytosol,Krug_Breast_PD,Proteome
USP42,0.52906525,Nucleus,Krug_Breast_PD,Proteome
USP47,0.42456234,Cytosol,Krug_Breast_PD,Proteome
USP5,0.32994848,Cytosol,Krug_Breast_PD,Proteome
USP7,-0.2877704,Nucleus,Krug_Breast_PD,Proteome
USP8,0.42593807,Cytosol,Krug_Breast_PD,Proteome
USP9X,-0.35986546,Cytosol,Krug_Breast_PD,Proteome
UTP14A,0.5282171,Nucleus,Krug_Breast_PD,Proteome
UTP15,0.52421325,Nucleus,Krug_Breast_PD,Proteome
UTP18,0.51635444,Nucleus,Krug_Breast_PD,Proteome
UTP20,0.57742864,Nucleus,Krug_Breast_PD,Proteome
UTP23,0.59249914,Nucleus,Krug_Breast_PD,Proteome
UTP3,0.54485184,Nucleus,Krug_Breast_PD,Proteome
UTP6,0.530078,Nucleus,Krug_Breast_PD,Proteome
UTRN,-0.39857554,Mitochondria,Krug_Breast_PD,Proteome
UXS1,-0.31468827,Secretory,Krug_Breast_PD,Proteome
VAMP3,0.3505463,Secretory,Krug_Breast_PD,Proteome
VAMP4,0.45078254,Secretory,Krug_Breast_PD,Proteome
VAMP7,0.3642613,Secretory,Krug_Breast_PD,Proteome
VANGL1,0.4470722,Secretory,Krug_Breast_PD,Proteome
VAPA,0.4426849,Secretory,Krug_Breast_PD,Proteome
VAPB,0.45276538,Secretory,Krug_Breast_PD,Proteome
VASP,0.18976806,Cytosol,Krug_Breast_PD,Proteome
VBP1,-0.17832999,Cytosol,Krug_Breast_PD,Proteome
VCL,0.17176458,Cytosol,Krug_Breast_PD,Proteome
VCP,0.37950012,Cytosol,Krug_Breast_PD,Proteome
VCPIP1,-0.14635958,Cytosol,Krug_Breast_PD,Proteome
VDAC1,0.2934519,Mitochondria,Krug_Breast_PD,Proteome
VDAC2,0.06704226,Mitochondria,Krug_Breast_PD,Proteome
VDAC3,0.2010516,Mitochondria,Krug_Breast_PD,Proteome
VEZT,0.45505962,Secretory,Krug_Breast_PD,Proteome
VIPAS39,0.38875607,Cytosol,Krug_Breast_PD,Proteome
VMP1,0.46093073,Secretory,Krug_Breast_PD,Proteome
VPS13A,0.0010189549,Secretory,Krug_Breast_PD,Proteome
VPS13C,0.22199139,Cytosol,Krug_Breast_PD,Proteome
VPS25,0.4357901,Cytosol,Krug_Breast_PD,Proteome
VPS26A,0.29664946,Cytosol,Krug_Breast_PD,Proteome
VPS33B,0.40253252,Cytosol,Krug_Breast_PD,Proteome
VPS35,-0.1503351,Cytosol,Krug_Breast_PD,Proteome
VPS37B,0.31046706,Cytosol,Krug_Breast_PD,Proteome
VPS4A,0.28157473,Cytosol,Krug_Breast_PD,Proteome
VPS4B,0.40851483,Cytosol,Krug_Breast_PD,Proteome
VPS52,-0.43169743,Cytosol,Krug_Breast_PD,Proteome
VTA1,0.31552452,Cytosol,Krug_Breast_PD,Proteome
VTI1A,0.449756,Secretory,Krug_Breast_PD,Proteome
VWA8,0.29127306,Mitochondria,Krug_Breast_PD,Proteome
WAC,0.56194353,Nucleus,Krug_Breast_PD,Proteome
WARS2,0.29186866,Mitochondria,Krug_Breast_PD,Proteome
WBP11,0.58602595,Nucleus,Krug_Breast_PD,Proteome
WDFY1,-0.032502126,Secretory,Krug_Breast_PD,Proteome
WDR1,0.3710486,Cytosol,Krug_Breast_PD,Proteome
WDR18,0.602515,Nucleus,Krug_Breast_PD,Proteome
WDR3,0.5694205,Nucleus,Krug_Breast_PD,Proteome
WDR33,0.56362385,Nucleus,Krug_Breast_PD,Proteome
WDR36,0.5623042,Nucleus,Krug_Breast_PD,Proteome
WDR37,0.35343802,Cytosol,Krug_Breast_PD,Proteome
WDR43,0.52194893,Nucleus,Krug_Breast_PD,Proteome
WDR44,0.43915358,Cytosol,Krug_Breast_PD,Proteome
WDR45,0.31004602,Cytosol,Krug_Breast_PD,Proteome
WDR46,0.51550984,Nucleus,Krug_Breast_PD,Proteome
WDR53,-0.24476893,Cytosol,Krug_Breast_PD,Proteome
WDR6,-0.57014984,Cytosol,Krug_Breast_PD,Proteome
WDR7,0.11816901,Cytosol,Krug_Breast_PD,Proteome
WDR75,0.54860896,Nucleus,Krug_Breast_PD,Proteome
WDR76,0.5623649,Nucleus,Krug_Breast_PD,Proteome
WDR77,0.25916013,Cytosol,Krug_Breast_PD,Proteome
WDR81,-0.094282575,Cytosol,Krug_Breast_PD,Proteome
WDR83,0.62652576,Nucleus,Krug_Breast_PD,Proteome
WDSUB1,0.29653865,Cytosol,Krug_Breast_PD,Proteome
WDTC1,0.35332954,Cytosol,Krug_Breast_PD,Proteome
WFS1,0.4393409,Secretory,Krug_Breast_PD,Proteome
WIPI2,0.27532732,Cytosol,Krug_Breast_PD,Proteome
WIZ,0.6232755,Nucleus,Krug_Breast_PD,Proteome
WNK1,0.23554431,Cytosol,Krug_Breast_PD,Proteome
WRN,0.43064737,Nucleus,Krug_Breast_PD,Proteome
WRNIP1,0.62299764,Nucleus,Krug_Breast_PD,Proteome
WWC2,-0.28166923,Cytosol,Krug_Breast_PD,Proteome
WWC3,0.012648918,Cytosol,Krug_Breast_PD,Proteome
WWP1,-0.4312398,Secretory,Krug_Breast_PD,Proteome
WWP2,0.24439575,Secretory,Krug_Breast_PD,Proteome
XIAP,0.38747904,Cytosol,Krug_Breast_PD,Proteome
XPC,0.37874174,Nucleus,Krug_Breast_PD,Proteome
XPNPEP1,0.2271275,Cytosol,Krug_Breast_PD,Proteome
XPO5,-0.5554081,Cytosol,Krug_Breast_PD,Proteome
XRCC1,0.3697611,Nucleus,Krug_Breast_PD,Proteome
XRCC4,-0.3500368,Nucleus,Krug_Breast_PD,Proteome
YAP1,0.15044506,Cytosol,Krug_Breast_PD,Proteome
YBEY,-0.46352258,Mitochondria,Krug_Breast_PD,Proteome
YES1,0.041058216,Secretory,Krug_Breast_PD,Proteome
YIF1A,0.40721738,Secretory,Krug_Breast_PD,Proteome
YIF1B,0.39323413,Secretory,Krug_Breast_PD,Proteome
YIPF1,0.42046353,Secretory,Krug_Breast_PD,Proteome
YIPF3,0.46537235,Secretory,Krug_Breast_PD,Proteome
YIPF4,0.45820144,Secretory,Krug_Breast_PD,Proteome
YIPF5,0.42704502,Secretory,Krug_Breast_PD,Proteome
YKT6,-0.33756894,Cytosol,Krug_Breast_PD,Proteome
YLPM1,0.5083896,Nucleus,Krug_Breast_PD,Proteome
YME1L1,-0.48907894,Mitochondria,Krug_Breast_PD,Proteome
YTHDC2,-0.36270922,Nucleus,Krug_Breast_PD,Proteome
YWHAB,0.22878967,Cytosol,Krug_Breast_PD,Proteome
YWHAE,0.28579727,Cytosol,Krug_Breast_PD,Proteome
YWHAG,0.34068868,Cytosol,Krug_Breast_PD,Proteome
YWHAH,0.23989883,Cytosol,Krug_Breast_PD,Proteome
YWHAQ,0.19260459,Cytosol,Krug_Breast_PD,Proteome
YWHAZ,0.03577125,Cytosol,Krug_Breast_PD,Proteome
ZBTB11,0.5714678,Nucleus,Krug_Breast_PD,Proteome
ZBTB14,0.411588,Nucleus,Krug_Breast_PD,Proteome
ZBTB21,0.37296292,Nucleus,Krug_Breast_PD,Proteome
ZBTB4,-0.4586536,Nucleus,Krug_Breast_PD,Proteome
ZBTB40,0.5275128,Nucleus,Krug_Breast_PD,Proteome
ZBTB8OS,-0.05733105,Cytosol,Krug_Breast_PD,Proteome
ZC3H8,0.54280484,Nucleus,Krug_Breast_PD,Proteome
ZC3HAV1,0.08024717,Secretory,Krug_Breast_PD,Proteome
ZC3HC1,0.6049596,Nucleus,Krug_Breast_PD,Proteome
ZCRB1,0.45816296,Nucleus,Krug_Breast_PD,Proteome
ZDHHC13,0.4443967,Secretory,Krug_Breast_PD,Proteome
ZDHHC17,0.43453577,Secretory,Krug_Breast_PD,Proteome
ZDHHC20,0.45082608,Secretory,Krug_Breast_PD,Proteome
ZDHHC3,0.4543927,Secretory,Krug_Breast_PD,Proteome
ZDHHC5,0.44567484,Secretory,Krug_Breast_PD,Proteome
ZFAND1,-0.5446293,Cytosol,Krug_Breast_PD,Proteome
ZFAND5,-0.5129322,Cytosol,Krug_Breast_PD,Proteome
ZFC3H1,0.5740191,Nucleus,Krug_Breast_PD,Proteome
ZFHX3,0.37971294,Nucleus,Krug_Breast_PD,Proteome
ZFP64,0.52710927,Nucleus,Krug_Breast_PD,Proteome
ZFPL1,0.45518842,Secretory,Krug_Breast_PD,Proteome
ZFR,0.61747396,Nucleus,Krug_Breast_PD,Proteome
ZFX,0.40459844,Nucleus,Krug_Breast_PD,Proteome
ZFYVE1,0.37115315,Cytosol,Krug_Breast_PD,Proteome
ZFYVE19,0.39588723,Cytosol,Krug_Breast_PD,Proteome
ZHX1,0.51533616,Nucleus,Krug_Breast_PD,Proteome
ZHX2,0.58500576,Nucleus,Krug_Breast_PD,Proteome
ZMPSTE24,0.4557162,Secretory,Krug_Breast_PD,Proteome
ZMYM2,0.6144353,Nucleus,Krug_Breast_PD,Proteome
ZMYND11,0.541621,Nucleus,Krug_Breast_PD,Proteome
ZNF106,0.54009825,Nucleus,Krug_Breast_PD,Proteome
ZNF131,0.33037692,Nucleus,Krug_Breast_PD,Proteome
ZNF143,0.50040704,Nucleus,Krug_Breast_PD,Proteome
ZNF148,0.6123691,Nucleus,Krug_Breast_PD,Proteome
ZNF217,0.57292473,Nucleus,Krug_Breast_PD,Proteome
ZNF280C,0.5066144,Nucleus,Krug_Breast_PD,Proteome
ZNF292,0.5750429,Nucleus,Krug_Breast_PD,Proteome
ZNF318,0.5898,Nucleus,Krug_Breast_PD,Proteome
ZNF326,0.60142535,Nucleus,Krug_Breast_PD,Proteome
ZNF346,0.5045412,Nucleus,Krug_Breast_PD,Proteome
ZNF362,-0.54128927,Nucleus,Krug_Breast_PD,Proteome
ZNF384,0.5980047,Nucleus,Krug_Breast_PD,Proteome
ZNF512,0.3507186,Nucleus,Krug_Breast_PD,Proteome
ZNF512B,0.514574,Nucleus,Krug_Breast_PD,Proteome
ZNF574,0.54754233,Nucleus,Krug_Breast_PD,Proteome
ZNF629,0.5693984,Nucleus,Krug_Breast_PD,Proteome
ZNF644,0.59307015,Nucleus,Krug_Breast_PD,Proteome
ZNF652,-0.49652672,Nucleus,Krug_Breast_PD,Proteome
ZNF668,0.46442288,Nucleus,Krug_Breast_PD,Proteome
ZNF687,0.53828615,Nucleus,Krug_Breast_PD,Proteome
ZNF768,0.37286395,Nucleus,Krug_Breast_PD,Proteome
ZNF800,0.3911477,Nucleus,Krug_Breast_PD,Proteome
ZNHIT6,0.5774993,Nucleus,Krug_Breast_PD,Proteome
ZWINT,-0.47906554,Cytosol,Krug_Breast_PD,Proteome
ZYX,0.09738896,Cytosol,Krug_Breast_PD,Proteome
ZZEF1,-0.45158634,Cytosol,Krug_Breast_PD,Proteome
AAAS,-0.11063203,Secretory,Krug_Breast_MD,Transcriptome
AACS,-0.08955102,Cytosol,Krug_Breast_MD,Transcriptome
AAK1,-0.09335707,Cytosol,Krug_Breast_MD,Transcriptome
AASDHPPT,-0.10259659,Cytosol,Krug_Breast_MD,Transcriptome
AATF,-0.056739997,Nucleus,Krug_Breast_MD,Transcriptome
ABCB10,-0.036289264,Mitochondria,Krug_Breast_MD,Transcriptome
ABCB7,0.044854652,Mitochondria,Krug_Breast_MD,Transcriptome
ABCB8,0.068745665,Mitochondria,Krug_Breast_MD,Transcriptome
ABCC1,-0.08401639,Secretory,Krug_Breast_MD,Transcriptome
ABCD1,-0.19181582,Secretory,Krug_Breast_MD,Transcriptome
ABCD3,0.107995026,Secretory,Krug_Breast_MD,Transcriptome
ABHD12,-0.15183459,Secretory,Krug_Breast_MD,Transcriptome
ABHD14B,-0.104788095,Cytosol,Krug_Breast_MD,Transcriptome
ABHD16A,-0.06900476,Secretory,Krug_Breast_MD,Transcriptome
ABL1,-0.10095783,Cytosol,Krug_Breast_MD,Transcriptome
ABL2,-0.039573904,Cytosol,Krug_Breast_MD,Transcriptome
ABR,-0.10342432,Cytosol,Krug_Breast_MD,Transcriptome
ABRACL,-0.02752298,Cytosol,Krug_Breast_MD,Transcriptome
ABT1,-0.107523836,Nucleus,Krug_Breast_MD,Transcriptome
ACAD9,0.104938336,Mitochondria,Krug_Breast_MD,Transcriptome
ACAP2,-0.11208264,Cytosol,Krug_Breast_MD,Transcriptome
ACAT2,-0.047465928,Cytosol,Krug_Breast_MD,Transcriptome
ACBD5,0.064118266,Secretory,Krug_Breast_MD,Transcriptome
ACBD6,-0.103031926,Cytosol,Krug_Breast_MD,Transcriptome
ACIN1,-0.061563913,Nucleus,Krug_Breast_MD,Transcriptome
ACLY,-0.07971462,Cytosol,Krug_Breast_MD,Transcriptome
ACOT11,-0.10668324,Cytosol,Krug_Breast_MD,Transcriptome
ACP1,-0.04890275,Cytosol,Krug_Breast_MD,Transcriptome
ACSL1,-0.007216021,Secretory,Krug_Breast_MD,Transcriptome
ACSL3,0.051670194,Secretory,Krug_Breast_MD,Transcriptome
ACSL4,0.034539532,Secretory,Krug_Breast_MD,Transcriptome
ACSS2,-0.11289811,Cytosol,Krug_Breast_MD,Transcriptome
ACTR10,-0.10178543,Cytosol,Krug_Breast_MD,Transcriptome
ACVR1,0.07385411,Secretory,Krug_Breast_MD,Transcriptome
ACYP1,-0.11606585,Cytosol,Krug_Breast_MD,Transcriptome
ACYP2,-0.085490145,Cytosol,Krug_Breast_MD,Transcriptome
ADAM10,0.11156135,Secretory,Krug_Breast_MD,Transcriptome
ADAM15,-0.18255138,Secretory,Krug_Breast_MD,Transcriptome
ADAM9,-0.0018150792,Secretory,Krug_Breast_MD,Transcriptome
ADAR,-0.06879109,Nucleus,Krug_Breast_MD,Transcriptome
ADARB1,-0.08837199,Nucleus,Krug_Breast_MD,Transcriptome
ADAT2,-0.043811522,Cytosol,Krug_Breast_MD,Transcriptome
ADCK1,0.066905476,Mitochondria,Krug_Breast_MD,Transcriptome
ADCY6,0.021611221,Secretory,Krug_Breast_MD,Transcriptome
ADH5,-0.031856123,Cytosol,Krug_Breast_MD,Transcriptome
ADI1,-0.07879579,Cytosol,Krug_Breast_MD,Transcriptome
ADK,-0.07773713,Cytosol,Krug_Breast_MD,Transcriptome
ADNP,-0.040096547,Nucleus,Krug_Breast_MD,Transcriptome
ADNP2,-0.06989084,Nucleus,Krug_Breast_MD,Transcriptome
ADO,0.0029128299,Cytosol,Krug_Breast_MD,Transcriptome
ADRM1,-0.11465975,Cytosol,Krug_Breast_MD,Transcriptome
ADSL,-0.03082587,Cytosol,Krug_Breast_MD,Transcriptome
AFF4,-0.112640455,Nucleus,Krug_Breast_MD,Transcriptome
AFG3L2,0.048814394,Mitochondria,Krug_Breast_MD,Transcriptome
AGFG1,0.02278927,Cytosol,Krug_Breast_MD,Transcriptome
AGFG2,-0.088803485,Cytosol,Krug_Breast_MD,Transcriptome
AGGF1,-0.09375671,Nucleus,Krug_Breast_MD,Transcriptome
AGK,0.027815156,Mitochondria,Krug_Breast_MD,Transcriptome
AGO2,-0.05861502,Nucleus,Krug_Breast_MD,Transcriptome
AGPAT3,-0.16563909,Secretory,Krug_Breast_MD,Transcriptome
AGPAT5,0.034109667,Mitochondria,Krug_Breast_MD,Transcriptome
AGRN,-0.15821387,Secretory,Krug_Breast_MD,Transcriptome
AHCTF1,-0.035181895,Nucleus,Krug_Breast_MD,Transcriptome
AHCY,-0.1362121,Cytosol,Krug_Breast_MD,Transcriptome
AHCYL1,-0.11985238,Cytosol,Krug_Breast_MD,Transcriptome
AHCYL2,-0.12425544,Cytosol,Krug_Breast_MD,Transcriptome
AHDC1,-0.06306089,Nucleus,Krug_Breast_MD,Transcriptome
AHSA1,-0.0946886,Cytosol,Krug_Breast_MD,Transcriptome
AIFM1,0.099281095,Mitochondria,Krug_Breast_MD,Transcriptome
AIP,-0.116429806,Cytosol,Krug_Breast_MD,Transcriptome
AJUBA,-0.07308645,Cytosol,Krug_Breast_MD,Transcriptome
AK1,-0.104493774,Cytosol,Krug_Breast_MD,Transcriptome
AK2,-0.07310935,Nucleus,Krug_Breast_MD,Transcriptome
AKAP1,0.05407873,Mitochondria,Krug_Breast_MD,Transcriptome
AKAP12,-0.08370085,Cytosol,Krug_Breast_MD,Transcriptome
AKAP17A,-0.06949917,Nucleus,Krug_Breast_MD,Transcriptome
AKAP8L,-0.06408238,Nucleus,Krug_Breast_MD,Transcriptome
AKR1A1,-0.10864387,Cytosol,Krug_Breast_MD,Transcriptome
AKT1,-0.10714064,Cytosol,Krug_Breast_MD,Transcriptome
AKT2,-0.10218753,Cytosol,Krug_Breast_MD,Transcriptome
AKTIP,-0.03479143,Cytosol,Krug_Breast_MD,Transcriptome
ALCAM,0.1099102,Secretory,Krug_Breast_MD,Transcriptome
ALDH1A3,-0.021505967,Cytosol,Krug_Breast_MD,Transcriptome
ALDH3A2,0.040736828,Secretory,Krug_Breast_MD,Transcriptome
ALDH9A1,-0.09495011,Cytosol,Krug_Breast_MD,Transcriptome
ALDOA,-0.09658446,Cytosol,Krug_Breast_MD,Transcriptome
ALG1,-0.0776585,Secretory,Krug_Breast_MD,Transcriptome
ALG11,0.10956715,Secretory,Krug_Breast_MD,Transcriptome
ALG5,-0.17880532,Secretory,Krug_Breast_MD,Transcriptome
ALKBH3,-0.13803153,Cytosol,Krug_Breast_MD,Transcriptome
ALKBH8,-0.11619327,Cytosol,Krug_Breast_MD,Transcriptome
AMDHD2,-0.09777173,Cytosol,Krug_Breast_MD,Transcriptome
AMFR,0.038215283,Secretory,Krug_Breast_MD,Transcriptome
AMOTL2,-0.07689665,Cytosol,Krug_Breast_MD,Transcriptome
AMPD2,-0.09982869,Cytosol,Krug_Breast_MD,Transcriptome
ANKLE2,-0.19361214,Secretory,Krug_Breast_MD,Transcriptome
ANKMY2,-0.12426255,Cytosol,Krug_Breast_MD,Transcriptome
ANKRD12,-0.11277078,Nucleus,Krug_Breast_MD,Transcriptome
ANKRD54,-0.09248166,Cytosol,Krug_Breast_MD,Transcriptome
ANKS1A,-0.122331634,Cytosol,Krug_Breast_MD,Transcriptome
ANO10,-0.05677395,Secretory,Krug_Breast_MD,Transcriptome
ANO6,0.08737285,Secretory,Krug_Breast_MD,Transcriptome
ANXA1,-0.02878515,Cytosol,Krug_Breast_MD,Transcriptome
ANXA11,-0.110583454,Cytosol,Krug_Breast_MD,Transcriptome
ANXA5,-0.042033777,Cytosol,Krug_Breast_MD,Transcriptome
AP1AR,0.10519957,Secretory,Krug_Breast_MD,Transcriptome
AP2A1,-0.13942277,Secretory,Krug_Breast_MD,Transcriptome
AP2A2,-0.123729736,Secretory,Krug_Breast_MD,Transcriptome
AP2M1,-0.21080786,Secretory,Krug_Breast_MD,Transcriptome
AP3B1,-0.11736649,Cytosol,Krug_Breast_MD,Transcriptome
AP3D1,-0.095945135,Cytosol,Krug_Breast_MD,Transcriptome
AP3M2,-0.05279726,Cytosol,Krug_Breast_MD,Transcriptome
AP4E1,-0.11793749,Cytosol,Krug_Breast_MD,Transcriptome
APLP2,0.07792912,Secretory,Krug_Breast_MD,Transcriptome
APMAP,0.09649866,Secretory,Krug_Breast_MD,Transcriptome
APOO,0.07974419,Mitochondria,Krug_Breast_MD,Transcriptome
APOOL,-0.10808352,Mitochondria,Krug_Breast_MD,Transcriptome
APP,0.010898586,Secretory,Krug_Breast_MD,Transcriptome
APPL1,-0.12336181,Cytosol,Krug_Breast_MD,Transcriptome
APRT,-0.10959261,Cytosol,Krug_Breast_MD,Transcriptome
ARAP1,-0.10339775,Cytosol,Krug_Breast_MD,Transcriptome
ARCN1,-0.057788294,Cytosol,Krug_Breast_MD,Transcriptome
ARFGEF2,-0.08927548,Cytosol,Krug_Breast_MD,Transcriptome
ARFRP1,-0.16096598,Secretory,Krug_Breast_MD,Transcriptome
ARHGAP12,-0.12387019,Cytosol,Krug_Breast_MD,Transcriptome
ARHGAP17,-0.07961832,Cytosol,Krug_Breast_MD,Transcriptome
ARHGAP35,-0.10947186,Cytosol,Krug_Breast_MD,Transcriptome
ARHGAP39,-0.18317947,Secretory,Krug_Breast_MD,Transcriptome
ARHGAP5,-0.11666387,Cytosol,Krug_Breast_MD,Transcriptome
ARHGDIA,-0.1168268,Cytosol,Krug_Breast_MD,Transcriptome
ARHGDIB,-0.11418971,Cytosol,Krug_Breast_MD,Transcriptome
ARHGEF10,-0.080682576,Cytosol,Krug_Breast_MD,Transcriptome
ARHGEF10L,-0.09930577,Cytosol,Krug_Breast_MD,Transcriptome
ARHGEF40,0.06724517,Secretory,Krug_Breast_MD,Transcriptome
ARHGEF7,-0.12822188,Cytosol,Krug_Breast_MD,Transcriptome
ARID1B,-0.07150768,Nucleus,Krug_Breast_MD,Transcriptome
ARIH1,-0.108832866,Cytosol,Krug_Breast_MD,Transcriptome
ARIH2,-0.09088429,Cytosol,Krug_Breast_MD,Transcriptome
ARL15,0.10916699,Secretory,Krug_Breast_MD,Transcriptome
ARL6,-0.109746695,Cytosol,Krug_Breast_MD,Transcriptome
ARL6IP5,0.111595295,Secretory,Krug_Breast_MD,Transcriptome
ARL8A,-0.11807208,Secretory,Krug_Breast_MD,Transcriptome
ARL8B,0.069765456,Secretory,Krug_Breast_MD,Transcriptome
ARMC10,-0.04548828,Mitochondria,Krug_Breast_MD,Transcriptome
ARMC6,-0.10920918,Cytosol,Krug_Breast_MD,Transcriptome
ARMCX3,-0.16248673,Mitochondria,Krug_Breast_MD,Transcriptome
ARPC5,-0.04644631,Cytosol,Krug_Breast_MD,Transcriptome
ASAH1,0.08757805,Secretory,Krug_Breast_MD,Transcriptome
ASAP1,-0.005469664,Cytosol,Krug_Breast_MD,Transcriptome
ASH1L,-0.08641825,Nucleus,Krug_Breast_MD,Transcriptome
ASH2L,-0.028791528,Nucleus,Krug_Breast_MD,Transcriptome
ASMTL,-0.10800322,Cytosol,Krug_Breast_MD,Transcriptome
ASPH,0.090976186,Secretory,Krug_Breast_MD,Transcriptome
ASPSCR1,-0.11533923,Cytosol,Krug_Breast_MD,Transcriptome
ASS1,-0.08604532,Cytosol,Krug_Breast_MD,Transcriptome
ATAD1,-0.102589324,Mitochondria,Krug_Breast_MD,Transcriptome
ATAD2,-0.04072848,Nucleus,Krug_Breast_MD,Transcriptome
ATAD2B,-0.0949182,Nucleus,Krug_Breast_MD,Transcriptome
ATAD3A,0.084936574,Mitochondria,Krug_Breast_MD,Transcriptome
ATAD3B,0.08267135,Mitochondria,Krug_Breast_MD,Transcriptome
ATE1,-0.12473448,Cytosol,Krug_Breast_MD,Transcriptome
ATF1,-0.11070316,Nucleus,Krug_Breast_MD,Transcriptome
ATG12,-0.12119771,Cytosol,Krug_Breast_MD,Transcriptome
ATG13,-0.13718721,Cytosol,Krug_Breast_MD,Transcriptome
ATG16L1,-0.118244894,Cytosol,Krug_Breast_MD,Transcriptome
ATG2B,-0.11953821,Cytosol,Krug_Breast_MD,Transcriptome
ATG3,-0.0629263,Cytosol,Krug_Breast_MD,Transcriptome
ATG4B,-0.11293754,Cytosol,Krug_Breast_MD,Transcriptome
ATG4C,-0.081678495,Cytosol,Krug_Breast_MD,Transcriptome
ATG5,0.023712926,Cytosol,Krug_Breast_MD,Transcriptome
ATG7,-0.10981591,Cytosol,Krug_Breast_MD,Transcriptome
ATG9A,0.07204899,Secretory,Krug_Breast_MD,Transcriptome
ATIC,-0.09404682,Cytosol,Krug_Breast_MD,Transcriptome
ATL2,-0.121399455,Secretory,Krug_Breast_MD,Transcriptome
ATL3,0.091980465,Secretory,Krug_Breast_MD,Transcriptome
ATP11B,0.031688754,Secretory,Krug_Breast_MD,Transcriptome
ATP11C,-0.035642054,Secretory,Krug_Breast_MD,Transcriptome
ATP13A1,-0.16062436,Secretory,Krug_Breast_MD,Transcriptome
ATP13A3,0.058027487,Secretory,Krug_Breast_MD,Transcriptome
ATP1A1,0.026164182,Secretory,Krug_Breast_MD,Transcriptome
ATP1B1,0.10068965,Secretory,Krug_Breast_MD,Transcriptome
ATP1B3,-0.18803667,Secretory,Krug_Breast_MD,Transcriptome
ATP2A2,0.08560679,Secretory,Krug_Breast_MD,Transcriptome
ATP2B1,0.11001322,Secretory,Krug_Breast_MD,Transcriptome
ATP2B4,0.056080755,Secretory,Krug_Breast_MD,Transcriptome
ATP2C1,-0.041529387,Secretory,Krug_Breast_MD,Transcriptome
ATP6AP1,-0.0744092,Secretory,Krug_Breast_MD,Transcriptome
ATP6AP2,0.09405348,Secretory,Krug_Breast_MD,Transcriptome
ATP6V0A1,-0.010159054,Secretory,Krug_Breast_MD,Transcriptome
ATP6V0A2,-0.08494121,Secretory,Krug_Breast_MD,Transcriptome
ATP6V0D1,-0.18327777,Secretory,Krug_Breast_MD,Transcriptome
ATP7A,0.11187977,Secretory,Krug_Breast_MD,Transcriptome
ATP8B1,0.10454609,Secretory,Krug_Breast_MD,Transcriptome
ATP9A,0.0017213784,Secretory,Krug_Breast_MD,Transcriptome
ATP9B,0.09514387,Secretory,Krug_Breast_MD,Transcriptome
ATPAF1,-0.061524633,Mitochondria,Krug_Breast_MD,Transcriptome
ATRN,0.09487519,Secretory,Krug_Breast_MD,Transcriptome
ATRX,-0.11324051,Nucleus,Krug_Breast_MD,Transcriptome
ATXN1,-0.108919464,Nucleus,Krug_Breast_MD,Transcriptome
ATXN3,-0.11744515,Cytosol,Krug_Breast_MD,Transcriptome
ATXN7L3B,-0.0702531,Cytosol,Krug_Breast_MD,Transcriptome
AUP1,-0.2067228,Secretory,Krug_Breast_MD,Transcriptome
AURKB,-0.08899627,Nucleus,Krug_Breast_MD,Transcriptome
AVL9,-0.11049643,Cytosol,Krug_Breast_MD,Transcriptome
B2M,-0.16463542,Secretory,Krug_Breast_MD,Transcriptome
B3GAT3,-0.17519732,Secretory,Krug_Breast_MD,Transcriptome
B3GNT2,0.084607385,Secretory,Krug_Breast_MD,Transcriptome
B4GALT1,0.059303142,Secretory,Krug_Breast_MD,Transcriptome
B4GALT3,-0.17493239,Secretory,Krug_Breast_MD,Transcriptome
B4GALT4,-0.006164189,Secretory,Krug_Breast_MD,Transcriptome
BAG3,-0.07623122,Cytosol,Krug_Breast_MD,Transcriptome
BAG6,-0.13195886,Cytosol,Krug_Breast_MD,Transcriptome
BAK1,0.09083265,Mitochondria,Krug_Breast_MD,Transcriptome
BARD1,-0.035307426,Nucleus,Krug_Breast_MD,Transcriptome
BAX,-0.120701775,Cytosol,Krug_Breast_MD,Transcriptome
BAZ1A,-0.01623302,Nucleus,Krug_Breast_MD,Transcriptome
BAZ1B,-0.022394316,Nucleus,Krug_Breast_MD,Transcriptome
BAZ2A,-0.08066199,Nucleus,Krug_Breast_MD,Transcriptome
BAZ2B,-0.11221608,Nucleus,Krug_Breast_MD,Transcriptome
BBC3,0.06295058,Mitochondria,Krug_Breast_MD,Transcriptome
BCAP29,0.072805524,Secretory,Krug_Breast_MD,Transcriptome
BCAP31,-0.22000028,Secretory,Krug_Breast_MD,Transcriptome
BCAR1,-0.096257,Cytosol,Krug_Breast_MD,Transcriptome
BCAS3,-0.06277885,Cytosol,Krug_Breast_MD,Transcriptome
BCL10,-0.08521483,Cytosol,Krug_Breast_MD,Transcriptome
BCL2L1,0.012689662,Mitochondria,Krug_Breast_MD,Transcriptome
BCL2L11,0.09162467,Secretory,Krug_Breast_MD,Transcriptome
BCL2L13,-0.04433366,Mitochondria,Krug_Breast_MD,Transcriptome
BCL9L,-0.06228802,Nucleus,Krug_Breast_MD,Transcriptome
BCOR,-0.083541274,Nucleus,Krug_Breast_MD,Transcriptome
BCS1L,0.112381846,Mitochondria,Krug_Breast_MD,Transcriptome
BDH1,0.075078614,Mitochondria,Krug_Breast_MD,Transcriptome
BDH2,-0.079434946,Cytosol,Krug_Breast_MD,Transcriptome
BEND3,-0.034636717,Nucleus,Krug_Breast_MD,Transcriptome
BET1,0.02380495,Secretory,Krug_Breast_MD,Transcriptome
BET1L,-0.12994497,Secretory,Krug_Breast_MD,Transcriptome
BID,-0.08605048,Cytosol,Krug_Breast_MD,Transcriptome
BIN1,-0.08889332,Cytosol,Krug_Breast_MD,Transcriptome
BIN3,-0.12899762,Cytosol,Krug_Breast_MD,Transcriptome
BIRC2,-0.035039473,Cytosol,Krug_Breast_MD,Transcriptome
BIRC6,-0.10978721,Cytosol,Krug_Breast_MD,Transcriptome
BLM,-0.037593115,Nucleus,Krug_Breast_MD,Transcriptome
BLVRB,-0.121861175,Cytosol,Krug_Breast_MD,Transcriptome
BLZF1,0.08078849,Secretory,Krug_Breast_MD,Transcriptome
BMP2K,0.09617997,Secretory,Krug_Breast_MD,Transcriptome
BMS1,-0.060336035,Nucleus,Krug_Breast_MD,Transcriptome
BNIP1,-0.20577715,Secretory,Krug_Breast_MD,Transcriptome
BPNT1,-0.03628603,Cytosol,Krug_Breast_MD,Transcriptome
BRAF,-0.10791626,Cytosol,Krug_Breast_MD,Transcriptome
BRCC3,0.017118376,Cytosol,Krug_Breast_MD,Transcriptome
BRD1,-0.06626671,Nucleus,Krug_Breast_MD,Transcriptome
BRD2,-0.052391406,Nucleus,Krug_Breast_MD,Transcriptome
BRD4,-0.06514219,Nucleus,Krug_Breast_MD,Transcriptome
BRIX1,-0.05743505,Nucleus,Krug_Breast_MD,Transcriptome
BROX,-0.07334507,Cytosol,Krug_Breast_MD,Transcriptome
BRPF1,-0.10123542,Nucleus,Krug_Breast_MD,Transcriptome
BRPF3,-0.045260288,Nucleus,Krug_Breast_MD,Transcriptome
BRWD1,-0.113504894,Nucleus,Krug_Breast_MD,Transcriptome
BSG,-0.165425,Secretory,Krug_Breast_MD,Transcriptome
BTBD9,0.05350785,Secretory,Krug_Breast_MD,Transcriptome
BTF3,-0.09720006,Cytosol,Krug_Breast_MD,Transcriptome
BTF3L4,-0.03814681,Cytosol,Krug_Breast_MD,Transcriptome
BUB1,-0.052410588,Cytosol,Krug_Breast_MD,Transcriptome
BUB1B,-0.045796692,Cytosol,Krug_Breast_MD,Transcriptome
C11orf68,-0.113108374,Cytosol,Krug_Breast_MD,Transcriptome
C12orf57,-0.13110408,Cytosol,Krug_Breast_MD,Transcriptome
C14orf119,-0.12387294,Cytosol,Krug_Breast_MD,Transcriptome
C18orf21,-0.05539279,Nucleus,Krug_Breast_MD,Transcriptome
C18orf32,0.06866419,Secretory,Krug_Breast_MD,Transcriptome
C1QBP,0.08487415,Mitochondria,Krug_Breast_MD,Transcriptome
C1orf131,-0.040762153,Nucleus,Krug_Breast_MD,Transcriptome
C1orf198,0.021863118,Cytosol,Krug_Breast_MD,Transcriptome
C1orf226,-0.060366947,Mitochondria,Krug_Breast_MD,Transcriptome
C1orf50,-0.11811839,Cytosol,Krug_Breast_MD,Transcriptome
C2CD2L,-0.10699406,Secretory,Krug_Breast_MD,Transcriptome
C2orf49,-0.112635136,Nucleus,Krug_Breast_MD,Transcriptome
C2orf69,-0.055720534,Cytosol,Krug_Breast_MD,Transcriptome
C4orf3,0.058833644,Secretory,Krug_Breast_MD,Transcriptome
C5orf24,-0.11240454,Nucleus,Krug_Breast_MD,Transcriptome
C6orf47,-0.21447492,Secretory,Krug_Breast_MD,Transcriptome
C6orf89,0.056900464,Secretory,Krug_Breast_MD,Transcriptome
CABIN1,-0.067836106,Nucleus,Krug_Breast_MD,Transcriptome
CACYBP,-0.06669312,Cytosol,Krug_Breast_MD,Transcriptome
CAD,-0.091942385,Cytosol,Krug_Breast_MD,Transcriptome
CADM4,-0.039217535,Secretory,Krug_Breast_MD,Transcriptome
CALCOCO1,-0.068120755,Cytosol,Krug_Breast_MD,Transcriptome
CALR,-0.10076267,Nucleus,Krug_Breast_MD,Transcriptome
CALU,-0.060916662,Nucleus,Krug_Breast_MD,Transcriptome
CAMK2D,-0.044116013,Cytosol,Krug_Breast_MD,Transcriptome
CAMK2G,-0.08869426,Cytosol,Krug_Breast_MD,Transcriptome
CAMLG,0.055427425,Secretory,Krug_Breast_MD,Transcriptome
CANT1,-0.038429156,Secretory,Krug_Breast_MD,Transcriptome
CANX,0.09102865,Secretory,Krug_Breast_MD,Transcriptome
CAPN1,-0.106980346,Cytosol,Krug_Breast_MD,Transcriptome
CAPN2,-0.077240594,Cytosol,Krug_Breast_MD,Transcriptome
CAPNS1,-0.10862566,Cytosol,Krug_Breast_MD,Transcriptome
CAPS,-0.119246505,Cytosol,Krug_Breast_MD,Transcriptome
CASK,-0.019682819,Mitochondria,Krug_Breast_MD,Transcriptome
CASP7,-0.10685279,Cytosol,Krug_Breast_MD,Transcriptome
CAST,-0.12495156,Cytosol,Krug_Breast_MD,Transcriptome
CAV1,0.07138562,Secretory,Krug_Breast_MD,Transcriptome
CBFB,0.00017414686,Cytosol,Krug_Breast_MD,Transcriptome
CBL,-0.08210565,Cytosol,Krug_Breast_MD,Transcriptome
CBR1,-0.092720784,Cytosol,Krug_Breast_MD,Transcriptome
CBR3,0.010124437,Cytosol,Krug_Breast_MD,Transcriptome
CBX3,-0.079475306,Nucleus,Krug_Breast_MD,Transcriptome
CBX5,-0.06545524,Nucleus,Krug_Breast_MD,Transcriptome
CBX8,-0.09794612,Nucleus,Krug_Breast_MD,Transcriptome
CC2D1B,-0.101721324,Cytosol,Krug_Breast_MD,Transcriptome
CCAR1,-0.060165375,Nucleus,Krug_Breast_MD,Transcriptome
CCAR2,-0.09842988,Nucleus,Krug_Breast_MD,Transcriptome
CCDC115,-0.023169547,Secretory,Krug_Breast_MD,Transcriptome
CCDC117,-0.053070944,Nucleus,Krug_Breast_MD,Transcriptome
CCDC127,-0.056023154,Mitochondria,Krug_Breast_MD,Transcriptome
CCDC134,-0.08135054,Secretory,Krug_Breast_MD,Transcriptome
CCDC22,-0.1092035,Cytosol,Krug_Breast_MD,Transcriptome
CCDC25,-0.061376028,Cytosol,Krug_Breast_MD,Transcriptome
CCDC43,-0.067046866,Cytosol,Krug_Breast_MD,Transcriptome
CCDC47,-0.0025316556,Secretory,Krug_Breast_MD,Transcriptome
CCDC50,-0.06588948,Cytosol,Krug_Breast_MD,Transcriptome
CCDC51,0.077187575,Mitochondria,Krug_Breast_MD,Transcriptome
CCDC6,-0.063007206,Cytosol,Krug_Breast_MD,Transcriptome
CCDC61,-0.13453218,Secretory,Krug_Breast_MD,Transcriptome
CCDC85C,-0.102803245,Cytosol,Krug_Breast_MD,Transcriptome
CCDC86,-0.09688722,Nucleus,Krug_Breast_MD,Transcriptome
CCDC90B,-0.03763767,Mitochondria,Krug_Breast_MD,Transcriptome
CCDC91,-0.103621684,Cytosol,Krug_Breast_MD,Transcriptome
CCDC92,-0.10305619,Cytosol,Krug_Breast_MD,Transcriptome
CCDC93,-0.110025436,Cytosol,Krug_Breast_MD,Transcriptome
CCDC97,-0.09768869,Cytosol,Krug_Breast_MD,Transcriptome
CCNB1,-0.061645202,Cytosol,Krug_Breast_MD,Transcriptome
CCNH,-0.09713316,Nucleus,Krug_Breast_MD,Transcriptome
CCNT1,-0.11167799,Nucleus,Krug_Breast_MD,Transcriptome
CCNT2,-0.11217545,Nucleus,Krug_Breast_MD,Transcriptome
CCS,-0.101963185,Cytosol,Krug_Breast_MD,Transcriptome
CCT2,-0.052746873,Cytosol,Krug_Breast_MD,Transcriptome
CCT3,-0.08765834,Cytosol,Krug_Breast_MD,Transcriptome
CCT4,-0.06422862,Cytosol,Krug_Breast_MD,Transcriptome
CCT5,-0.06286276,Cytosol,Krug_Breast_MD,Transcriptome
CCT6A,-0.06524958,Cytosol,Krug_Breast_MD,Transcriptome
CCT7,-0.08531446,Cytosol,Krug_Breast_MD,Transcriptome
CCT8,-0.06794873,Cytosol,Krug_Breast_MD,Transcriptome
CD109,0.046981588,Secretory,Krug_Breast_MD,Transcriptome
CD151,-0.13991173,Secretory,Krug_Breast_MD,Transcriptome
CD276,0.05238323,Secretory,Krug_Breast_MD,Transcriptome
CD2AP,-0.10674384,Cytosol,Krug_Breast_MD,Transcriptome
CD44,0.036759935,Secretory,Krug_Breast_MD,Transcriptome
CD46,0.10159588,Secretory,Krug_Breast_MD,Transcriptome
CD47,-0.14242902,Secretory,Krug_Breast_MD,Transcriptome
CD55,0.043905433,Secretory,Krug_Breast_MD,Transcriptome
CD58,0.032049824,Secretory,Krug_Breast_MD,Transcriptome
CD63,-0.17917314,Secretory,Krug_Breast_MD,Transcriptome
CD81,-0.1983728,Secretory,Krug_Breast_MD,Transcriptome
CD99,0.056134425,Secretory,Krug_Breast_MD,Transcriptome
CDAN1,-0.10441083,Cytosol,Krug_Breast_MD,Transcriptome
CDC123,-0.046129175,Cytosol,Krug_Breast_MD,Transcriptome
CDC34,-0.10152064,Cytosol,Krug_Breast_MD,Transcriptome
CDC37,-0.10396055,Cytosol,Krug_Breast_MD,Transcriptome
CDC40,-0.058503203,Nucleus,Krug_Breast_MD,Transcriptome
CDC42,-0.10180524,Cytosol,Krug_Breast_MD,Transcriptome
CDC42EP4,-0.1240768,Cytosol,Krug_Breast_MD,Transcriptome
CDC5L,-0.018309126,Nucleus,Krug_Breast_MD,Transcriptome
CDC73,-0.049215395,Nucleus,Krug_Breast_MD,Transcriptome
CDCA2,-0.04901139,Nucleus,Krug_Breast_MD,Transcriptome
CDCA5,-0.055044964,Nucleus,Krug_Breast_MD,Transcriptome
CDK1,-0.047192026,Cytosol,Krug_Breast_MD,Transcriptome
CDK13,-0.11098119,Nucleus,Krug_Breast_MD,Transcriptome
CDK17,0.109342225,Secretory,Krug_Breast_MD,Transcriptome
CDK5,-0.13530195,Cytosol,Krug_Breast_MD,Transcriptome
CDK5RAP3,-0.10656479,Secretory,Krug_Breast_MD,Transcriptome
CDK6,-0.018356202,Cytosol,Krug_Breast_MD,Transcriptome
CDK9,-0.063183084,Nucleus,Krug_Breast_MD,Transcriptome
CDKAL1,-0.12563908,Secretory,Krug_Breast_MD,Transcriptome
CDKN2AIPNL,-0.04919491,Nucleus,Krug_Breast_MD,Transcriptome
CDR2L,-0.095857546,Cytosol,Krug_Breast_MD,Transcriptome
CDS2,0.04696826,Secretory,Krug_Breast_MD,Transcriptome
CDV3,-0.01227603,Cytosol,Krug_Breast_MD,Transcriptome
CEBPB,-0.07166692,Nucleus,Krug_Breast_MD,Transcriptome
CEBPZ,-0.018750938,Nucleus,Krug_Breast_MD,Transcriptome
CELF1,-0.06712919,Nucleus,Krug_Breast_MD,Transcriptome
CENPB,-0.087337084,Nucleus,Krug_Breast_MD,Transcriptome
CENPC,-0.11128031,Nucleus,Krug_Breast_MD,Transcriptome
CENPT,-0.09161408,Nucleus,Krug_Breast_MD,Transcriptome
CEP112,-0.061421294,Cytosol,Krug_Breast_MD,Transcriptome
CEP128,0.017041773,Mitochondria,Krug_Breast_MD,Transcriptome
CEP192,-0.019730994,Cytosol,Krug_Breast_MD,Transcriptome
CEP44,-0.12157982,Cytosol,Krug_Breast_MD,Transcriptome
CEP78,-0.044419643,Cytosol,Krug_Breast_MD,Transcriptome
CEP85,-0.045397475,Cytosol,Krug_Breast_MD,Transcriptome
CEP89,-0.1537943,Secretory,Krug_Breast_MD,Transcriptome
CERS2,0.06531028,Secretory,Krug_Breast_MD,Transcriptome
CFL1,-0.10771362,Cytosol,Krug_Breast_MD,Transcriptome
CHAF1A,-0.05002439,Nucleus,Krug_Breast_MD,Transcriptome
CHCHD3,0.039078582,Mitochondria,Krug_Breast_MD,Transcriptome
CHCHD6,0.1058804,Mitochondria,Krug_Breast_MD,Transcriptome
CHD1,-0.10526348,Nucleus,Krug_Breast_MD,Transcriptome
CHD2,-0.10918396,Nucleus,Krug_Breast_MD,Transcriptome
CHD3,-0.043504924,Nucleus,Krug_Breast_MD,Transcriptome
CHD4,-0.11286473,Nucleus,Krug_Breast_MD,Transcriptome
CHD6,-0.10435727,Nucleus,Krug_Breast_MD,Transcriptome
CHD9,-0.11117276,Nucleus,Krug_Breast_MD,Transcriptome
CHDH,0.05926188,Mitochondria,Krug_Breast_MD,Transcriptome
CHERP,-0.063986674,Nucleus,Krug_Breast_MD,Transcriptome
CHKA,-0.12037608,Cytosol,Krug_Breast_MD,Transcriptome
CHM,-0.123958685,Cytosol,Krug_Breast_MD,Transcriptome
CHML,-0.032369655,Cytosol,Krug_Breast_MD,Transcriptome
CHMP2A,-0.12468705,Cytosol,Krug_Breast_MD,Transcriptome
CHMP4B,-0.106755346,Cytosol,Krug_Breast_MD,Transcriptome
CHMP5,-0.08308334,Cytosol,Krug_Breast_MD,Transcriptome
CHMP6,-0.17577189,Secretory,Krug_Breast_MD,Transcriptome
CHORDC1,0.016686663,Cytosol,Krug_Breast_MD,Transcriptome
CHPF,-0.16915059,Secretory,Krug_Breast_MD,Transcriptome
CHPF2,-0.17473628,Secretory,Krug_Breast_MD,Transcriptome
CHST14,-0.125898,Secretory,Krug_Breast_MD,Transcriptome
CHSY1,0.10229983,Secretory,Krug_Breast_MD,Transcriptome
CHTOP,-0.081773184,Nucleus,Krug_Breast_MD,Transcriptome
CIAO1,-0.13377482,Cytosol,Krug_Breast_MD,Transcriptome
CIAPIN1,-0.08391159,Cytosol,Krug_Breast_MD,Transcriptome
CIB1,-0.11893289,Secretory,Krug_Breast_MD,Transcriptome
CIC,-0.061282024,Nucleus,Krug_Breast_MD,Transcriptome
CISD1,0.0797247,Mitochondria,Krug_Breast_MD,Transcriptome
CISD2,-0.14741257,Secretory,Krug_Breast_MD,Transcriptome
CKAP4,-0.21343726,Secretory,Krug_Breast_MD,Transcriptome
CKB,-0.10437854,Cytosol,Krug_Breast_MD,Transcriptome
CKS2,-0.05455777,Cytosol,Krug_Breast_MD,Transcriptome
CLCC1,0.106925204,Secretory,Krug_Breast_MD,Transcriptome
CLCN3,0.10601797,Secretory,Krug_Breast_MD,Transcriptome
CLCN7,-0.0925457,Secretory,Krug_Breast_MD,Transcriptome
CLIC1,-0.11462679,Cytosol,Krug_Breast_MD,Transcriptome
CLIC4,-0.044717923,Cytosol,Krug_Breast_MD,Transcriptome
CLIP1,-0.116307914,Cytosol,Krug_Breast_MD,Transcriptome
CLPB,0.089967825,Mitochondria,Krug_Breast_MD,Transcriptome
CLPTM1,-0.1396079,Secretory,Krug_Breast_MD,Transcriptome
CLPTM1L,-0.21153179,Secretory,Krug_Breast_MD,Transcriptome
CLUH,-0.10308355,Cytosol,Krug_Breast_MD,Transcriptome
CMAS,-0.045904107,Nucleus,Krug_Breast_MD,Transcriptome
CMBL,-0.109248176,Cytosol,Krug_Breast_MD,Transcriptome
CMC2,0.069769286,Mitochondria,Krug_Breast_MD,Transcriptome
CMPK1,-0.05492204,Cytosol,Krug_Breast_MD,Transcriptome
CMSS1,-0.06181993,Nucleus,Krug_Breast_MD,Transcriptome
CMTR2,-0.050597347,Cytosol,Krug_Breast_MD,Transcriptome
CNDP2,-0.111946926,Cytosol,Krug_Breast_MD,Transcriptome
CNN2,-0.060297184,Cytosol,Krug_Breast_MD,Transcriptome
CNNM3,0.02737158,Secretory,Krug_Breast_MD,Transcriptome
CNNM4,0.041936927,Secretory,Krug_Breast_MD,Transcriptome
CNOT4,-0.118938126,Cytosol,Krug_Breast_MD,Transcriptome
CNP,-0.21483189,Secretory,Krug_Breast_MD,Transcriptome
CNPY3,-0.11077107,Nucleus,Krug_Breast_MD,Transcriptome
CNST,0.083512306,Secretory,Krug_Breast_MD,Transcriptome
CNTRL,-0.09673602,Cytosol,Krug_Breast_MD,Transcriptome
COA3,0.036131494,Mitochondria,Krug_Breast_MD,Transcriptome
COA7,-0.067501284,Nucleus,Krug_Breast_MD,Transcriptome
COASY,-0.092298925,Cytosol,Krug_Breast_MD,Transcriptome
COG4,-0.084930085,Cytosol,Krug_Breast_MD,Transcriptome
COMMD4,-0.12334447,Cytosol,Krug_Breast_MD,Transcriptome
COMMD6,-0.13025168,Cytosol,Krug_Breast_MD,Transcriptome
COMTD1,0.08775583,Mitochondria,Krug_Breast_MD,Transcriptome
COPA,-0.05537362,Cytosol,Krug_Breast_MD,Transcriptome
COPB2,0.005379791,Cytosol,Krug_Breast_MD,Transcriptome
COPG1,-0.12750956,Cytosol,Krug_Breast_MD,Transcriptome
COPS4,-0.11853446,Cytosol,Krug_Breast_MD,Transcriptome
COPS7A,-0.12477689,Cytosol,Krug_Breast_MD,Transcriptome
COPZ1,-0.07632602,Cytosol,Krug_Breast_MD,Transcriptome
COQ3,-0.12633526,Secretory,Krug_Breast_MD,Transcriptome
COQ7,0.0072481497,Secretory,Krug_Breast_MD,Transcriptome
COQ9,0.080883466,Mitochondria,Krug_Breast_MD,Transcriptome
COX11,-0.04238625,Mitochondria,Krug_Breast_MD,Transcriptome
COX15,-0.027121931,Mitochondria,Krug_Breast_MD,Transcriptome
COX17,-0.103698365,Nucleus,Krug_Breast_MD,Transcriptome
COX20,-0.08310993,Mitochondria,Krug_Breast_MD,Transcriptome
COX4I1,0.08754715,Mitochondria,Krug_Breast_MD,Transcriptome
COX5B,0.11118527,Mitochondria,Krug_Breast_MD,Transcriptome
COX6B1,0.109759636,Mitochondria,Krug_Breast_MD,Transcriptome
COX6C,0.011831437,Mitochondria,Krug_Breast_MD,Transcriptome
COX7A2,0.06159781,Mitochondria,Krug_Breast_MD,Transcriptome
COX7A2L,0.05512888,Mitochondria,Krug_Breast_MD,Transcriptome
COX7B,0.09155725,Mitochondria,Krug_Breast_MD,Transcriptome
COX7C,0.07888872,Mitochondria,Krug_Breast_MD,Transcriptome
CPD,0.10222966,Secretory,Krug_Breast_MD,Transcriptome
CPNE3,-0.05017754,Cytosol,Krug_Breast_MD,Transcriptome
CPOX,-0.022643134,Nucleus,Krug_Breast_MD,Transcriptome
CPSF6,-0.112363644,Nucleus,Krug_Breast_MD,Transcriptome
CPT1A,-0.09164811,Mitochondria,Krug_Breast_MD,Transcriptome
CPT2,-0.021607015,Mitochondria,Krug_Breast_MD,Transcriptome
CRABP2,-0.07528994,Cytosol,Krug_Breast_MD,Transcriptome
CRBN,-0.12298026,Cytosol,Krug_Breast_MD,Transcriptome
CREBBP,-0.041900344,Nucleus,Krug_Breast_MD,Transcriptome
CRELD1,-0.06799268,Secretory,Krug_Breast_MD,Transcriptome
CRK,-0.11621682,Cytosol,Krug_Breast_MD,Transcriptome
CRKL,0.012589732,Cytosol,Krug_Breast_MD,Transcriptome
CRLF3,-0.048554063,Cytosol,Krug_Breast_MD,Transcriptome
CRTAP,0.083208084,Secretory,Krug_Breast_MD,Transcriptome
CRTC1,-0.09711196,Cytosol,Krug_Breast_MD,Transcriptome
CRTC2,-0.13891481,Cytosol,Krug_Breast_MD,Transcriptome
CRTC3,-0.10831344,Cytosol,Krug_Breast_MD,Transcriptome
CSE1L,-0.062364243,Cytosol,Krug_Breast_MD,Transcriptome
CSK,-0.09027401,Cytosol,Krug_Breast_MD,Transcriptome
CSTB,-0.08327343,Cytosol,Krug_Breast_MD,Transcriptome
CSTF3,-0.047059916,Nucleus,Krug_Breast_MD,Transcriptome
CTBP1,-0.06285962,Nucleus,Krug_Breast_MD,Transcriptome
CTCF,-0.09378435,Nucleus,Krug_Breast_MD,Transcriptome
CTDP1,-0.08063304,Nucleus,Krug_Breast_MD,Transcriptome
CTH,-0.11736354,Cytosol,Krug_Breast_MD,Transcriptome
CTNNA1,0.09272993,Secretory,Krug_Breast_MD,Transcriptome
CTNNB1,-0.16075312,Mitochondria,Krug_Breast_MD,Transcriptome
CTNNBIP1,-0.09193621,Cytosol,Krug_Breast_MD,Transcriptome
CTNNBL1,-0.11383245,Nucleus,Krug_Breast_MD,Transcriptome
CTNND1,-0.14503239,Mitochondria,Krug_Breast_MD,Transcriptome
CTPS1,-0.083973415,Cytosol,Krug_Breast_MD,Transcriptome
CTPS2,-0.083747394,Cytosol,Krug_Breast_MD,Transcriptome
CTR9,-0.10976879,Nucleus,Krug_Breast_MD,Transcriptome
CTTNBP2NL,-0.057321195,Cytosol,Krug_Breast_MD,Transcriptome
CTU2,-0.09757584,Cytosol,Krug_Breast_MD,Transcriptome
CUEDC2,-0.113577,Cytosol,Krug_Breast_MD,Transcriptome
CUL1,-0.037246495,Cytosol,Krug_Breast_MD,Transcriptome
CUL9,-0.105113186,Cytosol,Krug_Breast_MD,Transcriptome
CUX1,-0.121350855,Secretory,Krug_Breast_MD,Transcriptome
CWC22,-0.020984676,Nucleus,Krug_Breast_MD,Transcriptome
CXADR,-0.04575845,Secretory,Krug_Breast_MD,Transcriptome
CXXC1,-0.06955596,Nucleus,Krug_Breast_MD,Transcriptome
CXorf38,-0.104082115,Cytosol,Krug_Breast_MD,Transcriptome
CYB5A,0.104496144,Secretory,Krug_Breast_MD,Transcriptome
CYB5B,-0.18254736,Secretory,Krug_Breast_MD,Transcriptome
CYB5R3,0.05201246,Secretory,Krug_Breast_MD,Transcriptome
CYB5R4,-0.0058933464,Cytosol,Krug_Breast_MD,Transcriptome
CYC1,0.108740754,Mitochondria,Krug_Breast_MD,Transcriptome
CYP20A1,0.112229116,Secretory,Krug_Breast_MD,Transcriptome
CYP51A1,-0.15316527,Secretory,Krug_Breast_MD,Transcriptome
CYTH1,-0.12506197,Cytosol,Krug_Breast_MD,Transcriptome
CYTH3,-0.06377856,Cytosol,Krug_Breast_MD,Transcriptome
DAAM1,0.11194934,Secretory,Krug_Breast_MD,Transcriptome
DAG1,0.040203292,Secretory,Krug_Breast_MD,Transcriptome
DAGLB,-0.18582374,Secretory,Krug_Breast_MD,Transcriptome
DBI,-0.022659143,Cytosol,Krug_Breast_MD,Transcriptome
DBNDD1,-0.08937794,Cytosol,Krug_Breast_MD,Transcriptome
DBNL,-0.102513306,Cytosol,Krug_Breast_MD,Transcriptome
DCAF13,-0.0660941,Nucleus,Krug_Breast_MD,Transcriptome
DCTD,-0.10104751,Cytosol,Krug_Breast_MD,Transcriptome
DCTN1,-0.07698038,Cytosol,Krug_Breast_MD,Transcriptome
DCTN2,-0.110763855,Cytosol,Krug_Breast_MD,Transcriptome
DCTN4,-0.11763688,Cytosol,Krug_Breast_MD,Transcriptome
DCTN5,-0.084969364,Cytosol,Krug_Breast_MD,Transcriptome
DCTN6,-0.0723959,Cytosol,Krug_Breast_MD,Transcriptome
DCTPP1,-0.09717317,Cytosol,Krug_Breast_MD,Transcriptome
DCUN1D1,-0.0011216239,Cytosol,Krug_Breast_MD,Transcriptome
DDAH1,-0.12113018,Cytosol,Krug_Breast_MD,Transcriptome
DDB2,-0.07634022,Nucleus,Krug_Breast_MD,Transcriptome
DDHD2,-0.058118384,Cytosol,Krug_Breast_MD,Transcriptome
DDI2,-0.11099858,Cytosol,Krug_Breast_MD,Transcriptome
DDOST,-0.19560423,Secretory,Krug_Breast_MD,Transcriptome
DDR1,-0.0323399,Secretory,Krug_Breast_MD,Transcriptome
DDRGK1,-0.18090814,Secretory,Krug_Breast_MD,Transcriptome
DDX10,-0.015488824,Nucleus,Krug_Breast_MD,Transcriptome
DDX18,-0.024495024,Nucleus,Krug_Breast_MD,Transcriptome
DDX20,-0.07236382,Nucleus,Krug_Breast_MD,Transcriptome
DDX24,-0.0991504,Nucleus,Krug_Breast_MD,Transcriptome
DDX28,-0.18895492,Secretory,Krug_Breast_MD,Transcriptome
DDX31,-0.09859056,Nucleus,Krug_Breast_MD,Transcriptome
DDX39A,-0.105801806,Nucleus,Krug_Breast_MD,Transcriptome
DDX39B,-0.068423666,Nucleus,Krug_Breast_MD,Transcriptome
DDX47,-0.113487266,Nucleus,Krug_Breast_MD,Transcriptome
DDX49,-0.096464016,Nucleus,Krug_Breast_MD,Transcriptome
DDX5,-0.025254084,Nucleus,Krug_Breast_MD,Transcriptome
DDX50,-0.08625125,Nucleus,Krug_Breast_MD,Transcriptome
DDX51,-0.08572996,Nucleus,Krug_Breast_MD,Transcriptome
DDX52,-0.045884054,Nucleus,Krug_Breast_MD,Transcriptome
DDX55,-0.10972011,Nucleus,Krug_Breast_MD,Transcriptome
DDX56,-0.10638946,Nucleus,Krug_Breast_MD,Transcriptome
DEGS1,0.0065541063,Secretory,Krug_Breast_MD,Transcriptome
DENND4C,-0.12260999,Cytosol,Krug_Breast_MD,Transcriptome
DENR,-0.10126324,Cytosol,Krug_Breast_MD,Transcriptome
DEPDC5,-0.09033705,Cytosol,Krug_Breast_MD,Transcriptome
DFFA,-0.093075015,Cytosol,Krug_Breast_MD,Transcriptome
DGCR8,-0.06521038,Nucleus,Krug_Breast_MD,Transcriptome
DHCR24,0.09481348,Secretory,Krug_Breast_MD,Transcriptome
DHCR7,-0.19576882,Secretory,Krug_Breast_MD,Transcriptome
DHFR,-0.04038374,Cytosol,Krug_Breast_MD,Transcriptome
DHODH,0.07973194,Mitochondria,Krug_Breast_MD,Transcriptome
DHRS1,-0.07291247,Secretory,Krug_Breast_MD,Transcriptome
DHRS3,-0.18570739,Secretory,Krug_Breast_MD,Transcriptome
DHRS7,0.087729104,Secretory,Krug_Breast_MD,Transcriptome
DHRSX,-0.074855596,Secretory,Krug_Breast_MD,Transcriptome
DHX16,-0.10583443,Nucleus,Krug_Breast_MD,Transcriptome
DHX30,-0.1391672,Secretory,Krug_Breast_MD,Transcriptome
DHX33,-0.086066335,Nucleus,Krug_Breast_MD,Transcriptome
DHX36,-0.0212087,Nucleus,Krug_Breast_MD,Transcriptome
DHX37,-0.08052811,Nucleus,Krug_Breast_MD,Transcriptome
DHX40,-0.029840978,Nucleus,Krug_Breast_MD,Transcriptome
DHX9,-0.043804243,Nucleus,Krug_Breast_MD,Transcriptome
DIABLO,-0.07042341,Nucleus,Krug_Breast_MD,Transcriptome
DIAPH1,0.009802558,Cytosol,Krug_Breast_MD,Transcriptome
DIDO1,-0.055017505,Nucleus,Krug_Breast_MD,Transcriptome
DIMT1,-0.088862374,Nucleus,Krug_Breast_MD,Transcriptome
DIP2A,-0.123607405,Cytosol,Krug_Breast_MD,Transcriptome
DIP2B,-0.11616459,Cytosol,Krug_Breast_MD,Transcriptome
DIS3L,-0.10289435,Cytosol,Krug_Breast_MD,Transcriptome
DIS3L2,-0.10847135,Cytosol,Krug_Breast_MD,Transcriptome
DKC1,-0.05875647,Nucleus,Krug_Breast_MD,Transcriptome
DLAT,0.033020087,Secretory,Krug_Breast_MD,Transcriptome
DLG1,-0.15388627,Mitochondria,Krug_Breast_MD,Transcriptome
DLG5,0.082112655,Secretory,Krug_Breast_MD,Transcriptome
DLGAP5,-0.052724693,Cytosol,Krug_Breast_MD,Transcriptome
DNAAF2,-0.05718213,Cytosol,Krug_Breast_MD,Transcriptome
DNAJA3,0.055823002,Mitochondria,Krug_Breast_MD,Transcriptome
DNAJB11,-0.20657931,Secretory,Krug_Breast_MD,Transcriptome
DNAJB12,-0.14067508,Secretory,Krug_Breast_MD,Transcriptome
DNAJB14,0.11224166,Secretory,Krug_Breast_MD,Transcriptome
DNAJB4,-0.06559234,Cytosol,Krug_Breast_MD,Transcriptome
DNAJC1,0.07653585,Secretory,Krug_Breast_MD,Transcriptome
DNAJC10,0.054217856,Secretory,Krug_Breast_MD,Transcriptome
DNAJC11,0.08017795,Mitochondria,Krug_Breast_MD,Transcriptome
DNAJC13,0.08828596,Secretory,Krug_Breast_MD,Transcriptome
DNAJC16,0.100819916,Secretory,Krug_Breast_MD,Transcriptome
DNAJC19,-0.02947151,Mitochondria,Krug_Breast_MD,Transcriptome
DNAJC25,0.112417296,Secretory,Krug_Breast_MD,Transcriptome
DNAJC3,0.10593295,Secretory,Krug_Breast_MD,Transcriptome
DNAJC5,-0.19426501,Secretory,Krug_Breast_MD,Transcriptome
DNAJC7,-0.08053861,Cytosol,Krug_Breast_MD,Transcriptome
DNM2,-0.094254375,Cytosol,Krug_Breast_MD,Transcriptome
DNMBP,-0.114118904,Cytosol,Krug_Breast_MD,Transcriptome
DNTTIP1,-0.11626125,Nucleus,Krug_Breast_MD,Transcriptome
DNTTIP2,-0.0530997,Nucleus,Krug_Breast_MD,Transcriptome
DOCK9,0.11024295,Secretory,Krug_Breast_MD,Transcriptome
DOHH,-0.102027215,Cytosol,Krug_Breast_MD,Transcriptome
DOT1L,-0.06871044,Nucleus,Krug_Breast_MD,Transcriptome
DPF2,-0.08283766,Nucleus,Krug_Breast_MD,Transcriptome
DPH2,-0.103462614,Cytosol,Krug_Breast_MD,Transcriptome
DPH5,-0.084523454,Cytosol,Krug_Breast_MD,Transcriptome
DPH7,-0.10420534,Cytosol,Krug_Breast_MD,Transcriptome
DPM1,-0.1693191,Secretory,Krug_Breast_MD,Transcriptome
DPM3,-0.18890928,Secretory,Krug_Breast_MD,Transcriptome
DPP3,-0.116781406,Cytosol,Krug_Breast_MD,Transcriptome
DPY19L1,0.057668906,Secretory,Krug_Breast_MD,Transcriptome
DPYD,-0.08063692,Cytosol,Krug_Breast_MD,Transcriptome
DRG2,-0.119454175,Cytosol,Krug_Breast_MD,Transcriptome
DROSHA,-0.06059087,Nucleus,Krug_Breast_MD,Transcriptome
DSTN,-0.111085154,Cytosol,Krug_Breast_MD,Transcriptome
DTD1,-0.0880201,Cytosol,Krug_Breast_MD,Transcriptome
DTNB,0.05660878,Mitochondria,Krug_Breast_MD,Transcriptome
DTNBP1,-0.11942187,Cytosol,Krug_Breast_MD,Transcriptome
DTYMK,-0.11226152,Cytosol,Krug_Breast_MD,Transcriptome
DUSP12,-0.11681339,Cytosol,Krug_Breast_MD,Transcriptome
DUSP14,-0.07972495,Cytosol,Krug_Breast_MD,Transcriptome
DUSP3,-0.06923414,Cytosol,Krug_Breast_MD,Transcriptome
DVL2,-0.11771862,Cytosol,Krug_Breast_MD,Transcriptome
DYNC1H1,-0.10941823,Cytosol,Krug_Breast_MD,Transcriptome
DYNC1I2,-0.12200771,Cytosol,Krug_Breast_MD,Transcriptome
DYNC1LI1,-0.06722292,Cytosol,Krug_Breast_MD,Transcriptome
DYNC1LI2,-0.06937938,Cytosol,Krug_Breast_MD,Transcriptome
DYNLRB1,-0.13882415,Cytosol,Krug_Breast_MD,Transcriptome
DYNLT3,-0.118982896,Cytosol,Krug_Breast_MD,Transcriptome
DYRK1A,-0.100453556,Cytosol,Krug_Breast_MD,Transcriptome
EBAG9,-0.07583728,Secretory,Krug_Breast_MD,Transcriptome
EBNA1BP2,-0.08296093,Nucleus,Krug_Breast_MD,Transcriptome
ECD,-0.035391808,Cytosol,Krug_Breast_MD,Transcriptome
ECE1,0.02672226,Secretory,Krug_Breast_MD,Transcriptome
ECI2,0.09077643,Secretory,Krug_Breast_MD,Transcriptome
ECSIT,0.07380768,Mitochondria,Krug_Breast_MD,Transcriptome
ECT2,-0.137707,Secretory,Krug_Breast_MD,Transcriptome
EDEM3,0.09209937,Secretory,Krug_Breast_MD,Transcriptome
EDF1,-0.12301832,Cytosol,Krug_Breast_MD,Transcriptome
EEF1A1,-0.12155488,Cytosol,Krug_Breast_MD,Transcriptome
EEF1B2,-0.13085316,Cytosol,Krug_Breast_MD,Transcriptome
EEF1D,-0.13174936,Cytosol,Krug_Breast_MD,Transcriptome
EEF2,-0.12879452,Cytosol,Krug_Breast_MD,Transcriptome
EEF2K,-0.07403921,Cytosol,Krug_Breast_MD,Transcriptome
EFCAB14,0.10874787,Secretory,Krug_Breast_MD,Transcriptome
EFNB1,-0.18783249,Secretory,Krug_Breast_MD,Transcriptome
EFR3A,0.054109644,Secretory,Krug_Breast_MD,Transcriptome
EGFR,0.00523609,Secretory,Krug_Breast_MD,Transcriptome
EHBP1,-0.016561802,Cytosol,Krug_Breast_MD,Transcriptome
EIF1AD,-0.104296,Cytosol,Krug_Breast_MD,Transcriptome
EIF2AK4,-0.11877567,Cytosol,Krug_Breast_MD,Transcriptome
EIF2B1,-0.13229203,Cytosol,Krug_Breast_MD,Transcriptome
EIF4EBP2,-0.0521465,Cytosol,Krug_Breast_MD,Transcriptome
EIF4H,-0.029764606,Cytosol,Krug_Breast_MD,Transcriptome
EIF6,-0.13516282,Cytosol,Krug_Breast_MD,Transcriptome
ELAVL1,-0.05694961,Nucleus,Krug_Breast_MD,Transcriptome
ELMO2,-0.08084706,Cytosol,Krug_Breast_MD,Transcriptome
ELMOD2,0.1098138,Secretory,Krug_Breast_MD,Transcriptome
ELOVL1,-0.1977724,Secretory,Krug_Breast_MD,Transcriptome
ELP4,-0.037655234,Cytosol,Krug_Breast_MD,Transcriptome
EMC1,-0.16677164,Secretory,Krug_Breast_MD,Transcriptome
EMC10,-0.1629658,Secretory,Krug_Breast_MD,Transcriptome
EMC3,-0.09239457,Secretory,Krug_Breast_MD,Transcriptome
EMC4,-0.16985947,Secretory,Krug_Breast_MD,Transcriptome
EMC7,-0.096854515,Secretory,Krug_Breast_MD,Transcriptome
EMC8,-0.18854593,Secretory,Krug_Breast_MD,Transcriptome
EMD,-0.18736573,Secretory,Krug_Breast_MD,Transcriptome
EML3,-0.110141486,Cytosol,Krug_Breast_MD,Transcriptome
EML4,-0.0036898043,Cytosol,Krug_Breast_MD,Transcriptome
ENAH,-0.044394426,Cytosol,Krug_Breast_MD,Transcriptome
ENDOD1,0.056471508,Secretory,Krug_Breast_MD,Transcriptome
ENO1,-0.07678052,Cytosol,Krug_Breast_MD,Transcriptome
ENO3,-0.113636926,Cytosol,Krug_Breast_MD,Transcriptome
ENOPH1,-0.024360856,Cytosol,Krug_Breast_MD,Transcriptome
ENSA,-0.08893209,Cytosol,Krug_Breast_MD,Transcriptome
EPB41,-0.13089585,Mitochondria,Krug_Breast_MD,Transcriptome
EPB41L5,0.071002096,Secretory,Krug_Breast_MD,Transcriptome
EPHB4,-0.1888383,Secretory,Krug_Breast_MD,Transcriptome
EPHX1,-0.042065945,Secretory,Krug_Breast_MD,Transcriptome
ERAL1,0.05603413,Mitochondria,Krug_Breast_MD,Transcriptome
ERBB2,-0.06858984,Secretory,Krug_Breast_MD,Transcriptome
ERC1,-0.04575463,Cytosol,Krug_Breast_MD,Transcriptome
ERCC6L,-0.048475884,Cytosol,Krug_Breast_MD,Transcriptome
ERF,-0.095026076,Cytosol,Krug_Breast_MD,Transcriptome
ERGIC1,0.089574136,Secretory,Krug_Breast_MD,Transcriptome
ERGIC2,-0.0708288,Secretory,Krug_Breast_MD,Transcriptome
ERGIC3,-0.20941816,Secretory,Krug_Breast_MD,Transcriptome
ERLEC1,0.10811194,Secretory,Krug_Breast_MD,Transcriptome
ERLIN1,-0.04858075,Secretory,Krug_Breast_MD,Transcriptome
ERLIN2,0.037680548,Secretory,Krug_Breast_MD,Transcriptome
ERMP1,0.11136636,Secretory,Krug_Breast_MD,Transcriptome
ERP29,-0.10202154,Nucleus,Krug_Breast_MD,Transcriptome
ESF1,-0.026069034,Nucleus,Krug_Breast_MD,Transcriptome
ESYT1,-0.08650105,Secretory,Krug_Breast_MD,Transcriptome
ESYT2,0.009921867,Secretory,Krug_Breast_MD,Transcriptome
ETF1,-0.06058519,Cytosol,Krug_Breast_MD,Transcriptome
ETFA,-0.040836852,Mitochondria,Krug_Breast_MD,Transcriptome
ETFDH,-0.13101648,Mitochondria,Krug_Breast_MD,Transcriptome
EXD2,-0.1069659,Mitochondria,Krug_Breast_MD,Transcriptome
EXOSC10,-0.08698755,Nucleus,Krug_Breast_MD,Transcriptome
EXOSC3,-0.08616133,Nucleus,Krug_Breast_MD,Transcriptome
EXOSC5,-0.095305406,Nucleus,Krug_Breast_MD,Transcriptome
EXOSC9,-0.04304284,Nucleus,Krug_Breast_MD,Transcriptome
EXT2,0.025754098,Secretory,Krug_Breast_MD,Transcriptome
EZR,-0.054376766,Cytosol,Krug_Breast_MD,Transcriptome
FAF2,0.09125189,Secretory,Krug_Breast_MD,Transcriptome
FAH,-0.087537594,Cytosol,Krug_Breast_MD,Transcriptome
FAIM,-0.061453212,Cytosol,Krug_Breast_MD,Transcriptome
FAM107B,-0.07518645,Cytosol,Krug_Breast_MD,Transcriptome
FAM111A,-0.103890054,Nucleus,Krug_Breast_MD,Transcriptome
FAM114A2,-0.117567524,Cytosol,Krug_Breast_MD,Transcriptome
FAM120A,-0.09310578,Nucleus,Krug_Breast_MD,Transcriptome
FAM136A,-0.05066315,Nucleus,Krug_Breast_MD,Transcriptome
FAM162A,0.068455644,Mitochondria,Krug_Breast_MD,Transcriptome
FAM168A,-0.07395366,Cytosol,Krug_Breast_MD,Transcriptome
FAM177A1,0.047564242,Secretory,Krug_Breast_MD,Transcriptome
FAM20B,0.031618863,Secretory,Krug_Breast_MD,Transcriptome
FAM210A,0.041741785,Mitochondria,Krug_Breast_MD,Transcriptome
FAM3C,0.014262922,Secretory,Krug_Breast_MD,Transcriptome
FAM76A,-0.10748924,Nucleus,Krug_Breast_MD,Transcriptome
FAM76B,-0.109024495,Nucleus,Krug_Breast_MD,Transcriptome
FAM8A1,0.108432345,Secretory,Krug_Breast_MD,Transcriptome
FAR1,0.10972238,Secretory,Krug_Breast_MD,Transcriptome
FARP2,-0.09595482,Mitochondria,Krug_Breast_MD,Transcriptome
FARSA,-0.090433404,Nucleus,Krug_Breast_MD,Transcriptome
FARSB,-0.05736038,Nucleus,Krug_Breast_MD,Transcriptome
FAS,0.007572652,Secretory,Krug_Breast_MD,Transcriptome
FASTKD2,0.01808051,Mitochondria,Krug_Breast_MD,Transcriptome
FASTKD5,0.08090007,Mitochondria,Krug_Breast_MD,Transcriptome
FAT1,0.016484953,Secretory,Krug_Breast_MD,Transcriptome
FBL,-0.10289396,Nucleus,Krug_Breast_MD,Transcriptome
FBLIM1,-0.05280358,Cytosol,Krug_Breast_MD,Transcriptome
FBXO11,-0.10590394,Nucleus,Krug_Breast_MD,Transcriptome
FBXO28,-0.041669857,Nucleus,Krug_Breast_MD,Transcriptome
FBXO3,-0.117583446,Cytosol,Krug_Breast_MD,Transcriptome
FBXO30,-0.035644997,Cytosol,Krug_Breast_MD,Transcriptome
FBXW5,-0.101450846,Cytosol,Krug_Breast_MD,Transcriptome
FCF1,-0.11231609,Nucleus,Krug_Breast_MD,Transcriptome
FCHSD2,-0.0198639,Cytosol,Krug_Breast_MD,Transcriptome
FDFT1,-0.10179453,Secretory,Krug_Breast_MD,Transcriptome
FDPS,-0.095154,Cytosol,Krug_Breast_MD,Transcriptome
FER,-0.11101405,Cytosol,Krug_Breast_MD,Transcriptome
FHOD1,-0.090366974,Cytosol,Krug_Breast_MD,Transcriptome
FIZ1,-0.075867124,Nucleus,Krug_Breast_MD,Transcriptome
FKBP14,-0.09840739,Nucleus,Krug_Breast_MD,Transcriptome
FKBP3,-0.08333901,Cytosol,Krug_Breast_MD,Transcriptome
FKBP4,-0.11401417,Cytosol,Krug_Breast_MD,Transcriptome
FKBP8,-0.1833383,Secretory,Krug_Breast_MD,Transcriptome
FKBPL,-0.12150893,Cytosol,Krug_Breast_MD,Transcriptome
FLCN,-0.08864298,Cytosol,Krug_Breast_MD,Transcriptome
FLNA,-0.04812671,Cytosol,Krug_Breast_MD,Transcriptome
FLNB,-0.092277296,Cytosol,Krug_Breast_MD,Transcriptome
FLOT1,-0.13663784,Secretory,Krug_Breast_MD,Transcriptome
FLOT2,-0.092462316,Secretory,Krug_Breast_MD,Transcriptome
FMNL2,-0.027841913,Secretory,Krug_Breast_MD,Transcriptome
FNBP1,-0.08432147,Cytosol,Krug_Breast_MD,Transcriptome
FNBP1L,-0.08509536,Cytosol,Krug_Breast_MD,Transcriptome
FNBP4,-0.066446304,Nucleus,Krug_Breast_MD,Transcriptome
FNDC3A,0.10873113,Secretory,Krug_Breast_MD,Transcriptome
FNDC3B,0.030867364,Secretory,Krug_Breast_MD,Transcriptome
FNIP1,-0.12291585,Cytosol,Krug_Breast_MD,Transcriptome
FOXK1,-0.082606226,Nucleus,Krug_Breast_MD,Transcriptome
FOXK2,-0.11113197,Nucleus,Krug_Breast_MD,Transcriptome
FOXO3,-0.023625053,Cytosol,Krug_Breast_MD,Transcriptome
FOXRED1,0.098127805,Mitochondria,Krug_Breast_MD,Transcriptome
FPGT,-0.12223187,Cytosol,Krug_Breast_MD,Transcriptome
FSCN1,-0.09015492,Cytosol,Krug_Breast_MD,Transcriptome
FTSJ1,-0.102146134,Cytosol,Krug_Breast_MD,Transcriptome
FUNDC2,0.08587378,Mitochondria,Krug_Breast_MD,Transcriptome
FUT8,0.10711265,Secretory,Krug_Breast_MD,Transcriptome
FXR2,-0.08805475,Nucleus,Krug_Breast_MD,Transcriptome
FYTTD1,-0.09515575,Nucleus,Krug_Breast_MD,Transcriptome
FZD6,-0.11723044,Secretory,Krug_Breast_MD,Transcriptome
FZD7,0.017242419,Secretory,Krug_Breast_MD,Transcriptome
G6PD,-0.101858005,Cytosol,Krug_Breast_MD,Transcriptome
GABARAP,-0.11637665,Cytosol,Krug_Breast_MD,Transcriptome
GABPA,-0.1062035,Nucleus,Krug_Breast_MD,Transcriptome
GADD45GIP1,-0.18583912,Secretory,Krug_Breast_MD,Transcriptome
GALE,-0.11078351,Cytosol,Krug_Breast_MD,Transcriptome
GALK1,-0.12331305,Cytosol,Krug_Breast_MD,Transcriptome
GALK2,-0.05406112,Cytosol,Krug_Breast_MD,Transcriptome
GALNT1,0.065104306,Secretory,Krug_Breast_MD,Transcriptome
GALNT10,0.10156584,Secretory,Krug_Breast_MD,Transcriptome
GALNT2,0.050616704,Secretory,Krug_Breast_MD,Transcriptome
GALNT7,0.10829923,Secretory,Krug_Breast_MD,Transcriptome
GAPDH,-0.095212385,Cytosol,Krug_Breast_MD,Transcriptome
GAR1,-0.08093502,Nucleus,Krug_Breast_MD,Transcriptome
GART,-0.057552744,Cytosol,Krug_Breast_MD,Transcriptome
GATAD1,-0.07373745,Nucleus,Krug_Breast_MD,Transcriptome
GBA2,-0.12337432,Secretory,Krug_Breast_MD,Transcriptome
GBE1,-0.059669647,Cytosol,Krug_Breast_MD,Transcriptome
GBP2,-0.06254154,Cytosol,Krug_Breast_MD,Transcriptome
GCLM,0.004634216,Cytosol,Krug_Breast_MD,Transcriptome
GCSH,0.065507345,Mitochondria,Krug_Breast_MD,Transcriptome
GDAP1,-0.035319332,Mitochondria,Krug_Breast_MD,Transcriptome
GDE1,-0.03671629,Secretory,Krug_Breast_MD,Transcriptome
GDI2,-0.042980745,Cytosol,Krug_Breast_MD,Transcriptome
GDPD1,0.04753814,Secretory,Krug_Breast_MD,Transcriptome
GDPD3,-0.11970536,Secretory,Krug_Breast_MD,Transcriptome
GEMIN5,-0.08383191,Cytosol,Krug_Breast_MD,Transcriptome
GGA1,-0.08909643,Cytosol,Krug_Breast_MD,Transcriptome
GGA3,-0.12522188,Cytosol,Krug_Breast_MD,Transcriptome
GGCT,-0.01458958,Cytosol,Krug_Breast_MD,Transcriptome
GGCX,0.060875602,Secretory,Krug_Breast_MD,Transcriptome
GIPC1,-0.10743633,Cytosol,Krug_Breast_MD,Transcriptome
GLA,-0.08199478,Nucleus,Krug_Breast_MD,Transcriptome
GLCE,0.09812563,Secretory,Krug_Breast_MD,Transcriptome
GLE1,-0.06885524,Nucleus,Krug_Breast_MD,Transcriptome
GLG1,-0.17537588,Secretory,Krug_Breast_MD,Transcriptome
GLIPR2,-0.17261106,Secretory,Krug_Breast_MD,Transcriptome
GLOD4,-0.11852601,Cytosol,Krug_Breast_MD,Transcriptome
GLRX,-0.13323568,Cytosol,Krug_Breast_MD,Transcriptome
GLRX3,-0.07912848,Cytosol,Krug_Breast_MD,Transcriptome
GLS,-0.07640532,Mitochondria,Krug_Breast_MD,Transcriptome
GLT8D1,-0.015813362,Secretory,Krug_Breast_MD,Transcriptome
GLUL,-0.11087949,Cytosol,Krug_Breast_MD,Transcriptome
GMFB,-0.124419466,Cytosol,Krug_Breast_MD,Transcriptome
GMIP,-0.09667305,Cytosol,Krug_Breast_MD,Transcriptome
GMPPA,-0.1368116,Cytosol,Krug_Breast_MD,Transcriptome
GMPPB,-0.10338607,Cytosol,Krug_Breast_MD,Transcriptome
GMPR2,-0.07073326,Cytosol,Krug_Breast_MD,Transcriptome
GNA13,-0.0058618654,Secretory,Krug_Breast_MD,Transcriptome
GNAI2,-0.17867708,Secretory,Krug_Breast_MD,Transcriptome
GNAI3,0.057404324,Secretory,Krug_Breast_MD,Transcriptome
GNAQ,0.1115575,Secretory,Krug_Breast_MD,Transcriptome
GNAS,-0.20081271,Secretory,Krug_Breast_MD,Transcriptome
GNB1,-0.1666792,Secretory,Krug_Breast_MD,Transcriptome
GNB1L,-0.10004871,Cytosol,Krug_Breast_MD,Transcriptome
GNB2,-0.17463715,Secretory,Krug_Breast_MD,Transcriptome
GNL2,-0.07552816,Nucleus,Krug_Breast_MD,Transcriptome
GNPAT,-0.019128717,Secretory,Krug_Breast_MD,Transcriptome
GNPDA2,-0.12305043,Cytosol,Krug_Breast_MD,Transcriptome
GNPNAT1,-0.06298399,Cytosol,Krug_Breast_MD,Transcriptome
GOLGA1,0.092667274,Secretory,Krug_Breast_MD,Transcriptome
GOLGA2,-0.11533982,Secretory,Krug_Breast_MD,Transcriptome
GOLGA3,-0.105549656,Cytosol,Krug_Breast_MD,Transcriptome
GOLGA4,-0.11361296,Nucleus,Krug_Breast_MD,Transcriptome
GOLGA5,0.10879728,Secretory,Krug_Breast_MD,Transcriptome
GOLGA7,-0.01578578,Secretory,Krug_Breast_MD,Transcriptome
GOLGB1,0.09665481,Secretory,Krug_Breast_MD,Transcriptome
GOLIM4,0.063253954,Secretory,Krug_Breast_MD,Transcriptome
GOLM1,0.10432821,Secretory,Krug_Breast_MD,Transcriptome
GOLPH3L,-0.059120666,Cytosol,Krug_Breast_MD,Transcriptome
GOLT1B,-0.041568287,Secretory,Krug_Breast_MD,Transcriptome
GORASP1,-0.027630715,Secretory,Krug_Breast_MD,Transcriptome
GORASP2,-0.020259023,Secretory,Krug_Breast_MD,Transcriptome
GOSR1,0.009670996,Secretory,Krug_Breast_MD,Transcriptome
GPAM,-0.15796389,Mitochondria,Krug_Breast_MD,Transcriptome
GPATCH4,-0.09598139,Nucleus,Krug_Breast_MD,Transcriptome
GPATCH8,-0.07780641,Nucleus,Krug_Breast_MD,Transcriptome
GPCPD1,-0.1010621,Cytosol,Krug_Breast_MD,Transcriptome
GPD1L,-0.1243498,Cytosol,Krug_Breast_MD,Transcriptome
GPD2,-0.15062912,Mitochondria,Krug_Breast_MD,Transcriptome
GPI,-0.09578825,Cytosol,Krug_Breast_MD,Transcriptome
GPN1,-0.049342856,Cytosol,Krug_Breast_MD,Transcriptome
GPR107,0.10352502,Secretory,Krug_Breast_MD,Transcriptome
GPR108,-0.16200341,Secretory,Krug_Breast_MD,Transcriptome
GPRC5A,0.043570854,Secretory,Krug_Breast_MD,Transcriptome
GPSM1,-0.09344229,Cytosol,Krug_Breast_MD,Transcriptome
GPX4,-0.113438584,Cytosol,Krug_Breast_MD,Transcriptome
GPX8,0.060432896,Secretory,Krug_Breast_MD,Transcriptome
GRAMD1A,-0.15812124,Secretory,Krug_Breast_MD,Transcriptome
GRHPR,-0.12881869,Cytosol,Krug_Breast_MD,Transcriptome
GRIPAP1,-0.09986568,Cytosol,Krug_Breast_MD,Transcriptome
GRSF1,-0.07091962,Secretory,Krug_Breast_MD,Transcriptome
GSE1,-0.048707526,Nucleus,Krug_Breast_MD,Transcriptome
GSK3A,-0.09800829,Cytosol,Krug_Breast_MD,Transcriptome
GSK3B,-0.07632908,Cytosol,Krug_Breast_MD,Transcriptome
GSN,-0.06526356,Cytosol,Krug_Breast_MD,Transcriptome
GSPT1,-0.084816635,Cytosol,Krug_Breast_MD,Transcriptome
GSR,-0.117067754,Cytosol,Krug_Breast_MD,Transcriptome
GSS,-0.13127008,Cytosol,Krug_Breast_MD,Transcriptome
GSTO1,-0.12172606,Cytosol,Krug_Breast_MD,Transcriptome
GTF3A,-0.13071346,Cytosol,Krug_Breast_MD,Transcriptome
GTF3C2,-0.051126346,Nucleus,Krug_Breast_MD,Transcriptome
GTPBP10,0.103992015,Secretory,Krug_Breast_MD,Transcriptome
GTPBP6,0.06983838,Mitochondria,Krug_Breast_MD,Transcriptome
GUF1,-0.13310868,Mitochondria,Krug_Breast_MD,Transcriptome
GUK1,-0.106726855,Cytosol,Krug_Breast_MD,Transcriptome
HADHA,0.06473902,Mitochondria,Krug_Breast_MD,Transcriptome
HADHB,-0.13637915,Mitochondria,Krug_Breast_MD,Transcriptome
HAGH,-0.103443705,Cytosol,Krug_Breast_MD,Transcriptome
HAUS3,-0.118820794,Cytosol,Krug_Breast_MD,Transcriptome
HAUS8,-0.068838984,Cytosol,Krug_Breast_MD,Transcriptome
HAX1,0.09218456,Mitochondria,Krug_Breast_MD,Transcriptome
HCCS,0.0509218,Mitochondria,Krug_Breast_MD,Transcriptome
HCFC1,-0.06643717,Nucleus,Krug_Breast_MD,Transcriptome
HDAC2,-0.027249273,Nucleus,Krug_Breast_MD,Transcriptome
HDAC4,-0.08581725,Cytosol,Krug_Breast_MD,Transcriptome
HDAC7,-0.098998964,Cytosol,Krug_Breast_MD,Transcriptome
HDAC8,-0.078799054,Cytosol,Krug_Breast_MD,Transcriptome
HDDC2,-0.025736703,Cytosol,Krug_Breast_MD,Transcriptome
HDLBP,-0.015669653,Nucleus,Krug_Breast_MD,Transcriptome
HEATR1,-0.034154296,Nucleus,Krug_Breast_MD,Transcriptome
HEBP1,-0.06343756,Cytosol,Krug_Breast_MD,Transcriptome
HECTD4,-0.09135599,Cytosol,Krug_Breast_MD,Transcriptome
HELZ,-0.01960287,Nucleus,Krug_Breast_MD,Transcriptome
HELZ2,-0.07294257,Nucleus,Krug_Breast_MD,Transcriptome
HERC1,-0.11869616,Cytosol,Krug_Breast_MD,Transcriptome
HERC2,0.10583938,Secretory,Krug_Breast_MD,Transcriptome
HERC5,-0.05942013,Nucleus,Krug_Breast_MD,Transcriptome
HINT3,0.06485103,Secretory,Krug_Breast_MD,Transcriptome
HIP1,-0.026121918,Mitochondria,Krug_Breast_MD,Transcriptome
HIRIP3,-0.06331862,Nucleus,Krug_Breast_MD,Transcriptome
HLA-A,-0.16853972,Secretory,Krug_Breast_MD,Transcriptome
HLA-C,-0.16585441,Secretory,Krug_Breast_MD,Transcriptome
HLA-E,-0.16969147,Secretory,Krug_Breast_MD,Transcriptome
HLA-F,-0.16698453,Secretory,Krug_Breast_MD,Transcriptome
HLTF,-0.09172237,Nucleus,Krug_Breast_MD,Transcriptome
HM13,-0.21207656,Secretory,Krug_Breast_MD,Transcriptome
HMG20A,-0.10973585,Nucleus,Krug_Breast_MD,Transcriptome
HMGCS1,0.01478067,Cytosol,Krug_Breast_MD,Transcriptome
HMGXB4,-0.039061487,Nucleus,Krug_Breast_MD,Transcriptome
HMOX2,-0.089424565,Secretory,Krug_Breast_MD,Transcriptome
HNRNPA0,-0.065479696,Nucleus,Krug_Breast_MD,Transcriptome
HNRNPA1,-0.09497764,Nucleus,Krug_Breast_MD,Transcriptome
HNRNPA2B1,-0.074507885,Nucleus,Krug_Breast_MD,Transcriptome
HNRNPA3,-0.03892121,Nucleus,Krug_Breast_MD,Transcriptome
HNRNPAB,-0.04307334,Nucleus,Krug_Breast_MD,Transcriptome
HNRNPC,-0.07362876,Nucleus,Krug_Breast_MD,Transcriptome
HNRNPD,-0.07482596,Nucleus,Krug_Breast_MD,Transcriptome
HNRNPDL,-0.08721347,Nucleus,Krug_Breast_MD,Transcriptome
HNRNPH1,-0.08949716,Nucleus,Krug_Breast_MD,Transcriptome
HNRNPH2,-0.10026254,Nucleus,Krug_Breast_MD,Transcriptome
HNRNPH3,-0.07857702,Nucleus,Krug_Breast_MD,Transcriptome
HNRNPK,-0.08229213,Nucleus,Krug_Breast_MD,Transcriptome
HNRNPL,-0.07188669,Nucleus,Krug_Breast_MD,Transcriptome
HNRNPM,-0.06593258,Nucleus,Krug_Breast_MD,Transcriptome
HNRNPR,-0.009977853,Nucleus,Krug_Breast_MD,Transcriptome
HNRNPUL1,-0.06254808,Nucleus,Krug_Breast_MD,Transcriptome
HOOK3,-0.0946398,Cytosol,Krug_Breast_MD,Transcriptome
HP1BP3,-0.10827615,Nucleus,Krug_Breast_MD,Transcriptome
HS1BP3,-0.12500116,Cytosol,Krug_Breast_MD,Transcriptome
HS2ST1,0.065995395,Secretory,Krug_Breast_MD,Transcriptome
HSBP1,-0.093810186,Cytosol,Krug_Breast_MD,Transcriptome
HSD17B11,0.076342985,Secretory,Krug_Breast_MD,Transcriptome
HSD17B12,-0.022703169,Secretory,Krug_Breast_MD,Transcriptome
HSD17B7,0.027659833,Secretory,Krug_Breast_MD,Transcriptome
HSDL1,-0.0963838,Mitochondria,Krug_Breast_MD,Transcriptome
HSP90AA1,-0.078331076,Cytosol,Krug_Breast_MD,Transcriptome
HSP90AB1,-0.077005014,Cytosol,Krug_Breast_MD,Transcriptome
HSPA14,-0.035437483,Cytosol,Krug_Breast_MD,Transcriptome
HSPA4,-0.066497155,Cytosol,Krug_Breast_MD,Transcriptome
HSPA4L,-0.051583953,Cytosol,Krug_Breast_MD,Transcriptome
HSPB1,-0.11444941,Cytosol,Krug_Breast_MD,Transcriptome
HSPB8,-0.07325093,Cytosol,Krug_Breast_MD,Transcriptome
HSPBP1,-0.11641676,Cytosol,Krug_Breast_MD,Transcriptome
HSPH1,-0.10521489,Cytosol,Krug_Breast_MD,Transcriptome
HTATIP2,-0.1997996,Secretory,Krug_Breast_MD,Transcriptome
HTT,-0.085618146,Cytosol,Krug_Breast_MD,Transcriptome
IAH1,-0.07786712,Cytosol,Krug_Breast_MD,Transcriptome
IDE,-0.08012059,Cytosol,Krug_Breast_MD,Transcriptome
IDH1,-0.0037749214,Cytosol,Krug_Breast_MD,Transcriptome
IDI1,-0.02769652,Cytosol,Krug_Breast_MD,Transcriptome
IDS,-0.11196053,Nucleus,Krug_Breast_MD,Transcriptome
IFIT5,-0.062482346,Cytosol,Krug_Breast_MD,Transcriptome
IFNGR1,0.01634773,Secretory,Krug_Breast_MD,Transcriptome
IFT27,-0.08729421,Cytosol,Krug_Breast_MD,Transcriptome
IFT81,-0.11783709,Cytosol,Krug_Breast_MD,Transcriptome
IFT88,-0.11666852,Cytosol,Krug_Breast_MD,Transcriptome
IGF1R,0.07136755,Secretory,Krug_Breast_MD,Transcriptome
IGF2BP2,-0.065657295,Nucleus,Krug_Breast_MD,Transcriptome
IGF2R,-0.015884554,Secretory,Krug_Breast_MD,Transcriptome
IGSF3,0.08035407,Secretory,Krug_Breast_MD,Transcriptome
IGSF8,-0.16978341,Secretory,Krug_Breast_MD,Transcriptome
IK,-0.06325458,Nucleus,Krug_Breast_MD,Transcriptome
IKBIP,0.045863237,Secretory,Krug_Breast_MD,Transcriptome
IL1RAP,0.030325092,Secretory,Krug_Breast_MD,Transcriptome
IL6ST,0.09220295,Secretory,Krug_Breast_MD,Transcriptome
ILF2,-0.060131818,Nucleus,Krug_Breast_MD,Transcriptome
ILF3,-0.083873995,Nucleus,Krug_Breast_MD,Transcriptome
ILVBL,-0.17501755,Secretory,Krug_Breast_MD,Transcriptome
IMMT,0.0443455,Mitochondria,Krug_Breast_MD,Transcriptome
IMP3,-0.09112465,Nucleus,Krug_Breast_MD,Transcriptome
IMP4,-0.11308195,Nucleus,Krug_Breast_MD,Transcriptome
IMPA1,-0.02296002,Cytosol,Krug_Breast_MD,Transcriptome
IMPACT,-0.1193866,Cytosol,Krug_Breast_MD,Transcriptome
IMPDH1,-0.10000822,Cytosol,Krug_Breast_MD,Transcriptome
INCENP,-0.047933113,Nucleus,Krug_Breast_MD,Transcriptome
ING1,-0.10910207,Nucleus,Krug_Breast_MD,Transcriptome
ING5,-0.080915205,Nucleus,Krug_Breast_MD,Transcriptome
INO80,-0.110999584,Nucleus,Krug_Breast_MD,Transcriptome
INPP1,-0.05450232,Cytosol,Krug_Breast_MD,Transcriptome
INPP4A,0.014090693,Cytosol,Krug_Breast_MD,Transcriptome
INPP5A,0.09623908,Secretory,Krug_Breast_MD,Transcriptome
INPP5K,-0.13171047,Secretory,Krug_Breast_MD,Transcriptome
INPPL1,-0.104205884,Cytosol,Krug_Breast_MD,Transcriptome
INSR,0.062398218,Secretory,Krug_Breast_MD,Transcriptome
INTS3,-0.08116909,Nucleus,Krug_Breast_MD,Transcriptome
IQSEC2,-0.11073035,Cytosol,Krug_Breast_MD,Transcriptome
IRAK4,-0.11440057,Cytosol,Krug_Breast_MD,Transcriptome
IREB2,-0.1111861,Cytosol,Krug_Breast_MD,Transcriptome
IRF2BP1,-0.063100025,Nucleus,Krug_Breast_MD,Transcriptome
IRF2BPL,-0.06912695,Nucleus,Krug_Breast_MD,Transcriptome
IRF3,-0.10468001,Cytosol,Krug_Breast_MD,Transcriptome
IRF9,-0.07051805,Cytosol,Krug_Breast_MD,Transcriptome
IRS1,-0.110768445,Cytosol,Krug_Breast_MD,Transcriptome
IRS2,-0.13620187,Cytosol,Krug_Breast_MD,Transcriptome
ISG20L2,-0.09647251,Nucleus,Krug_Breast_MD,Transcriptome
IST1,-0.08339695,Cytosol,Krug_Breast_MD,Transcriptome
ITFG1,0.039775085,Secretory,Krug_Breast_MD,Transcriptome
ITGA2,0.11137273,Secretory,Krug_Breast_MD,Transcriptome
ITGA3,-0.020677092,Secretory,Krug_Breast_MD,Transcriptome
ITGA5,0.054919403,Secretory,Krug_Breast_MD,Transcriptome
ITGA6,0.009556021,Secretory,Krug_Breast_MD,Transcriptome
ITGAV,0.07153268,Secretory,Krug_Breast_MD,Transcriptome
ITGB1,0.05211215,Secretory,Krug_Breast_MD,Transcriptome
ITGB4,-0.18444987,Secretory,Krug_Breast_MD,Transcriptome
ITM2B,0.10464078,Secretory,Krug_Breast_MD,Transcriptome
ITPA,-0.1307253,Cytosol,Krug_Breast_MD,Transcriptome
ITPKC,-0.10272719,Cytosol,Krug_Breast_MD,Transcriptome
ITPR2,0.10601869,Secretory,Krug_Breast_MD,Transcriptome
ITPR3,-0.20375116,Secretory,Krug_Breast_MD,Transcriptome
IWS1,-0.028565353,Nucleus,Krug_Breast_MD,Transcriptome
JAGN1,-0.21584505,Secretory,Krug_Breast_MD,Transcriptome
JAK1,0.10446097,Secretory,Krug_Breast_MD,Transcriptome
JAK2,0.09180544,Secretory,Krug_Breast_MD,Transcriptome
JMJD1C,-0.10678886,Nucleus,Krug_Breast_MD,Transcriptome
JTB,-0.2128949,Secretory,Krug_Breast_MD,Transcriptome
JUP,0.029150559,Mitochondria,Krug_Breast_MD,Transcriptome
KAT6A,-0.048250485,Nucleus,Krug_Breast_MD,Transcriptome
KAT7,-0.030614365,Nucleus,Krug_Breast_MD,Transcriptome
KCMF1,-0.056013364,Cytosol,Krug_Breast_MD,Transcriptome
KCTD9,-0.005139842,Cytosol,Krug_Breast_MD,Transcriptome
KDM1A,-0.08556866,Nucleus,Krug_Breast_MD,Transcriptome
KDM2A,-0.08328845,Nucleus,Krug_Breast_MD,Transcriptome
KDM3B,-0.058900844,Nucleus,Krug_Breast_MD,Transcriptome
KDM4A,-0.097303204,Nucleus,Krug_Breast_MD,Transcriptome
KDM5B,-0.017621364,Nucleus,Krug_Breast_MD,Transcriptome
KDSR,0.084913276,Secretory,Krug_Breast_MD,Transcriptome
KHK,-0.11444879,Cytosol,Krug_Breast_MD,Transcriptome
KIAA0319L,0.06956873,Secretory,Krug_Breast_MD,Transcriptome
KIAA0513,-0.08318159,Cytosol,Krug_Breast_MD,Transcriptome
KIAA0753,-0.005070556,Secretory,Krug_Breast_MD,Transcriptome
KIDINS220,0.10751035,Secretory,Krug_Breast_MD,Transcriptome
KIF13B,-0.093837045,Cytosol,Krug_Breast_MD,Transcriptome
KIF14,-0.14611349,Secretory,Krug_Breast_MD,Transcriptome
KIF15,-0.048103373,Cytosol,Krug_Breast_MD,Transcriptome
KIF21A,-0.011435359,Cytosol,Krug_Breast_MD,Transcriptome
KIF22,-0.06192876,Nucleus,Krug_Breast_MD,Transcriptome
KIF3B,-0.0891363,Cytosol,Krug_Breast_MD,Transcriptome
KIF4A,-0.04460402,Nucleus,Krug_Breast_MD,Transcriptome
KIF5B,-0.07902573,Cytosol,Krug_Breast_MD,Transcriptome
KLC2,-0.1042943,Cytosol,Krug_Breast_MD,Transcriptome
KLC4,-0.098264016,Cytosol,Krug_Breast_MD,Transcriptome
KLHL11,-0.117833495,Cytosol,Krug_Breast_MD,Transcriptome
KLHL26,-0.098978065,Cytosol,Krug_Breast_MD,Transcriptome
KLHL36,-0.079280965,Cytosol,Krug_Breast_MD,Transcriptome
KMT2A,-0.11043801,Nucleus,Krug_Breast_MD,Transcriptome
KNTC1,-0.044197567,Cytosol,Krug_Breast_MD,Transcriptome
KPNA2,-0.05575347,Cytosol,Krug_Breast_MD,Transcriptome
KPNA4,0.010112543,Cytosol,Krug_Breast_MD,Transcriptome
KRAS,-0.03931532,Secretory,Krug_Breast_MD,Transcriptome
KRI1,-0.07950727,Nucleus,Krug_Breast_MD,Transcriptome
KRR1,-0.110359885,Nucleus,Krug_Breast_MD,Transcriptome
KRT80,-0.100467466,Cytosol,Krug_Breast_MD,Transcriptome
KTN1,0.10658749,Secretory,Krug_Breast_MD,Transcriptome
L2HGDH,-0.08416012,Mitochondria,Krug_Breast_MD,Transcriptome
LACTB,0.04079163,Secretory,Krug_Breast_MD,Transcriptome
LAMA5,-0.12676738,Secretory,Krug_Breast_MD,Transcriptome
LAMB3,0.02261429,Secretory,Krug_Breast_MD,Transcriptome
LAMP1,-0.20838483,Secretory,Krug_Breast_MD,Transcriptome
LAMP2,-0.018690107,Secretory,Krug_Breast_MD,Transcriptome
LAMTOR1,-0.19397718,Secretory,Krug_Breast_MD,Transcriptome
LAMTOR3,0.110566586,Secretory,Krug_Breast_MD,Transcriptome
LARP1,-0.04919863,Nucleus,Krug_Breast_MD,Transcriptome
LARP1B,-0.0699663,Nucleus,Krug_Breast_MD,Transcriptome
LARP4B,-0.035223883,Nucleus,Krug_Breast_MD,Transcriptome
LARP7,-0.07262756,Nucleus,Krug_Breast_MD,Transcriptome
LAS1L,-0.11624939,Nucleus,Krug_Breast_MD,Transcriptome
LASP1,-0.07634857,Cytosol,Krug_Breast_MD,Transcriptome
LBR,-0.11156559,Secretory,Krug_Breast_MD,Transcriptome
LCLAT1,-0.093398556,Secretory,Krug_Breast_MD,Transcriptome
LDHB,-0.051608335,Cytosol,Krug_Breast_MD,Transcriptome
LDLR,-0.18976012,Secretory,Krug_Breast_MD,Transcriptome
LEMD2,0.07978682,Mitochondria,Krug_Breast_MD,Transcriptome
LEMD3,-0.1121534,Nucleus,Krug_Breast_MD,Transcriptome
LEO1,-0.11027781,Nucleus,Krug_Breast_MD,Transcriptome
LETM1,-0.0031006765,Mitochondria,Krug_Breast_MD,Transcriptome
LGALSL,-0.009283612,Cytosol,Krug_Breast_MD,Transcriptome
LIMD1,-0.0840801,Cytosol,Krug_Breast_MD,Transcriptome
LIMS1,-0.032460026,Cytosol,Krug_Breast_MD,Transcriptome
LIN7C,0.10864671,Secretory,Krug_Breast_MD,Transcriptome
LLGL2,-0.17238934,Secretory,Krug_Breast_MD,Transcriptome
LLPH,-0.07199331,Nucleus,Krug_Breast_MD,Transcriptome
LMAN1,0.075245485,Secretory,Krug_Breast_MD,Transcriptome
LMAN2,-0.17486186,Secretory,Krug_Breast_MD,Transcriptome
LMAN2L,0.032164067,Secretory,Krug_Breast_MD,Transcriptome
LMBRD1,0.07977242,Secretory,Krug_Breast_MD,Transcriptome
LMBRD2,0.109213755,Secretory,Krug_Breast_MD,Transcriptome
LMCD1,-0.071546845,Cytosol,Krug_Breast_MD,Transcriptome
LMNA,-0.093588166,Nucleus,Krug_Breast_MD,Transcriptome
LMNB1,-0.04059872,Nucleus,Krug_Breast_MD,Transcriptome
LMTK2,0.039830025,Secretory,Krug_Breast_MD,Transcriptome
LNPEP,0.10929525,Secretory,Krug_Breast_MD,Transcriptome
LPCAT1,-0.16770545,Secretory,Krug_Breast_MD,Transcriptome
LPCAT2,0.06263502,Secretory,Krug_Breast_MD,Transcriptome
LPCAT4,-0.19763592,Secretory,Krug_Breast_MD,Transcriptome
LPGAT1,0.051143155,Secretory,Krug_Breast_MD,Transcriptome
LPIN2,-0.09667414,Cytosol,Krug_Breast_MD,Transcriptome
LPP,-0.108983345,Cytosol,Krug_Breast_MD,Transcriptome
LRCH4,-0.13652676,Secretory,Krug_Breast_MD,Transcriptome
LRIF1,-0.09741734,Nucleus,Krug_Breast_MD,Transcriptome
LRP1,0.06810649,Secretory,Krug_Breast_MD,Transcriptome
LRP10,-0.023629233,Secretory,Krug_Breast_MD,Transcriptome
LRPAP1,-0.08871569,Nucleus,Krug_Breast_MD,Transcriptome
LRRC1,-0.12938103,Mitochondria,Krug_Breast_MD,Transcriptome
LRRC59,-0.11485602,Secretory,Krug_Breast_MD,Transcriptome
LRSAM1,-0.10493093,Cytosol,Krug_Breast_MD,Transcriptome
LSM1,-0.062033318,Cytosol,Krug_Breast_MD,Transcriptome
LSS,-0.17940283,Secretory,Krug_Breast_MD,Transcriptome
LTA4H,-0.12792754,Cytosol,Krug_Breast_MD,Transcriptome
LTBR,-0.2002599,Secretory,Krug_Breast_MD,Transcriptome
LYAR,-0.053873725,Nucleus,Krug_Breast_MD,Transcriptome
LYN,-0.16848312,Secretory,Krug_Breast_MD,Transcriptome
LYPLA1,-0.05370336,Cytosol,Krug_Breast_MD,Transcriptome
LYRM1,-0.089619294,Mitochondria,Krug_Breast_MD,Transcriptome
LYRM7,-0.1410065,Mitochondria,Krug_Breast_MD,Transcriptome
LYSMD2,-0.06420491,Cytosol,Krug_Breast_MD,Transcriptome
LYSMD3,0.112501286,Secretory,Krug_Breast_MD,Transcriptome
LZIC,-0.12412525,Cytosol,Krug_Breast_MD,Transcriptome
LZTFL1,-0.112765476,Cytosol,Krug_Breast_MD,Transcriptome
M6PR,-0.099883154,Secretory,Krug_Breast_MD,Transcriptome
MACROD1,0.07755158,Mitochondria,Krug_Breast_MD,Transcriptome
MAD2L1,-0.04349821,Cytosol,Krug_Breast_MD,Transcriptome
MAF1,-0.13216785,Cytosol,Krug_Breast_MD,Transcriptome
MAFG,-0.10621432,Nucleus,Krug_Breast_MD,Transcriptome
MAGI3,-0.124213465,Cytosol,Krug_Breast_MD,Transcriptome
MALT1,-0.017155483,Cytosol,Krug_Breast_MD,Transcriptome
MAML1,-0.07462919,Nucleus,Krug_Breast_MD,Transcriptome
MAN1A2,0.11162506,Secretory,Krug_Breast_MD,Transcriptome
MAN1B1,-0.13641314,Secretory,Krug_Breast_MD,Transcriptome
MAN2A1,0.11229125,Secretory,Krug_Breast_MD,Transcriptome
MAP2K1,-0.06876249,Cytosol,Krug_Breast_MD,Transcriptome
MAP3K7,0.0027934369,Cytosol,Krug_Breast_MD,Transcriptome
MAP4,-0.06721857,Cytosol,Krug_Breast_MD,Transcriptome
MAP4K2,-0.108217925,Cytosol,Krug_Breast_MD,Transcriptome
MAP4K3,-0.11805969,Cytosol,Krug_Breast_MD,Transcriptome
MAP4K5,-0.083983965,Cytosol,Krug_Breast_MD,Transcriptome
MAPK1,-0.022473624,Cytosol,Krug_Breast_MD,Transcriptome
MAPK12,-0.09692292,Cytosol,Krug_Breast_MD,Transcriptome
MAPK14,-0.048539814,Cytosol,Krug_Breast_MD,Transcriptome
MAPK8,-0.07389642,Cytosol,Krug_Breast_MD,Transcriptome
MAPK9,-0.11611681,Cytosol,Krug_Breast_MD,Transcriptome
MAPKAP1,-0.13923144,Cytosol,Krug_Breast_MD,Transcriptome
MAPRE1,-0.07206492,Cytosol,Krug_Breast_MD,Transcriptome
MAST4,-0.10384967,Cytosol,Krug_Breast_MD,Transcriptome
MAT2A,-0.12311537,Cytosol,Krug_Breast_MD,Transcriptome
MAT2B,-0.12312605,Cytosol,Krug_Breast_MD,Transcriptome
MATR3,-0.11069343,Nucleus,Krug_Breast_MD,Transcriptome
MAVS,-0.052914944,Mitochondria,Krug_Breast_MD,Transcriptome
MAX,-0.056051947,Nucleus,Krug_Breast_MD,Transcriptome
MBD1,-0.067257665,Nucleus,Krug_Breast_MD,Transcriptome
MBD2,-0.037328757,Nucleus,Krug_Breast_MD,Transcriptome
MBLAC2,0.09610411,Secretory,Krug_Breast_MD,Transcriptome
MBOAT2,0.0668347,Secretory,Krug_Breast_MD,Transcriptome
MBOAT7,-0.14726576,Secretory,Krug_Breast_MD,Transcriptome
MCL1,0.0148621965,Mitochondria,Krug_Breast_MD,Transcriptome
MCM2,-0.041171875,Nucleus,Krug_Breast_MD,Transcriptome
MCM3,-0.049372807,Nucleus,Krug_Breast_MD,Transcriptome
MCM3AP,-0.0419056,Nucleus,Krug_Breast_MD,Transcriptome
MCU,-0.1177027,Mitochondria,Krug_Breast_MD,Transcriptome
MCUR1,0.040660676,Mitochondria,Krug_Breast_MD,Transcriptome
MDH1,-0.06952519,Cytosol,Krug_Breast_MD,Transcriptome
MDK,-0.19356741,Secretory,Krug_Breast_MD,Transcriptome
MDN1,-0.012202481,Nucleus,Krug_Breast_MD,Transcriptome
MECP2,-0.04398152,Nucleus,Krug_Breast_MD,Transcriptome
MEGF9,0.10584812,Secretory,Krug_Breast_MD,Transcriptome
MEMO1,-0.09698442,Cytosol,Krug_Breast_MD,Transcriptome
MEN1,-0.08186364,Nucleus,Krug_Breast_MD,Transcriptome
MEPCE,-0.090011284,Nucleus,Krug_Breast_MD,Transcriptome
METAP2,-0.041948322,Cytosol,Krug_Breast_MD,Transcriptome
METTL2B,-0.10392617,Cytosol,Krug_Breast_MD,Transcriptome
METTL5,-0.065181844,Cytosol,Krug_Breast_MD,Transcriptome
METTL9,-0.067201465,Secretory,Krug_Breast_MD,Transcriptome
MFF,0.040168338,Mitochondria,Krug_Breast_MD,Transcriptome
MFN1,-0.012990278,Mitochondria,Krug_Breast_MD,Transcriptome
MFN2,0.07317754,Mitochondria,Krug_Breast_MD,Transcriptome
MFSD6,0.094972804,Secretory,Krug_Breast_MD,Transcriptome
MGAT1,-0.18952851,Secretory,Krug_Breast_MD,Transcriptome
MGAT5,-0.20745033,Secretory,Krug_Breast_MD,Transcriptome
MGME1,0.066555254,Mitochondria,Krug_Breast_MD,Transcriptome
MGRN1,-0.086888805,Secretory,Krug_Breast_MD,Transcriptome
MGST3,0.089418545,Mitochondria,Krug_Breast_MD,Transcriptome
MIA3,0.10793229,Secretory,Krug_Breast_MD,Transcriptome
MICAL2,0.077512555,Secretory,Krug_Breast_MD,Transcriptome
MICAL3,0.0070218425,Cytosol,Krug_Breast_MD,Transcriptome
MICU1,-0.1291544,Mitochondria,Krug_Breast_MD,Transcriptome
MICU2,-0.1543701,Mitochondria,Krug_Breast_MD,Transcriptome
MIEF1,0.006926302,Mitochondria,Krug_Breast_MD,Transcriptome
MIEN1,-0.08018291,Cytosol,Krug_Breast_MD,Transcriptome
MIF4GD,-0.12194315,Cytosol,Krug_Breast_MD,Transcriptome
MKI67,-0.039242573,Nucleus,Krug_Breast_MD,Transcriptome
MKNK1,-0.07796631,Cytosol,Krug_Breast_MD,Transcriptome
MLEC,0.062855884,Secretory,Krug_Breast_MD,Transcriptome
MLKL,-0.06526718,Cytosol,Krug_Breast_MD,Transcriptome
MLLT1,-0.067316934,Nucleus,Krug_Breast_MD,Transcriptome
MMAB,0.103588566,Mitochondria,Krug_Breast_MD,Transcriptome
MMGT1,-0.07877287,Secretory,Krug_Breast_MD,Transcriptome
MNAT1,-0.048076905,Nucleus,Krug_Breast_MD,Transcriptome
MOB2,-0.123277225,Cytosol,Krug_Breast_MD,Transcriptome
MOCS2,-0.1108406,Cytosol,Krug_Breast_MD,Transcriptome
MORC3,-0.11241345,Nucleus,Krug_Breast_MD,Transcriptome
MORF4L1,-0.10301327,Nucleus,Krug_Breast_MD,Transcriptome
MORF4L2,-0.08924876,Nucleus,Krug_Breast_MD,Transcriptome
MOSPD2,0.11248016,Secretory,Krug_Breast_MD,Transcriptome
MOV10,-0.074143074,Nucleus,Krug_Breast_MD,Transcriptome
MPHOSPH10,-0.035992388,Nucleus,Krug_Breast_MD,Transcriptome
MPHOSPH8,-0.109120004,Nucleus,Krug_Breast_MD,Transcriptome
MPI,-0.091444336,Cytosol,Krug_Breast_MD,Transcriptome
MPP7,-0.14950459,Mitochondria,Krug_Breast_MD,Transcriptome
MPZL1,0.0024427148,Secretory,Krug_Breast_MD,Transcriptome
MRI1,-0.08378365,Cytosol,Krug_Breast_MD,Transcriptome
MRM1,-0.11825267,Secretory,Krug_Breast_MD,Transcriptome
MRPL1,-0.19249104,Secretory,Krug_Breast_MD,Transcriptome
MRPL11,-0.19915771,Secretory,Krug_Breast_MD,Transcriptome
MRPL13,-0.17785098,Secretory,Krug_Breast_MD,Transcriptome
MRPL14,0.099392764,Mitochondria,Krug_Breast_MD,Transcriptome
MRPL15,-0.18692194,Secretory,Krug_Breast_MD,Transcriptome
MRPL16,-0.21874961,Secretory,Krug_Breast_MD,Transcriptome
MRPL17,-0.21072882,Secretory,Krug_Breast_MD,Transcriptome
MRPL18,-0.13802339,Secretory,Krug_Breast_MD,Transcriptome
MRPL19,-0.03005728,Secretory,Krug_Breast_MD,Transcriptome
MRPL2,-0.21309972,Secretory,Krug_Breast_MD,Transcriptome
MRPL21,-0.21975508,Secretory,Krug_Breast_MD,Transcriptome
MRPL22,-0.18222475,Secretory,Krug_Breast_MD,Transcriptome
MRPL24,-0.14278562,Secretory,Krug_Breast_MD,Transcriptome
MRPL27,-0.17943011,Secretory,Krug_Breast_MD,Transcriptome
MRPL28,-0.11442957,Secretory,Krug_Breast_MD,Transcriptome
MRPL3,-0.16132282,Secretory,Krug_Breast_MD,Transcriptome
MRPL34,-0.18441877,Secretory,Krug_Breast_MD,Transcriptome
MRPL39,-0.16465218,Secretory,Krug_Breast_MD,Transcriptome
MRPL40,-0.15734775,Secretory,Krug_Breast_MD,Transcriptome
MRPL41,-0.16237761,Secretory,Krug_Breast_MD,Transcriptome
MRPL42,-0.019795625,Secretory,Krug_Breast_MD,Transcriptome
MRPL43,-0.16407666,Secretory,Krug_Breast_MD,Transcriptome
MRPL45,-0.04803132,Secretory,Krug_Breast_MD,Transcriptome
MRPL46,0.072693564,Secretory,Krug_Breast_MD,Transcriptome
MRPL47,-0.1997368,Secretory,Krug_Breast_MD,Transcriptome
MRPL48,-0.19329464,Secretory,Krug_Breast_MD,Transcriptome
MRPL49,-0.109574035,Secretory,Krug_Breast_MD,Transcriptome
MRPL50,0.04750265,Secretory,Krug_Breast_MD,Transcriptome
MRPL54,-0.17063783,Secretory,Krug_Breast_MD,Transcriptome
MRPL55,-0.18283288,Secretory,Krug_Breast_MD,Transcriptome
MRPL9,-0.19925463,Secretory,Krug_Breast_MD,Transcriptome
MRPS10,-0.13815032,Secretory,Krug_Breast_MD,Transcriptome
MRPS11,-0.22023356,Secretory,Krug_Breast_MD,Transcriptome
MRPS12,-0.21081571,Secretory,Krug_Breast_MD,Transcriptome
MRPS14,0.05939413,Secretory,Krug_Breast_MD,Transcriptome
MRPS15,-0.19750448,Secretory,Krug_Breast_MD,Transcriptome
MRPS16,-0.031715192,Secretory,Krug_Breast_MD,Transcriptome
MRPS18A,-0.20617794,Secretory,Krug_Breast_MD,Transcriptome
MRPS18B,-0.1486224,Secretory,Krug_Breast_MD,Transcriptome
MRPS22,-0.18676938,Secretory,Krug_Breast_MD,Transcriptome
MRPS23,-0.17929614,Secretory,Krug_Breast_MD,Transcriptome
MRPS25,-0.21121377,Secretory,Krug_Breast_MD,Transcriptome
MRPS28,-0.15766573,Secretory,Krug_Breast_MD,Transcriptome
MRPS30,0.04907791,Secretory,Krug_Breast_MD,Transcriptome
MRPS31,-0.16774218,Secretory,Krug_Breast_MD,Transcriptome
MRPS34,-0.09746521,Secretory,Krug_Breast_MD,Transcriptome
MRPS35,-0.11100068,Secretory,Krug_Breast_MD,Transcriptome
MRPS5,-0.1864433,Secretory,Krug_Breast_MD,Transcriptome
MRPS9,-0.16494234,Secretory,Krug_Breast_MD,Transcriptome
MSH3,-0.097822845,Nucleus,Krug_Breast_MD,Transcriptome
MSI2,-0.07953512,Nucleus,Krug_Breast_MD,Transcriptome
MSTO1,-0.1343578,Cytosol,Krug_Breast_MD,Transcriptome
MT-CO2,0.07578368,Mitochondria,Krug_Breast_MD,Transcriptome
MTA1,-0.062278666,Nucleus,Krug_Breast_MD,Transcriptome
MTCH1,0.11085693,Mitochondria,Krug_Breast_MD,Transcriptome
MTCH2,0.078153,Mitochondria,Krug_Breast_MD,Transcriptome
MTDH,-0.09604403,Secretory,Krug_Breast_MD,Transcriptome
MTF2,-0.0634771,Nucleus,Krug_Breast_MD,Transcriptome
MTFR1,0.039206736,Mitochondria,Krug_Breast_MD,Transcriptome
MTFR1L,0.021685679,Mitochondria,Krug_Breast_MD,Transcriptome
MTHFD1L,0.04974946,Mitochondria,Krug_Breast_MD,Transcriptome
MTMR1,0.004778407,Cytosol,Krug_Breast_MD,Transcriptome
MTMR12,-0.06598547,Cytosol,Krug_Breast_MD,Transcriptome
MTMR2,-0.015876446,Cytosol,Krug_Breast_MD,Transcriptome
MTMR3,-0.09840333,Cytosol,Krug_Breast_MD,Transcriptome
MTMR6,-0.09880218,Cytosol,Krug_Breast_MD,Transcriptome
MTPAP,0.02979604,Mitochondria,Krug_Breast_MD,Transcriptome
MTR,-0.1122535,Cytosol,Krug_Breast_MD,Transcriptome
MTX1,0.09975464,Mitochondria,Krug_Breast_MD,Transcriptome
MTX2,0.04660069,Mitochondria,Krug_Breast_MD,Transcriptome
MTX3,-0.13482684,Mitochondria,Krug_Breast_MD,Transcriptome
MUC1,0.06752232,Secretory,Krug_Breast_MD,Transcriptome
MVD,-0.087883525,Cytosol,Krug_Breast_MD,Transcriptome
MVK,-0.10268512,Cytosol,Krug_Breast_MD,Transcriptome
MVP,-0.059949964,Nucleus,Krug_Breast_MD,Transcriptome
MXRA7,0.0672194,Secretory,Krug_Breast_MD,Transcriptome
MYADM,0.072858185,Secretory,Krug_Breast_MD,Transcriptome
MYBBP1A,-0.10306896,Nucleus,Krug_Breast_MD,Transcriptome
MYCBP2,0.09232024,Secretory,Krug_Breast_MD,Transcriptome
MYH14,-0.10450047,Cytosol,Krug_Breast_MD,Transcriptome
MYO19,0.06650543,Mitochondria,Krug_Breast_MD,Transcriptome
MYO1B,0.041406553,Secretory,Krug_Breast_MD,Transcriptome
MYO9A,-0.11091578,Cytosol,Krug_Breast_MD,Transcriptome
MYO9B,-0.088978,Cytosol,Krug_Breast_MD,Transcriptome
MYOF,0.10329459,Secretory,Krug_Breast_MD,Transcriptome
N4BP1,-0.032369725,Cytosol,Krug_Breast_MD,Transcriptome
N4BP2L2,-0.10945821,Nucleus,Krug_Breast_MD,Transcriptome
NAA10,-0.1131267,Cytosol,Krug_Breast_MD,Transcriptome
NAA50,0.0027017281,Cytosol,Krug_Breast_MD,Transcriptome
NACA,-0.12719879,Cytosol,Krug_Breast_MD,Transcriptome
NAE1,-0.07809002,Cytosol,Krug_Breast_MD,Transcriptome
NAGK,-0.09779213,Cytosol,Krug_Breast_MD,Transcriptome
NAMPT,0.00045451484,Cytosol,Krug_Breast_MD,Transcriptome
NANP,-0.056731768,Cytosol,Krug_Breast_MD,Transcriptome
NANS,-0.13105078,Cytosol,Krug_Breast_MD,Transcriptome
NAP1L4,-0.13740733,Cytosol,Krug_Breast_MD,Transcriptome
NAPB,-0.087373,Cytosol,Krug_Breast_MD,Transcriptome
NASP,-0.05713122,Nucleus,Krug_Breast_MD,Transcriptome
NAT1,-0.109179504,Cytosol,Krug_Breast_MD,Transcriptome
NAT10,-0.06901515,Nucleus,Krug_Breast_MD,Transcriptome
NAT14,-0.1737537,Secretory,Krug_Breast_MD,Transcriptome
NBAS,0.066741504,Secretory,Krug_Breast_MD,Transcriptome
NBN,-0.009304275,Nucleus,Krug_Breast_MD,Transcriptome
NCAPD3,-0.035252765,Nucleus,Krug_Breast_MD,Transcriptome
NCAPH2,-0.080578335,Nucleus,Krug_Breast_MD,Transcriptome
NCBP1,-0.047298748,Nucleus,Krug_Breast_MD,Transcriptome
NCEH1,0.09126492,Secretory,Krug_Breast_MD,Transcriptome
NCK1,0.019712497,Cytosol,Krug_Breast_MD,Transcriptome
NCK2,-0.07770542,Cytosol,Krug_Breast_MD,Transcriptome
NCL,-0.046502914,Nucleus,Krug_Breast_MD,Transcriptome
NCLN,-0.16618176,Secretory,Krug_Breast_MD,Transcriptome
NCOA5,-0.06690576,Nucleus,Krug_Breast_MD,Transcriptome
NCOA6,-0.05682595,Nucleus,Krug_Breast_MD,Transcriptome
NCOR1,-0.06291958,Nucleus,Krug_Breast_MD,Transcriptome
NCOR2,-0.064107776,Nucleus,Krug_Breast_MD,Transcriptome
NDC1,-0.1458526,Secretory,Krug_Breast_MD,Transcriptome
NDC80,-0.054499622,Cytosol,Krug_Breast_MD,Transcriptome
NDE1,-0.08994027,Cytosol,Krug_Breast_MD,Transcriptome
NDEL1,-0.02623401,Cytosol,Krug_Breast_MD,Transcriptome
NDOR1,-0.101055264,Cytosol,Krug_Breast_MD,Transcriptome
NDRG1,-0.06760377,Cytosol,Krug_Breast_MD,Transcriptome
NDRG2,-0.0030715193,Cytosol,Krug_Breast_MD,Transcriptome
NDRG3,-0.10938458,Cytosol,Krug_Breast_MD,Transcriptome
NDUFA10,0.07317953,Mitochondria,Krug_Breast_MD,Transcriptome
NDUFA12,0.099039346,Mitochondria,Krug_Breast_MD,Transcriptome
NDUFA2,0.07135968,Mitochondria,Krug_Breast_MD,Transcriptome
NDUFA3,0.084043436,Mitochondria,Krug_Breast_MD,Transcriptome
NDUFA4,0.09887283,Mitochondria,Krug_Breast_MD,Transcriptome
NDUFA5,-0.14042383,Mitochondria,Krug_Breast_MD,Transcriptome
NDUFA8,0.10918485,Mitochondria,Krug_Breast_MD,Transcriptome
NDUFAB1,0.060477715,Mitochondria,Krug_Breast_MD,Transcriptome
NDUFAF1,-0.08093555,Mitochondria,Krug_Breast_MD,Transcriptome
NDUFAF2,0.088861555,Mitochondria,Krug_Breast_MD,Transcriptome
NDUFAF3,0.081749596,Mitochondria,Krug_Breast_MD,Transcriptome
NDUFAF4,0.03577682,Mitochondria,Krug_Breast_MD,Transcriptome
NDUFAF7,0.038584504,Mitochondria,Krug_Breast_MD,Transcriptome
NDUFB1,0.072420545,Mitochondria,Krug_Breast_MD,Transcriptome
NDUFB10,0.062100817,Mitochondria,Krug_Breast_MD,Transcriptome
NDUFB11,0.110807054,Mitochondria,Krug_Breast_MD,Transcriptome
NDUFB3,0.048186272,Mitochondria,Krug_Breast_MD,Transcriptome
NDUFB4,0.099338904,Mitochondria,Krug_Breast_MD,Transcriptome
NDUFB5,0.05664404,Mitochondria,Krug_Breast_MD,Transcriptome
NDUFB6,0.09691396,Mitochondria,Krug_Breast_MD,Transcriptome
NDUFB7,0.088968165,Mitochondria,Krug_Breast_MD,Transcriptome
NDUFB8,0.089934535,Mitochondria,Krug_Breast_MD,Transcriptome
NDUFB9,0.07396482,Mitochondria,Krug_Breast_MD,Transcriptome
NDUFC2,-0.018335074,Mitochondria,Krug_Breast_MD,Transcriptome
NDUFS1,-0.06350066,Mitochondria,Krug_Breast_MD,Transcriptome
NDUFS2,0.10010929,Mitochondria,Krug_Breast_MD,Transcriptome
NDUFS3,0.11314799,Mitochondria,Krug_Breast_MD,Transcriptome
NDUFS4,0.07650587,Mitochondria,Krug_Breast_MD,Transcriptome
NDUFS5,0.07909467,Mitochondria,Krug_Breast_MD,Transcriptome
NDUFS6,0.10356806,Mitochondria,Krug_Breast_MD,Transcriptome
NDUFS7,0.07090153,Mitochondria,Krug_Breast_MD,Transcriptome
NDUFS8,0.088154644,Mitochondria,Krug_Breast_MD,Transcriptome
NDUFV1,0.09266861,Mitochondria,Krug_Breast_MD,Transcriptome
NDUFV2,-0.08765409,Mitochondria,Krug_Breast_MD,Transcriptome
NDUFV3,0.096549064,Mitochondria,Krug_Breast_MD,Transcriptome
NECAP1,-0.092307635,Cytosol,Krug_Breast_MD,Transcriptome
NECAP2,-0.08400259,Cytosol,Krug_Breast_MD,Transcriptome
NEK7,-0.104658954,Cytosol,Krug_Breast_MD,Transcriptome
NELFA,-0.06425816,Nucleus,Krug_Breast_MD,Transcriptome
NELFE,-0.11406465,Nucleus,Krug_Breast_MD,Transcriptome
NEO1,0.10709678,Secretory,Krug_Breast_MD,Transcriptome
NEURL4,-0.108724624,Secretory,Krug_Breast_MD,Transcriptome
NFKB1,-0.11881915,Cytosol,Krug_Breast_MD,Transcriptome
NFKB2,-0.09659417,Cytosol,Krug_Breast_MD,Transcriptome
NFKBIB,-0.10875498,Cytosol,Krug_Breast_MD,Transcriptome
NFXL1,-0.10810914,Secretory,Krug_Breast_MD,Transcriptome
NGDN,-0.088989146,Nucleus,Krug_Breast_MD,Transcriptome
NGLY1,-0.061710626,Cytosol,Krug_Breast_MD,Transcriptome
NGRN,-0.15299416,Secretory,Krug_Breast_MD,Transcriptome
NIF3L1,-0.08222082,Cytosol,Krug_Breast_MD,Transcriptome
NIFK,-0.05281063,Nucleus,Krug_Breast_MD,Transcriptome
NIP7,-0.07321377,Nucleus,Krug_Breast_MD,Transcriptome
NIPBL,-0.10699796,Nucleus,Krug_Breast_MD,Transcriptome
NIT2,-0.12369076,Cytosol,Krug_Breast_MD,Transcriptome
NKIRAS1,-0.09003667,Cytosol,Krug_Breast_MD,Transcriptome
NKRF,-0.07966756,Nucleus,Krug_Breast_MD,Transcriptome
NLRX1,0.06362727,Mitochondria,Krug_Breast_MD,Transcriptome
NME1,-0.10769733,Cytosol,Krug_Breast_MD,Transcriptome
NME3,0.0680098,Mitochondria,Krug_Breast_MD,Transcriptome
NMI,-0.06614452,Cytosol,Krug_Breast_MD,Transcriptome
NMT1,-0.04921909,Nucleus,Krug_Breast_MD,Transcriptome
NMT2,0.004686043,Cytosol,Krug_Breast_MD,Transcriptome
NNT,-0.08248024,Mitochondria,Krug_Breast_MD,Transcriptome
NOC2L,-0.08783668,Nucleus,Krug_Breast_MD,Transcriptome
NOC4L,-0.088064045,Nucleus,Krug_Breast_MD,Transcriptome
NOL10,-0.020663928,Nucleus,Krug_Breast_MD,Transcriptome
NOL11,-0.06147212,Nucleus,Krug_Breast_MD,Transcriptome
NOL6,-0.11109294,Nucleus,Krug_Breast_MD,Transcriptome
NOL7,-0.092542015,Nucleus,Krug_Breast_MD,Transcriptome
NOL8,-0.06264493,Nucleus,Krug_Breast_MD,Transcriptome
NOL9,-0.08304281,Nucleus,Krug_Breast_MD,Transcriptome
NOLC1,-0.049341764,Nucleus,Krug_Breast_MD,Transcriptome
NOM1,-0.030152813,Nucleus,Krug_Breast_MD,Transcriptome
NOMO1,-0.062265083,Secretory,Krug_Breast_MD,Transcriptome
NOP14,-0.09084265,Nucleus,Krug_Breast_MD,Transcriptome
NOP16,-0.08613729,Nucleus,Krug_Breast_MD,Transcriptome
NOP2,-0.09394025,Nucleus,Krug_Breast_MD,Transcriptome
NOP56,-0.06916412,Nucleus,Krug_Breast_MD,Transcriptome
NOP58,-0.052753698,Nucleus,Krug_Breast_MD,Transcriptome
NOP9,-0.07866456,Nucleus,Krug_Breast_MD,Transcriptome
NOTCH1,-0.17656283,Secretory,Krug_Breast_MD,Transcriptome
NOTCH2,0.08714572,Secretory,Krug_Breast_MD,Transcriptome
NOTCH3,0.058562692,Secretory,Krug_Breast_MD,Transcriptome
NPC1,-0.16939576,Secretory,Krug_Breast_MD,Transcriptome
NPEPL1,-0.11074549,Cytosol,Krug_Breast_MD,Transcriptome
NPEPPS,-0.10279864,Cytosol,Krug_Breast_MD,Transcriptome
NPM1,-0.083897784,Nucleus,Krug_Breast_MD,Transcriptome
NPM3,-0.09707035,Nucleus,Krug_Breast_MD,Transcriptome
NPTN,0.11230118,Secretory,Krug_Breast_MD,Transcriptome
NQO1,-0.10726553,Cytosol,Krug_Breast_MD,Transcriptome
NQO2,-0.11509802,Cytosol,Krug_Breast_MD,Transcriptome
NR3C1,-0.10350804,Cytosol,Krug_Breast_MD,Transcriptome
NRBP1,-0.081024505,Cytosol,Krug_Breast_MD,Transcriptome
NRF1,-0.09935895,Nucleus,Krug_Breast_MD,Transcriptome
NRP1,0.06898446,Secretory,Krug_Breast_MD,Transcriptome
NRP2,0.03765684,Secretory,Krug_Breast_MD,Transcriptome
NSD1,-0.105323985,Nucleus,Krug_Breast_MD,Transcriptome
NSDHL,-0.208448,Secretory,Krug_Breast_MD,Transcriptome
NSF,0.092552416,Secretory,Krug_Breast_MD,Transcriptome
NSFL1C,-0.13730383,Cytosol,Krug_Breast_MD,Transcriptome
NSL1,-0.056329712,Nucleus,Krug_Breast_MD,Transcriptome
NSMAF,-0.066935524,Cytosol,Krug_Breast_MD,Transcriptome
NSUN4,0.08660927,Mitochondria,Krug_Breast_MD,Transcriptome
NSUN6,-0.103036106,Cytosol,Krug_Breast_MD,Transcriptome
NT5C,-0.12364737,Cytosol,Krug_Breast_MD,Transcriptome
NT5C2,0.020013943,Cytosol,Krug_Breast_MD,Transcriptome
NT5C3B,-0.091554984,Cytosol,Krug_Breast_MD,Transcriptome
NT5DC1,-0.113777235,Cytosol,Krug_Breast_MD,Transcriptome
NT5E,0.053663507,Secretory,Krug_Breast_MD,Transcriptome
NTAN1,0.01720445,Cytosol,Krug_Breast_MD,Transcriptome
NTHL1,-0.06561245,Nucleus,Krug_Breast_MD,Transcriptome
NTN4,0.10342349,Secretory,Krug_Breast_MD,Transcriptome
NUB1,-0.05643306,Cytosol,Krug_Breast_MD,Transcriptome
NUBPL,-0.13542292,Mitochondria,Krug_Breast_MD,Transcriptome
NUDC,-0.095582195,Cytosol,Krug_Breast_MD,Transcriptome
NUDCD1,-0.06555617,Cytosol,Krug_Breast_MD,Transcriptome
NUDCD2,-0.10948424,Cytosol,Krug_Breast_MD,Transcriptome
NUDCD3,-0.11068914,Cytosol,Krug_Breast_MD,Transcriptome
NUDT1,-0.11520317,Cytosol,Krug_Breast_MD,Transcriptome
NUDT14,-0.11519507,Cytosol,Krug_Breast_MD,Transcriptome
NUDT15,-0.09133894,Cytosol,Krug_Breast_MD,Transcriptome
NUDT16,-0.106347404,Cytosol,Krug_Breast_MD,Transcriptome
NUDT2,-0.09514139,Cytosol,Krug_Breast_MD,Transcriptome
NUF2,-0.050629467,Cytosol,Krug_Breast_MD,Transcriptome
NUMB,0.10349775,Secretory,Krug_Breast_MD,Transcriptome
NUP107,-0.03588486,Nucleus,Krug_Breast_MD,Transcriptome
NUP133,-0.020341258,Nucleus,Krug_Breast_MD,Transcriptome
NUP153,-0.021239568,Nucleus,Krug_Breast_MD,Transcriptome
NUP155,-0.03376391,Nucleus,Krug_Breast_MD,Transcriptome
NUP205,-0.030836489,Nucleus,Krug_Breast_MD,Transcriptome
NUP210,-0.112246946,Nucleus,Krug_Breast_MD,Transcriptome
NUP50,-0.019823797,Nucleus,Krug_Breast_MD,Transcriptome
NUP93,-0.078881994,Nucleus,Krug_Breast_MD,Transcriptome
NUP98,-0.09174308,Nucleus,Krug_Breast_MD,Transcriptome
NXF1,-0.06223891,Nucleus,Krug_Breast_MD,Transcriptome
NXT1,-0.09384557,Nucleus,Krug_Breast_MD,Transcriptome
NXT2,-0.01803609,Nucleus,Krug_Breast_MD,Transcriptome
OARD1,-0.091292076,Cytosol,Krug_Breast_MD,Transcriptome
OBSL1,-0.104002014,Cytosol,Krug_Breast_MD,Transcriptome
OCIAD1,-0.094316706,Mitochondria,Krug_Breast_MD,Transcriptome
OCIAD2,0.08460563,Mitochondria,Krug_Breast_MD,Transcriptome
OCLN,0.048221424,Secretory,Krug_Breast_MD,Transcriptome
ODF2,0.05930731,Mitochondria,Krug_Breast_MD,Transcriptome
OGFR,-0.11463211,Cytosol,Krug_Breast_MD,Transcriptome
OLA1,-0.0548481,Cytosol,Krug_Breast_MD,Transcriptome
OMA1,-0.12453551,Mitochondria,Krug_Breast_MD,Transcriptome
OPA1,-0.04043329,Mitochondria,Krug_Breast_MD,Transcriptome
OS9,-0.1760462,Secretory,Krug_Breast_MD,Transcriptome
OSBPL2,-0.09311131,Cytosol,Krug_Breast_MD,Transcriptome
OSBPL5,-0.12385696,Secretory,Krug_Breast_MD,Transcriptome
OSBPL8,0.11129758,Secretory,Krug_Breast_MD,Transcriptome
OTUB1,-0.121800244,Cytosol,Krug_Breast_MD,Transcriptome
OTUD5,-0.07073477,Nucleus,Krug_Breast_MD,Transcriptome
OXA1L,0.05493697,Mitochondria,Krug_Breast_MD,Transcriptome
OXR1,-0.038418736,Cytosol,Krug_Breast_MD,Transcriptome
P2RX4,0.0082194675,Secretory,Krug_Breast_MD,Transcriptome
P4HB,-0.10634052,Nucleus,Krug_Breast_MD,Transcriptome
PAAF1,-0.04246767,Cytosol,Krug_Breast_MD,Transcriptome
PABPC1,-0.063190475,Nucleus,Krug_Breast_MD,Transcriptome
PACSIN2,0.00530774,Cytosol,Krug_Breast_MD,Transcriptome
PAF1,-0.07498741,Nucleus,Krug_Breast_MD,Transcriptome
PAIP1,-0.037544552,Cytosol,Krug_Breast_MD,Transcriptome
PAIP2,-0.077430464,Cytosol,Krug_Breast_MD,Transcriptome
PAIP2B,0.015992057,Cytosol,Krug_Breast_MD,Transcriptome
PAK1,-0.047203515,Cytosol,Krug_Breast_MD,Transcriptome
PAK1IP1,-0.044233825,Nucleus,Krug_Breast_MD,Transcriptome
PAK2,-0.09766935,Cytosol,Krug_Breast_MD,Transcriptome
PALLD,-0.07526795,Cytosol,Krug_Breast_MD,Transcriptome
PAM,0.036408693,Secretory,Krug_Breast_MD,Transcriptome
PANK2,-0.08420094,Cytosol,Krug_Breast_MD,Transcriptome
PANK3,-0.12384778,Cytosol,Krug_Breast_MD,Transcriptome
PANK4,-0.09427429,Cytosol,Krug_Breast_MD,Transcriptome
PAPSS2,-0.009971215,Cytosol,Krug_Breast_MD,Transcriptome
PARK7,-0.12690264,Cytosol,Krug_Breast_MD,Transcriptome
PARL,0.11068429,Mitochondria,Krug_Breast_MD,Transcriptome
PARP2,-0.088593826,Nucleus,Krug_Breast_MD,Transcriptome
PARP4,-0.091816016,Nucleus,Krug_Breast_MD,Transcriptome
PARVA,-0.07628046,Cytosol,Krug_Breast_MD,Transcriptome
PASK,-0.1031925,Cytosol,Krug_Breast_MD,Transcriptome
PATL1,-0.03664086,Cytosol,Krug_Breast_MD,Transcriptome
PATZ1,-0.064006336,Nucleus,Krug_Breast_MD,Transcriptome
PAXBP1,-0.047087252,Nucleus,Krug_Breast_MD,Transcriptome
PBDC1,-0.08954432,Cytosol,Krug_Breast_MD,Transcriptome
PBK,-0.047804397,Cytosol,Krug_Breast_MD,Transcriptome
PBX2,-0.11481544,Nucleus,Krug_Breast_MD,Transcriptome
PBXIP1,-0.11750944,Secretory,Krug_Breast_MD,Transcriptome
PCDH1,0.04137862,Secretory,Krug_Breast_MD,Transcriptome
PCF11,-0.10946998,Nucleus,Krug_Breast_MD,Transcriptome
PCGF5,-0.11348716,Nucleus,Krug_Breast_MD,Transcriptome
PCID2,-0.12775841,Cytosol,Krug_Breast_MD,Transcriptome
PCMT1,-0.024318956,Cytosol,Krug_Breast_MD,Transcriptome
PCNA,-0.04429754,Cytosol,Krug_Breast_MD,Transcriptome
PCYOX1,0.11195166,Secretory,Krug_Breast_MD,Transcriptome
PCYT2,-0.12163568,Cytosol,Krug_Breast_MD,Transcriptome
PDAP1,-0.10268466,Cytosol,Krug_Breast_MD,Transcriptome
PDCD10,-0.03037524,Cytosol,Krug_Breast_MD,Transcriptome
PDCD11,-0.09496651,Nucleus,Krug_Breast_MD,Transcriptome
PDCD2,-0.03220545,Cytosol,Krug_Breast_MD,Transcriptome
PDCD2L,-0.10208966,Cytosol,Krug_Breast_MD,Transcriptome
PDCL3,-0.080344155,Cytosol,Krug_Breast_MD,Transcriptome
PDE5A,-0.12505828,Cytosol,Krug_Breast_MD,Transcriptome
PDE6D,-0.08126038,Cytosol,Krug_Breast_MD,Transcriptome
PDHX,0.008626561,Secretory,Krug_Breast_MD,Transcriptome
PDK1,0.0124092,Mitochondria,Krug_Breast_MD,Transcriptome
PDLIM5,-0.09005948,Cytosol,Krug_Breast_MD,Transcriptome
PDS5A,-0.08679802,Nucleus,Krug_Breast_MD,Transcriptome
PDS5B,-0.112469584,Nucleus,Krug_Breast_MD,Transcriptome
PDSS2,-0.07841649,Mitochondria,Krug_Breast_MD,Transcriptome
PDZD8,0.11134243,Secretory,Krug_Breast_MD,Transcriptome
PEBP1,-0.11933844,Cytosol,Krug_Breast_MD,Transcriptome
PEPD,-0.101188034,Cytosol,Krug_Breast_MD,Transcriptome
PEX13,-0.01662434,Secretory,Krug_Breast_MD,Transcriptome
PEX14,-0.16884544,Secretory,Krug_Breast_MD,Transcriptome
PEX19,-0.09479849,Cytosol,Krug_Breast_MD,Transcriptome
PEX6,-0.15124156,Secretory,Krug_Breast_MD,Transcriptome
PFAS,-0.11179847,Cytosol,Krug_Breast_MD,Transcriptome
PFDN1,-0.106709786,Cytosol,Krug_Breast_MD,Transcriptome
PFDN2,-0.08219371,Cytosol,Krug_Breast_MD,Transcriptome
PFDN5,-0.102496475,Cytosol,Krug_Breast_MD,Transcriptome
PFDN6,-0.12229116,Cytosol,Krug_Breast_MD,Transcriptome
PFKFB2,-0.09524995,Cytosol,Krug_Breast_MD,Transcriptome
PFKL,-0.099283345,Cytosol,Krug_Breast_MD,Transcriptome
PFN1,-0.09671446,Cytosol,Krug_Breast_MD,Transcriptome
PFN2,-0.068492524,Cytosol,Krug_Breast_MD,Transcriptome
PGAM1,-0.08510093,Cytosol,Krug_Breast_MD,Transcriptome
PGAM5,0.096156955,Mitochondria,Krug_Breast_MD,Transcriptome
PGK1,-0.10026694,Cytosol,Krug_Breast_MD,Transcriptome
PGM1,0.015185064,Cytosol,Krug_Breast_MD,Transcriptome
PGM2,-0.0022668396,Cytosol,Krug_Breast_MD,Transcriptome
PGM2L1,-0.022373153,Cytosol,Krug_Breast_MD,Transcriptome
PGM3,0.0009340325,Cytosol,Krug_Breast_MD,Transcriptome
PGP,-0.09820337,Cytosol,Krug_Breast_MD,Transcriptome
PGRMC1,-0.058348842,Secretory,Krug_Breast_MD,Transcriptome
PGRMC2,0.109994434,Secretory,Krug_Breast_MD,Transcriptome
PHACTR2,-0.044199094,Cytosol,Krug_Breast_MD,Transcriptome
PHACTR4,-0.103421986,Cytosol,Krug_Breast_MD,Transcriptome
PHB2,0.1109436,Mitochondria,Krug_Breast_MD,Transcriptome
PHF2,-0.059135467,Nucleus,Krug_Breast_MD,Transcriptome
PHGDH,-0.072388105,Cytosol,Krug_Breast_MD,Transcriptome
PHIP,-0.06247029,Nucleus,Krug_Breast_MD,Transcriptome
PHKA1,-0.0696636,Cytosol,Krug_Breast_MD,Transcriptome
PHKB,-0.04392158,Cytosol,Krug_Breast_MD,Transcriptome
PHKG2,-0.09965282,Cytosol,Krug_Breast_MD,Transcriptome
PHPT1,-0.11551709,Cytosol,Krug_Breast_MD,Transcriptome
PHYH,-0.16539127,Secretory,Krug_Breast_MD,Transcriptome
PHYKPL,-0.070740625,Cytosol,Krug_Breast_MD,Transcriptome
PI4K2A,-0.17554574,Secretory,Krug_Breast_MD,Transcriptome
PI4K2B,-0.017207876,Secretory,Krug_Breast_MD,Transcriptome
PI4KB,-0.110768296,Cytosol,Krug_Breast_MD,Transcriptome
PIGK,0.108730555,Secretory,Krug_Breast_MD,Transcriptome
PIGU,-0.20674057,Secretory,Krug_Breast_MD,Transcriptome
PIH1D1,-0.10587573,Cytosol,Krug_Breast_MD,Transcriptome
PIK3CA,-0.08805254,Cytosol,Krug_Breast_MD,Transcriptome
PIN4,-0.13075773,Cytosol,Krug_Breast_MD,Transcriptome
PIP5K1A,-0.038624592,Secretory,Krug_Breast_MD,Transcriptome
PIR,-0.06202444,Cytosol,Krug_Breast_MD,Transcriptome
PISD,0.061881542,Mitochondria,Krug_Breast_MD,Transcriptome
PITPNA,-0.117649645,Cytosol,Krug_Breast_MD,Transcriptome
PITPNB,0.00675863,Cytosol,Krug_Breast_MD,Transcriptome
PKM,-0.09494369,Cytosol,Krug_Breast_MD,Transcriptome
PKNOX1,-0.060174536,Nucleus,Krug_Breast_MD,Transcriptome
PKP2,0.001419725,Mitochondria,Krug_Breast_MD,Transcriptome
PKP4,-0.09619414,Mitochondria,Krug_Breast_MD,Transcriptome
PLA2G12A,0.096940264,Secretory,Krug_Breast_MD,Transcriptome
PLAA,-0.05822819,Cytosol,Krug_Breast_MD,Transcriptome
PLAUR,-0.19145165,Secretory,Krug_Breast_MD,Transcriptome
PLCB3,-0.09892959,Cytosol,Krug_Breast_MD,Transcriptome
PLCD1,-0.04597131,Secretory,Krug_Breast_MD,Transcriptome
PLCD3,-0.046169974,Secretory,Krug_Breast_MD,Transcriptome
PLCG1,-0.11145662,Cytosol,Krug_Breast_MD,Transcriptome
PLD1,0.012941908,Secretory,Krug_Breast_MD,Transcriptome
PLEKHA2,-0.023944981,Cytosol,Krug_Breast_MD,Transcriptome
PLGRKT,-0.06610027,Mitochondria,Krug_Breast_MD,Transcriptome
PLRG1,-0.025818784,Nucleus,Krug_Breast_MD,Transcriptome
PLS3,-0.04099988,Cytosol,Krug_Breast_MD,Transcriptome
PLSCR1,-0.16426563,Secretory,Krug_Breast_MD,Transcriptome
PLXNA1,-0.17559999,Secretory,Krug_Breast_MD,Transcriptome
PLXNA3,-0.15781991,Secretory,Krug_Breast_MD,Transcriptome
PLXNB2,-0.14825809,Secretory,Krug_Breast_MD,Transcriptome
PLXND1,-0.12348856,Secretory,Krug_Breast_MD,Transcriptome
PM20D2,-0.004128326,Cytosol,Krug_Breast_MD,Transcriptome
PMM1,-0.094730034,Cytosol,Krug_Breast_MD,Transcriptome
PMM2,-0.08299725,Cytosol,Krug_Breast_MD,Transcriptome
PMVK,-0.12919807,Cytosol,Krug_Breast_MD,Transcriptome
PNKD,0.09972797,Mitochondria,Krug_Breast_MD,Transcriptome
PNN,-0.084771626,Nucleus,Krug_Breast_MD,Transcriptome
PNPLA6,-0.17106092,Secretory,Krug_Breast_MD,Transcriptome
PNPLA8,-0.14671573,Mitochondria,Krug_Breast_MD,Transcriptome
PNPO,-0.07274636,Cytosol,Krug_Breast_MD,Transcriptome
PODXL,0.0023268363,Secretory,Krug_Breast_MD,Transcriptome
POGZ,-0.048852347,Nucleus,Krug_Breast_MD,Transcriptome
POLR1A,-0.1060041,Nucleus,Krug_Breast_MD,Transcriptome
POLR1E,-0.0866996,Nucleus,Krug_Breast_MD,Transcriptome
POLR2A,-0.048236243,Nucleus,Krug_Breast_MD,Transcriptome
POLR3B,-0.02168586,Nucleus,Krug_Breast_MD,Transcriptome
POLRMT,-0.15962444,Secretory,Krug_Breast_MD,Transcriptome
POM121C,-0.085025586,Nucleus,Krug_Breast_MD,Transcriptome
POMK,-0.14214043,Secretory,Krug_Breast_MD,Transcriptome
PON2,0.023530792,Secretory,Krug_Breast_MD,Transcriptome
POP1,-0.05333058,Nucleus,Krug_Breast_MD,Transcriptome
POP4,-0.094300546,Nucleus,Krug_Breast_MD,Transcriptome
POR,-0.19919674,Secretory,Krug_Breast_MD,Transcriptome
PPA1,-0.08148919,Cytosol,Krug_Breast_MD,Transcriptome
PPAT,-0.044657968,Cytosol,Krug_Breast_MD,Transcriptome
PPCS,-0.11035148,Cytosol,Krug_Breast_MD,Transcriptome
PPHLN1,-0.051425993,Nucleus,Krug_Breast_MD,Transcriptome
PPIA,-0.0861544,Cytosol,Krug_Breast_MD,Transcriptome
PPID,0.010126133,Cytosol,Krug_Breast_MD,Transcriptome
PPIL2,-0.066012286,Nucleus,Krug_Breast_MD,Transcriptome
PPIL3,-0.1190343,Cytosol,Krug_Breast_MD,Transcriptome
PPIP5K2,-0.124446064,Cytosol,Krug_Breast_MD,Transcriptome
PPM1A,-0.12468893,Cytosol,Krug_Breast_MD,Transcriptome
PPM1B,-0.009983268,Cytosol,Krug_Breast_MD,Transcriptome
PPM1F,-0.084527895,Cytosol,Krug_Breast_MD,Transcriptome
PPM1H,-0.09157133,Cytosol,Krug_Breast_MD,Transcriptome
PPME1,-0.0475636,Cytosol,Krug_Breast_MD,Transcriptome
PPP1CB,0.022584299,Cytosol,Krug_Breast_MD,Transcriptome
PPP1R11,-0.12751573,Cytosol,Krug_Breast_MD,Transcriptome
PPP1R14B,-0.10667308,Cytosol,Krug_Breast_MD,Transcriptome
PPP1R2,-0.11665118,Cytosol,Krug_Breast_MD,Transcriptome
PPP1R7,-0.13512363,Cytosol,Krug_Breast_MD,Transcriptome
PPP2R1A,-0.10796559,Cytosol,Krug_Breast_MD,Transcriptome
PPP2R1B,-0.05343526,Cytosol,Krug_Breast_MD,Transcriptome
PPP2R2A,-0.06995402,Cytosol,Krug_Breast_MD,Transcriptome
PPP2R3A,0.009155919,Cytosol,Krug_Breast_MD,Transcriptome
PPP2R5C,-0.119831786,Cytosol,Krug_Breast_MD,Transcriptome
PPP2R5D,-0.058097232,Cytosol,Krug_Breast_MD,Transcriptome
PPP3CB,-0.09151819,Cytosol,Krug_Breast_MD,Transcriptome
PPP4C,-0.09899475,Cytosol,Krug_Breast_MD,Transcriptome
PPP4R1,-0.080812186,Cytosol,Krug_Breast_MD,Transcriptome
PPP5C,-0.09616523,Cytosol,Krug_Breast_MD,Transcriptome
PPP6R1,-0.10722593,Cytosol,Krug_Breast_MD,Transcriptome
PRDM15,-0.09057239,Nucleus,Krug_Breast_MD,Transcriptome
PRDM2,-0.10828702,Nucleus,Krug_Breast_MD,Transcriptome
PRDX1,-0.081582814,Cytosol,Krug_Breast_MD,Transcriptome
PRDX6,-0.09735908,Cytosol,Krug_Breast_MD,Transcriptome
PREB,-0.18949567,Secretory,Krug_Breast_MD,Transcriptome
PREP,-0.011234644,Cytosol,Krug_Breast_MD,Transcriptome
PREPL,-0.12312787,Cytosol,Krug_Breast_MD,Transcriptome
PRKAB1,-0.08120779,Cytosol,Krug_Breast_MD,Transcriptome
PRKAB2,-0.01774409,Cytosol,Krug_Breast_MD,Transcriptome
PRKAR1B,-0.0891487,Cytosol,Krug_Breast_MD,Transcriptome
PRKCA,-0.018059386,Cytosol,Krug_Breast_MD,Transcriptome
PRKD2,-0.09916843,Cytosol,Krug_Breast_MD,Transcriptome
PRKRA,-0.11310588,Nucleus,Krug_Breast_MD,Transcriptome
PRMT3,-0.085418835,Cytosol,Krug_Breast_MD,Transcriptome
PRMT5,-0.114810064,Cytosol,Krug_Breast_MD,Transcriptome
PRNP,0.012714918,Secretory,Krug_Breast_MD,Transcriptome
PRPF19,-0.08674901,Nucleus,Krug_Breast_MD,Transcriptome
PRPF31,-0.087800406,Nucleus,Krug_Breast_MD,Transcriptome
PRPF38A,-0.08475299,Nucleus,Krug_Breast_MD,Transcriptome
PRPF40A,-0.017496316,Nucleus,Krug_Breast_MD,Transcriptome
PRPS2,-0.03901668,Cytosol,Krug_Breast_MD,Transcriptome
PRTFDC1,-0.055641875,Cytosol,Krug_Breast_MD,Transcriptome
PSMA1,-0.10399696,Cytosol,Krug_Breast_MD,Transcriptome
PSMA3,-0.09247961,Cytosol,Krug_Breast_MD,Transcriptome
PSMA4,-0.07024163,Cytosol,Krug_Breast_MD,Transcriptome
PSMA5,-0.09584312,Cytosol,Krug_Breast_MD,Transcriptome
PSMA6,-0.12652087,Cytosol,Krug_Breast_MD,Transcriptome
PSMA7,-0.106926195,Cytosol,Krug_Breast_MD,Transcriptome
PSMB2,-0.083247736,Cytosol,Krug_Breast_MD,Transcriptome
PSMB4,-0.10844069,Cytosol,Krug_Breast_MD,Transcriptome
PSMB5,-0.11799287,Cytosol,Krug_Breast_MD,Transcriptome
PSMB7,-0.122341566,Cytosol,Krug_Breast_MD,Transcriptome
PSMC1,-0.081655785,Cytosol,Krug_Breast_MD,Transcriptome
PSMC2,-0.069340445,Cytosol,Krug_Breast_MD,Transcriptome
PSMC3,-0.122915626,Cytosol,Krug_Breast_MD,Transcriptome
PSMC4,-0.11752064,Cytosol,Krug_Breast_MD,Transcriptome
PSMC5,-0.12834273,Cytosol,Krug_Breast_MD,Transcriptome
PSMD1,-0.040738534,Cytosol,Krug_Breast_MD,Transcriptome
PSMD11,-0.08263565,Cytosol,Krug_Breast_MD,Transcriptome
PSMD12,-0.082519464,Cytosol,Krug_Breast_MD,Transcriptome
PSMD13,-0.12796302,Cytosol,Krug_Breast_MD,Transcriptome
PSMD14,-0.05969484,Cytosol,Krug_Breast_MD,Transcriptome
PSMD2,-0.09001938,Cytosol,Krug_Breast_MD,Transcriptome
PSMD3,-0.08277081,Cytosol,Krug_Breast_MD,Transcriptome
PSMD7,-0.07531032,Cytosol,Krug_Breast_MD,Transcriptome
PSMD8,-0.11701561,Cytosol,Krug_Breast_MD,Transcriptome
PSMD9,-0.11145581,Cytosol,Krug_Breast_MD,Transcriptome
PSME4,-0.003335773,Cytosol,Krug_Breast_MD,Transcriptome
PSMG1,-0.07272716,Cytosol,Krug_Breast_MD,Transcriptome
PSMG4,-0.11654751,Cytosol,Krug_Breast_MD,Transcriptome
PSPC1,-0.06192148,Nucleus,Krug_Breast_MD,Transcriptome
PTDSS1,-0.15902317,Secretory,Krug_Breast_MD,Transcriptome
PTGES2,0.08354361,Mitochondria,Krug_Breast_MD,Transcriptome
PTGES3,-0.027652977,Cytosol,Krug_Breast_MD,Transcriptome
PTGFRN,0.060540736,Secretory,Krug_Breast_MD,Transcriptome
PTGR1,-0.11739026,Cytosol,Krug_Breast_MD,Transcriptome
PTK7,0.04536314,Secretory,Krug_Breast_MD,Transcriptome
PTP4A2,-0.10959953,Cytosol,Krug_Breast_MD,Transcriptome
PTPMT1,0.11082683,Mitochondria,Krug_Breast_MD,Transcriptome
PTPN1,-0.059027404,Secretory,Krug_Breast_MD,Transcriptome
PTPN11,-0.055826314,Cytosol,Krug_Breast_MD,Transcriptome
PTPN12,-0.013796067,Cytosol,Krug_Breast_MD,Transcriptome
PTPN13,0.11142314,Secretory,Krug_Breast_MD,Transcriptome
PTPRA,0.079418294,Secretory,Krug_Breast_MD,Transcriptome
PTPRE,0.07052593,Secretory,Krug_Breast_MD,Transcriptome
PTPRF,-0.194537,Secretory,Krug_Breast_MD,Transcriptome
PTPRJ,0.08520721,Secretory,Krug_Breast_MD,Transcriptome
PTPRK,-0.055890854,Secretory,Krug_Breast_MD,Transcriptome
PTPRS,-0.16517615,Secretory,Krug_Breast_MD,Transcriptome
PTRH2,-0.17846629,Secretory,Krug_Breast_MD,Transcriptome
PTRHD1,-0.12829931,Cytosol,Krug_Breast_MD,Transcriptome
PTTG1IP,0.031853925,Secretory,Krug_Breast_MD,Transcriptome
PUS3,-0.02834744,Nucleus,Krug_Breast_MD,Transcriptome
PVR,-0.17808023,Secretory,Krug_Breast_MD,Transcriptome
PWP2,-0.08421475,Nucleus,Krug_Breast_MD,Transcriptome
PWWP2A,-0.11430714,Nucleus,Krug_Breast_MD,Transcriptome
PXN,-0.10434811,Cytosol,Krug_Breast_MD,Transcriptome
PYCR1,0.1020738,Mitochondria,Krug_Breast_MD,Transcriptome
PYCR2,0.07432673,Mitochondria,Krug_Breast_MD,Transcriptome
PYGL,-0.09535641,Cytosol,Krug_Breast_MD,Transcriptome
PYGO2,-0.07817946,Nucleus,Krug_Breast_MD,Transcriptome
PYROXD1,-0.09551076,Cytosol,Krug_Breast_MD,Transcriptome
QDPR,-0.098463595,Cytosol,Krug_Breast_MD,Transcriptome
QPCTL,-0.14337865,Secretory,Krug_Breast_MD,Transcriptome
QSER1,-0.013441492,Nucleus,Krug_Breast_MD,Transcriptome
QSOX1,-0.054903105,Secretory,Krug_Breast_MD,Transcriptome
QSOX2,-0.20894635,Secretory,Krug_Breast_MD,Transcriptome
QTRT1,-0.104735576,Cytosol,Krug_Breast_MD,Transcriptome
R3HCC1,-0.13129792,Cytosol,Krug_Breast_MD,Transcriptome
R3HDM2,-0.07793294,Cytosol,Krug_Breast_MD,Transcriptome
RAB10,-0.0036084936,Secretory,Krug_Breast_MD,Transcriptome
RAB11FIP5,-0.02212184,Secretory,Krug_Breast_MD,Transcriptome
RAB12,-0.12890053,Secretory,Krug_Breast_MD,Transcriptome
RAB13,-0.15930533,Secretory,Krug_Breast_MD,Transcriptome
RAB14,0.11086956,Secretory,Krug_Breast_MD,Transcriptome
RAB18,0.08183162,Secretory,Krug_Breast_MD,Transcriptome
RAB1A,-0.0029331697,Secretory,Krug_Breast_MD,Transcriptome
RAB1B,-0.1446318,Secretory,Krug_Breast_MD,Transcriptome
RAB20,-0.2006876,Secretory,Krug_Breast_MD,Transcriptome
RAB21,0.109930746,Secretory,Krug_Breast_MD,Transcriptome
RAB22A,-0.075020745,Secretory,Krug_Breast_MD,Transcriptome
RAB23,0.04496768,Secretory,Krug_Breast_MD,Transcriptome
RAB24,-0.16528702,Secretory,Krug_Breast_MD,Transcriptome
RAB27A,0.04540113,Secretory,Krug_Breast_MD,Transcriptome
RAB27B,0.10819977,Secretory,Krug_Breast_MD,Transcriptome
RAB2A,0.020296196,Secretory,Krug_Breast_MD,Transcriptome
RAB2B,0.10394869,Secretory,Krug_Breast_MD,Transcriptome
RAB30,0.09603606,Secretory,Krug_Breast_MD,Transcriptome
RAB31,0.10464894,Secretory,Krug_Breast_MD,Transcriptome
RAB32,-0.17578483,Secretory,Krug_Breast_MD,Transcriptome
RAB33B,0.10835435,Secretory,Krug_Breast_MD,Transcriptome
RAB35,-0.19216427,Secretory,Krug_Breast_MD,Transcriptome
RAB43,-0.15552287,Secretory,Krug_Breast_MD,Transcriptome
RAB4A,-0.01191628,Secretory,Krug_Breast_MD,Transcriptome
RAB5A,0.09609692,Secretory,Krug_Breast_MD,Transcriptome
RAB6A,-0.01033877,Secretory,Krug_Breast_MD,Transcriptome
RAB7A,-0.017970791,Secretory,Krug_Breast_MD,Transcriptome
RAB8A,-0.19473207,Secretory,Krug_Breast_MD,Transcriptome
RAB8B,0.089799345,Secretory,Krug_Breast_MD,Transcriptome
RAB9A,-0.11391889,Secretory,Krug_Breast_MD,Transcriptome
RABAC1,-0.18715757,Secretory,Krug_Breast_MD,Transcriptome
RABEP1,-0.10230974,Cytosol,Krug_Breast_MD,Transcriptome
RABEPK,-0.13546337,Cytosol,Krug_Breast_MD,Transcriptome
RABGAP1,-0.11637847,Cytosol,Krug_Breast_MD,Transcriptome
RABGAP1L,-0.07196811,Cytosol,Krug_Breast_MD,Transcriptome
RABGGTA,-0.11515331,Cytosol,Krug_Breast_MD,Transcriptome
RABGGTB,-0.029620813,Cytosol,Krug_Breast_MD,Transcriptome
RABIF,-0.051019497,Cytosol,Krug_Breast_MD,Transcriptome
RABL3,0.099145226,Secretory,Krug_Breast_MD,Transcriptome
RABL6,-0.100481145,Cytosol,Krug_Breast_MD,Transcriptome
RACGAP1,0.03114094,Mitochondria,Krug_Breast_MD,Transcriptome
RAD21,-0.053293634,Nucleus,Krug_Breast_MD,Transcriptome
RAD23A,-0.10589415,Cytosol,Krug_Breast_MD,Transcriptome
RAD23B,-0.029732754,Cytosol,Krug_Breast_MD,Transcriptome
RAI1,-0.054326043,Nucleus,Krug_Breast_MD,Transcriptome
RALA,0.015981369,Secretory,Krug_Breast_MD,Transcriptome
RALB,0.08574624,Secretory,Krug_Breast_MD,Transcriptome
RALGAPA2,-0.10955027,Cytosol,Krug_Breast_MD,Transcriptome
RALGPS2,-0.11222318,Cytosol,Krug_Breast_MD,Transcriptome
RALY,-0.11143252,Nucleus,Krug_Breast_MD,Transcriptome
RAN,-0.082806565,Cytosol,Krug_Breast_MD,Transcriptome
RANBP1,-0.09024083,Cytosol,Krug_Breast_MD,Transcriptome
RANBP2,-0.105541125,Nucleus,Krug_Breast_MD,Transcriptome
RANBP3,-0.06623953,Nucleus,Krug_Breast_MD,Transcriptome
RAP1A,0.07643685,Secretory,Krug_Breast_MD,Transcriptome
RAP1B,0.10195784,Secretory,Krug_Breast_MD,Transcriptome
RAP1GDS1,-0.058933467,Cytosol,Krug_Breast_MD,Transcriptome
RAP2B,-0.18474844,Secretory,Krug_Breast_MD,Transcriptome
RAP2C,0.10250487,Secretory,Krug_Breast_MD,Transcriptome
RAPH1,-0.12060929,Cytosol,Krug_Breast_MD,Transcriptome
RASA1,-0.12308226,Cytosol,Krug_Breast_MD,Transcriptome
RBBP5,-0.03080349,Nucleus,Krug_Breast_MD,Transcriptome
RBBP8,-0.08896084,Nucleus,Krug_Breast_MD,Transcriptome
RBBP9,-0.043601368,Cytosol,Krug_Breast_MD,Transcriptome
RBCK1,-0.120864816,Cytosol,Krug_Breast_MD,Transcriptome
RBKS,-0.08558857,Cytosol,Krug_Breast_MD,Transcriptome
RBM12B,-0.027087739,Nucleus,Krug_Breast_MD,Transcriptome
RBM14,-0.06270471,Nucleus,Krug_Breast_MD,Transcriptome
RBM15,-0.034962006,Nucleus,Krug_Breast_MD,Transcriptome
RBM15B,-0.07793176,Nucleus,Krug_Breast_MD,Transcriptome
RBM19,-0.07911524,Nucleus,Krug_Breast_MD,Transcriptome
RBM25,-0.108203486,Nucleus,Krug_Breast_MD,Transcriptome
RBM34,-0.063808665,Nucleus,Krug_Breast_MD,Transcriptome
RBM42,-0.09386493,Nucleus,Krug_Breast_MD,Transcriptome
RBM47,-0.10584944,Nucleus,Krug_Breast_MD,Transcriptome
RBM5,-0.038568877,Nucleus,Krug_Breast_MD,Transcriptome
RBM6,-0.06523347,Nucleus,Krug_Breast_MD,Transcriptome
RBMS2,-0.09703452,Nucleus,Krug_Breast_MD,Transcriptome
RBMX,-0.101215,Nucleus,Krug_Breast_MD,Transcriptome
RBMXL1,-0.07712852,Nucleus,Krug_Breast_MD,Transcriptome
RBPJ,-0.10526581,Nucleus,Krug_Breast_MD,Transcriptome
RBX1,-0.11486971,Cytosol,Krug_Breast_MD,Transcriptome
RCC1,-0.057118353,Nucleus,Krug_Breast_MD,Transcriptome
RCL1,-0.05771759,Nucleus,Krug_Breast_MD,Transcriptome
RCN1,-0.063190445,Nucleus,Krug_Breast_MD,Transcriptome
RCOR1,-0.10564022,Nucleus,Krug_Breast_MD,Transcriptome
RCOR3,-0.09050903,Nucleus,Krug_Breast_MD,Transcriptome
RDH10,-0.17586674,Secretory,Krug_Breast_MD,Transcriptome
RDH11,0.09517599,Secretory,Krug_Breast_MD,Transcriptome
RDH13,0.07524663,Mitochondria,Krug_Breast_MD,Transcriptome
RDH14,-0.1183229,Secretory,Krug_Breast_MD,Transcriptome
RDX,-0.026923772,Cytosol,Krug_Breast_MD,Transcriptome
RECQL5,-0.090573825,Nucleus,Krug_Breast_MD,Transcriptome
REEP3,0.105672635,Secretory,Krug_Breast_MD,Transcriptome
REEP4,-0.20095013,Secretory,Krug_Breast_MD,Transcriptome
REEP5,0.09250992,Secretory,Krug_Breast_MD,Transcriptome
REL,-0.12318391,Cytosol,Krug_Breast_MD,Transcriptome
RELB,-0.09518721,Cytosol,Krug_Breast_MD,Transcriptome
RELL1,0.077290684,Secretory,Krug_Breast_MD,Transcriptome
RER1,-0.16839303,Secretory,Krug_Breast_MD,Transcriptome
RETSAT,0.10566267,Secretory,Krug_Breast_MD,Transcriptome
REXO2,-0.017915836,Cytosol,Krug_Breast_MD,Transcriptome
REXO4,-0.103128895,Nucleus,Krug_Breast_MD,Transcriptome
RFC1,-0.09391838,Nucleus,Krug_Breast_MD,Transcriptome
RFX1,-0.061282855,Nucleus,Krug_Breast_MD,Transcriptome
RHBDD3,-0.16258657,Secretory,Krug_Breast_MD,Transcriptome
RHBDF1,-0.098650515,Secretory,Krug_Breast_MD,Transcriptome
RHBDF2,-0.20579602,Secretory,Krug_Breast_MD,Transcriptome
RHEB,-0.05934085,Cytosol,Krug_Breast_MD,Transcriptome
RHOB,0.08372633,Secretory,Krug_Breast_MD,Transcriptome
RHOG,-0.19780725,Secretory,Krug_Breast_MD,Transcriptome
RHOT1,-0.13917388,Mitochondria,Krug_Breast_MD,Transcriptome
RHOT2,0.062078167,Mitochondria,Krug_Breast_MD,Transcriptome
RICTOR,-0.117969915,Cytosol,Krug_Breast_MD,Transcriptome
RIF1,-0.017511161,Nucleus,Krug_Breast_MD,Transcriptome
RIN3,-0.087485224,Cytosol,Krug_Breast_MD,Transcriptome
RMDN1,-0.01841197,Nucleus,Krug_Breast_MD,Transcriptome
RMDN2,-0.15470219,Mitochondria,Krug_Breast_MD,Transcriptome
RMDN3,0.026110262,Mitochondria,Krug_Breast_MD,Transcriptome
RMND1,-0.009433412,Mitochondria,Krug_Breast_MD,Transcriptome
RNF123,-0.08953977,Cytosol,Krug_Breast_MD,Transcriptome
RNF126,-0.09742273,Cytosol,Krug_Breast_MD,Transcriptome
RNF14,-0.10769203,Cytosol,Krug_Breast_MD,Transcriptome
RNF146,-0.040506188,Cytosol,Krug_Breast_MD,Transcriptome
RNF169,-0.035920512,Nucleus,Krug_Breast_MD,Transcriptome
RNF2,-0.106771976,Nucleus,Krug_Breast_MD,Transcriptome
RNF20,-0.08902013,Nucleus,Krug_Breast_MD,Transcriptome
RNF216,-0.08453431,Cytosol,Krug_Breast_MD,Transcriptome
RNF25,-0.12850982,Cytosol,Krug_Breast_MD,Transcriptome
RNF40,-0.057533488,Nucleus,Krug_Breast_MD,Transcriptome
RNF5,-0.21113059,Secretory,Krug_Breast_MD,Transcriptome
RNMT,-0.04517155,Nucleus,Krug_Breast_MD,Transcriptome
RNPC3,-0.10936637,Nucleus,Krug_Breast_MD,Transcriptome
RNPEP,-0.09616912,Cytosol,Krug_Breast_MD,Transcriptome
RNPS1,-0.06198647,Nucleus,Krug_Breast_MD,Transcriptome
ROCK1,-0.1104782,Cytosol,Krug_Breast_MD,Transcriptome
ROCK2,-0.025927419,Cytosol,Krug_Breast_MD,Transcriptome
RP2,0.105288185,Secretory,Krug_Breast_MD,Transcriptome
RPAIN,-0.07269113,Nucleus,Krug_Breast_MD,Transcriptome
RPE,0.013991114,Cytosol,Krug_Breast_MD,Transcriptome
RPF1,-0.018195182,Nucleus,Krug_Breast_MD,Transcriptome
RPF2,-0.026394084,Nucleus,Krug_Breast_MD,Transcriptome
RPL10,-0.09739254,Nucleus,Krug_Breast_MD,Transcriptome
RPL11,-0.09561486,Nucleus,Krug_Breast_MD,Transcriptome
RPL12,-0.09600444,Nucleus,Krug_Breast_MD,Transcriptome
RPL13A,-0.09554027,Nucleus,Krug_Breast_MD,Transcriptome
RPL14,-0.09234208,Nucleus,Krug_Breast_MD,Transcriptome
RPL15,-0.09359832,Nucleus,Krug_Breast_MD,Transcriptome
RPL18,-0.0991767,Nucleus,Krug_Breast_MD,Transcriptome
RPL18A,-0.10448389,Nucleus,Krug_Breast_MD,Transcriptome
RPL21,-0.09505561,Nucleus,Krug_Breast_MD,Transcriptome
RPL22L1,-0.10292825,Nucleus,Krug_Breast_MD,Transcriptome
RPL23A,-0.074030094,Nucleus,Krug_Breast_MD,Transcriptome
RPL27,-0.092343666,Nucleus,Krug_Breast_MD,Transcriptome
RPL28,-0.102356315,Nucleus,Krug_Breast_MD,Transcriptome
RPL3,-0.094623394,Nucleus,Krug_Breast_MD,Transcriptome
RPL30,-0.086939804,Nucleus,Krug_Breast_MD,Transcriptome
RPL34,-0.09392223,Nucleus,Krug_Breast_MD,Transcriptome
RPL35A,-0.096784525,Nucleus,Krug_Breast_MD,Transcriptome
RPL36,-0.09820306,Nucleus,Krug_Breast_MD,Transcriptome
RPL37A,-0.095242135,Nucleus,Krug_Breast_MD,Transcriptome
RPL4,-0.09408449,Nucleus,Krug_Breast_MD,Transcriptome
RPL6,-0.09431179,Nucleus,Krug_Breast_MD,Transcriptome
RPL7,-0.093509726,Nucleus,Krug_Breast_MD,Transcriptome
RPL7A,-0.0973127,Nucleus,Krug_Breast_MD,Transcriptome
RPL7L1,-0.059819687,Nucleus,Krug_Breast_MD,Transcriptome
RPL9,-0.09285875,Nucleus,Krug_Breast_MD,Transcriptome
RPLP0,-0.09540833,Nucleus,Krug_Breast_MD,Transcriptome
RPLP2,-0.10358464,Nucleus,Krug_Breast_MD,Transcriptome
RPN1,-0.21451847,Secretory,Krug_Breast_MD,Transcriptome
RPN2,-0.2124676,Secretory,Krug_Breast_MD,Transcriptome
RPRD2,-0.042449377,Nucleus,Krug_Breast_MD,Transcriptome
RPS4X,-0.092946485,Nucleus,Krug_Breast_MD,Transcriptome
RPS6KA1,-0.0886593,Cytosol,Krug_Breast_MD,Transcriptome
RPS6KB1,-0.029944573,Cytosol,Krug_Breast_MD,Transcriptome
RPS7,-0.0996009,Nucleus,Krug_Breast_MD,Transcriptome
RPS8,-0.09439308,Nucleus,Krug_Breast_MD,Transcriptome
RRAS,-0.18419144,Secretory,Krug_Breast_MD,Transcriptome
RRAS2,-0.048652437,Secretory,Krug_Breast_MD,Transcriptome
RRBP1,-0.18431528,Secretory,Krug_Breast_MD,Transcriptome
RREB1,-0.09655672,Nucleus,Krug_Breast_MD,Transcriptome
RRM2,-0.048870742,Cytosol,Krug_Breast_MD,Transcriptome
RRM2B,-0.08057968,Cytosol,Krug_Breast_MD,Transcriptome
RRP12,-0.110793464,Nucleus,Krug_Breast_MD,Transcriptome
RRP36,-0.07400355,Nucleus,Krug_Breast_MD,Transcriptome
RRP7A,-0.11190218,Nucleus,Krug_Breast_MD,Transcriptome
RRS1,-0.10100925,Nucleus,Krug_Breast_MD,Transcriptome
RSBN1,-0.111035116,Nucleus,Krug_Breast_MD,Transcriptome
RSBN1L,-0.108124,Nucleus,Krug_Breast_MD,Transcriptome
RSF1,-0.011563974,Nucleus,Krug_Breast_MD,Transcriptome
RSL1D1,-0.08345031,Nucleus,Krug_Breast_MD,Transcriptome
RTN3,0.037737783,Secretory,Krug_Breast_MD,Transcriptome
RTN4,0.11132321,Secretory,Krug_Breast_MD,Transcriptome
RUFY3,-0.11777001,Cytosol,Krug_Breast_MD,Transcriptome
RWDD1,0.0027745971,Cytosol,Krug_Breast_MD,Transcriptome
RWDD2B,-0.05989089,Cytosol,Krug_Breast_MD,Transcriptome
RWDD4,-0.08688776,Cytosol,Krug_Breast_MD,Transcriptome
RYBP,-0.114316754,Nucleus,Krug_Breast_MD,Transcriptome
S100A6,-0.09960512,Cytosol,Krug_Breast_MD,Transcriptome
SACM1L,0.104323074,Secretory,Krug_Breast_MD,Transcriptome
SAFB,-0.06413889,Nucleus,Krug_Breast_MD,Transcriptome
SAFB2,-0.06175876,Nucleus,Krug_Breast_MD,Transcriptome
SAMM50,0.056679904,Mitochondria,Krug_Breast_MD,Transcriptome
SAP18,-0.09834198,Nucleus,Krug_Breast_MD,Transcriptome
SAR1A,-0.047494147,Cytosol,Krug_Breast_MD,Transcriptome
SAR1B,-0.12188776,Cytosol,Krug_Breast_MD,Transcriptome
SART3,-0.08133167,Nucleus,Krug_Breast_MD,Transcriptome
SASH1,-0.10316952,Cytosol,Krug_Breast_MD,Transcriptome
SASS6,-0.033211377,Cytosol,Krug_Breast_MD,Transcriptome
SBDS,-0.059812527,Cytosol,Krug_Breast_MD,Transcriptome
SCAF1,-0.065190695,Nucleus,Krug_Breast_MD,Transcriptome
SCAF4,-0.08449414,Nucleus,Krug_Breast_MD,Transcriptome
SCAF8,-0.10097361,Nucleus,Krug_Breast_MD,Transcriptome
SCAMP1,0.104341045,Secretory,Krug_Breast_MD,Transcriptome
SCAMP2,0.0068743723,Secretory,Krug_Breast_MD,Transcriptome
SCAMP3,-0.18440346,Secretory,Krug_Breast_MD,Transcriptome
SCAMP4,-0.10933212,Secretory,Krug_Breast_MD,Transcriptome
SCARB2,0.10455042,Secretory,Krug_Breast_MD,Transcriptome
SCCPDH,-0.057137255,Mitochondria,Krug_Breast_MD,Transcriptome
SCD,-0.02410347,Secretory,Krug_Breast_MD,Transcriptome
SCFD1,0.065519944,Secretory,Krug_Breast_MD,Transcriptome
SCFD2,-0.07899312,Secretory,Krug_Breast_MD,Transcriptome
SCML2,-0.045520585,Nucleus,Krug_Breast_MD,Transcriptome
SCO1,0.0754076,Mitochondria,Krug_Breast_MD,Transcriptome
SCRIB,0.09101763,Mitochondria,Krug_Breast_MD,Transcriptome
SCRN1,-0.032551892,Cytosol,Krug_Breast_MD,Transcriptome
SCRN3,-0.12382377,Cytosol,Krug_Breast_MD,Transcriptome
SDAD1,-0.05194334,Nucleus,Krug_Breast_MD,Transcriptome
SDC1,-0.19668818,Secretory,Krug_Breast_MD,Transcriptome
SDC4,0.07557377,Secretory,Krug_Breast_MD,Transcriptome
SDCBP,-0.03469003,Cytosol,Krug_Breast_MD,Transcriptome
SDF2,-0.07752023,Secretory,Krug_Breast_MD,Transcriptome
SDHA,0.09057626,Mitochondria,Krug_Breast_MD,Transcriptome
SDHB,0.07162234,Mitochondria,Krug_Breast_MD,Transcriptome
SEC11A,-0.17385295,Secretory,Krug_Breast_MD,Transcriptome
SEC22A,-0.19977,Secretory,Krug_Breast_MD,Transcriptome
SEC23IP,-0.12343274,Cytosol,Krug_Breast_MD,Transcriptome
SEC61B,-0.22061841,Secretory,Krug_Breast_MD,Transcriptome
SEC62,0.104651205,Secretory,Krug_Breast_MD,Transcriptome
SEC63,-0.014998049,Secretory,Krug_Breast_MD,Transcriptome
SEL1L,0.10765625,Secretory,Krug_Breast_MD,Transcriptome
SEMA3C,0.10842583,Secretory,Krug_Breast_MD,Transcriptome
SEMA4C,-0.17250791,Secretory,Krug_Breast_MD,Transcriptome
SEMA4D,-0.1799733,Secretory,Krug_Breast_MD,Transcriptome
SENP3,-0.10706869,Nucleus,Krug_Breast_MD,Transcriptome
SENP7,-0.11190905,Nucleus,Krug_Breast_MD,Transcriptome
SEPSECS,-0.121190764,Cytosol,Krug_Breast_MD,Transcriptome
SERAC1,-0.058610644,Mitochondria,Krug_Breast_MD,Transcriptome
SERINC3,0.046656076,Secretory,Krug_Breast_MD,Transcriptome
SERPINB1,-0.10674637,Cytosol,Krug_Breast_MD,Transcriptome
SET,-0.061457958,Nucleus,Krug_Breast_MD,Transcriptome
SETD1B,-0.061289035,Nucleus,Krug_Breast_MD,Transcriptome
SETD7,-0.121480554,Cytosol,Krug_Breast_MD,Transcriptome
SF3A1,-0.057780102,Nucleus,Krug_Breast_MD,Transcriptome
SF3A2,-0.06750436,Nucleus,Krug_Breast_MD,Transcriptome
SF3A3,-0.07694277,Nucleus,Krug_Breast_MD,Transcriptome
SF3B1,-0.11160101,Nucleus,Krug_Breast_MD,Transcriptome
SFXN1,0.022604639,Mitochondria,Krug_Breast_MD,Transcriptome
SFXN2,-0.051501133,Mitochondria,Krug_Breast_MD,Transcriptome
SFXN3,0.062398393,Mitochondria,Krug_Breast_MD,Transcriptome
SFXN4,0.0987344,Mitochondria,Krug_Breast_MD,Transcriptome
SGPL1,0.052860286,Secretory,Krug_Breast_MD,Transcriptome
SGPP1,0.09935575,Secretory,Krug_Breast_MD,Transcriptome
SGTA,-0.095921665,Cytosol,Krug_Breast_MD,Transcriptome
SGTB,-0.04859035,Cytosol,Krug_Breast_MD,Transcriptome
SH2D4A,-0.121751994,Cytosol,Krug_Breast_MD,Transcriptome
SH3BP2,-0.08808467,Cytosol,Krug_Breast_MD,Transcriptome
SH3BP4,0.09950637,Secretory,Krug_Breast_MD,Transcriptome
SH3BP5L,-0.13731867,Cytosol,Krug_Breast_MD,Transcriptome
SH3D19,-0.0933762,Cytosol,Krug_Breast_MD,Transcriptome
SH3GL1,-0.09308853,Cytosol,Krug_Breast_MD,Transcriptome
SH3KBP1,-0.013579871,Cytosol,Krug_Breast_MD,Transcriptome
SH3PXD2B,-0.05988509,Cytosol,Krug_Breast_MD,Transcriptome
SH3RF1,-0.120570496,Cytosol,Krug_Breast_MD,Transcriptome
SIN3A,-0.10204572,Nucleus,Krug_Breast_MD,Transcriptome
SIRT1,-0.1150366,Nucleus,Krug_Breast_MD,Transcriptome
SLC11A2,-0.13266347,Secretory,Krug_Breast_MD,Transcriptome
SLC12A2,0.1077441,Secretory,Krug_Breast_MD,Transcriptome
SLC12A4,0.056776807,Secretory,Krug_Breast_MD,Transcriptome
SLC12A9,-0.16827726,Secretory,Krug_Breast_MD,Transcriptome
SLC16A1,-0.16764097,Secretory,Krug_Breast_MD,Transcriptome
SLC16A3,-0.20038904,Secretory,Krug_Breast_MD,Transcriptome
SLC1A4,0.088599786,Secretory,Krug_Breast_MD,Transcriptome
SLC1A5,-0.21675523,Secretory,Krug_Breast_MD,Transcriptome
SLC20A2,-0.02601464,Secretory,Krug_Breast_MD,Transcriptome
SLC25A1,0.07376723,Mitochondria,Krug_Breast_MD,Transcriptome
SLC25A12,-0.10595728,Mitochondria,Krug_Breast_MD,Transcriptome
SLC25A13,0.04452232,Mitochondria,Krug_Breast_MD,Transcriptome
SLC25A15,-0.13161726,Mitochondria,Krug_Breast_MD,Transcriptome
SLC25A19,0.106650166,Mitochondria,Krug_Breast_MD,Transcriptome
SLC25A22,0.07719527,Mitochondria,Krug_Breast_MD,Transcriptome
SLC25A24,-0.1604544,Mitochondria,Krug_Breast_MD,Transcriptome
SLC25A25,0.06548746,Mitochondria,Krug_Breast_MD,Transcriptome
SLC25A3,0.056939434,Mitochondria,Krug_Breast_MD,Transcriptome
SLC25A35,-0.007272408,Mitochondria,Krug_Breast_MD,Transcriptome
SLC25A5,0.07325105,Mitochondria,Krug_Breast_MD,Transcriptome
SLC25A6,0.09176156,Mitochondria,Krug_Breast_MD,Transcriptome
SLC27A1,-0.08021259,Secretory,Krug_Breast_MD,Transcriptome
SLC27A4,-0.15927425,Secretory,Krug_Breast_MD,Transcriptome
SLC30A1,0.095603876,Secretory,Krug_Breast_MD,Transcriptome
SLC30A9,-0.1228015,Mitochondria,Krug_Breast_MD,Transcriptome
SLC33A1,-0.012795536,Secretory,Krug_Breast_MD,Transcriptome
SLC35B2,-0.21462442,Secretory,Krug_Breast_MD,Transcriptome
SLC35E1,-0.17777883,Secretory,Krug_Breast_MD,Transcriptome
SLC35F6,-0.06991033,Secretory,Krug_Breast_MD,Transcriptome
SLC38A1,0.09488706,Secretory,Krug_Breast_MD,Transcriptome
SLC38A10,-0.1743293,Secretory,Krug_Breast_MD,Transcriptome
SLC38A2,0.07569175,Secretory,Krug_Breast_MD,Transcriptome
SLC39A10,0.11197784,Secretory,Krug_Breast_MD,Transcriptome
SLC39A11,0.088784896,Secretory,Krug_Breast_MD,Transcriptome
SLC39A6,0.04321882,Secretory,Krug_Breast_MD,Transcriptome
SLC39A7,-0.21985272,Secretory,Krug_Breast_MD,Transcriptome
SLC3A2,-0.2057482,Secretory,Krug_Breast_MD,Transcriptome
SLC44A1,0.10799127,Secretory,Krug_Breast_MD,Transcriptome
SLC44A2,-0.1933741,Secretory,Krug_Breast_MD,Transcriptome
SLC4A1AP,-0.0351069,Nucleus,Krug_Breast_MD,Transcriptome
SLC4A2,-0.17272349,Secretory,Krug_Breast_MD,Transcriptome
SLC4A7,0.096993335,Secretory,Krug_Breast_MD,Transcriptome
SLC7A1,-0.2103311,Secretory,Krug_Breast_MD,Transcriptome
SLC7A5,-0.20112643,Secretory,Krug_Breast_MD,Transcriptome
SLC9A1,0.0031611458,Secretory,Krug_Breast_MD,Transcriptome
SLK,-0.095195785,Cytosol,Krug_Breast_MD,Transcriptome
SLMAP,0.1082927,Secretory,Krug_Breast_MD,Transcriptome
SLTM,-0.11279485,Nucleus,Krug_Breast_MD,Transcriptome
SMAD2,-0.024229564,Cytosol,Krug_Breast_MD,Transcriptome
SMAD4,-0.11298101,Cytosol,Krug_Breast_MD,Transcriptome
SMAD5,-0.12436962,Cytosol,Krug_Breast_MD,Transcriptome
SMAP1,-0.0032973099,Cytosol,Krug_Breast_MD,Transcriptome
SMARCA1,-0.111791894,Nucleus,Krug_Breast_MD,Transcriptome
SMARCA5,-0.092957735,Nucleus,Krug_Breast_MD,Transcriptome
SMARCAD1,-0.11165285,Nucleus,Krug_Breast_MD,Transcriptome
SMC1A,-0.020109352,Nucleus,Krug_Breast_MD,Transcriptome
SMC5,-0.046539765,Nucleus,Krug_Breast_MD,Transcriptome
SMC6,-0.024868967,Nucleus,Krug_Breast_MD,Transcriptome
SMCHD1,-0.025281703,Nucleus,Krug_Breast_MD,Transcriptome
SMG8,-0.032524087,Cytosol,Krug_Breast_MD,Transcriptome
SMIM12,0.080257505,Mitochondria,Krug_Breast_MD,Transcriptome
SMPD1,-0.10794683,Secretory,Krug_Breast_MD,Transcriptome
SMPD4,-0.06393244,Nucleus,Krug_Breast_MD,Transcriptome
SMS,-0.05444547,Cytosol,Krug_Breast_MD,Transcriptome
SMURF2,-0.032382518,Cytosol,Krug_Breast_MD,Transcriptome
SMYD2,-0.05764864,Cytosol,Krug_Breast_MD,Transcriptome
SMYD5,-0.11357754,Cytosol,Krug_Breast_MD,Transcriptome
SNAP23,0.10988016,Secretory,Krug_Breast_MD,Transcriptome
SNAP47,-0.1078242,Secretory,Krug_Breast_MD,Transcriptome
SNTB2,-0.15864478,Mitochondria,Krug_Breast_MD,Transcriptome
SNX1,-0.10293482,Cytosol,Krug_Breast_MD,Transcriptome
SNX13,0.1125212,Secretory,Krug_Breast_MD,Transcriptome
SNX14,0.099988125,Secretory,Krug_Breast_MD,Transcriptome
SNX15,-0.07184196,Cytosol,Krug_Breast_MD,Transcriptome
SNX2,-0.11397871,Cytosol,Krug_Breast_MD,Transcriptome
SNX5,-0.07048952,Cytosol,Krug_Breast_MD,Transcriptome
SNX6,-0.044734698,Cytosol,Krug_Breast_MD,Transcriptome
SNX9,-0.11289413,Cytosol,Krug_Breast_MD,Transcriptome
SOAT1,-0.13779342,Secretory,Krug_Breast_MD,Transcriptome
SOD1,-0.12823102,Cytosol,Krug_Breast_MD,Transcriptome
SORBS3,-0.107353546,Cytosol,Krug_Breast_MD,Transcriptome
SORD,-0.07304941,Cytosol,Krug_Breast_MD,Transcriptome
SORT1,0.111556515,Secretory,Krug_Breast_MD,Transcriptome
SOS1,0.004552933,Cytosol,Krug_Breast_MD,Transcriptome
SOWAHC,-0.10752185,Cytosol,Krug_Breast_MD,Transcriptome
SP1,-0.11503795,Nucleus,Krug_Breast_MD,Transcriptome
SPAG9,-0.022062758,Cytosol,Krug_Breast_MD,Transcriptome
SPC24,-0.05365052,Cytosol,Krug_Breast_MD,Transcriptome
SPCS1,-0.044759627,Secretory,Krug_Breast_MD,Transcriptome
SPCS2,-0.064084455,Secretory,Krug_Breast_MD,Transcriptome
SPCS3,0.056916643,Secretory,Krug_Breast_MD,Transcriptome
SPECC1,0.03984013,Secretory,Krug_Breast_MD,Transcriptome
SPEN,-0.10773214,Nucleus,Krug_Breast_MD,Transcriptome
SPG7,0.0797885,Mitochondria,Krug_Breast_MD,Transcriptome
SPIN1,-0.111661635,Nucleus,Krug_Breast_MD,Transcriptome
SPPL2A,0.11021189,Secretory,Krug_Breast_MD,Transcriptome
SPR,-0.09571323,Cytosol,Krug_Breast_MD,Transcriptome
SPRYD3,0.026130475,Secretory,Krug_Breast_MD,Transcriptome
SPRYD7,0.11096638,Secretory,Krug_Breast_MD,Transcriptome
SPTLC1,0.09037189,Secretory,Krug_Breast_MD,Transcriptome
SPTLC2,0.10531959,Secretory,Krug_Breast_MD,Transcriptome
SPTY2D1,-0.11165897,Nucleus,Krug_Breast_MD,Transcriptome
SQLE,-0.15095802,Secretory,Krug_Breast_MD,Transcriptome
SRCAP,-0.036026143,Nucleus,Krug_Breast_MD,Transcriptome
SREBF1,-0.03999005,Secretory,Krug_Breast_MD,Transcriptome
SRFBP1,-0.10959841,Nucleus,Krug_Breast_MD,Transcriptome
SRGAP1,-0.10785238,Cytosol,Krug_Breast_MD,Transcriptome
SRI,-0.07862153,Cytosol,Krug_Breast_MD,Transcriptome
SRM,-0.09462925,Cytosol,Krug_Breast_MD,Transcriptome
SRP68,-0.13404113,Cytosol,Krug_Breast_MD,Transcriptome
SRP72,0.0061384914,Cytosol,Krug_Breast_MD,Transcriptome
SRPRB,-0.21836758,Secretory,Krug_Breast_MD,Transcriptome
SRR,-0.098298565,Cytosol,Krug_Breast_MD,Transcriptome
SRRT,-0.086078115,Nucleus,Krug_Breast_MD,Transcriptome
SRSF1,-0.018316936,Nucleus,Krug_Breast_MD,Transcriptome
SRSF3,-0.03110329,Nucleus,Krug_Breast_MD,Transcriptome
SRSF4,-0.08194003,Nucleus,Krug_Breast_MD,Transcriptome
SRSF5,-0.053294875,Nucleus,Krug_Breast_MD,Transcriptome
SRSF7,-0.046063267,Nucleus,Krug_Breast_MD,Transcriptome
SRSF9,-0.09620816,Nucleus,Krug_Breast_MD,Transcriptome
SSBP1,0.048883587,Mitochondria,Krug_Breast_MD,Transcriptome
SSH3,-0.098759234,Cytosol,Krug_Breast_MD,Transcriptome
SSNA1,-0.11238103,Cytosol,Krug_Breast_MD,Transcriptome
SSR1,-0.025525294,Secretory,Krug_Breast_MD,Transcriptome
SSR3,-0.0034036767,Secretory,Krug_Breast_MD,Transcriptome
SSR4,-0.21958423,Secretory,Krug_Breast_MD,Transcriptome
SSU72,-0.09159402,Cytosol,Krug_Breast_MD,Transcriptome
ST13,-0.014383875,Cytosol,Krug_Breast_MD,Transcriptome
ST3GAL1,0.03773943,Secretory,Krug_Breast_MD,Transcriptome
STAG1,-0.08463685,Nucleus,Krug_Breast_MD,Transcriptome
STAG2,-0.10929684,Nucleus,Krug_Breast_MD,Transcriptome
STAMBP,-0.062135827,Cytosol,Krug_Breast_MD,Transcriptome
STARD3,-0.09170705,Secretory,Krug_Breast_MD,Transcriptome
STAT1,-0.062442273,Cytosol,Krug_Breast_MD,Transcriptome
STAT5B,-0.076764464,Cytosol,Krug_Breast_MD,Transcriptome
STAU1,-0.05222466,Nucleus,Krug_Breast_MD,Transcriptome
STAU2,-0.027308524,Nucleus,Krug_Breast_MD,Transcriptome
STIM1,-0.16913366,Secretory,Krug_Breast_MD,Transcriptome
STIP1,-0.103376314,Cytosol,Krug_Breast_MD,Transcriptome
STK24,-0.0809614,Cytosol,Krug_Breast_MD,Transcriptome
STK38,-0.036391586,Cytosol,Krug_Breast_MD,Transcriptome
STK38L,-0.032044142,Cytosol,Krug_Breast_MD,Transcriptome
STK4,-0.05295774,Cytosol,Krug_Breast_MD,Transcriptome
STMN1,-0.047834072,Cytosol,Krug_Breast_MD,Transcriptome
STOM,0.10738221,Secretory,Krug_Breast_MD,Transcriptome
STOML2,0.09264359,Mitochondria,Krug_Breast_MD,Transcriptome
STRAP,-0.037411537,Cytosol,Krug_Breast_MD,Transcriptome
STRBP,-0.086894855,Nucleus,Krug_Breast_MD,Transcriptome
STT3A,0.015069124,Secretory,Krug_Breast_MD,Transcriptome
STT3B,0.08090443,Secretory,Krug_Breast_MD,Transcriptome
STX10,-0.18841738,Secretory,Krug_Breast_MD,Transcriptome
STX12,0.09669164,Secretory,Krug_Breast_MD,Transcriptome
STX16,-0.11818168,Secretory,Krug_Breast_MD,Transcriptome
STX17,0.10932464,Secretory,Krug_Breast_MD,Transcriptome
STX18,0.08440437,Secretory,Krug_Breast_MD,Transcriptome
STX3,-0.21969417,Secretory,Krug_Breast_MD,Transcriptome
STX4,-0.09542121,Secretory,Krug_Breast_MD,Transcriptome
STX5,-0.17817377,Secretory,Krug_Breast_MD,Transcriptome
STX6,-0.07023906,Secretory,Krug_Breast_MD,Transcriptome
STX7,0.025797775,Secretory,Krug_Breast_MD,Transcriptome
STX8,-0.1301329,Secretory,Krug_Breast_MD,Transcriptome
STXBP3,0.10908692,Secretory,Krug_Breast_MD,Transcriptome
SUGP1,-0.06904905,Nucleus,Krug_Breast_MD,Transcriptome
SUGP2,-0.06203826,Nucleus,Krug_Breast_MD,Transcriptome
SUGT1,-0.12505822,Cytosol,Krug_Breast_MD,Transcriptome
SUN1,-0.082098365,Nucleus,Krug_Breast_MD,Transcriptome
SUN2,-0.08077973,Nucleus,Krug_Breast_MD,Transcriptome
SUOX,-0.07964155,Nucleus,Krug_Breast_MD,Transcriptome
SUPT16H,-0.08575212,Nucleus,Krug_Breast_MD,Transcriptome
SUPT5H,-0.103629686,Nucleus,Krug_Breast_MD,Transcriptome
SUPT6H,-0.058169067,Nucleus,Krug_Breast_MD,Transcriptome
SUPV3L1,0.067914754,Mitochondria,Krug_Breast_MD,Transcriptome
SURF1,0.07523855,Mitochondria,Krug_Breast_MD,Transcriptome
SURF4,-0.20599712,Secretory,Krug_Breast_MD,Transcriptome
SURF6,-0.08618906,Nucleus,Krug_Breast_MD,Transcriptome
SUV39H2,-0.03370033,Nucleus,Krug_Breast_MD,Transcriptome
SWAP70,-0.08780401,Cytosol,Krug_Breast_MD,Transcriptome
SYMPK,-0.061520703,Nucleus,Krug_Breast_MD,Transcriptome
SYNCRIP,-0.016831739,Nucleus,Krug_Breast_MD,Transcriptome
SYNE2,-0.11361088,Nucleus,Krug_Breast_MD,Transcriptome
SYNGR2,-0.1511182,Secretory,Krug_Breast_MD,Transcriptome
SYNJ1,-0.11990091,Cytosol,Krug_Breast_MD,Transcriptome
SYNJ2BP,-0.13818894,Mitochondria,Krug_Breast_MD,Transcriptome
SYNRG,-0.08439109,Cytosol,Krug_Breast_MD,Transcriptome
SYPL1,0.10241544,Secretory,Krug_Breast_MD,Transcriptome
SYS1,-0.034857366,Secretory,Krug_Breast_MD,Transcriptome
SYVN1,-0.1283218,Secretory,Krug_Breast_MD,Transcriptome
SZRD1,-0.08706289,Cytosol,Krug_Breast_MD,Transcriptome
TAB1,-0.08872661,Cytosol,Krug_Breast_MD,Transcriptome
TAB2,-0.007127634,Cytosol,Krug_Breast_MD,Transcriptome
TACC2,-0.11249631,Cytosol,Krug_Breast_MD,Transcriptome
TACC3,-0.05906134,Cytosol,Krug_Breast_MD,Transcriptome
TAF4,-0.064740576,Nucleus,Krug_Breast_MD,Transcriptome
TAF7,-0.10908394,Cytosol,Krug_Breast_MD,Transcriptome
TAGLN2,-0.09297535,Cytosol,Krug_Breast_MD,Transcriptome
TALDO1,-0.12244684,Cytosol,Krug_Breast_MD,Transcriptome
TAMM41,0.06464881,Mitochondria,Krug_Breast_MD,Transcriptome
TANC1,-0.083034426,Cytosol,Krug_Breast_MD,Transcriptome
TANGO2,-0.08877827,Cytosol,Krug_Breast_MD,Transcriptome
TANK,0.00688707,Cytosol,Krug_Breast_MD,Transcriptome
TAP1,-0.1661112,Secretory,Krug_Breast_MD,Transcriptome
TAP2,-0.16876818,Secretory,Krug_Breast_MD,Transcriptome
TAPT1,0.087932244,Secretory,Krug_Breast_MD,Transcriptome
TARS2,0.07435207,Mitochondria,Krug_Breast_MD,Transcriptome
TASP1,-0.114468195,Nucleus,Krug_Breast_MD,Transcriptome
TATDN1,-0.08325943,Cytosol,Krug_Breast_MD,Transcriptome
TATDN3,-0.04838669,Cytosol,Krug_Breast_MD,Transcriptome
TBC1D1,-0.061560437,Cytosol,Krug_Breast_MD,Transcriptome
TBC1D13,-0.10452138,Cytosol,Krug_Breast_MD,Transcriptome
TBC1D2,-0.11101946,Cytosol,Krug_Breast_MD,Transcriptome
TBC1D20,0.07405576,Secretory,Krug_Breast_MD,Transcriptome
TBC1D22A,-0.09140099,Cytosol,Krug_Breast_MD,Transcriptome
TBC1D2B,-0.0785197,Cytosol,Krug_Breast_MD,Transcriptome
TBC1D5,-0.1161555,Cytosol,Krug_Breast_MD,Transcriptome
TBCB,-0.11798935,Cytosol,Krug_Breast_MD,Transcriptome
TBCC,-0.11677769,Cytosol,Krug_Breast_MD,Transcriptome
TBCE,-0.11627705,Cytosol,Krug_Breast_MD,Transcriptome
TBCEL,-0.07575759,Cytosol,Krug_Breast_MD,Transcriptome
TBK1,-0.11589538,Cytosol,Krug_Breast_MD,Transcriptome
TBL1XR1,-0.08178061,Nucleus,Krug_Breast_MD,Transcriptome
TBL2,-0.21632242,Secretory,Krug_Breast_MD,Transcriptome
TBL3,-0.06355374,Nucleus,Krug_Breast_MD,Transcriptome
TBPL1,-0.020738201,Cytosol,Krug_Breast_MD,Transcriptome
TBRG4,0.09934503,Mitochondria,Krug_Breast_MD,Transcriptome
TCERG1,-0.11184289,Nucleus,Krug_Breast_MD,Transcriptome
TCF20,-0.018676315,Nucleus,Krug_Breast_MD,Transcriptome
TCF25,-0.17746697,Secretory,Krug_Breast_MD,Transcriptome
TCIRG1,-0.16629988,Secretory,Krug_Breast_MD,Transcriptome
TCOF1,-0.096405625,Nucleus,Krug_Breast_MD,Transcriptome
TCP1,-0.03526388,Cytosol,Krug_Breast_MD,Transcriptome
TDRKH,0.055492584,Mitochondria,Krug_Breast_MD,Transcriptome
TECPR2,-0.08379823,Cytosol,Krug_Breast_MD,Transcriptome
TECR,-0.15868734,Secretory,Krug_Breast_MD,Transcriptome
TEP1,-0.040149916,Nucleus,Krug_Breast_MD,Transcriptome
TEX10,-0.04298144,Nucleus,Krug_Breast_MD,Transcriptome
TEX2,-0.013557108,Secretory,Krug_Breast_MD,Transcriptome
TEX264,-0.09843102,Secretory,Krug_Breast_MD,Transcriptome
TFAM,-0.096564434,Mitochondria,Krug_Breast_MD,Transcriptome
TFAP2A,-0.0642868,Nucleus,Krug_Breast_MD,Transcriptome
TFAP2C,-0.085208945,Nucleus,Krug_Breast_MD,Transcriptome
TFB1M,-0.12391992,Secretory,Krug_Breast_MD,Transcriptome
TFG,-0.028177787,Cytosol,Krug_Breast_MD,Transcriptome
TFIP11,-0.025657842,Nucleus,Krug_Breast_MD,Transcriptome
TFRC,-0.10719858,Secretory,Krug_Breast_MD,Transcriptome
TGFBRAP1,-0.07943913,Cytosol,Krug_Breast_MD,Transcriptome
TGOLN2,0.111646235,Secretory,Krug_Breast_MD,Transcriptome
THADA,-0.030150436,Cytosol,Krug_Breast_MD,Transcriptome
THAP11,-0.0843418,Nucleus,Krug_Breast_MD,Transcriptome
THAP4,-0.09720634,Nucleus,Krug_Breast_MD,Transcriptome
THEM6,-0.20505947,Secretory,Krug_Breast_MD,Transcriptome
THG1L,-0.1293776,Cytosol,Krug_Breast_MD,Transcriptome
THOP1,-0.098416716,Cytosol,Krug_Breast_MD,Transcriptome
THTPA,-0.07174906,Cytosol,Krug_Breast_MD,Transcriptome
THUMPD3,-0.061057348,Cytosol,Krug_Breast_MD,Transcriptome
TIMM10,0.11239037,Mitochondria,Krug_Breast_MD,Transcriptome
TIMM17B,0.111839175,Mitochondria,Krug_Breast_MD,Transcriptome
TIMM21,0.045072395,Mitochondria,Krug_Breast_MD,Transcriptome
TIMM44,0.08387552,Mitochondria,Krug_Breast_MD,Transcriptome
TIMM50,0.10349079,Mitochondria,Krug_Breast_MD,Transcriptome
TIMMDC1,0.07360544,Mitochondria,Krug_Breast_MD,Transcriptome
TIMP2,0.06393351,Secretory,Krug_Breast_MD,Transcriptome
TIPIN,-0.03971726,Nucleus,Krug_Breast_MD,Transcriptome
TIPRL,-0.04045864,Cytosol,Krug_Breast_MD,Transcriptome
TK1,-0.11945933,Cytosol,Krug_Breast_MD,Transcriptome
TLK1,-0.11286877,Nucleus,Krug_Breast_MD,Transcriptome
TLK2,-0.055659212,Nucleus,Krug_Breast_MD,Transcriptome
TLN1,-0.07170661,Cytosol,Krug_Breast_MD,Transcriptome
TM9SF2,0.10457033,Secretory,Krug_Breast_MD,Transcriptome
TM9SF3,0.08451186,Secretory,Krug_Breast_MD,Transcriptome
TM9SF4,-0.08018469,Secretory,Krug_Breast_MD,Transcriptome
TMCC1,0.079901926,Secretory,Krug_Breast_MD,Transcriptome
TMCO1,0.038225103,Secretory,Krug_Breast_MD,Transcriptome
TMCO3,0.11023748,Secretory,Krug_Breast_MD,Transcriptome
TMED1,-0.17767936,Secretory,Krug_Breast_MD,Transcriptome
TMED10,0.1066347,Secretory,Krug_Breast_MD,Transcriptome
TMED2,-0.008307419,Secretory,Krug_Breast_MD,Transcriptome
TMED3,-0.2138006,Secretory,Krug_Breast_MD,Transcriptome
TMED4,-0.08248052,Secretory,Krug_Breast_MD,Transcriptome
TMED5,0.08595779,Secretory,Krug_Breast_MD,Transcriptome
TMED9,-0.21990454,Secretory,Krug_Breast_MD,Transcriptome
TMEM106B,0.11150099,Secretory,Krug_Breast_MD,Transcriptome
TMEM11,0.1051819,Mitochondria,Krug_Breast_MD,Transcriptome
TMEM115,-0.11752113,Secretory,Krug_Breast_MD,Transcriptome
TMEM120A,-0.19517124,Secretory,Krug_Breast_MD,Transcriptome
TMEM126A,0.097634934,Mitochondria,Krug_Breast_MD,Transcriptome
TMEM131,0.106018044,Secretory,Krug_Breast_MD,Transcriptome
TMEM134,-0.16720182,Secretory,Krug_Breast_MD,Transcriptome
TMEM165,0.0019074184,Secretory,Krug_Breast_MD,Transcriptome
TMEM168,0.09679101,Secretory,Krug_Breast_MD,Transcriptome
TMEM177,0.10439437,Mitochondria,Krug_Breast_MD,Transcriptome
TMEM179B,-0.14184286,Secretory,Krug_Breast_MD,Transcriptome
TMEM192,0.10347403,Secretory,Krug_Breast_MD,Transcriptome
TMEM199,-0.07167701,Secretory,Krug_Breast_MD,Transcriptome
TMEM201,-0.087147355,Nucleus,Krug_Breast_MD,Transcriptome
TMEM205,-0.13632578,Secretory,Krug_Breast_MD,Transcriptome
TMEM209,-0.041764207,Nucleus,Krug_Breast_MD,Transcriptome
TMEM214,-0.1881699,Secretory,Krug_Breast_MD,Transcriptome
TMEM230,0.07399464,Secretory,Krug_Breast_MD,Transcriptome
TMEM245,0.112365015,Secretory,Krug_Breast_MD,Transcriptome
TMEM30A,0.064027,Secretory,Krug_Breast_MD,Transcriptome
TMEM43,0.034443248,Secretory,Krug_Breast_MD,Transcriptome
TMEM59,0.08710064,Secretory,Krug_Breast_MD,Transcriptome
TMEM63A,-0.03053532,Secretory,Krug_Breast_MD,Transcriptome
TMEM63B,-0.074712105,Secretory,Krug_Breast_MD,Transcriptome
TMEM70,0.039517626,Mitochondria,Krug_Breast_MD,Transcriptome
TMEM87A,0.11099087,Secretory,Krug_Breast_MD,Transcriptome
TMEM87B,0.11238912,Secretory,Krug_Breast_MD,Transcriptome
TMEM9,-0.12217887,Secretory,Krug_Breast_MD,Transcriptome
TMPO,-0.031404387,Nucleus,Krug_Breast_MD,Transcriptome
TMTC3,0.11200236,Secretory,Krug_Breast_MD,Transcriptome
TMX1,0.10926836,Secretory,Krug_Breast_MD,Transcriptome
TMX2,-0.214532,Secretory,Krug_Breast_MD,Transcriptome
TMX3,0.1006214,Secretory,Krug_Breast_MD,Transcriptome
TNIP1,-0.108287,Cytosol,Krug_Breast_MD,Transcriptome
TNKS,-0.0841471,Cytosol,Krug_Breast_MD,Transcriptome
TOE1,-0.090573005,Nucleus,Krug_Breast_MD,Transcriptome
TOM1L1,-0.09652631,Cytosol,Krug_Breast_MD,Transcriptome
TOMM20,0.014729877,Mitochondria,Krug_Breast_MD,Transcriptome
TOMM22,0.034777783,Mitochondria,Krug_Breast_MD,Transcriptome
TOMM34,-0.113181435,Cytosol,Krug_Breast_MD,Transcriptome
TOMM40,0.09900806,Mitochondria,Krug_Breast_MD,Transcriptome
TOMM5,0.053399514,Mitochondria,Krug_Breast_MD,Transcriptome
TOP2A,-0.034902006,Nucleus,Krug_Breast_MD,Transcriptome
TOP2B,-0.10968497,Nucleus,Krug_Breast_MD,Transcriptome
TOPORS,-0.11007097,Nucleus,Krug_Breast_MD,Transcriptome
TOR1AIP1,-0.10160991,Nucleus,Krug_Breast_MD,Transcriptome
TOR1AIP2,-0.004518599,Secretory,Krug_Breast_MD,Transcriptome
TOR2A,-0.13331498,Secretory,Krug_Breast_MD,Transcriptome
TP53I3,-0.08450753,Cytosol,Krug_Breast_MD,Transcriptome
TPCN1,0.031044073,Secretory,Krug_Breast_MD,Transcriptome
TPD52,-0.043671723,Cytosol,Krug_Breast_MD,Transcriptome
TPI1,-0.10331589,Cytosol,Krug_Breast_MD,Transcriptome
TPM1,-0.06597905,Cytosol,Krug_Breast_MD,Transcriptome
TPM2,-0.048721924,Cytosol,Krug_Breast_MD,Transcriptome
TPM3,-0.08508526,Cytosol,Krug_Breast_MD,Transcriptome
TPM4,-0.04539492,Cytosol,Krug_Breast_MD,Transcriptome
TPMT,-0.039308608,Cytosol,Krug_Breast_MD,Transcriptome
TPP2,-0.112831384,Nucleus,Krug_Breast_MD,Transcriptome
TPRG1L,-0.16303156,Secretory,Krug_Breast_MD,Transcriptome
TPT1,-0.12361857,Cytosol,Krug_Breast_MD,Transcriptome
TRA2A,-0.10922018,Nucleus,Krug_Breast_MD,Transcriptome
TRA2B,-0.036916524,Nucleus,Krug_Breast_MD,Transcriptome
TRABD,0.068679824,Mitochondria,Krug_Breast_MD,Transcriptome
TRAF2,-0.114868045,Cytosol,Krug_Breast_MD,Transcriptome
TRAF3IP1,-0.115360625,Cytosol,Krug_Breast_MD,Transcriptome
TRAFD1,-0.1298086,Cytosol,Krug_Breast_MD,Transcriptome
TRAM1,-0.0022674,Secretory,Krug_Breast_MD,Transcriptome
TRAP1,0.05711875,Mitochondria,Krug_Breast_MD,Transcriptome
TRAPPC3,-0.08234387,Cytosol,Krug_Breast_MD,Transcriptome
TRIAP1,-0.09495506,Nucleus,Krug_Breast_MD,Transcriptome
TRIM21,-0.06336197,Cytosol,Krug_Breast_MD,Transcriptome
TRIM24,-0.024420774,Nucleus,Krug_Breast_MD,Transcriptome
TRIM26,-0.11859758,Cytosol,Krug_Breast_MD,Transcriptome
TRIM28,-0.06508873,Nucleus,Krug_Breast_MD,Transcriptome
TRIM33,-0.11137445,Nucleus,Krug_Breast_MD,Transcriptome
TRIM36,-0.06018333,Cytosol,Krug_Breast_MD,Transcriptome
TRIM4,0.09147108,Secretory,Krug_Breast_MD,Transcriptome
TRIM47,-0.10614287,Cytosol,Krug_Breast_MD,Transcriptome
TRIM5,-0.08128949,Cytosol,Krug_Breast_MD,Transcriptome
TRIM56,-0.085781574,Nucleus,Krug_Breast_MD,Transcriptome
TRIM65,-0.12760966,Cytosol,Krug_Breast_MD,Transcriptome
TRIP10,-0.08571592,Cytosol,Krug_Breast_MD,Transcriptome
TRIP11,0.10768976,Secretory,Krug_Breast_MD,Transcriptome
TRIP12,-0.08268304,Nucleus,Krug_Breast_MD,Transcriptome
TRIP6,-0.10430547,Cytosol,Krug_Breast_MD,Transcriptome
TRMT10C,0.054104816,Mitochondria,Krug_Breast_MD,Transcriptome
TRMT1L,-0.06733089,Nucleus,Krug_Breast_MD,Transcriptome
TRMT6,-0.06006061,Nucleus,Krug_Breast_MD,Transcriptome
TRUB2,-0.15402491,Secretory,Krug_Breast_MD,Transcriptome
TSC1,-0.08515411,Cytosol,Krug_Breast_MD,Transcriptome
TSC22D1,-0.108396426,Cytosol,Krug_Breast_MD,Transcriptome
TSC22D2,-0.080093734,Cytosol,Krug_Breast_MD,Transcriptome
TSPAN14,-0.20067132,Secretory,Krug_Breast_MD,Transcriptome
TSPO,0.088950336,Mitochondria,Krug_Breast_MD,Transcriptome
TSTD1,-0.11188897,Cytosol,Krug_Breast_MD,Transcriptome
TSTD2,-0.11991964,Cytosol,Krug_Breast_MD,Transcriptome
TTC1,-0.09886571,Cytosol,Krug_Breast_MD,Transcriptome
TTC13,-0.073366314,Secretory,Krug_Breast_MD,Transcriptome
TTC17,0.10131418,Secretory,Krug_Breast_MD,Transcriptome
TTC3,0.10969387,Secretory,Krug_Breast_MD,Transcriptome
TTC4,-0.13165133,Cytosol,Krug_Breast_MD,Transcriptome
TTC5,-0.121067405,Cytosol,Krug_Breast_MD,Transcriptome
TTI2,-0.08213954,Cytosol,Krug_Breast_MD,Transcriptome
TTL,-0.074291825,Cytosol,Krug_Breast_MD,Transcriptome
TTLL12,-0.12217462,Cytosol,Krug_Breast_MD,Transcriptome
TTYH3,-0.18521531,Secretory,Krug_Breast_MD,Transcriptome
TUBA4A,-0.08066893,Cytosol,Krug_Breast_MD,Transcriptome
TUBB,-0.07151699,Cytosol,Krug_Breast_MD,Transcriptome
TUBB4B,-0.108719565,Cytosol,Krug_Breast_MD,Transcriptome
TUBB6,-0.033706527,Cytosol,Krug_Breast_MD,Transcriptome
TUBGCP6,-0.08916267,Cytosol,Krug_Breast_MD,Transcriptome
TUFM,0.0616868,Mitochondria,Krug_Breast_MD,Transcriptome
TUFT1,-0.0665004,Cytosol,Krug_Breast_MD,Transcriptome
TUT1,-0.07634931,Nucleus,Krug_Breast_MD,Transcriptome
TWF2,-0.101105295,Cytosol,Krug_Breast_MD,Transcriptome
TXLNA,-0.09594208,Cytosol,Krug_Breast_MD,Transcriptome
TXLNG,-0.047552053,Cytosol,Krug_Breast_MD,Transcriptome
TXNDC11,-0.06728403,Secretory,Krug_Breast_MD,Transcriptome
TXNDC5,-0.021009713,Nucleus,Krug_Breast_MD,Transcriptome
TXNDC9,-0.0015362528,Cytosol,Krug_Breast_MD,Transcriptome
TXNL1,-0.044375636,Cytosol,Krug_Breast_MD,Transcriptome
TXNL4B,-0.07969541,Cytosol,Krug_Breast_MD,Transcriptome
TXNRD1,-0.026080007,Cytosol,Krug_Breast_MD,Transcriptome
TYW1,0.10013257,Secretory,Krug_Breast_MD,Transcriptome
TYW5,-0.11673876,Cytosol,Krug_Breast_MD,Transcriptome
U2AF1,-0.112073556,Nucleus,Krug_Breast_MD,Transcriptome
U2AF2,-0.073177174,Nucleus,Krug_Breast_MD,Transcriptome
UAP1,-0.013316754,Cytosol,Krug_Breast_MD,Transcriptome
UAP1L1,-0.09643733,Cytosol,Krug_Breast_MD,Transcriptome
UBA1,-0.09864706,Cytosol,Krug_Breast_MD,Transcriptome
UBA6,-0.018990895,Cytosol,Krug_Breast_MD,Transcriptome
UBAC1,-0.116912395,Cytosol,Krug_Breast_MD,Transcriptome
UBAC2,-0.2202692,Secretory,Krug_Breast_MD,Transcriptome
UBAP1,-0.122952126,Cytosol,Krug_Breast_MD,Transcriptome
UBE2A,-0.0040247524,Cytosol,Krug_Breast_MD,Transcriptome
UBE2B,-0.11479946,Cytosol,Krug_Breast_MD,Transcriptome
UBE2C,-0.059155088,Cytosol,Krug_Breast_MD,Transcriptome
UBE2D2,-0.06915545,Cytosol,Krug_Breast_MD,Transcriptome
UBE2G1,-0.10930739,Cytosol,Krug_Breast_MD,Transcriptome
UBE2G2,-0.14966182,Secretory,Krug_Breast_MD,Transcriptome
UBE2H,-0.08572455,Cytosol,Krug_Breast_MD,Transcriptome
UBE2J1,-0.019791303,Secretory,Krug_Breast_MD,Transcriptome
UBE2K,-0.103535675,Cytosol,Krug_Breast_MD,Transcriptome
UBE2L3,-0.07596293,Cytosol,Krug_Breast_MD,Transcriptome
UBE2L6,-0.0642471,Cytosol,Krug_Breast_MD,Transcriptome
UBE2M,-0.118982494,Cytosol,Krug_Breast_MD,Transcriptome
UBE2O,-0.1246737,Cytosol,Krug_Breast_MD,Transcriptome
UBE2R2,-0.1277518,Cytosol,Krug_Breast_MD,Transcriptome
UBE2Z,-0.055205345,Cytosol,Krug_Breast_MD,Transcriptome
UBFD1,-0.07899883,Cytosol,Krug_Breast_MD,Transcriptome
UBL7,-0.12302649,Cytosol,Krug_Breast_MD,Transcriptome
UBN1,-0.053526107,Nucleus,Krug_Breast_MD,Transcriptome
UBN2,-0.11080543,Nucleus,Krug_Breast_MD,Transcriptome
UBP1,-0.11786022,Cytosol,Krug_Breast_MD,Transcriptome
UBQLN1,-0.027711343,Cytosol,Krug_Breast_MD,Transcriptome
UBR1,-0.120693535,Cytosol,Krug_Breast_MD,Transcriptome
UBR3,-0.12019239,Cytosol,Krug_Breast_MD,Transcriptome
UBR4,-0.103490844,Cytosol,Krug_Breast_MD,Transcriptome
UBR5,-0.015728032,Nucleus,Krug_Breast_MD,Transcriptome
UBXN1,-0.11602651,Cytosol,Krug_Breast_MD,Transcriptome
UBXN2B,-0.047845554,Cytosol,Krug_Breast_MD,Transcriptome
UBXN4,0.108187094,Secretory,Krug_Breast_MD,Transcriptome
UCHL5,-0.04301036,Cytosol,Krug_Breast_MD,Transcriptome
UCK2,-0.103795566,Cytosol,Krug_Breast_MD,Transcriptome
UEVLD,-0.12357436,Cytosol,Krug_Breast_MD,Transcriptome
UFL1,0.10240335,Secretory,Krug_Breast_MD,Transcriptome
UGCG,0.090605676,Secretory,Krug_Breast_MD,Transcriptome
UGDH,-0.12151143,Cytosol,Krug_Breast_MD,Transcriptome
UHRF2,-0.025808806,Nucleus,Krug_Breast_MD,Transcriptome
UNC119,-0.098767824,Cytosol,Krug_Breast_MD,Transcriptome
UNC119B,-0.09463726,Cytosol,Krug_Breast_MD,Transcriptome
UNC13B,-0.07878091,Cytosol,Krug_Breast_MD,Transcriptome
UNC13D,-0.092139155,Cytosol,Krug_Breast_MD,Transcriptome
UPRT,-0.08859142,Cytosol,Krug_Breast_MD,Transcriptome
UQCC1,0.060998406,Mitochondria,Krug_Breast_MD,Transcriptome
UQCR10,0.10482326,Mitochondria,Krug_Breast_MD,Transcriptome
UQCRB,0.05852142,Mitochondria,Krug_Breast_MD,Transcriptome
UQCRC1,0.08760317,Mitochondria,Krug_Breast_MD,Transcriptome
UQCRC2,0.05041475,Mitochondria,Krug_Breast_MD,Transcriptome
UQCRFS1,0.0899678,Mitochondria,Krug_Breast_MD,Transcriptome
UQCRH,0.0802946,Mitochondria,Krug_Breast_MD,Transcriptome
UQCRQ,0.068801135,Mitochondria,Krug_Breast_MD,Transcriptome
URB1,-0.11254661,Nucleus,Krug_Breast_MD,Transcriptome
URB2,-0.040297072,Nucleus,Krug_Breast_MD,Transcriptome
UROD,-0.13171077,Cytosol,Krug_Breast_MD,Transcriptome
UROS,-0.09143163,Cytosol,Krug_Breast_MD,Transcriptome
USE1,-0.17459568,Secretory,Krug_Breast_MD,Transcriptome
USP11,-0.07224858,Nucleus,Krug_Breast_MD,Transcriptome
USP13,-0.08297684,Cytosol,Krug_Breast_MD,Transcriptome
USP15,-0.08238987,Cytosol,Krug_Breast_MD,Transcriptome
USP24,-0.10410366,Cytosol,Krug_Breast_MD,Transcriptome
USP25,-0.046063833,Cytosol,Krug_Breast_MD,Transcriptome
USP30,-0.06525347,Mitochondria,Krug_Breast_MD,Transcriptome
USP33,0.1080683,Secretory,Krug_Breast_MD,Transcriptome
USP36,-0.10339627,Nucleus,Krug_Breast_MD,Transcriptome
USP4,-0.0952872,Cytosol,Krug_Breast_MD,Transcriptome
USP42,-0.063855834,Nucleus,Krug_Breast_MD,Transcriptome
USP47,-0.10733489,Cytosol,Krug_Breast_MD,Transcriptome
USP5,-0.13588038,Cytosol,Krug_Breast_MD,Transcriptome
USP7,-0.053156286,Nucleus,Krug_Breast_MD,Transcriptome
USP8,-0.118808955,Cytosol,Krug_Breast_MD,Transcriptome
USP9X,0.0070024105,Cytosol,Krug_Breast_MD,Transcriptome
UTP14A,-0.0861049,Nucleus,Krug_Breast_MD,Transcriptome
UTP15,-0.10007167,Nucleus,Krug_Breast_MD,Transcriptome
UTP18,-0.08017739,Nucleus,Krug_Breast_MD,Transcriptome
UTP20,-0.022489127,Nucleus,Krug_Breast_MD,Transcriptome
UTP23,-0.046695113,Nucleus,Krug_Breast_MD,Transcriptome
UTP3,-0.03004335,Nucleus,Krug_Breast_MD,Transcriptome
UTP6,-0.067830496,Nucleus,Krug_Breast_MD,Transcriptome
UTRN,-0.16204865,Mitochondria,Krug_Breast_MD,Transcriptome
UXS1,-0.17667341,Secretory,Krug_Breast_MD,Transcriptome
VAMP3,0.08815788,Secretory,Krug_Breast_MD,Transcriptome
VAMP4,0.08444337,Secretory,Krug_Breast_MD,Transcriptome
VAMP7,-0.038005695,Secretory,Krug_Breast_MD,Transcriptome
VANGL1,0.102556676,Secretory,Krug_Breast_MD,Transcriptome
VAPA,0.099331036,Secretory,Krug_Breast_MD,Transcriptome
VAPB,-0.07124058,Secretory,Krug_Breast_MD,Transcriptome
VASP,-0.106141254,Cytosol,Krug_Breast_MD,Transcriptome
VBP1,-0.028422197,Cytosol,Krug_Breast_MD,Transcriptome
VCL,-0.061383784,Cytosol,Krug_Breast_MD,Transcriptome
VCP,-0.12580086,Cytosol,Krug_Breast_MD,Transcriptome
VCPIP1,-0.02513724,Cytosol,Krug_Breast_MD,Transcriptome
VDAC1,0.042433295,Mitochondria,Krug_Breast_MD,Transcriptome
VDAC2,0.06420008,Mitochondria,Krug_Breast_MD,Transcriptome
VDAC3,0.0769543,Mitochondria,Krug_Breast_MD,Transcriptome
VEZT,0.10925276,Secretory,Krug_Breast_MD,Transcriptome
VIPAS39,-0.1158091,Cytosol,Krug_Breast_MD,Transcriptome
VMP1,-0.00032774959,Secretory,Krug_Breast_MD,Transcriptome
VPS13A,0.08066397,Secretory,Krug_Breast_MD,Transcriptome
VPS13C,-0.11436827,Cytosol,Krug_Breast_MD,Transcriptome
VPS25,-0.08169573,Cytosol,Krug_Breast_MD,Transcriptome
VPS26A,-0.03102731,Cytosol,Krug_Breast_MD,Transcriptome
VPS33B,-0.099252924,Cytosol,Krug_Breast_MD,Transcriptome
VPS35,-0.009970799,Cytosol,Krug_Breast_MD,Transcriptome
VPS37B,-0.10130672,Cytosol,Krug_Breast_MD,Transcriptome
VPS4A,-0.08435237,Cytosol,Krug_Breast_MD,Transcriptome
VPS4B,-0.113708675,Cytosol,Krug_Breast_MD,Transcriptome
VPS52,-0.08043905,Cytosol,Krug_Breast_MD,Transcriptome
VTA1,-0.0017510166,Cytosol,Krug_Breast_MD,Transcriptome
VTI1A,-0.08195493,Secretory,Krug_Breast_MD,Transcriptome
VWA8,-0.15971346,Mitochondria,Krug_Breast_MD,Transcriptome
WAC,-0.024222426,Nucleus,Krug_Breast_MD,Transcriptome
WARS2,-0.14815189,Mitochondria,Krug_Breast_MD,Transcriptome
WBP11,-0.036258653,Nucleus,Krug_Breast_MD,Transcriptome
WDFY1,0.07316947,Secretory,Krug_Breast_MD,Transcriptome
WDR1,-0.09716369,Cytosol,Krug_Breast_MD,Transcriptome
WDR18,-0.078356445,Nucleus,Krug_Breast_MD,Transcriptome
WDR3,-0.03197245,Nucleus,Krug_Breast_MD,Transcriptome
WDR33,-0.04707524,Nucleus,Krug_Breast_MD,Transcriptome
WDR36,-0.11204546,Nucleus,Krug_Breast_MD,Transcriptome
WDR37,-0.12960105,Cytosol,Krug_Breast_MD,Transcriptome
WDR43,-0.02097455,Nucleus,Krug_Breast_MD,Transcriptome
WDR44,-0.12384712,Cytosol,Krug_Breast_MD,Transcriptome
WDR45,-0.109549485,Cytosol,Krug_Breast_MD,Transcriptome
WDR46,-0.11584273,Nucleus,Krug_Breast_MD,Transcriptome
WDR53,-0.083781265,Cytosol,Krug_Breast_MD,Transcriptome
WDR6,-0.092408665,Cytosol,Krug_Breast_MD,Transcriptome
WDR7,-0.11727395,Cytosol,Krug_Breast_MD,Transcriptome
WDR75,-0.037134115,Nucleus,Krug_Breast_MD,Transcriptome
WDR76,-0.035926484,Nucleus,Krug_Breast_MD,Transcriptome
WDR77,-0.10793715,Cytosol,Krug_Breast_MD,Transcriptome
WDR81,-0.09597937,Cytosol,Krug_Breast_MD,Transcriptome
WDR83,-0.07624743,Nucleus,Krug_Breast_MD,Transcriptome
WDSUB1,-0.038093884,Cytosol,Krug_Breast_MD,Transcriptome
WDTC1,-0.071322024,Cytosol,Krug_Breast_MD,Transcriptome
WFS1,0.0516253,Secretory,Krug_Breast_MD,Transcriptome
WIPI2,-0.090430275,Cytosol,Krug_Breast_MD,Transcriptome
WIZ,-0.06676946,Nucleus,Krug_Breast_MD,Transcriptome
WNK1,-0.10924654,Cytosol,Krug_Breast_MD,Transcriptome
WRN,-0.06563343,Nucleus,Krug_Breast_MD,Transcriptome
WRNIP1,-0.09506945,Nucleus,Krug_Breast_MD,Transcriptome
WWC2,-0.10654386,Cytosol,Krug_Breast_MD,Transcriptome
WWC3,-0.07059747,Cytosol,Krug_Breast_MD,Transcriptome
WWP1,0.07660306,Secretory,Krug_Breast_MD,Transcriptome
WWP2,-0.17940626,Secretory,Krug_Breast_MD,Transcriptome
XIAP,-0.12497867,Cytosol,Krug_Breast_MD,Transcriptome
XPC,-0.07461773,Nucleus,Krug_Breast_MD,Transcriptome
XPNPEP1,-0.0440795,Cytosol,Krug_Breast_MD,Transcriptome
XPO5,-0.05569295,Cytosol,Krug_Breast_MD,Transcriptome
XRCC1,-0.0631599,Nucleus,Krug_Breast_MD,Transcriptome
XRCC4,-0.07355525,Nucleus,Krug_Breast_MD,Transcriptome
YAP1,-0.067676775,Cytosol,Krug_Breast_MD,Transcriptome
YBEY,0.036196508,Mitochondria,Krug_Breast_MD,Transcriptome
YES1,-0.043209296,Secretory,Krug_Breast_MD,Transcriptome
YIF1A,-0.18348224,Secretory,Krug_Breast_MD,Transcriptome
YIF1B,-0.20178962,Secretory,Krug_Breast_MD,Transcriptome
YIPF1,0.09180487,Secretory,Krug_Breast_MD,Transcriptome
YIPF3,-0.20606893,Secretory,Krug_Breast_MD,Transcriptome
YIPF4,-0.013067586,Secretory,Krug_Breast_MD,Transcriptome
YIPF5,0.105539374,Secretory,Krug_Breast_MD,Transcriptome
YKT6,-0.097247265,Cytosol,Krug_Breast_MD,Transcriptome
YLPM1,-0.10387944,Nucleus,Krug_Breast_MD,Transcriptome
YME1L1,0.019968195,Mitochondria,Krug_Breast_MD,Transcriptome
YTHDC2,-0.10370306,Nucleus,Krug_Breast_MD,Transcriptome
YWHAB,-0.07135211,Cytosol,Krug_Breast_MD,Transcriptome
YWHAE,-0.119529024,Cytosol,Krug_Breast_MD,Transcriptome
YWHAG,0.02400053,Cytosol,Krug_Breast_MD,Transcriptome
YWHAH,0.01784811,Cytosol,Krug_Breast_MD,Transcriptome
YWHAQ,-0.023620233,Cytosol,Krug_Breast_MD,Transcriptome
YWHAZ,-0.065814726,Cytosol,Krug_Breast_MD,Transcriptome
ZBTB11,-0.111003734,Nucleus,Krug_Breast_MD,Transcriptome
ZBTB14,-0.104714245,Nucleus,Krug_Breast_MD,Transcriptome
ZBTB21,-0.10128,Nucleus,Krug_Breast_MD,Transcriptome
ZBTB4,-0.045456175,Nucleus,Krug_Breast_MD,Transcriptome
ZBTB40,-0.06339258,Nucleus,Krug_Breast_MD,Transcriptome
ZBTB8OS,-0.081930205,Cytosol,Krug_Breast_MD,Transcriptome
ZC3H8,-0.060988072,Nucleus,Krug_Breast_MD,Transcriptome
ZC3HAV1,-0.008476502,Secretory,Krug_Breast_MD,Transcriptome
ZC3HC1,-0.09038698,Nucleus,Krug_Breast_MD,Transcriptome
ZCRB1,-0.04055725,Nucleus,Krug_Breast_MD,Transcriptome
ZDHHC13,-0.15285295,Secretory,Krug_Breast_MD,Transcriptome
ZDHHC17,0.11115768,Secretory,Krug_Breast_MD,Transcriptome
ZDHHC20,0.025499638,Secretory,Krug_Breast_MD,Transcriptome
ZDHHC3,0.09734665,Secretory,Krug_Breast_MD,Transcriptome
ZDHHC5,-0.21906005,Secretory,Krug_Breast_MD,Transcriptome
ZFAND1,-0.0634677,Cytosol,Krug_Breast_MD,Transcriptome
ZFAND5,-0.023122346,Cytosol,Krug_Breast_MD,Transcriptome
ZFC3H1,-0.11344835,Nucleus,Krug_Breast_MD,Transcriptome
ZFHX3,-0.074071035,Nucleus,Krug_Breast_MD,Transcriptome
ZFP64,-0.11486354,Nucleus,Krug_Breast_MD,Transcriptome
ZFPL1,-0.1742685,Secretory,Krug_Breast_MD,Transcriptome
ZFR,-0.033062533,Nucleus,Krug_Breast_MD,Transcriptome
ZFX,-0.0895482,Nucleus,Krug_Breast_MD,Transcriptome
ZFYVE1,-0.0757194,Cytosol,Krug_Breast_MD,Transcriptome
ZFYVE19,-0.112949856,Cytosol,Krug_Breast_MD,Transcriptome
ZHX1,-0.053500246,Nucleus,Krug_Breast_MD,Transcriptome
ZHX2,-0.05632788,Nucleus,Krug_Breast_MD,Transcriptome
ZMPSTE24,0.063315436,Secretory,Krug_Breast_MD,Transcriptome
ZMYM2,-0.11014707,Nucleus,Krug_Breast_MD,Transcriptome
ZMYND11,-0.11073015,Nucleus,Krug_Breast_MD,Transcriptome
ZNF106,-0.11350498,Nucleus,Krug_Breast_MD,Transcriptome
ZNF131,-0.027613096,Nucleus,Krug_Breast_MD,Transcriptome
ZNF143,-0.099488914,Nucleus,Krug_Breast_MD,Transcriptome
ZNF148,-0.109349005,Nucleus,Krug_Breast_MD,Transcriptome
ZNF217,-0.085467294,Nucleus,Krug_Breast_MD,Transcriptome
ZNF280C,-0.020092057,Nucleus,Krug_Breast_MD,Transcriptome
ZNF292,-0.04927195,Nucleus,Krug_Breast_MD,Transcriptome
ZNF318,-0.029465953,Nucleus,Krug_Breast_MD,Transcriptome
ZNF326,-0.110410154,Nucleus,Krug_Breast_MD,Transcriptome
ZNF346,-0.077148646,Nucleus,Krug_Breast_MD,Transcriptome
ZNF362,-0.08282642,Nucleus,Krug_Breast_MD,Transcriptome
ZNF384,-0.07243406,Nucleus,Krug_Breast_MD,Transcriptome
ZNF512,-0.09674187,Nucleus,Krug_Breast_MD,Transcriptome
ZNF512B,-0.06265316,Nucleus,Krug_Breast_MD,Transcriptome
ZNF574,-0.061630037,Nucleus,Krug_Breast_MD,Transcriptome
ZNF629,-0.059592918,Nucleus,Krug_Breast_MD,Transcriptome
ZNF644,-0.10059713,Nucleus,Krug_Breast_MD,Transcriptome
ZNF652,-0.046981413,Nucleus,Krug_Breast_MD,Transcriptome
ZNF668,-0.0604805,Nucleus,Krug_Breast_MD,Transcriptome
ZNF687,-0.06413407,Nucleus,Krug_Breast_MD,Transcriptome
ZNF768,-0.060839213,Nucleus,Krug_Breast_MD,Transcriptome
ZNF800,-0.10909027,Nucleus,Krug_Breast_MD,Transcriptome
ZNHIT6,-0.020607062,Nucleus,Krug_Breast_MD,Transcriptome
ZWINT,-0.04105489,Cytosol,Krug_Breast_MD,Transcriptome
ZYX,-0.057122238,Cytosol,Krug_Breast_MD,Transcriptome
ZZEF1,-0.06798099,Cytosol,Krug_Breast_MD,Transcriptome
