,Score,Localization,Dataset_Name,Type
AAAS,-0.64889336,Secretory,Lung_Tumor_PD,Proteome
AACS,-0.10786425,Cytosol,Lung_Tumor_PD,Proteome
AAK1,-0.09026506,Cytosol,Lung_Tumor_PD,Proteome
AASDHPPT,-0.44352525,Cytosol,Lung_Tumor_PD,Proteome
AATF,0.30099463,Nucleus,Lung_Tumor_PD,Proteome
ABCB10,0.43029407,Mitochondria,Lung_Tumor_PD,Proteome
ABCB7,0.41007102,Mitochondria,Lung_Tumor_PD,Proteome
ABCB8,0.15646556,Mitochondria,Lung_Tumor_PD,Proteome
ABCC1,-0.47937492,Secretory,Lung_Tumor_PD,Proteome
ABCC10,0.18967044,Secretory,Lung_Tumor_PD,Proteome
ABCC3,-0.49017483,Secretory,Lung_Tumor_PD,Proteome
ABCC4,-0.40301746,Secretory,Lung_Tumor_PD,Proteome
ABCC5,-0.46578765,Secretory,Lung_Tumor_PD,Proteome
ABCD1,0.24332885,Secretory,Lung_Tumor_PD,Proteome
ABCD3,0.17245981,Secretory,Lung_Tumor_PD,Proteome
ABCD4,0.15078703,Secretory,Lung_Tumor_PD,Proteome
ABHD12,0.2100051,Secretory,Lung_Tumor_PD,Proteome
ABHD14B,-0.1255637,Cytosol,Lung_Tumor_PD,Proteome
ABHD16A,0.24052648,Secretory,Lung_Tumor_PD,Proteome
ABHD17C,0.18214154,Secretory,Lung_Tumor_PD,Proteome
ABHD6,0.21671255,Secretory,Lung_Tumor_PD,Proteome
ABL1,-0.050879948,Cytosol,Lung_Tumor_PD,Proteome
ABL2,-0.49433187,Cytosol,Lung_Tumor_PD,Proteome
ABR,-0.087026425,Cytosol,Lung_Tumor_PD,Proteome
ABRACL,-0.23680253,Cytosol,Lung_Tumor_PD,Proteome
ABT1,0.38835278,Nucleus,Lung_Tumor_PD,Proteome
ACAD9,0.3735434,Mitochondria,Lung_Tumor_PD,Proteome
ACAP2,-0.46346787,Cytosol,Lung_Tumor_PD,Proteome
ACAT2,-0.4344028,Cytosol,Lung_Tumor_PD,Proteome
ACBD5,0.20238446,Secretory,Lung_Tumor_PD,Proteome
ACBD6,-0.37569675,Cytosol,Lung_Tumor_PD,Proteome
ACIN1,0.53292656,Nucleus,Lung_Tumor_PD,Proteome
ACLY,-0.58449525,Cytosol,Lung_Tumor_PD,Proteome
ACOT11,-0.08825425,Cytosol,Lung_Tumor_PD,Proteome
ACP1,-0.5479377,Cytosol,Lung_Tumor_PD,Proteome
ACSL1,0.13966464,Secretory,Lung_Tumor_PD,Proteome
ACSL3,0.21277253,Secretory,Lung_Tumor_PD,Proteome
ACSL4,0.11804118,Secretory,Lung_Tumor_PD,Proteome
ACSS2,-0.1854553,Cytosol,Lung_Tumor_PD,Proteome
ACTR10,-0.09382592,Cytosol,Lung_Tumor_PD,Proteome
ACVR1,0.09109183,Secretory,Lung_Tumor_PD,Proteome
ACYP1,-0.5786467,Cytosol,Lung_Tumor_PD,Proteome
ACYP2,-0.17592339,Cytosol,Lung_Tumor_PD,Proteome
ADAM10,0.15222809,Secretory,Lung_Tumor_PD,Proteome
ADAM15,0.16496289,Secretory,Lung_Tumor_PD,Proteome
ADAM9,0.19442727,Secretory,Lung_Tumor_PD,Proteome
ADAR,0.1512096,Nucleus,Lung_Tumor_PD,Proteome
ADARB1,-0.499851,Nucleus,Lung_Tumor_PD,Proteome
ADAT2,-0.66429114,Cytosol,Lung_Tumor_PD,Proteome
ADAT3,-0.6463644,Cytosol,Lung_Tumor_PD,Proteome
ADCY3,-0.56007636,Secretory,Lung_Tumor_PD,Proteome
ADCY6,0.05116202,Secretory,Lung_Tumor_PD,Proteome
ADCY9,0.05672719,Secretory,Lung_Tumor_PD,Proteome
ADH5,-0.047487948,Cytosol,Lung_Tumor_PD,Proteome
ADI1,-0.47862712,Cytosol,Lung_Tumor_PD,Proteome
ADK,-0.20332657,Cytosol,Lung_Tumor_PD,Proteome
ADNP,0.51904446,Nucleus,Lung_Tumor_PD,Proteome
ADNP2,0.51783395,Nucleus,Lung_Tumor_PD,Proteome
ADO,-0.055106513,Cytosol,Lung_Tumor_PD,Proteome
ADRM1,-0.3844224,Cytosol,Lung_Tumor_PD,Proteome
ADSL,-0.39198554,Cytosol,Lung_Tumor_PD,Proteome
AFF4,0.4888996,Nucleus,Lung_Tumor_PD,Proteome
AFG3L2,0.34848,Mitochondria,Lung_Tumor_PD,Proteome
AGFG1,-0.08692467,Cytosol,Lung_Tumor_PD,Proteome
AGFG2,-0.15545826,Cytosol,Lung_Tumor_PD,Proteome
AGGF1,0.5040998,Nucleus,Lung_Tumor_PD,Proteome
AGK,0.28723994,Mitochondria,Lung_Tumor_PD,Proteome
AGO2,-0.1224977,Nucleus,Lung_Tumor_PD,Proteome
AGPAT3,0.2415906,Secretory,Lung_Tumor_PD,Proteome
AGPAT5,0.47339568,Mitochondria,Lung_Tumor_PD,Proteome
AGRN,0.08433825,Secretory,Lung_Tumor_PD,Proteome
AHCTF1,0.22648896,Nucleus,Lung_Tumor_PD,Proteome
AHCY,-0.61251056,Cytosol,Lung_Tumor_PD,Proteome
AHCYL1,-0.1358026,Cytosol,Lung_Tumor_PD,Proteome
AHCYL2,-0.13256189,Cytosol,Lung_Tumor_PD,Proteome
AHDC1,-0.33717346,Nucleus,Lung_Tumor_PD,Proteome
AHSA1,-0.5005121,Cytosol,Lung_Tumor_PD,Proteome
AIFM1,0.4722323,Mitochondria,Lung_Tumor_PD,Proteome
AIP,-0.13272275,Cytosol,Lung_Tumor_PD,Proteome
AJUBA,-0.24957584,Cytosol,Lung_Tumor_PD,Proteome
AK1,-0.10186552,Cytosol,Lung_Tumor_PD,Proteome
AK2,-0.574651,Nucleus,Lung_Tumor_PD,Proteome
AKAP1,-0.29960588,Mitochondria,Lung_Tumor_PD,Proteome
AKAP12,-0.03495436,Cytosol,Lung_Tumor_PD,Proteome
AKAP17A,0.51171637,Nucleus,Lung_Tumor_PD,Proteome
AKAP8L,0.5144778,Nucleus,Lung_Tumor_PD,Proteome
AKR1A1,-0.1866767,Cytosol,Lung_Tumor_PD,Proteome
AKT1,-0.06627982,Cytosol,Lung_Tumor_PD,Proteome
AKT2,-0.18843244,Cytosol,Lung_Tumor_PD,Proteome
AKTIP,-0.16436866,Cytosol,Lung_Tumor_PD,Proteome
ALCAM,-0.5458528,Secretory,Lung_Tumor_PD,Proteome
ALDH1A3,-0.1396354,Cytosol,Lung_Tumor_PD,Proteome
ALDH3A2,-0.5177572,Secretory,Lung_Tumor_PD,Proteome
ALDH9A1,-0.108495444,Cytosol,Lung_Tumor_PD,Proteome
ALDOA,-0.14181922,Cytosol,Lung_Tumor_PD,Proteome
ALG1,0.20780577,Secretory,Lung_Tumor_PD,Proteome
ALG11,0.20962982,Secretory,Lung_Tumor_PD,Proteome
ALG3,-0.47156563,Secretory,Lung_Tumor_PD,Proteome
ALG5,0.19379224,Secretory,Lung_Tumor_PD,Proteome
ALG6,0.23398155,Secretory,Lung_Tumor_PD,Proteome
ALKBH3,-0.061311863,Cytosol,Lung_Tumor_PD,Proteome
ALKBH8,-0.111033805,Cytosol,Lung_Tumor_PD,Proteome
AMDHD2,-0.06122296,Cytosol,Lung_Tumor_PD,Proteome
AMFR,-0.2078468,Secretory,Lung_Tumor_PD,Proteome
AMOTL2,-0.092847034,Cytosol,Lung_Tumor_PD,Proteome
AMPD2,-0.04391746,Cytosol,Lung_Tumor_PD,Proteome
ANKLE2,0.051842514,Secretory,Lung_Tumor_PD,Proteome
ANKMY2,-0.14922582,Cytosol,Lung_Tumor_PD,Proteome
ANKRD12,-0.51549417,Nucleus,Lung_Tumor_PD,Proteome
ANKRD54,-0.43084553,Cytosol,Lung_Tumor_PD,Proteome
ANKS1A,-0.5656031,Cytosol,Lung_Tumor_PD,Proteome
ANO10,0.15135771,Secretory,Lung_Tumor_PD,Proteome
ANO6,0.09534048,Secretory,Lung_Tumor_PD,Proteome
ANXA1,-0.20044191,Cytosol,Lung_Tumor_PD,Proteome
ANXA11,-0.17671245,Cytosol,Lung_Tumor_PD,Proteome
ANXA5,-0.043413695,Cytosol,Lung_Tumor_PD,Proteome
AP2A1,0.06870538,Secretory,Lung_Tumor_PD,Proteome
AP2A2,0.06065872,Secretory,Lung_Tumor_PD,Proteome
AP2M1,0.06656785,Secretory,Lung_Tumor_PD,Proteome
AP3B1,-0.16187322,Cytosol,Lung_Tumor_PD,Proteome
AP3D1,-0.20305265,Cytosol,Lung_Tumor_PD,Proteome
AP3M2,-0.3675368,Cytosol,Lung_Tumor_PD,Proteome
AP4E1,-0.1067319,Cytosol,Lung_Tumor_PD,Proteome
APLP2,0.080905646,Secretory,Lung_Tumor_PD,Proteome
APMAP,0.120540954,Secretory,Lung_Tumor_PD,Proteome
APOO,0.46389616,Mitochondria,Lung_Tumor_PD,Proteome
APOOL,0.29917407,Mitochondria,Lung_Tumor_PD,Proteome
APP,0.063480355,Secretory,Lung_Tumor_PD,Proteome
APPL1,-0.06923392,Cytosol,Lung_Tumor_PD,Proteome
APRT,-0.19293396,Cytosol,Lung_Tumor_PD,Proteome
ARAP1,-0.092746265,Cytosol,Lung_Tumor_PD,Proteome
ARCN1,-0.18708275,Cytosol,Lung_Tumor_PD,Proteome
ARFGEF2,-0.19708239,Cytosol,Lung_Tumor_PD,Proteome
ARFRP1,0.18647094,Secretory,Lung_Tumor_PD,Proteome
ARHGAP12,-0.15418468,Cytosol,Lung_Tumor_PD,Proteome
ARHGAP17,-0.08562829,Cytosol,Lung_Tumor_PD,Proteome
ARHGAP35,-0.10280789,Cytosol,Lung_Tumor_PD,Proteome
ARHGAP5,-0.081570126,Cytosol,Lung_Tumor_PD,Proteome
ARHGDIA,-0.07944422,Cytosol,Lung_Tumor_PD,Proteome
ARHGDIB,-0.116712704,Cytosol,Lung_Tumor_PD,Proteome
ARHGEF10,-0.03516445,Cytosol,Lung_Tumor_PD,Proteome
ARHGEF10L,-0.13970025,Cytosol,Lung_Tumor_PD,Proteome
ARHGEF40,0.037408195,Secretory,Lung_Tumor_PD,Proteome
ARHGEF7,-0.058739934,Cytosol,Lung_Tumor_PD,Proteome
ARID1B,0.47779423,Nucleus,Lung_Tumor_PD,Proteome
ARIH1,-0.29290423,Cytosol,Lung_Tumor_PD,Proteome
ARIH2,-0.43263683,Cytosol,Lung_Tumor_PD,Proteome
ARL13B,-0.29778516,Secretory,Lung_Tumor_PD,Proteome
ARL15,-0.3312285,Secretory,Lung_Tumor_PD,Proteome
ARL6,-0.2174823,Cytosol,Lung_Tumor_PD,Proteome
ARL6IP5,0.08598998,Secretory,Lung_Tumor_PD,Proteome
ARL8A,0.07096828,Secretory,Lung_Tumor_PD,Proteome
ARL8B,0.22595604,Secretory,Lung_Tumor_PD,Proteome
ARMC10,0.29735523,Mitochondria,Lung_Tumor_PD,Proteome
ARMC6,-0.6527439,Cytosol,Lung_Tumor_PD,Proteome
ARMCX3,-0.28189966,Mitochondria,Lung_Tumor_PD,Proteome
ARPC5,-0.07098991,Cytosol,Lung_Tumor_PD,Proteome
ARV1,0.23333074,Secretory,Lung_Tumor_PD,Proteome
ASAH1,0.103662625,Secretory,Lung_Tumor_PD,Proteome
ASAP1,-0.061011814,Cytosol,Lung_Tumor_PD,Proteome
ASH2L,0.4556228,Nucleus,Lung_Tumor_PD,Proteome
ASMTL,-0.06675768,Cytosol,Lung_Tumor_PD,Proteome
ASPH,-0.45831195,Secretory,Lung_Tumor_PD,Proteome
ASPSCR1,-0.52745235,Cytosol,Lung_Tumor_PD,Proteome
ASS1,-0.22656018,Cytosol,Lung_Tumor_PD,Proteome
ATAD1,0.118608765,Mitochondria,Lung_Tumor_PD,Proteome
ATAD2,0.50263596,Nucleus,Lung_Tumor_PD,Proteome
ATAD2B,0.35182375,Nucleus,Lung_Tumor_PD,Proteome
ATAD3A,0.004507858,Mitochondria,Lung_Tumor_PD,Proteome
ATE1,-0.06936222,Cytosol,Lung_Tumor_PD,Proteome
ATF1,0.53867465,Nucleus,Lung_Tumor_PD,Proteome
ATF6,0.23513463,Secretory,Lung_Tumor_PD,Proteome
ATG12,-0.13790175,Cytosol,Lung_Tumor_PD,Proteome
ATG13,-0.07342196,Cytosol,Lung_Tumor_PD,Proteome
ATG16L1,-0.151923,Cytosol,Lung_Tumor_PD,Proteome
ATG2B,-0.15635839,Cytosol,Lung_Tumor_PD,Proteome
ATG3,-0.10598915,Cytosol,Lung_Tumor_PD,Proteome
ATG4B,-0.10433493,Cytosol,Lung_Tumor_PD,Proteome
ATG4C,-0.10578139,Cytosol,Lung_Tumor_PD,Proteome
ATG5,-0.13129228,Cytosol,Lung_Tumor_PD,Proteome
ATG7,-0.10404666,Cytosol,Lung_Tumor_PD,Proteome
ATG9A,0.18304764,Secretory,Lung_Tumor_PD,Proteome
ATIC,-0.33236277,Cytosol,Lung_Tumor_PD,Proteome
ATL2,-0.3679424,Secretory,Lung_Tumor_PD,Proteome
ATL3,0.12246819,Secretory,Lung_Tumor_PD,Proteome
ATP11A,0.12466739,Secretory,Lung_Tumor_PD,Proteome
ATP11B,-0.4854435,Secretory,Lung_Tumor_PD,Proteome
ATP11C,0.08616405,Secretory,Lung_Tumor_PD,Proteome
ATP13A1,0.21455559,Secretory,Lung_Tumor_PD,Proteome
ATP13A3,-0.28649402,Secretory,Lung_Tumor_PD,Proteome
ATP1A1,-0.105829075,Secretory,Lung_Tumor_PD,Proteome
ATP1B1,-0.020615108,Secretory,Lung_Tumor_PD,Proteome
ATP1B3,-0.46289158,Secretory,Lung_Tumor_PD,Proteome
ATP2A2,-0.27075335,Secretory,Lung_Tumor_PD,Proteome
ATP2B1,-0.43806434,Secretory,Lung_Tumor_PD,Proteome
ATP2B4,-0.21799284,Secretory,Lung_Tumor_PD,Proteome
ATP2C1,0.038902164,Secretory,Lung_Tumor_PD,Proteome
ATP6AP1,-0.12882116,Secretory,Lung_Tumor_PD,Proteome
ATP6AP2,-0.14088728,Secretory,Lung_Tumor_PD,Proteome
ATP6V0A1,0.17384818,Secretory,Lung_Tumor_PD,Proteome
ATP6V0A2,-0.5941986,Secretory,Lung_Tumor_PD,Proteome
ATP6V0D1,0.15179737,Secretory,Lung_Tumor_PD,Proteome
ATP7A,-0.529828,Secretory,Lung_Tumor_PD,Proteome
ATP8B1,-0.0837335,Secretory,Lung_Tumor_PD,Proteome
ATP9A,0.14575458,Secretory,Lung_Tumor_PD,Proteome
ATP9B,0.18590537,Secretory,Lung_Tumor_PD,Proteome
ATPAF1,0.3938946,Mitochondria,Lung_Tumor_PD,Proteome
ATRN,0.081535704,Secretory,Lung_Tumor_PD,Proteome
ATRX,0.53699815,Nucleus,Lung_Tumor_PD,Proteome
ATXN1,-0.47431073,Nucleus,Lung_Tumor_PD,Proteome
ATXN3,-0.4511459,Cytosol,Lung_Tumor_PD,Proteome
ATXN7L3B,-0.5853937,Cytosol,Lung_Tumor_PD,Proteome
AUP1,-0.63304985,Secretory,Lung_Tumor_PD,Proteome
AURKB,0.47648743,Nucleus,Lung_Tumor_PD,Proteome
AVL9,-0.105045386,Cytosol,Lung_Tumor_PD,Proteome
B2M,0.24150948,Secretory,Lung_Tumor_PD,Proteome
B3GAT3,0.16837645,Secretory,Lung_Tumor_PD,Proteome
B3GNT2,0.12984441,Secretory,Lung_Tumor_PD,Proteome
B4GALT1,0.09753017,Secretory,Lung_Tumor_PD,Proteome
B4GALT4,-0.4203732,Secretory,Lung_Tumor_PD,Proteome
BAG3,-0.14962779,Cytosol,Lung_Tumor_PD,Proteome
BAG6,-0.52386343,Cytosol,Lung_Tumor_PD,Proteome
BAK1,-0.4181436,Mitochondria,Lung_Tumor_PD,Proteome
BAX,-0.079991564,Cytosol,Lung_Tumor_PD,Proteome
BAZ1A,0.40803844,Nucleus,Lung_Tumor_PD,Proteome
BAZ1B,0.48721418,Nucleus,Lung_Tumor_PD,Proteome
BAZ2A,0.40224716,Nucleus,Lung_Tumor_PD,Proteome
BAZ2B,0.2626594,Nucleus,Lung_Tumor_PD,Proteome
BCAP29,0.16175269,Secretory,Lung_Tumor_PD,Proteome
BCAP31,-0.19816782,Secretory,Lung_Tumor_PD,Proteome
BCAR1,-0.10975043,Cytosol,Lung_Tumor_PD,Proteome
BCAS3,-0.10488369,Cytosol,Lung_Tumor_PD,Proteome
BCL10,-0.1542208,Cytosol,Lung_Tumor_PD,Proteome
BCL2L1,-0.42927095,Mitochondria,Lung_Tumor_PD,Proteome
BCL2L11,-0.68482256,Secretory,Lung_Tumor_PD,Proteome
BCL2L13,0.28715104,Mitochondria,Lung_Tumor_PD,Proteome
BCL9L,-0.52524936,Nucleus,Lung_Tumor_PD,Proteome
BCOR,0.5139046,Nucleus,Lung_Tumor_PD,Proteome
BCS1L,0.05902175,Mitochondria,Lung_Tumor_PD,Proteome
BDH1,0.40576264,Mitochondria,Lung_Tumor_PD,Proteome
BDH2,-0.071084596,Cytosol,Lung_Tumor_PD,Proteome
BEND3,0.5113538,Nucleus,Lung_Tumor_PD,Proteome
BET1,0.23095642,Secretory,Lung_Tumor_PD,Proteome
BET1L,0.20549056,Secretory,Lung_Tumor_PD,Proteome
BID,-0.2553977,Cytosol,Lung_Tumor_PD,Proteome
BIN1,-0.10142794,Cytosol,Lung_Tumor_PD,Proteome
BIN3,-0.13858618,Cytosol,Lung_Tumor_PD,Proteome
BIRC2,-0.104481116,Cytosol,Lung_Tumor_PD,Proteome
BIRC6,-0.53718734,Cytosol,Lung_Tumor_PD,Proteome
BLM,0.46817243,Nucleus,Lung_Tumor_PD,Proteome
BLVRB,-0.20402151,Cytosol,Lung_Tumor_PD,Proteome
BLZF1,0.21595334,Secretory,Lung_Tumor_PD,Proteome
BMP2K,0.07855966,Secretory,Lung_Tumor_PD,Proteome
BMPR2,0.08976834,Secretory,Lung_Tumor_PD,Proteome
BMS1,0.2674147,Nucleus,Lung_Tumor_PD,Proteome
BNIP1,0.23301698,Secretory,Lung_Tumor_PD,Proteome
BNIP3,-0.43773392,Mitochondria,Lung_Tumor_PD,Proteome
BPNT1,-0.15565753,Cytosol,Lung_Tumor_PD,Proteome
BRAF,-0.3090699,Cytosol,Lung_Tumor_PD,Proteome
BRCC3,-0.064935915,Cytosol,Lung_Tumor_PD,Proteome
BRD1,0.28652596,Nucleus,Lung_Tumor_PD,Proteome
BRD2,0.5140515,Nucleus,Lung_Tumor_PD,Proteome
BRD4,0.5189062,Nucleus,Lung_Tumor_PD,Proteome
BRIX1,0.34119186,Nucleus,Lung_Tumor_PD,Proteome
BROX,-0.4477521,Cytosol,Lung_Tumor_PD,Proteome
BRPF1,0.5299482,Nucleus,Lung_Tumor_PD,Proteome
BRPF3,-0.17437549,Nucleus,Lung_Tumor_PD,Proteome
BRWD1,0.4881951,Nucleus,Lung_Tumor_PD,Proteome
BSG,0.00013120886,Secretory,Lung_Tumor_PD,Proteome
BTF3,-0.5310249,Cytosol,Lung_Tumor_PD,Proteome
BTF3L4,-0.5114219,Cytosol,Lung_Tumor_PD,Proteome
BTN2A1,0.17485654,Secretory,Lung_Tumor_PD,Proteome
BUB1B,-0.63183737,Cytosol,Lung_Tumor_PD,Proteome
C11orf68,-0.05141551,Cytosol,Lung_Tumor_PD,Proteome
C12orf57,-0.045182254,Cytosol,Lung_Tumor_PD,Proteome
C14orf119,-0.17120692,Cytosol,Lung_Tumor_PD,Proteome
C18orf21,0.49147928,Nucleus,Lung_Tumor_PD,Proteome
C18orf32,0.23809156,Secretory,Lung_Tumor_PD,Proteome
C1GALT1,0.18494391,Secretory,Lung_Tumor_PD,Proteome
C1QBP,0.21525328,Mitochondria,Lung_Tumor_PD,Proteome
C1orf131,0.31200996,Nucleus,Lung_Tumor_PD,Proteome
C1orf198,-0.026350219,Cytosol,Lung_Tumor_PD,Proteome
C1orf50,-0.14814787,Cytosol,Lung_Tumor_PD,Proteome
C2CD2,0.15507658,Secretory,Lung_Tumor_PD,Proteome
C2CD2L,0.17333154,Secretory,Lung_Tumor_PD,Proteome
C2orf42,0.40882292,Nucleus,Lung_Tumor_PD,Proteome
C2orf49,0.4635621,Nucleus,Lung_Tumor_PD,Proteome
C2orf69,-0.56624454,Cytosol,Lung_Tumor_PD,Proteome
C4orf3,-0.24935707,Secretory,Lung_Tumor_PD,Proteome
C5orf24,0.5268364,Nucleus,Lung_Tumor_PD,Proteome
C6orf47,0.19192483,Secretory,Lung_Tumor_PD,Proteome
C6orf89,-0.2134545,Secretory,Lung_Tumor_PD,Proteome
CABIN1,0.4740924,Nucleus,Lung_Tumor_PD,Proteome
CACYBP,-0.57919985,Cytosol,Lung_Tumor_PD,Proteome
CAD,-0.60053706,Cytosol,Lung_Tumor_PD,Proteome
CADM4,-0.03305268,Secretory,Lung_Tumor_PD,Proteome
CALCOCO1,-0.10266291,Cytosol,Lung_Tumor_PD,Proteome
CALR,-0.5632823,Nucleus,Lung_Tumor_PD,Proteome
CALU,-0.4834741,Nucleus,Lung_Tumor_PD,Proteome
CAMK2D,-0.106973134,Cytosol,Lung_Tumor_PD,Proteome
CAMK2G,-0.15509582,Cytosol,Lung_Tumor_PD,Proteome
CAMLG,-0.035195027,Secretory,Lung_Tumor_PD,Proteome
CANT1,0.23663814,Secretory,Lung_Tumor_PD,Proteome
CANX,0.24042447,Secretory,Lung_Tumor_PD,Proteome
CAPN1,-0.17237878,Cytosol,Lung_Tumor_PD,Proteome
CAPN2,-0.08485721,Cytosol,Lung_Tumor_PD,Proteome
CAPN5,0.13834944,Secretory,Lung_Tumor_PD,Proteome
CAPNS1,-0.14362001,Cytosol,Lung_Tumor_PD,Proteome
CAPS,-0.14474998,Cytosol,Lung_Tumor_PD,Proteome
CASK,0.24920148,Mitochondria,Lung_Tumor_PD,Proteome
CASP7,-0.20539877,Cytosol,Lung_Tumor_PD,Proteome
CAST,-0.12721117,Cytosol,Lung_Tumor_PD,Proteome
CAV1,0.07425163,Secretory,Lung_Tumor_PD,Proteome
CAV2,0.05838482,Secretory,Lung_Tumor_PD,Proteome
CBFB,-0.16411598,Cytosol,Lung_Tumor_PD,Proteome
CBL,-0.10953144,Cytosol,Lung_Tumor_PD,Proteome
CBR1,-0.56333625,Cytosol,Lung_Tumor_PD,Proteome
CBX3,0.5287947,Nucleus,Lung_Tumor_PD,Proteome
CBX5,0.5164953,Nucleus,Lung_Tumor_PD,Proteome
CBX8,0.5016933,Nucleus,Lung_Tumor_PD,Proteome
CC2D1B,-0.10900701,Cytosol,Lung_Tumor_PD,Proteome
CCAR1,0.50083184,Nucleus,Lung_Tumor_PD,Proteome
CCAR2,0.45649937,Nucleus,Lung_Tumor_PD,Proteome
CCDC115,-0.56255925,Secretory,Lung_Tumor_PD,Proteome
CCDC117,0.3219303,Nucleus,Lung_Tumor_PD,Proteome
CCDC127,0.01936598,Mitochondria,Lung_Tumor_PD,Proteome
CCDC134,-0.32756165,Secretory,Lung_Tumor_PD,Proteome
CCDC22,-0.08945543,Cytosol,Lung_Tumor_PD,Proteome
CCDC25,-0.19733967,Cytosol,Lung_Tumor_PD,Proteome
CCDC43,-0.5939897,Cytosol,Lung_Tumor_PD,Proteome
CCDC47,0.2466269,Secretory,Lung_Tumor_PD,Proteome
CCDC50,-0.048360713,Cytosol,Lung_Tumor_PD,Proteome
CCDC51,0.31238413,Mitochondria,Lung_Tumor_PD,Proteome
CCDC6,-0.21296293,Cytosol,Lung_Tumor_PD,Proteome
CCDC61,0.10819824,Secretory,Lung_Tumor_PD,Proteome
CCDC85C,-0.50541824,Cytosol,Lung_Tumor_PD,Proteome
CCDC86,0.38915306,Nucleus,Lung_Tumor_PD,Proteome
CCDC90B,0.34522313,Mitochondria,Lung_Tumor_PD,Proteome
CCDC91,-0.04476341,Cytosol,Lung_Tumor_PD,Proteome
CCDC92,-0.059793293,Cytosol,Lung_Tumor_PD,Proteome
CCDC93,-0.07229463,Cytosol,Lung_Tumor_PD,Proteome
CCDC97,-0.64568806,Cytosol,Lung_Tumor_PD,Proteome
CCNB1,-0.6093096,Cytosol,Lung_Tumor_PD,Proteome
CCNH,0.3784565,Nucleus,Lung_Tumor_PD,Proteome
CCNT1,0.4918995,Nucleus,Lung_Tumor_PD,Proteome
CCNT2,0.41003594,Nucleus,Lung_Tumor_PD,Proteome
CCNYL1,0.08733675,Secretory,Lung_Tumor_PD,Proteome
CCPG1,0.21915096,Secretory,Lung_Tumor_PD,Proteome
CCS,-0.11931577,Cytosol,Lung_Tumor_PD,Proteome
CCT2,-0.50459117,Cytosol,Lung_Tumor_PD,Proteome
CCT3,-0.4762926,Cytosol,Lung_Tumor_PD,Proteome
CCT4,-0.48655695,Cytosol,Lung_Tumor_PD,Proteome
CCT5,-0.47228548,Cytosol,Lung_Tumor_PD,Proteome
CCT6A,-0.48581988,Cytosol,Lung_Tumor_PD,Proteome
CCT7,-0.47376925,Cytosol,Lung_Tumor_PD,Proteome
CCT8,-0.4684835,Cytosol,Lung_Tumor_PD,Proteome
CD109,0.0017275972,Secretory,Lung_Tumor_PD,Proteome
CD151,0.13970083,Secretory,Lung_Tumor_PD,Proteome
CD276,0.05320979,Secretory,Lung_Tumor_PD,Proteome
CD2AP,-0.1578596,Cytosol,Lung_Tumor_PD,Proteome
CD44,0.09238519,Secretory,Lung_Tumor_PD,Proteome
CD46,-0.20773816,Secretory,Lung_Tumor_PD,Proteome
CD47,0.16801727,Secretory,Lung_Tumor_PD,Proteome
CD55,0.07995412,Secretory,Lung_Tumor_PD,Proteome
CD58,0.01675832,Secretory,Lung_Tumor_PD,Proteome
CD63,0.14539678,Secretory,Lung_Tumor_PD,Proteome
CD81,0.095461756,Secretory,Lung_Tumor_PD,Proteome
CD99,0.026591832,Secretory,Lung_Tumor_PD,Proteome
CDAN1,-0.55113274,Cytosol,Lung_Tumor_PD,Proteome
CDC123,-0.510056,Cytosol,Lung_Tumor_PD,Proteome
CDC34,-0.16519907,Cytosol,Lung_Tumor_PD,Proteome
CDC37,-0.21154349,Cytosol,Lung_Tumor_PD,Proteome
CDC40,0.5360411,Nucleus,Lung_Tumor_PD,Proteome
CDC42,-0.20984341,Cytosol,Lung_Tumor_PD,Proteome
CDC42EP4,-0.19473988,Cytosol,Lung_Tumor_PD,Proteome
CDC5L,0.5243669,Nucleus,Lung_Tumor_PD,Proteome
CDC73,0.46827415,Nucleus,Lung_Tumor_PD,Proteome
CDCA5,0.49117672,Nucleus,Lung_Tumor_PD,Proteome
CDCA7L,0.5364605,Nucleus,Lung_Tumor_PD,Proteome
CDK1,-0.61377096,Cytosol,Lung_Tumor_PD,Proteome
CDK13,0.373754,Nucleus,Lung_Tumor_PD,Proteome
CDK17,0.07810047,Secretory,Lung_Tumor_PD,Proteome
CDK5,-0.6350446,Cytosol,Lung_Tumor_PD,Proteome
CDK5RAP3,0.16642131,Secretory,Lung_Tumor_PD,Proteome
CDK6,-0.095557705,Cytosol,Lung_Tumor_PD,Proteome
CDK9,0.4688367,Nucleus,Lung_Tumor_PD,Proteome
CDKAL1,-0.70074874,Secretory,Lung_Tumor_PD,Proteome
CDKN2AIPNL,0.5044531,Nucleus,Lung_Tumor_PD,Proteome
CDR2L,-0.088365875,Cytosol,Lung_Tumor_PD,Proteome
CDS2,0.21850426,Secretory,Lung_Tumor_PD,Proteome
CDV3,-0.22322038,Cytosol,Lung_Tumor_PD,Proteome
CEBPB,-0.5348316,Nucleus,Lung_Tumor_PD,Proteome
CEBPZ,0.32290733,Nucleus,Lung_Tumor_PD,Proteome
CELF1,0.52303994,Nucleus,Lung_Tumor_PD,Proteome
CENPB,0.515686,Nucleus,Lung_Tumor_PD,Proteome
CENPC,0.42739677,Nucleus,Lung_Tumor_PD,Proteome
CENPN,0.4263547,Nucleus,Lung_Tumor_PD,Proteome
CEP112,-0.03637884,Cytosol,Lung_Tumor_PD,Proteome
CEP128,-0.40928286,Mitochondria,Lung_Tumor_PD,Proteome
CEP192,-0.6674087,Cytosol,Lung_Tumor_PD,Proteome
CEP44,-0.2756826,Cytosol,Lung_Tumor_PD,Proteome
CEP78,-0.6458469,Cytosol,Lung_Tumor_PD,Proteome
CEP85,-0.67024016,Cytosol,Lung_Tumor_PD,Proteome
CEP89,0.100268774,Secretory,Lung_Tumor_PD,Proteome
CERS2,-0.38342902,Secretory,Lung_Tumor_PD,Proteome
CFL1,-0.10321227,Cytosol,Lung_Tumor_PD,Proteome
CHAF1A,0.502937,Nucleus,Lung_Tumor_PD,Proteome
CHCHD3,-0.077895954,Mitochondria,Lung_Tumor_PD,Proteome
CHCHD6,0.3684214,Mitochondria,Lung_Tumor_PD,Proteome
CHD1,0.41909334,Nucleus,Lung_Tumor_PD,Proteome
CHD2,0.5196198,Nucleus,Lung_Tumor_PD,Proteome
CHD3,0.51814437,Nucleus,Lung_Tumor_PD,Proteome
CHD4,0.5326108,Nucleus,Lung_Tumor_PD,Proteome
CHD6,0.5209041,Nucleus,Lung_Tumor_PD,Proteome
CHD9,-0.4599283,Nucleus,Lung_Tumor_PD,Proteome
CHDH,-0.44019404,Mitochondria,Lung_Tumor_PD,Proteome
CHERP,0.5252166,Nucleus,Lung_Tumor_PD,Proteome
CHKA,0.002129553,Cytosol,Lung_Tumor_PD,Proteome
CHM,-0.095720924,Cytosol,Lung_Tumor_PD,Proteome
CHML,-0.56086403,Cytosol,Lung_Tumor_PD,Proteome
CHMP2A,-0.26195297,Cytosol,Lung_Tumor_PD,Proteome
CHMP4B,-0.05940052,Cytosol,Lung_Tumor_PD,Proteome
CHMP5,-0.08075506,Cytosol,Lung_Tumor_PD,Proteome
CHMP6,0.13881603,Secretory,Lung_Tumor_PD,Proteome
CHORDC1,-0.43314064,Cytosol,Lung_Tumor_PD,Proteome
CHPF,0.069476806,Secretory,Lung_Tumor_PD,Proteome
CHPF2,0.063542284,Secretory,Lung_Tumor_PD,Proteome
CHPT1,-0.372339,Secretory,Lung_Tumor_PD,Proteome
CHST12,0.12489809,Secretory,Lung_Tumor_PD,Proteome
CHST14,0.04715271,Secretory,Lung_Tumor_PD,Proteome
CHSY1,0.046668287,Secretory,Lung_Tumor_PD,Proteome
CHTOP,-0.40427214,Nucleus,Lung_Tumor_PD,Proteome
CIAO1,-0.39900783,Cytosol,Lung_Tumor_PD,Proteome
CIAPIN1,-0.34906822,Cytosol,Lung_Tumor_PD,Proteome
CIB1,0.17921327,Secretory,Lung_Tumor_PD,Proteome
CIC,-0.46714422,Nucleus,Lung_Tumor_PD,Proteome
CISD1,0.44606403,Mitochondria,Lung_Tumor_PD,Proteome
CISD2,0.224455,Secretory,Lung_Tumor_PD,Proteome
CKAP2L,0.43499926,Nucleus,Lung_Tumor_PD,Proteome
CKAP4,0.045806535,Secretory,Lung_Tumor_PD,Proteome
CKB,-0.43655148,Cytosol,Lung_Tumor_PD,Proteome
CLCC1,0.22902565,Secretory,Lung_Tumor_PD,Proteome
CLCN3,-0.14308554,Secretory,Lung_Tumor_PD,Proteome
CLCN7,0.14125775,Secretory,Lung_Tumor_PD,Proteome
CLDND1,-0.18777162,Secretory,Lung_Tumor_PD,Proteome
CLIC1,-0.10888218,Cytosol,Lung_Tumor_PD,Proteome
CLIC4,-0.031761028,Cytosol,Lung_Tumor_PD,Proteome
CLIP1,-0.17932597,Cytosol,Lung_Tumor_PD,Proteome
CLPB,-0.47599062,Mitochondria,Lung_Tumor_PD,Proteome
CLPTM1,0.24219686,Secretory,Lung_Tumor_PD,Proteome
CLPTM1L,0.21300228,Secretory,Lung_Tumor_PD,Proteome
CLUH,-0.50739336,Cytosol,Lung_Tumor_PD,Proteome
CMAS,-0.19679281,Nucleus,Lung_Tumor_PD,Proteome
CMBL,-0.061332054,Cytosol,Lung_Tumor_PD,Proteome
CMC2,0.45735088,Mitochondria,Lung_Tumor_PD,Proteome
CMPK1,-0.17550789,Cytosol,Lung_Tumor_PD,Proteome
CMSS1,0.46203363,Nucleus,Lung_Tumor_PD,Proteome
CMTR2,-0.21169227,Cytosol,Lung_Tumor_PD,Proteome
CNDP2,-0.11602479,Cytosol,Lung_Tumor_PD,Proteome
CNN2,-0.027043464,Cytosol,Lung_Tumor_PD,Proteome
CNNM3,-0.6925431,Secretory,Lung_Tumor_PD,Proteome
CNNM4,-0.057652555,Secretory,Lung_Tumor_PD,Proteome
CNOT4,-0.599209,Cytosol,Lung_Tumor_PD,Proteome
CNP,-0.46550426,Secretory,Lung_Tumor_PD,Proteome
CNPY3,0.5124327,Nucleus,Lung_Tumor_PD,Proteome
CNST,-0.53874856,Secretory,Lung_Tumor_PD,Proteome
CNTRL,-0.1337365,Cytosol,Lung_Tumor_PD,Proteome
COA3,0.2945518,Mitochondria,Lung_Tumor_PD,Proteome
COA7,0.5067347,Nucleus,Lung_Tumor_PD,Proteome
COASY,-0.54941624,Cytosol,Lung_Tumor_PD,Proteome
COG4,-0.1989535,Cytosol,Lung_Tumor_PD,Proteome
COMMD4,-0.07730315,Cytosol,Lung_Tumor_PD,Proteome
COMMD6,-0.04905434,Cytosol,Lung_Tumor_PD,Proteome
COMTD1,0.4379579,Mitochondria,Lung_Tumor_PD,Proteome
COPA,-0.179577,Cytosol,Lung_Tumor_PD,Proteome
COPB2,-0.17013562,Cytosol,Lung_Tumor_PD,Proteome
COPG1,-0.20016032,Cytosol,Lung_Tumor_PD,Proteome
COPS4,-0.34719962,Cytosol,Lung_Tumor_PD,Proteome
COPS7A,-0.4737767,Cytosol,Lung_Tumor_PD,Proteome
COPZ1,-0.20628043,Cytosol,Lung_Tumor_PD,Proteome
COQ3,-0.5651436,Secretory,Lung_Tumor_PD,Proteome
COQ7,-0.5717728,Secretory,Lung_Tumor_PD,Proteome
COQ9,0.4112391,Mitochondria,Lung_Tumor_PD,Proteome
COX11,-0.046543423,Mitochondria,Lung_Tumor_PD,Proteome
COX15,0.39139998,Mitochondria,Lung_Tumor_PD,Proteome
COX17,-0.566496,Nucleus,Lung_Tumor_PD,Proteome
COX20,0.10430524,Mitochondria,Lung_Tumor_PD,Proteome
COX4I1,0.4739222,Mitochondria,Lung_Tumor_PD,Proteome
COX5B,0.4656655,Mitochondria,Lung_Tumor_PD,Proteome
COX6B1,0.47349423,Mitochondria,Lung_Tumor_PD,Proteome
COX6C,0.4722619,Mitochondria,Lung_Tumor_PD,Proteome
COX7A2,0.47389188,Mitochondria,Lung_Tumor_PD,Proteome
COX7A2L,0.45905924,Mitochondria,Lung_Tumor_PD,Proteome
COX7C,0.47160602,Mitochondria,Lung_Tumor_PD,Proteome
CPD,-0.2949094,Secretory,Lung_Tumor_PD,Proteome
CPNE3,-0.28982848,Cytosol,Lung_Tumor_PD,Proteome
CPOX,-0.1882215,Nucleus,Lung_Tumor_PD,Proteome
CPSF6,0.5362979,Nucleus,Lung_Tumor_PD,Proteome
CPT1A,-0.19920525,Mitochondria,Lung_Tumor_PD,Proteome
CPT2,0.46999896,Mitochondria,Lung_Tumor_PD,Proteome
CRABP2,-0.100468665,Cytosol,Lung_Tumor_PD,Proteome
CRBN,-0.06752781,Cytosol,Lung_Tumor_PD,Proteome
CREBBP,0.51239663,Nucleus,Lung_Tumor_PD,Proteome
CRELD1,0.109106354,Secretory,Lung_Tumor_PD,Proteome
CRIM1,0.07055107,Secretory,Lung_Tumor_PD,Proteome
CRK,-0.05116343,Cytosol,Lung_Tumor_PD,Proteome
CRKL,-0.36130527,Cytosol,Lung_Tumor_PD,Proteome
CRLF3,-0.11444635,Cytosol,Lung_Tumor_PD,Proteome
CRTAP,0.03855732,Secretory,Lung_Tumor_PD,Proteome
CRTC1,-0.08635271,Cytosol,Lung_Tumor_PD,Proteome
CRTC2,-0.25622165,Cytosol,Lung_Tumor_PD,Proteome
CRTC3,-0.05142527,Cytosol,Lung_Tumor_PD,Proteome
CSE1L,-0.50178415,Cytosol,Lung_Tumor_PD,Proteome
CSK,-0.11309384,Cytosol,Lung_Tumor_PD,Proteome
CSTB,-0.22797082,Cytosol,Lung_Tumor_PD,Proteome
CSTF3,0.52945685,Nucleus,Lung_Tumor_PD,Proteome
CTBP1,-0.5526773,Nucleus,Lung_Tumor_PD,Proteome
CTCF,0.49813545,Nucleus,Lung_Tumor_PD,Proteome
CTDP1,0.52057135,Nucleus,Lung_Tumor_PD,Proteome
CTH,-0.17203626,Cytosol,Lung_Tumor_PD,Proteome
CTNNA1,-0.24510685,Secretory,Lung_Tumor_PD,Proteome
CTNNB1,-0.05817612,Mitochondria,Lung_Tumor_PD,Proteome
CTNNBIP1,-0.16970865,Cytosol,Lung_Tumor_PD,Proteome
CTNNBL1,0.5298997,Nucleus,Lung_Tumor_PD,Proteome
CTNND1,0.01847112,Mitochondria,Lung_Tumor_PD,Proteome
CTPS1,-0.56740385,Cytosol,Lung_Tumor_PD,Proteome
CTPS2,-0.5158445,Cytosol,Lung_Tumor_PD,Proteome
CTR9,0.5268859,Nucleus,Lung_Tumor_PD,Proteome
CTTNBP2NL,-0.032951392,Cytosol,Lung_Tumor_PD,Proteome
CTU2,-0.3595553,Cytosol,Lung_Tumor_PD,Proteome
CUEDC2,-0.5448214,Cytosol,Lung_Tumor_PD,Proteome
CUL1,-0.5516963,Cytosol,Lung_Tumor_PD,Proteome
CUL9,-0.66050243,Cytosol,Lung_Tumor_PD,Proteome
CUX1,-0.17475478,Secretory,Lung_Tumor_PD,Proteome
CWC22,0.48163584,Nucleus,Lung_Tumor_PD,Proteome
CXADR,-0.06398895,Secretory,Lung_Tumor_PD,Proteome
CXXC1,0.523606,Nucleus,Lung_Tumor_PD,Proteome
CXorf38,-0.22077432,Cytosol,Lung_Tumor_PD,Proteome
CYB5A,0.12730233,Secretory,Lung_Tumor_PD,Proteome
CYB5B,-0.43117112,Secretory,Lung_Tumor_PD,Proteome
CYB5R3,0.03437275,Secretory,Lung_Tumor_PD,Proteome
CYB5R4,-0.16793244,Cytosol,Lung_Tumor_PD,Proteome
CYC1,0.4629385,Mitochondria,Lung_Tumor_PD,Proteome
CYP20A1,0.20687965,Secretory,Lung_Tumor_PD,Proteome
CYP51A1,-0.43378776,Secretory,Lung_Tumor_PD,Proteome
CYTH1,-0.22486775,Cytosol,Lung_Tumor_PD,Proteome
CYTH3,-0.03545796,Cytosol,Lung_Tumor_PD,Proteome
DAAM1,0.067073435,Secretory,Lung_Tumor_PD,Proteome
DAG1,-0.27188852,Secretory,Lung_Tumor_PD,Proteome
DAGLB,0.16837159,Secretory,Lung_Tumor_PD,Proteome
DBI,-0.5100866,Cytosol,Lung_Tumor_PD,Proteome
DBNL,-0.10956146,Cytosol,Lung_Tumor_PD,Proteome
DCAF13,0.31367496,Nucleus,Lung_Tumor_PD,Proteome
DCBLD2,0.055227727,Secretory,Lung_Tumor_PD,Proteome
DCTD,-0.05571995,Cytosol,Lung_Tumor_PD,Proteome
DCTN1,-0.06902898,Cytosol,Lung_Tumor_PD,Proteome
DCTN2,-0.06545968,Cytosol,Lung_Tumor_PD,Proteome
DCTN4,-0.04800186,Cytosol,Lung_Tumor_PD,Proteome
DCTN5,-0.09290061,Cytosol,Lung_Tumor_PD,Proteome
DCTN6,-0.069651045,Cytosol,Lung_Tumor_PD,Proteome
DCTPP1,-0.6249,Cytosol,Lung_Tumor_PD,Proteome
DCUN1D1,-0.4518828,Cytosol,Lung_Tumor_PD,Proteome
DCUN1D3,0.11747695,Secretory,Lung_Tumor_PD,Proteome
DDAH1,-0.11607901,Cytosol,Lung_Tumor_PD,Proteome
DDB2,-0.3260648,Nucleus,Lung_Tumor_PD,Proteome
DDHD2,-0.47804028,Cytosol,Lung_Tumor_PD,Proteome
DDI2,-0.5038074,Cytosol,Lung_Tumor_PD,Proteome
DDOST,0.22082572,Secretory,Lung_Tumor_PD,Proteome
DDR1,-0.29705518,Secretory,Lung_Tumor_PD,Proteome
DDRGK1,0.221754,Secretory,Lung_Tumor_PD,Proteome
DDX10,0.29387698,Nucleus,Lung_Tumor_PD,Proteome
DDX18,0.3147171,Nucleus,Lung_Tumor_PD,Proteome
DDX20,0.52903116,Nucleus,Lung_Tumor_PD,Proteome
DDX24,0.38500735,Nucleus,Lung_Tumor_PD,Proteome
DDX28,-0.5684751,Secretory,Lung_Tumor_PD,Proteome
DDX31,0.45163766,Nucleus,Lung_Tumor_PD,Proteome
DDX39A,0.49702138,Nucleus,Lung_Tumor_PD,Proteome
DDX39B,0.52686197,Nucleus,Lung_Tumor_PD,Proteome
DDX47,0.33306533,Nucleus,Lung_Tumor_PD,Proteome
DDX49,0.38668746,Nucleus,Lung_Tumor_PD,Proteome
DDX5,0.41820154,Nucleus,Lung_Tumor_PD,Proteome
DDX50,0.45929745,Nucleus,Lung_Tumor_PD,Proteome
DDX51,0.43586025,Nucleus,Lung_Tumor_PD,Proteome
DDX52,0.33558923,Nucleus,Lung_Tumor_PD,Proteome
DDX55,0.42811316,Nucleus,Lung_Tumor_PD,Proteome
DDX56,0.3441848,Nucleus,Lung_Tumor_PD,Proteome
DEGS1,-0.056441307,Secretory,Lung_Tumor_PD,Proteome
DENND4C,-0.07165046,Cytosol,Lung_Tumor_PD,Proteome
DENR,-0.58604705,Cytosol,Lung_Tumor_PD,Proteome
DEPDC5,-0.238625,Cytosol,Lung_Tumor_PD,Proteome
DERL2,0.22412413,Secretory,Lung_Tumor_PD,Proteome
DFFA,-0.55898726,Cytosol,Lung_Tumor_PD,Proteome
DGCR8,0.5088116,Nucleus,Lung_Tumor_PD,Proteome
DHCR24,0.04295032,Secretory,Lung_Tumor_PD,Proteome
DHCR7,-0.50394565,Secretory,Lung_Tumor_PD,Proteome
DHFR,-0.53338075,Cytosol,Lung_Tumor_PD,Proteome
DHODH,0.16200538,Mitochondria,Lung_Tumor_PD,Proteome
DHRS1,0.14095928,Secretory,Lung_Tumor_PD,Proteome
DHRS3,0.17006113,Secretory,Lung_Tumor_PD,Proteome
DHRS7,0.16251059,Secretory,Lung_Tumor_PD,Proteome
DHRSX,0.13775215,Secretory,Lung_Tumor_PD,Proteome
DHX16,0.53855306,Nucleus,Lung_Tumor_PD,Proteome
DHX30,-0.6788047,Secretory,Lung_Tumor_PD,Proteome
DHX33,0.2749961,Nucleus,Lung_Tumor_PD,Proteome
DHX36,0.14191574,Nucleus,Lung_Tumor_PD,Proteome
DHX37,0.36800256,Nucleus,Lung_Tumor_PD,Proteome
DHX40,0.52793473,Nucleus,Lung_Tumor_PD,Proteome
DHX9,0.48056954,Nucleus,Lung_Tumor_PD,Proteome
DIABLO,0.25542924,Nucleus,Lung_Tumor_PD,Proteome
DIAPH1,-0.19349115,Cytosol,Lung_Tumor_PD,Proteome
DIDO1,0.5095836,Nucleus,Lung_Tumor_PD,Proteome
DIMT1,0.4009457,Nucleus,Lung_Tumor_PD,Proteome
DIP2A,-0.06764001,Cytosol,Lung_Tumor_PD,Proteome
DIP2B,-0.44593275,Cytosol,Lung_Tumor_PD,Proteome
DIS3L,-0.63191235,Cytosol,Lung_Tumor_PD,Proteome
DIS3L2,-0.21120973,Cytosol,Lung_Tumor_PD,Proteome
DKC1,0.3490738,Nucleus,Lung_Tumor_PD,Proteome
DLAT,-0.57844,Secretory,Lung_Tumor_PD,Proteome
DLG1,0.21146087,Mitochondria,Lung_Tumor_PD,Proteome
DLG5,0.12845516,Secretory,Lung_Tumor_PD,Proteome
DLGAP5,-0.541777,Cytosol,Lung_Tumor_PD,Proteome
DNAAF2,-0.12558338,Cytosol,Lung_Tumor_PD,Proteome
DNAJA3,0.38950732,Mitochondria,Lung_Tumor_PD,Proteome
DNAJB11,0.2226996,Secretory,Lung_Tumor_PD,Proteome
DNAJB12,0.24430527,Secretory,Lung_Tumor_PD,Proteome
DNAJB14,-0.55158895,Secretory,Lung_Tumor_PD,Proteome
DNAJB4,-0.54479784,Cytosol,Lung_Tumor_PD,Proteome
DNAJC1,0.2018876,Secretory,Lung_Tumor_PD,Proteome
DNAJC10,0.108858824,Secretory,Lung_Tumor_PD,Proteome
DNAJC11,-0.09470965,Mitochondria,Lung_Tumor_PD,Proteome
DNAJC13,0.15600337,Secretory,Lung_Tumor_PD,Proteome
DNAJC16,-0.5064945,Secretory,Lung_Tumor_PD,Proteome
DNAJC19,0.19109474,Mitochondria,Lung_Tumor_PD,Proteome
DNAJC25,0.23569727,Secretory,Lung_Tumor_PD,Proteome
DNAJC3,0.18571569,Secretory,Lung_Tumor_PD,Proteome
DNAJC5,0.17892827,Secretory,Lung_Tumor_PD,Proteome
DNAJC7,-0.6381714,Cytosol,Lung_Tumor_PD,Proteome
DNM2,-0.1517433,Cytosol,Lung_Tumor_PD,Proteome
DNMBP,-0.17033936,Cytosol,Lung_Tumor_PD,Proteome
DNTTIP1,0.48344776,Nucleus,Lung_Tumor_PD,Proteome
DNTTIP2,0.36623266,Nucleus,Lung_Tumor_PD,Proteome
DOCK9,0.09593249,Secretory,Lung_Tumor_PD,Proteome
DOHH,-0.45766515,Cytosol,Lung_Tumor_PD,Proteome
DPF2,0.473512,Nucleus,Lung_Tumor_PD,Proteome
DPH2,-0.65603304,Cytosol,Lung_Tumor_PD,Proteome
DPH3,-0.09891929,Cytosol,Lung_Tumor_PD,Proteome
DPH5,-0.5965141,Cytosol,Lung_Tumor_PD,Proteome
DPH7,-0.6708185,Cytosol,Lung_Tumor_PD,Proteome
DPM1,0.22885269,Secretory,Lung_Tumor_PD,Proteome
DPM3,0.24373263,Secretory,Lung_Tumor_PD,Proteome
DPP3,-0.1482266,Cytosol,Lung_Tumor_PD,Proteome
DPY19L1,0.23666097,Secretory,Lung_Tumor_PD,Proteome
DPY19L3,0.08736293,Secretory,Lung_Tumor_PD,Proteome
DPYD,-0.08507088,Cytosol,Lung_Tumor_PD,Proteome
DRG2,-0.14240709,Cytosol,Lung_Tumor_PD,Proteome
DROSHA,0.3918222,Nucleus,Lung_Tumor_PD,Proteome
DSTN,-0.026520966,Cytosol,Lung_Tumor_PD,Proteome
DTD1,-0.50802386,Cytosol,Lung_Tumor_PD,Proteome
DTNB,0.053822804,Mitochondria,Lung_Tumor_PD,Proteome
DTNBP1,-0.11469403,Cytosol,Lung_Tumor_PD,Proteome
DTYMK,-0.15496312,Cytosol,Lung_Tumor_PD,Proteome
DUSP12,-0.38654155,Cytosol,Lung_Tumor_PD,Proteome
DUSP14,-0.4072263,Cytosol,Lung_Tumor_PD,Proteome
DUSP3,-0.03726199,Cytosol,Lung_Tumor_PD,Proteome
DVL2,-0.35104886,Cytosol,Lung_Tumor_PD,Proteome
DYNC1H1,-0.062320225,Cytosol,Lung_Tumor_PD,Proteome
DYNC1I2,-0.059240833,Cytosol,Lung_Tumor_PD,Proteome
DYNC1LI1,-0.5321391,Cytosol,Lung_Tumor_PD,Proteome
DYNC1LI2,-0.08443571,Cytosol,Lung_Tumor_PD,Proteome
DYNLRB1,-0.05057376,Cytosol,Lung_Tumor_PD,Proteome
DYNLT3,-0.30804634,Cytosol,Lung_Tumor_PD,Proteome
DYRK1A,-0.55112475,Cytosol,Lung_Tumor_PD,Proteome
EBAG9,0.21237428,Secretory,Lung_Tumor_PD,Proteome
EBNA1BP2,0.23591731,Nucleus,Lung_Tumor_PD,Proteome
ECD,-0.5461336,Cytosol,Lung_Tumor_PD,Proteome
ECE1,0.14910732,Secretory,Lung_Tumor_PD,Proteome
ECI2,-0.54122573,Secretory,Lung_Tumor_PD,Proteome
ECSIT,0.31454504,Mitochondria,Lung_Tumor_PD,Proteome
ECT2,-0.63889194,Secretory,Lung_Tumor_PD,Proteome
EDEM2,0.16819432,Secretory,Lung_Tumor_PD,Proteome
EDEM3,0.21568874,Secretory,Lung_Tumor_PD,Proteome
EDF1,-0.231105,Cytosol,Lung_Tumor_PD,Proteome
EEF1A1,-0.3686589,Cytosol,Lung_Tumor_PD,Proteome
EEF1B2,-0.34409788,Cytosol,Lung_Tumor_PD,Proteome
EEF1D,-0.19357802,Cytosol,Lung_Tumor_PD,Proteome
EEF2,-0.37664178,Cytosol,Lung_Tumor_PD,Proteome
EEF2K,-0.23446578,Cytosol,Lung_Tumor_PD,Proteome
EFNB1,-0.08899762,Secretory,Lung_Tumor_PD,Proteome
EFR3A,0.024707155,Secretory,Lung_Tumor_PD,Proteome
EGFR,0.09568437,Secretory,Lung_Tumor_PD,Proteome
EHBP1,-0.5685022,Cytosol,Lung_Tumor_PD,Proteome
EIF1AD,-0.46311966,Cytosol,Lung_Tumor_PD,Proteome
EIF2AK3,-0.23938045,Secretory,Lung_Tumor_PD,Proteome
EIF2AK4,-0.0482916,Cytosol,Lung_Tumor_PD,Proteome
EIF2B1,-0.6493943,Cytosol,Lung_Tumor_PD,Proteome
EIF4EBP2,-0.12543777,Cytosol,Lung_Tumor_PD,Proteome
EIF4H,-0.5635684,Cytosol,Lung_Tumor_PD,Proteome
EIF6,-0.50208056,Cytosol,Lung_Tumor_PD,Proteome
ELAVL1,0.52681506,Nucleus,Lung_Tumor_PD,Proteome
ELMO2,-0.06443008,Cytosol,Lung_Tumor_PD,Proteome
ELMOD2,0.23033145,Secretory,Lung_Tumor_PD,Proteome
ELOVL1,0.24450094,Secretory,Lung_Tumor_PD,Proteome
ELP4,-0.21160254,Cytosol,Lung_Tumor_PD,Proteome
EMC1,0.24630372,Secretory,Lung_Tumor_PD,Proteome
EMC10,0.24842273,Secretory,Lung_Tumor_PD,Proteome
EMC3,0.24776867,Secretory,Lung_Tumor_PD,Proteome
EMC4,0.2488359,Secretory,Lung_Tumor_PD,Proteome
EMC7,0.24736626,Secretory,Lung_Tumor_PD,Proteome
EMC8,-0.41158485,Secretory,Lung_Tumor_PD,Proteome
EMD,-0.36410323,Secretory,Lung_Tumor_PD,Proteome
EML3,-0.102959946,Cytosol,Lung_Tumor_PD,Proteome
EML4,-0.11774003,Cytosol,Lung_Tumor_PD,Proteome
ENAH,-0.03948165,Cytosol,Lung_Tumor_PD,Proteome
ENDOD1,0.10439581,Secretory,Lung_Tumor_PD,Proteome
ENDOG,-0.44115463,Nucleus,Lung_Tumor_PD,Proteome
ENO1,-0.08327381,Cytosol,Lung_Tumor_PD,Proteome
ENO3,-0.116767466,Cytosol,Lung_Tumor_PD,Proteome
ENOPH1,-0.22256409,Cytosol,Lung_Tumor_PD,Proteome
ENSA,-0.33426458,Cytosol,Lung_Tumor_PD,Proteome
EPB41,-0.45010096,Mitochondria,Lung_Tumor_PD,Proteome
EPB41L5,0.15048414,Secretory,Lung_Tumor_PD,Proteome
EPHA2,0.17895767,Secretory,Lung_Tumor_PD,Proteome
EPHB2,0.15866591,Secretory,Lung_Tumor_PD,Proteome
EPHB4,-0.0296037,Secretory,Lung_Tumor_PD,Proteome
EPHX1,-0.46649146,Secretory,Lung_Tumor_PD,Proteome
ERAL1,0.28821126,Mitochondria,Lung_Tumor_PD,Proteome
ERBB2,-0.06968542,Secretory,Lung_Tumor_PD,Proteome
ERC1,-0.054496758,Cytosol,Lung_Tumor_PD,Proteome
ERCC6L,-0.5978349,Cytosol,Lung_Tumor_PD,Proteome
ERF,-0.058500044,Cytosol,Lung_Tumor_PD,Proteome
ERGIC1,0.20466846,Secretory,Lung_Tumor_PD,Proteome
ERGIC2,0.22872858,Secretory,Lung_Tumor_PD,Proteome
ERGIC3,0.22732526,Secretory,Lung_Tumor_PD,Proteome
ERLEC1,0.20553608,Secretory,Lung_Tumor_PD,Proteome
ERLIN1,-0.27355003,Secretory,Lung_Tumor_PD,Proteome
ERLIN2,-0.5202168,Secretory,Lung_Tumor_PD,Proteome
ERMP1,-0.24984303,Secretory,Lung_Tumor_PD,Proteome
ERP29,-0.5502562,Nucleus,Lung_Tumor_PD,Proteome
ESCO1,0.44515583,Nucleus,Lung_Tumor_PD,Proteome
ESF1,0.4379307,Nucleus,Lung_Tumor_PD,Proteome
ESRRA,0.11689954,Nucleus,Lung_Tumor_PD,Proteome
ESYT1,0.15350959,Secretory,Lung_Tumor_PD,Proteome
ESYT2,0.09148519,Secretory,Lung_Tumor_PD,Proteome
ETF1,-0.5250521,Cytosol,Lung_Tumor_PD,Proteome
ETFA,0.45411134,Mitochondria,Lung_Tumor_PD,Proteome
ETFDH,-0.4443115,Mitochondria,Lung_Tumor_PD,Proteome
EXD2,-0.28203115,Mitochondria,Lung_Tumor_PD,Proteome
EXOG,0.43708882,Mitochondria,Lung_Tumor_PD,Proteome
EXOSC10,0.47483876,Nucleus,Lung_Tumor_PD,Proteome
EXOSC3,0.48086727,Nucleus,Lung_Tumor_PD,Proteome
EXOSC5,0.505843,Nucleus,Lung_Tumor_PD,Proteome
EXOSC9,0.51737946,Nucleus,Lung_Tumor_PD,Proteome
EXT2,0.10088745,Secretory,Lung_Tumor_PD,Proteome
EXTL3,0.10711289,Secretory,Lung_Tumor_PD,Proteome
EZR,-0.1439138,Cytosol,Lung_Tumor_PD,Proteome
FADS1,-0.5890474,Secretory,Lung_Tumor_PD,Proteome
FAF2,0.24852197,Secretory,Lung_Tumor_PD,Proteome
FAH,-0.098168716,Cytosol,Lung_Tumor_PD,Proteome
FAIM,-0.2646927,Cytosol,Lung_Tumor_PD,Proteome
FAM107B,-0.10871859,Cytosol,Lung_Tumor_PD,Proteome
FAM111A,0.4612431,Nucleus,Lung_Tumor_PD,Proteome
FAM114A2,-0.13690601,Cytosol,Lung_Tumor_PD,Proteome
FAM120A,-0.37057117,Nucleus,Lung_Tumor_PD,Proteome
FAM136A,0.46472716,Nucleus,Lung_Tumor_PD,Proteome
FAM162A,0.24681501,Mitochondria,Lung_Tumor_PD,Proteome
FAM168A,-0.060223367,Cytosol,Lung_Tumor_PD,Proteome
FAM177A1,0.073107205,Secretory,Lung_Tumor_PD,Proteome
FAM20B,-0.4907363,Secretory,Lung_Tumor_PD,Proteome
FAM210A,0.021738093,Mitochondria,Lung_Tumor_PD,Proteome
FAM3C,0.1509313,Secretory,Lung_Tumor_PD,Proteome
FAM76A,0.4647915,Nucleus,Lung_Tumor_PD,Proteome
FAM76B,0.5368922,Nucleus,Lung_Tumor_PD,Proteome
FAM8A1,0.24949887,Secretory,Lung_Tumor_PD,Proteome
FAR1,0.23952717,Secretory,Lung_Tumor_PD,Proteome
FARP2,0.04327444,Mitochondria,Lung_Tumor_PD,Proteome
FARSA,0.0913042,Nucleus,Lung_Tumor_PD,Proteome
FARSB,0.1604104,Nucleus,Lung_Tumor_PD,Proteome
FAS,0.19479673,Secretory,Lung_Tumor_PD,Proteome
FASTKD1,0.33643332,Mitochondria,Lung_Tumor_PD,Proteome
FASTKD2,0.20931412,Mitochondria,Lung_Tumor_PD,Proteome
FASTKD5,0.37422627,Mitochondria,Lung_Tumor_PD,Proteome
FAT1,0.062835276,Secretory,Lung_Tumor_PD,Proteome
FBL,0.3936696,Nucleus,Lung_Tumor_PD,Proteome
FBLIM1,-0.035722326,Cytosol,Lung_Tumor_PD,Proteome
FBRS,0.53751445,Nucleus,Lung_Tumor_PD,Proteome
FBXO11,0.34322652,Nucleus,Lung_Tumor_PD,Proteome
FBXO28,0.5168816,Nucleus,Lung_Tumor_PD,Proteome
FBXO3,-0.16291185,Cytosol,Lung_Tumor_PD,Proteome
FBXO30,-0.49076372,Cytosol,Lung_Tumor_PD,Proteome
FBXW5,-0.09272625,Cytosol,Lung_Tumor_PD,Proteome
FCF1,0.33860826,Nucleus,Lung_Tumor_PD,Proteome
FCHSD2,-0.11339259,Cytosol,Lung_Tumor_PD,Proteome
FDFT1,-0.41056296,Secretory,Lung_Tumor_PD,Proteome
FDPS,-0.41818228,Cytosol,Lung_Tumor_PD,Proteome
FER,-0.04443395,Cytosol,Lung_Tumor_PD,Proteome
FHOD1,-0.08501801,Cytosol,Lung_Tumor_PD,Proteome
FIZ1,0.50747865,Nucleus,Lung_Tumor_PD,Proteome
FKBP14,-0.45826858,Nucleus,Lung_Tumor_PD,Proteome
FKBP3,-0.50014085,Cytosol,Lung_Tumor_PD,Proteome
FKBP4,-0.59581816,Cytosol,Lung_Tumor_PD,Proteome
FKBP8,-0.5204786,Secretory,Lung_Tumor_PD,Proteome
FKBPL,-0.43136653,Cytosol,Lung_Tumor_PD,Proteome
FLCN,-0.11684964,Cytosol,Lung_Tumor_PD,Proteome
FLNA,-0.028608833,Cytosol,Lung_Tumor_PD,Proteome
FLNB,-0.07842152,Cytosol,Lung_Tumor_PD,Proteome
FLOT1,0.19700313,Secretory,Lung_Tumor_PD,Proteome
FLOT2,0.19956255,Secretory,Lung_Tumor_PD,Proteome
FLVCR1,-0.5928343,Secretory,Lung_Tumor_PD,Proteome
FMNL2,-0.3042277,Secretory,Lung_Tumor_PD,Proteome
FNBP1,-0.12009977,Cytosol,Lung_Tumor_PD,Proteome
FNBP1L,-0.10474148,Cytosol,Lung_Tumor_PD,Proteome
FNBP4,0.5301668,Nucleus,Lung_Tumor_PD,Proteome
FNDC3A,0.18037258,Secretory,Lung_Tumor_PD,Proteome
FNDC3B,0.23186588,Secretory,Lung_Tumor_PD,Proteome
FNIP1,-0.13555254,Cytosol,Lung_Tumor_PD,Proteome
FOXJ2,0.16427092,Nucleus,Lung_Tumor_PD,Proteome
FOXK1,0.13305856,Nucleus,Lung_Tumor_PD,Proteome
FOXK2,0.3722004,Nucleus,Lung_Tumor_PD,Proteome
FOXO3,-0.55925745,Cytosol,Lung_Tumor_PD,Proteome
FOXRED1,0.36219496,Mitochondria,Lung_Tumor_PD,Proteome
FPGT,-0.08911278,Cytosol,Lung_Tumor_PD,Proteome
FRRS1,0.16516413,Secretory,Lung_Tumor_PD,Proteome
FSCN1,-0.08340266,Cytosol,Lung_Tumor_PD,Proteome
FTSJ1,-0.5583821,Cytosol,Lung_Tumor_PD,Proteome
FUNDC2,-0.13391133,Mitochondria,Lung_Tumor_PD,Proteome
FURIN,0.04849284,Secretory,Lung_Tumor_PD,Proteome
FUT8,0.22395016,Secretory,Lung_Tumor_PD,Proteome
FXR2,0.04924496,Nucleus,Lung_Tumor_PD,Proteome
FYTTD1,-0.39786342,Nucleus,Lung_Tumor_PD,Proteome
FZD6,-0.03160247,Secretory,Lung_Tumor_PD,Proteome
FZD7,-0.6467749,Secretory,Lung_Tumor_PD,Proteome
G6PD,-0.54283243,Cytosol,Lung_Tumor_PD,Proteome
GABARAP,-0.10888645,Cytosol,Lung_Tumor_PD,Proteome
GABPA,0.50226647,Nucleus,Lung_Tumor_PD,Proteome
GADD45GIP1,-0.57468534,Secretory,Lung_Tumor_PD,Proteome
GALE,-0.1563287,Cytosol,Lung_Tumor_PD,Proteome
GALK1,-0.17142817,Cytosol,Lung_Tumor_PD,Proteome
GALK2,-0.16144569,Cytosol,Lung_Tumor_PD,Proteome
GALNT1,0.220847,Secretory,Lung_Tumor_PD,Proteome
GALNT10,0.044791818,Secretory,Lung_Tumor_PD,Proteome
GALNT2,0.08182646,Secretory,Lung_Tumor_PD,Proteome
GALNT7,0.20447879,Secretory,Lung_Tumor_PD,Proteome
GAPDH,-0.052474763,Cytosol,Lung_Tumor_PD,Proteome
GAR1,0.43165043,Nucleus,Lung_Tumor_PD,Proteome
GART,-0.5027323,Cytosol,Lung_Tumor_PD,Proteome
GATAD1,0.50847435,Nucleus,Lung_Tumor_PD,Proteome
GBA2,0.14217089,Secretory,Lung_Tumor_PD,Proteome
GBE1,-0.045499034,Cytosol,Lung_Tumor_PD,Proteome
GBP2,-0.24278112,Cytosol,Lung_Tumor_PD,Proteome
GCLM,-0.5558534,Cytosol,Lung_Tumor_PD,Proteome
GCSH,0.29794055,Mitochondria,Lung_Tumor_PD,Proteome
GDAP1,0.1509153,Mitochondria,Lung_Tumor_PD,Proteome
GDE1,0.20275645,Secretory,Lung_Tumor_PD,Proteome
GDI2,-0.1250826,Cytosol,Lung_Tumor_PD,Proteome
GDPD1,-0.617419,Secretory,Lung_Tumor_PD,Proteome
GEMIN5,-0.6429005,Cytosol,Lung_Tumor_PD,Proteome
GGA1,-0.11282327,Cytosol,Lung_Tumor_PD,Proteome
GGA3,-0.13645844,Cytosol,Lung_Tumor_PD,Proteome
GGCT,-0.4709281,Cytosol,Lung_Tumor_PD,Proteome
GGCX,-0.110351644,Secretory,Lung_Tumor_PD,Proteome
GIPC1,-0.46818057,Cytosol,Lung_Tumor_PD,Proteome
GLA,-0.41896927,Nucleus,Lung_Tumor_PD,Proteome
GLCE,0.14602311,Secretory,Lung_Tumor_PD,Proteome
GLE1,0.43011525,Nucleus,Lung_Tumor_PD,Proteome
GLG1,0.2459018,Secretory,Lung_Tumor_PD,Proteome
GLIPR2,0.11084909,Secretory,Lung_Tumor_PD,Proteome
GLOD4,-0.07179631,Cytosol,Lung_Tumor_PD,Proteome
GLRX,-0.1420019,Cytosol,Lung_Tumor_PD,Proteome
GLRX3,-0.55623424,Cytosol,Lung_Tumor_PD,Proteome
GLS,-0.40762502,Mitochondria,Lung_Tumor_PD,Proteome
GLUL,-0.22201356,Cytosol,Lung_Tumor_PD,Proteome
GMFB,-0.098622225,Cytosol,Lung_Tumor_PD,Proteome
GMIP,-0.1262182,Cytosol,Lung_Tumor_PD,Proteome
GMPPA,-0.17150371,Cytosol,Lung_Tumor_PD,Proteome
GMPPB,-0.17055136,Cytosol,Lung_Tumor_PD,Proteome
GMPR2,-0.15516809,Cytosol,Lung_Tumor_PD,Proteome
GNA13,-0.48978224,Secretory,Lung_Tumor_PD,Proteome
GNAI1,0.17294267,Secretory,Lung_Tumor_PD,Proteome
GNAI2,0.13500294,Secretory,Lung_Tumor_PD,Proteome
GNAI3,0.2042636,Secretory,Lung_Tumor_PD,Proteome
GNAQ,0.14836676,Secretory,Lung_Tumor_PD,Proteome
GNAS,0.09539859,Secretory,Lung_Tumor_PD,Proteome
GNB1,0.033798985,Secretory,Lung_Tumor_PD,Proteome
GNB1L,-0.268919,Cytosol,Lung_Tumor_PD,Proteome
GNB2,0.056904722,Secretory,Lung_Tumor_PD,Proteome
GNL2,0.4316672,Nucleus,Lung_Tumor_PD,Proteome
GNPAT,-0.35195953,Secretory,Lung_Tumor_PD,Proteome
GNPDA2,-0.035724726,Cytosol,Lung_Tumor_PD,Proteome
GNPNAT1,-0.4373394,Cytosol,Lung_Tumor_PD,Proteome
GNPTAB,0.24368127,Secretory,Lung_Tumor_PD,Proteome
GOLGA1,0.073898226,Secretory,Lung_Tumor_PD,Proteome
GOLGA2,0.21903622,Secretory,Lung_Tumor_PD,Proteome
GOLGA3,-0.18807058,Cytosol,Lung_Tumor_PD,Proteome
GOLGA4,-0.58109784,Nucleus,Lung_Tumor_PD,Proteome
GOLGA5,0.2192998,Secretory,Lung_Tumor_PD,Proteome
GOLGA7,-0.53685296,Secretory,Lung_Tumor_PD,Proteome
GOLGB1,0.24671297,Secretory,Lung_Tumor_PD,Proteome
GOLIM4,0.056720115,Secretory,Lung_Tumor_PD,Proteome
GOLM1,0.23434114,Secretory,Lung_Tumor_PD,Proteome
GOLPH3L,-0.24659896,Cytosol,Lung_Tumor_PD,Proteome
GOLT1B,0.24291287,Secretory,Lung_Tumor_PD,Proteome
GORASP1,0.10893787,Secretory,Lung_Tumor_PD,Proteome
GORASP2,0.20692565,Secretory,Lung_Tumor_PD,Proteome
GOSR1,0.24092038,Secretory,Lung_Tumor_PD,Proteome
GPATCH4,0.30417925,Nucleus,Lung_Tumor_PD,Proteome
GPATCH8,0.5120427,Nucleus,Lung_Tumor_PD,Proteome
GPCPD1,-0.12799506,Cytosol,Lung_Tumor_PD,Proteome
GPD1L,-0.14200397,Cytosol,Lung_Tumor_PD,Proteome
GPD2,0.39528757,Mitochondria,Lung_Tumor_PD,Proteome
GPI,-0.4924506,Cytosol,Lung_Tumor_PD,Proteome
GPN1,-0.601739,Cytosol,Lung_Tumor_PD,Proteome
GPN3,-0.6493202,Cytosol,Lung_Tumor_PD,Proteome
GPR107,0.2290212,Secretory,Lung_Tumor_PD,Proteome
GPR108,0.2249321,Secretory,Lung_Tumor_PD,Proteome
GPR180,0.19234939,Secretory,Lung_Tumor_PD,Proteome
GPRC5A,0.121815726,Secretory,Lung_Tumor_PD,Proteome
GPSM1,-0.044830672,Cytosol,Lung_Tumor_PD,Proteome
GPX4,-0.07840401,Cytosol,Lung_Tumor_PD,Proteome
GPX8,0.036392823,Secretory,Lung_Tumor_PD,Proteome
GRAMD1A,0.099359065,Secretory,Lung_Tumor_PD,Proteome
GRAMD4,0.15914646,Secretory,Lung_Tumor_PD,Proteome
GRHPR,-0.23081964,Cytosol,Lung_Tumor_PD,Proteome
GRIPAP1,-0.22090268,Cytosol,Lung_Tumor_PD,Proteome
GRSF1,-0.5566189,Secretory,Lung_Tumor_PD,Proteome
GSE1,0.48997936,Nucleus,Lung_Tumor_PD,Proteome
GSK3A,-0.047524236,Cytosol,Lung_Tumor_PD,Proteome
GSK3B,-0.22219016,Cytosol,Lung_Tumor_PD,Proteome
GSN,-0.025832094,Cytosol,Lung_Tumor_PD,Proteome
GSPT1,-0.5498511,Cytosol,Lung_Tumor_PD,Proteome
GSR,-0.52561045,Cytosol,Lung_Tumor_PD,Proteome
GSS,-0.3221698,Cytosol,Lung_Tumor_PD,Proteome
GSTO1,-0.04429381,Cytosol,Lung_Tumor_PD,Proteome
GTF3A,-0.62260187,Cytosol,Lung_Tumor_PD,Proteome
GTF3C2,0.4876714,Nucleus,Lung_Tumor_PD,Proteome
GTPBP10,-0.57376677,Secretory,Lung_Tumor_PD,Proteome
GTPBP6,0.31596214,Mitochondria,Lung_Tumor_PD,Proteome
GUF1,0.33482844,Mitochondria,Lung_Tumor_PD,Proteome
GUK1,-0.109906666,Cytosol,Lung_Tumor_PD,Proteome
HADHA,0.4592864,Mitochondria,Lung_Tumor_PD,Proteome
HADHB,0.45860964,Mitochondria,Lung_Tumor_PD,Proteome
HAGH,-0.08373305,Cytosol,Lung_Tumor_PD,Proteome
HAUS3,-0.61190933,Cytosol,Lung_Tumor_PD,Proteome
HAUS8,-0.6597599,Cytosol,Lung_Tumor_PD,Proteome
HAX1,-0.48717168,Mitochondria,Lung_Tumor_PD,Proteome
HCCS,0.46730474,Mitochondria,Lung_Tumor_PD,Proteome
HCFC1,0.5353827,Nucleus,Lung_Tumor_PD,Proteome
HDAC2,0.53491634,Nucleus,Lung_Tumor_PD,Proteome
HDAC4,-0.3770795,Cytosol,Lung_Tumor_PD,Proteome
HDAC7,-0.049544204,Cytosol,Lung_Tumor_PD,Proteome
HDAC8,-0.03459771,Cytosol,Lung_Tumor_PD,Proteome
HDDC2,-0.3957571,Cytosol,Lung_Tumor_PD,Proteome
HDLBP,-0.56533194,Nucleus,Lung_Tumor_PD,Proteome
HEATR1,0.30200347,Nucleus,Lung_Tumor_PD,Proteome
HEBP1,-0.045775782,Cytosol,Lung_Tumor_PD,Proteome
HECTD4,-0.5839126,Cytosol,Lung_Tumor_PD,Proteome
HELZ,0.21131195,Nucleus,Lung_Tumor_PD,Proteome
HELZ2,-0.5726903,Nucleus,Lung_Tumor_PD,Proteome
HERC1,-0.38116843,Cytosol,Lung_Tumor_PD,Proteome
HERC2,-0.67312837,Secretory,Lung_Tumor_PD,Proteome
HERC5,-0.56797534,Nucleus,Lung_Tumor_PD,Proteome
HINT3,0.111625165,Secretory,Lung_Tumor_PD,Proteome
HIP1,-0.4052377,Mitochondria,Lung_Tumor_PD,Proteome
HIRIP3,0.51807547,Nucleus,Lung_Tumor_PD,Proteome
HLA-A,0.23739001,Secretory,Lung_Tumor_PD,Proteome
HLA-C,0.22960073,Secretory,Lung_Tumor_PD,Proteome
HLA-E,0.23954293,Secretory,Lung_Tumor_PD,Proteome
HLA-F,0.24364236,Secretory,Lung_Tumor_PD,Proteome
HLTF,0.32665783,Nucleus,Lung_Tumor_PD,Proteome
HM13,0.22909349,Secretory,Lung_Tumor_PD,Proteome
HMG20A,0.44518796,Nucleus,Lung_Tumor_PD,Proteome
HMGCS1,-0.40457702,Cytosol,Lung_Tumor_PD,Proteome
HMGXB4,0.4650972,Nucleus,Lung_Tumor_PD,Proteome
HMOX2,-0.45140713,Secretory,Lung_Tumor_PD,Proteome
HNRNPA0,0.52335507,Nucleus,Lung_Tumor_PD,Proteome
HNRNPA1,0.46925417,Nucleus,Lung_Tumor_PD,Proteome
HNRNPA2B1,0.5292592,Nucleus,Lung_Tumor_PD,Proteome
HNRNPA3,0.5252474,Nucleus,Lung_Tumor_PD,Proteome
HNRNPAB,0.48805448,Nucleus,Lung_Tumor_PD,Proteome
HNRNPC,0.5338242,Nucleus,Lung_Tumor_PD,Proteome
HNRNPD,0.53729004,Nucleus,Lung_Tumor_PD,Proteome
HNRNPDL,0.5322044,Nucleus,Lung_Tumor_PD,Proteome
HNRNPH1,0.53562665,Nucleus,Lung_Tumor_PD,Proteome
HNRNPH2,0.4907293,Nucleus,Lung_Tumor_PD,Proteome
HNRNPH3,0.5253331,Nucleus,Lung_Tumor_PD,Proteome
HNRNPK,0.53309625,Nucleus,Lung_Tumor_PD,Proteome
HNRNPL,0.53755534,Nucleus,Lung_Tumor_PD,Proteome
HNRNPM,0.5157627,Nucleus,Lung_Tumor_PD,Proteome
HNRNPR,0.52749,Nucleus,Lung_Tumor_PD,Proteome
HNRNPUL1,0.5261588,Nucleus,Lung_Tumor_PD,Proteome
HOOK3,-0.039827604,Cytosol,Lung_Tumor_PD,Proteome
HP1BP3,-0.5725339,Nucleus,Lung_Tumor_PD,Proteome
HPSE,0.22433916,Secretory,Lung_Tumor_PD,Proteome
HRAS,-0.28663895,Secretory,Lung_Tumor_PD,Proteome
HS1BP3,-0.052172348,Cytosol,Lung_Tumor_PD,Proteome
HS2ST1,0.21146974,Secretory,Lung_Tumor_PD,Proteome
HSBP1,-0.09457471,Cytosol,Lung_Tumor_PD,Proteome
HSD17B11,0.10416779,Secretory,Lung_Tumor_PD,Proteome
HSD17B12,0.22174622,Secretory,Lung_Tumor_PD,Proteome
HSD17B7,-0.3967757,Secretory,Lung_Tumor_PD,Proteome
HSDL1,-0.37165904,Mitochondria,Lung_Tumor_PD,Proteome
HSP90AA1,-0.49668938,Cytosol,Lung_Tumor_PD,Proteome
HSP90AB1,-0.65137196,Cytosol,Lung_Tumor_PD,Proteome
HSPA14,-0.5422398,Cytosol,Lung_Tumor_PD,Proteome
HSPA4,-0.5293926,Cytosol,Lung_Tumor_PD,Proteome
HSPA4L,-0.55562735,Cytosol,Lung_Tumor_PD,Proteome
HSPB1,-0.19364414,Cytosol,Lung_Tumor_PD,Proteome
HSPB8,-0.06439793,Cytosol,Lung_Tumor_PD,Proteome
HSPBP1,-0.562098,Cytosol,Lung_Tumor_PD,Proteome
HSPH1,-0.49033505,Cytosol,Lung_Tumor_PD,Proteome
HTATIP2,-0.45529717,Secretory,Lung_Tumor_PD,Proteome
HTT,-0.15371665,Cytosol,Lung_Tumor_PD,Proteome
IAH1,-0.0368624,Cytosol,Lung_Tumor_PD,Proteome
IDE,-0.5086086,Cytosol,Lung_Tumor_PD,Proteome
IDH1,-0.49626917,Cytosol,Lung_Tumor_PD,Proteome
IDI1,-0.4201833,Cytosol,Lung_Tumor_PD,Proteome
IDS,-0.5268738,Nucleus,Lung_Tumor_PD,Proteome
IFIT5,-0.24159986,Cytosol,Lung_Tumor_PD,Proteome
IFNGR1,0.2061345,Secretory,Lung_Tumor_PD,Proteome
IFT27,-0.49824885,Cytosol,Lung_Tumor_PD,Proteome
IFT81,-0.1225065,Cytosol,Lung_Tumor_PD,Proteome
IFT88,-0.12862237,Cytosol,Lung_Tumor_PD,Proteome
IGF1R,-0.3362109,Secretory,Lung_Tumor_PD,Proteome
IGF2BP2,-0.2536238,Nucleus,Lung_Tumor_PD,Proteome
IGF2R,0.23870023,Secretory,Lung_Tumor_PD,Proteome
IGSF3,-0.26762086,Secretory,Lung_Tumor_PD,Proteome
IGSF8,0.12903027,Secretory,Lung_Tumor_PD,Proteome
IK,0.5316611,Nucleus,Lung_Tumor_PD,Proteome
IKBIP,0.03670622,Secretory,Lung_Tumor_PD,Proteome
IL1RAP,0.14489333,Secretory,Lung_Tumor_PD,Proteome
IL6ST,0.08817222,Secretory,Lung_Tumor_PD,Proteome
ILF2,0.5211452,Nucleus,Lung_Tumor_PD,Proteome
ILF3,0.5184644,Nucleus,Lung_Tumor_PD,Proteome
ILVBL,-0.42951965,Secretory,Lung_Tumor_PD,Proteome
IMMT,0.34290716,Mitochondria,Lung_Tumor_PD,Proteome
IMP3,0.33870026,Nucleus,Lung_Tumor_PD,Proteome
IMP4,0.35885277,Nucleus,Lung_Tumor_PD,Proteome
IMPA1,-0.15485455,Cytosol,Lung_Tumor_PD,Proteome
IMPACT,-0.51491714,Cytosol,Lung_Tumor_PD,Proteome
IMPDH1,-0.47410855,Cytosol,Lung_Tumor_PD,Proteome
INCENP,0.48107755,Nucleus,Lung_Tumor_PD,Proteome
ING1,0.5271658,Nucleus,Lung_Tumor_PD,Proteome
ING5,0.53409374,Nucleus,Lung_Tumor_PD,Proteome
INO80,0.50317365,Nucleus,Lung_Tumor_PD,Proteome
INPP1,-0.20161557,Cytosol,Lung_Tumor_PD,Proteome
INPP4A,-0.101537675,Cytosol,Lung_Tumor_PD,Proteome
INPP5A,0.1322617,Secretory,Lung_Tumor_PD,Proteome
INPP5K,0.15038952,Secretory,Lung_Tumor_PD,Proteome
INPPL1,-0.07373624,Cytosol,Lung_Tumor_PD,Proteome
INSR,-0.65438324,Secretory,Lung_Tumor_PD,Proteome
INTS3,0.47397584,Nucleus,Lung_Tumor_PD,Proteome
IQSEC2,-0.16245738,Cytosol,Lung_Tumor_PD,Proteome
IRAK4,-0.1871165,Cytosol,Lung_Tumor_PD,Proteome
IREB2,-0.6596534,Cytosol,Lung_Tumor_PD,Proteome
IRF2BP1,0.47222772,Nucleus,Lung_Tumor_PD,Proteome
IRF2BPL,0.5378116,Nucleus,Lung_Tumor_PD,Proteome
IRF3,-0.17893647,Cytosol,Lung_Tumor_PD,Proteome
IRF9,-0.2511349,Cytosol,Lung_Tumor_PD,Proteome
IRS1,-0.07942545,Cytosol,Lung_Tumor_PD,Proteome
IRS2,-0.48367035,Cytosol,Lung_Tumor_PD,Proteome
ISG20L2,0.2789562,Nucleus,Lung_Tumor_PD,Proteome
IST1,-0.19916086,Cytosol,Lung_Tumor_PD,Proteome
ITFG1,0.13395499,Secretory,Lung_Tumor_PD,Proteome
ITGA2,0.14350124,Secretory,Lung_Tumor_PD,Proteome
ITGA3,0.1097319,Secretory,Lung_Tumor_PD,Proteome
ITGA5,0.053931642,Secretory,Lung_Tumor_PD,Proteome
ITGA6,0.07033956,Secretory,Lung_Tumor_PD,Proteome
ITGAV,0.087657265,Secretory,Lung_Tumor_PD,Proteome
ITGB1,0.08960228,Secretory,Lung_Tumor_PD,Proteome
ITGB4,0.1280944,Secretory,Lung_Tumor_PD,Proteome
ITM2B,-0.063579254,Secretory,Lung_Tumor_PD,Proteome
ITPA,-0.6523143,Cytosol,Lung_Tumor_PD,Proteome
ITPKC,-0.35573122,Cytosol,Lung_Tumor_PD,Proteome
ITPR2,0.11454489,Secretory,Lung_Tumor_PD,Proteome
ITPR3,0.07258548,Secretory,Lung_Tumor_PD,Proteome
IWS1,0.5252796,Nucleus,Lung_Tumor_PD,Proteome
JAGN1,0.24588041,Secretory,Lung_Tumor_PD,Proteome
JAK1,0.12126956,Secretory,Lung_Tumor_PD,Proteome
JAK2,0.12450757,Secretory,Lung_Tumor_PD,Proteome
JMJD1C,-0.5714615,Nucleus,Lung_Tumor_PD,Proteome
JPH1,-0.19025555,Secretory,Lung_Tumor_PD,Proteome
JTB,0.24944428,Secretory,Lung_Tumor_PD,Proteome
JUP,0.33459184,Mitochondria,Lung_Tumor_PD,Proteome
KAT6A,0.517427,Nucleus,Lung_Tumor_PD,Proteome
KAT7,0.5361826,Nucleus,Lung_Tumor_PD,Proteome
KCMF1,-0.14456049,Cytosol,Lung_Tumor_PD,Proteome
KCTD9,-0.29264826,Cytosol,Lung_Tumor_PD,Proteome
KDM1A,0.51104444,Nucleus,Lung_Tumor_PD,Proteome
KDM2A,0.4578092,Nucleus,Lung_Tumor_PD,Proteome
KDM3B,0.5055792,Nucleus,Lung_Tumor_PD,Proteome
KDM4A,0.5029117,Nucleus,Lung_Tumor_PD,Proteome
KDM5B,0.40679464,Nucleus,Lung_Tumor_PD,Proteome
KDSR,-0.10712196,Secretory,Lung_Tumor_PD,Proteome
KHK,-0.6524396,Cytosol,Lung_Tumor_PD,Proteome
KIAA0319L,0.2196496,Secretory,Lung_Tumor_PD,Proteome
KIAA0513,-0.15036653,Cytosol,Lung_Tumor_PD,Proteome
KIDINS220,-0.3650951,Secretory,Lung_Tumor_PD,Proteome
KIF13B,-0.09631927,Cytosol,Lung_Tumor_PD,Proteome
KIF14,-0.67144406,Secretory,Lung_Tumor_PD,Proteome
KIF15,-0.5851464,Cytosol,Lung_Tumor_PD,Proteome
KIF21A,-0.51098067,Cytosol,Lung_Tumor_PD,Proteome
KIF22,0.4957841,Nucleus,Lung_Tumor_PD,Proteome
KIF3B,-0.5544732,Cytosol,Lung_Tumor_PD,Proteome
KIF4A,0.47229567,Nucleus,Lung_Tumor_PD,Proteome
KIF5B,-0.1367825,Cytosol,Lung_Tumor_PD,Proteome
KLC2,-0.1566759,Cytosol,Lung_Tumor_PD,Proteome
KLC4,-0.11715799,Cytosol,Lung_Tumor_PD,Proteome
KLHL11,-0.61813515,Cytosol,Lung_Tumor_PD,Proteome
KLHL26,-0.11235014,Cytosol,Lung_Tumor_PD,Proteome
KLHL36,-0.19504301,Cytosol,Lung_Tumor_PD,Proteome
KMT2A,0.48139098,Nucleus,Lung_Tumor_PD,Proteome
KNTC1,-0.60043555,Cytosol,Lung_Tumor_PD,Proteome
KPNA2,-0.6243095,Cytosol,Lung_Tumor_PD,Proteome
KPNA4,-0.38175657,Cytosol,Lung_Tumor_PD,Proteome
KRAS,-0.3966889,Secretory,Lung_Tumor_PD,Proteome
KRI1,0.34306657,Nucleus,Lung_Tumor_PD,Proteome
KRR1,0.264072,Nucleus,Lung_Tumor_PD,Proteome
KRT80,-0.38727254,Cytosol,Lung_Tumor_PD,Proteome
KTN1,0.095274255,Secretory,Lung_Tumor_PD,Proteome
L2HGDH,0.2610266,Mitochondria,Lung_Tumor_PD,Proteome
LACTB,0.073254816,Secretory,Lung_Tumor_PD,Proteome
LAMA5,0.07805208,Secretory,Lung_Tumor_PD,Proteome
LAMB3,0.070917204,Secretory,Lung_Tumor_PD,Proteome
LAMP1,0.075575784,Secretory,Lung_Tumor_PD,Proteome
LAMP2,0.22451355,Secretory,Lung_Tumor_PD,Proteome
LAMTOR1,0.16200157,Secretory,Lung_Tumor_PD,Proteome
LAMTOR3,0.14281799,Secretory,Lung_Tumor_PD,Proteome
LARP1,0.040702455,Nucleus,Lung_Tumor_PD,Proteome
LARP1B,-0.54411614,Nucleus,Lung_Tumor_PD,Proteome
LARP4B,0.41872767,Nucleus,Lung_Tumor_PD,Proteome
LARP7,0.41328788,Nucleus,Lung_Tumor_PD,Proteome
LAS1L,0.36696818,Nucleus,Lung_Tumor_PD,Proteome
LASP1,-0.028280519,Cytosol,Lung_Tumor_PD,Proteome
LBR,-0.6889772,Secretory,Lung_Tumor_PD,Proteome
LCLAT1,-0.32520476,Secretory,Lung_Tumor_PD,Proteome
LDHB,-0.57807374,Cytosol,Lung_Tumor_PD,Proteome
LDLR,0.11399998,Secretory,Lung_Tumor_PD,Proteome
LEMD2,-0.3610484,Mitochondria,Lung_Tumor_PD,Proteome
LEMD3,-0.15851605,Nucleus,Lung_Tumor_PD,Proteome
LEO1,0.52124,Nucleus,Lung_Tumor_PD,Proteome
LETM1,0.45320112,Mitochondria,Lung_Tumor_PD,Proteome
LGALSL,-0.48282212,Cytosol,Lung_Tumor_PD,Proteome
LIMD1,-0.084165394,Cytosol,Lung_Tumor_PD,Proteome
LIMS1,-0.036094505,Cytosol,Lung_Tumor_PD,Proteome
LIN7C,-0.13341837,Secretory,Lung_Tumor_PD,Proteome
LLGL2,0.16121809,Secretory,Lung_Tumor_PD,Proteome
LLPH,0.2628753,Nucleus,Lung_Tumor_PD,Proteome
LMAN1,0.21013479,Secretory,Lung_Tumor_PD,Proteome
LMAN2,0.20622367,Secretory,Lung_Tumor_PD,Proteome
LMAN2L,-0.3319778,Secretory,Lung_Tumor_PD,Proteome
LMBRD1,0.10620151,Secretory,Lung_Tumor_PD,Proteome
LMBRD2,0.1409203,Secretory,Lung_Tumor_PD,Proteome
LMCD1,-0.028289156,Cytosol,Lung_Tumor_PD,Proteome
LMNA,-0.46716473,Nucleus,Lung_Tumor_PD,Proteome
LMNB1,0.49009722,Nucleus,Lung_Tumor_PD,Proteome
LMTK2,0.16595814,Secretory,Lung_Tumor_PD,Proteome
LNPEP,0.23713663,Secretory,Lung_Tumor_PD,Proteome
LPCAT1,0.13336276,Secretory,Lung_Tumor_PD,Proteome
LPCAT2,0.11923,Secretory,Lung_Tumor_PD,Proteome
LPCAT4,-0.40931317,Secretory,Lung_Tumor_PD,Proteome
LPGAT1,0.24410005,Secretory,Lung_Tumor_PD,Proteome
LPIN2,-0.088819295,Cytosol,Lung_Tumor_PD,Proteome
LPP,-0.027883247,Cytosol,Lung_Tumor_PD,Proteome
LRCH4,0.11793411,Secretory,Lung_Tumor_PD,Proteome
LRIF1,-0.54082775,Nucleus,Lung_Tumor_PD,Proteome
LRP1,0.028655889,Secretory,Lung_Tumor_PD,Proteome
LRP10,0.20048817,Secretory,Lung_Tumor_PD,Proteome
LRPAP1,-0.5553556,Nucleus,Lung_Tumor_PD,Proteome
LRRC1,0.29761854,Mitochondria,Lung_Tumor_PD,Proteome
LRRC59,0.24518658,Secretory,Lung_Tumor_PD,Proteome
LRRC8A,-0.15320525,Secretory,Lung_Tumor_PD,Proteome
LRRC8D,-0.42381844,Secretory,Lung_Tumor_PD,Proteome
LRSAM1,-0.24185202,Cytosol,Lung_Tumor_PD,Proteome
LSM1,-0.52005225,Cytosol,Lung_Tumor_PD,Proteome
LSS,0.24325778,Secretory,Lung_Tumor_PD,Proteome
LTA4H,-0.1436374,Cytosol,Lung_Tumor_PD,Proteome
LTBR,-0.019642277,Secretory,Lung_Tumor_PD,Proteome
LYAR,0.22519504,Nucleus,Lung_Tumor_PD,Proteome
LYN,0.23334962,Secretory,Lung_Tumor_PD,Proteome
LYPLA1,-0.10053918,Cytosol,Lung_Tumor_PD,Proteome
LYRM1,0.38060954,Mitochondria,Lung_Tumor_PD,Proteome
LYRM7,0.36235932,Mitochondria,Lung_Tumor_PD,Proteome
LYSMD2,-0.24281888,Cytosol,Lung_Tumor_PD,Proteome
LZIC,-0.51570404,Cytosol,Lung_Tumor_PD,Proteome
LZTFL1,-0.116965644,Cytosol,Lung_Tumor_PD,Proteome
M6PR,0.24414283,Secretory,Lung_Tumor_PD,Proteome
MACROD1,-0.2637709,Mitochondria,Lung_Tumor_PD,Proteome
MAD1L1,0.4979821,Nucleus,Lung_Tumor_PD,Proteome
MAD2L1,-0.65622056,Cytosol,Lung_Tumor_PD,Proteome
MAF1,-0.26369208,Cytosol,Lung_Tumor_PD,Proteome
MAGI3,-0.13792671,Cytosol,Lung_Tumor_PD,Proteome
MALT1,-0.089336544,Cytosol,Lung_Tumor_PD,Proteome
MAN1A2,0.23326203,Secretory,Lung_Tumor_PD,Proteome
MAN1B1,0.22487535,Secretory,Lung_Tumor_PD,Proteome
MAN2A1,0.21796416,Secretory,Lung_Tumor_PD,Proteome
MAN2A2,-0.48854387,Secretory,Lung_Tumor_PD,Proteome
MANBAL,-0.20885475,Secretory,Lung_Tumor_PD,Proteome
MAP2K1,-0.09526065,Cytosol,Lung_Tumor_PD,Proteome
MAP3K7,-0.08189093,Cytosol,Lung_Tumor_PD,Proteome
MAP4,-0.02890391,Cytosol,Lung_Tumor_PD,Proteome
MAP4K2,-0.086312436,Cytosol,Lung_Tumor_PD,Proteome
MAP4K3,-0.2684403,Cytosol,Lung_Tumor_PD,Proteome
MAP4K5,-0.041446008,Cytosol,Lung_Tumor_PD,Proteome
MAPK1,-0.094064824,Cytosol,Lung_Tumor_PD,Proteome
MAPK12,-0.14328645,Cytosol,Lung_Tumor_PD,Proteome
MAPK14,-0.101022296,Cytosol,Lung_Tumor_PD,Proteome
MAPK8,-0.527692,Cytosol,Lung_Tumor_PD,Proteome
MAPK9,-0.0721994,Cytosol,Lung_Tumor_PD,Proteome
MAPKAP1,-0.13206023,Cytosol,Lung_Tumor_PD,Proteome
MAPRE1,-0.048300076,Cytosol,Lung_Tumor_PD,Proteome
MAST4,-0.19534796,Cytosol,Lung_Tumor_PD,Proteome
MAT2A,-0.6471896,Cytosol,Lung_Tumor_PD,Proteome
MAT2B,-0.631951,Cytosol,Lung_Tumor_PD,Proteome
MATR3,0.52036774,Nucleus,Lung_Tumor_PD,Proteome
MAVS,0.28911257,Mitochondria,Lung_Tumor_PD,Proteome
MAX,-0.55551195,Nucleus,Lung_Tumor_PD,Proteome
MBD1,-0.55079997,Nucleus,Lung_Tumor_PD,Proteome
MBD2,0.46073064,Nucleus,Lung_Tumor_PD,Proteome
MBLAC2,-0.5778003,Secretory,Lung_Tumor_PD,Proteome
MBOAT2,0.18428715,Secretory,Lung_Tumor_PD,Proteome
MBOAT7,0.19741325,Secretory,Lung_Tumor_PD,Proteome
MBTPS1,0.078176714,Secretory,Lung_Tumor_PD,Proteome
MCL1,-0.43684095,Mitochondria,Lung_Tumor_PD,Proteome
MCM2,0.48358384,Nucleus,Lung_Tumor_PD,Proteome
MCM3,0.5145395,Nucleus,Lung_Tumor_PD,Proteome
MCM3AP,0.43910816,Nucleus,Lung_Tumor_PD,Proteome
MCU,-0.36133128,Mitochondria,Lung_Tumor_PD,Proteome
MCUR1,0.1568875,Mitochondria,Lung_Tumor_PD,Proteome
MDH1,-0.4414651,Cytosol,Lung_Tumor_PD,Proteome
MDK,-0.38577035,Secretory,Lung_Tumor_PD,Proteome
MDN1,0.4954684,Nucleus,Lung_Tumor_PD,Proteome
MECP2,-0.5368886,Nucleus,Lung_Tumor_PD,Proteome
MEGF9,-0.4980727,Secretory,Lung_Tumor_PD,Proteome
MEMO1,-0.20068555,Cytosol,Lung_Tumor_PD,Proteome
MEN1,0.53246665,Nucleus,Lung_Tumor_PD,Proteome
MEPCE,0.30713865,Nucleus,Lung_Tumor_PD,Proteome
MET,0.07736933,Secretory,Lung_Tumor_PD,Proteome
METAP2,-0.5464073,Cytosol,Lung_Tumor_PD,Proteome
METTL2B,-0.5810903,Cytosol,Lung_Tumor_PD,Proteome
METTL5,-0.6305338,Cytosol,Lung_Tumor_PD,Proteome
METTL9,-0.33931884,Secretory,Lung_Tumor_PD,Proteome
MFF,0.40456486,Mitochondria,Lung_Tumor_PD,Proteome
MFN1,0.13474564,Mitochondria,Lung_Tumor_PD,Proteome
MFN2,-0.1879733,Mitochondria,Lung_Tumor_PD,Proteome
MFSD6,0.17241493,Secretory,Lung_Tumor_PD,Proteome
MGAT1,0.19380772,Secretory,Lung_Tumor_PD,Proteome
MGAT2,0.2260652,Secretory,Lung_Tumor_PD,Proteome
MGAT5,-0.3781261,Secretory,Lung_Tumor_PD,Proteome
MGME1,-0.320363,Mitochondria,Lung_Tumor_PD,Proteome
MGRN1,0.083437234,Secretory,Lung_Tumor_PD,Proteome
MGST3,0.09722098,Mitochondria,Lung_Tumor_PD,Proteome
MIA3,0.24346054,Secretory,Lung_Tumor_PD,Proteome
MICAL2,0.05170224,Secretory,Lung_Tumor_PD,Proteome
MICAL3,-0.22425863,Cytosol,Lung_Tumor_PD,Proteome
MICU1,-0.44718584,Mitochondria,Lung_Tumor_PD,Proteome
MICU2,-0.45024216,Mitochondria,Lung_Tumor_PD,Proteome
MIEF1,0.44109306,Mitochondria,Lung_Tumor_PD,Proteome
MIEN1,-0.4901353,Cytosol,Lung_Tumor_PD,Proteome
MIF4GD,-0.05804403,Cytosol,Lung_Tumor_PD,Proteome
MIS18BP1,0.46132168,Nucleus,Lung_Tumor_PD,Proteome
MKI67,0.50204504,Nucleus,Lung_Tumor_PD,Proteome
MKNK1,-0.20340817,Cytosol,Lung_Tumor_PD,Proteome
MLEC,0.21757686,Secretory,Lung_Tumor_PD,Proteome
MLKL,-0.1548786,Cytosol,Lung_Tumor_PD,Proteome
MLLT1,0.5220653,Nucleus,Lung_Tumor_PD,Proteome
MMAB,0.3671294,Mitochondria,Lung_Tumor_PD,Proteome
MMGT1,0.24680616,Secretory,Lung_Tumor_PD,Proteome
MNAT1,0.4084001,Nucleus,Lung_Tumor_PD,Proteome
MOB2,-0.069311,Cytosol,Lung_Tumor_PD,Proteome
MOCS2,-0.079620615,Cytosol,Lung_Tumor_PD,Proteome
MORC3,0.3816608,Nucleus,Lung_Tumor_PD,Proteome
MORF4L1,0.5132816,Nucleus,Lung_Tumor_PD,Proteome
MORF4L2,0.4813119,Nucleus,Lung_Tumor_PD,Proteome
MOSPD2,0.23389311,Secretory,Lung_Tumor_PD,Proteome
MOV10,-0.23192231,Nucleus,Lung_Tumor_PD,Proteome
MPHOSPH10,0.30954581,Nucleus,Lung_Tumor_PD,Proteome
MPHOSPH8,0.52162284,Nucleus,Lung_Tumor_PD,Proteome
MPI,-0.1665309,Cytosol,Lung_Tumor_PD,Proteome
MPP7,0.24631642,Mitochondria,Lung_Tumor_PD,Proteome
MPZL1,-0.16153163,Secretory,Lung_Tumor_PD,Proteome
MRI1,-0.65372914,Cytosol,Lung_Tumor_PD,Proteome
MRM1,-0.55136186,Secretory,Lung_Tumor_PD,Proteome
MRPL1,-0.57825124,Secretory,Lung_Tumor_PD,Proteome
MRPL11,-0.5765517,Secretory,Lung_Tumor_PD,Proteome
MRPL13,-0.568153,Secretory,Lung_Tumor_PD,Proteome
MRPL14,0.30869448,Mitochondria,Lung_Tumor_PD,Proteome
MRPL15,-0.5719999,Secretory,Lung_Tumor_PD,Proteome
MRPL16,-0.56363916,Secretory,Lung_Tumor_PD,Proteome
MRPL17,-0.5669627,Secretory,Lung_Tumor_PD,Proteome
MRPL18,-0.57461,Secretory,Lung_Tumor_PD,Proteome
MRPL19,-0.55516917,Secretory,Lung_Tumor_PD,Proteome
MRPL2,-0.567045,Secretory,Lung_Tumor_PD,Proteome
MRPL21,-0.56423277,Secretory,Lung_Tumor_PD,Proteome
MRPL22,-0.56155497,Secretory,Lung_Tumor_PD,Proteome
MRPL24,-0.57838815,Secretory,Lung_Tumor_PD,Proteome
MRPL27,-0.56797534,Secretory,Lung_Tumor_PD,Proteome
MRPL28,-0.5681045,Secretory,Lung_Tumor_PD,Proteome
MRPL3,-0.5608396,Secretory,Lung_Tumor_PD,Proteome
MRPL39,-0.56207424,Secretory,Lung_Tumor_PD,Proteome
MRPL40,-0.571183,Secretory,Lung_Tumor_PD,Proteome
MRPL41,-0.58021533,Secretory,Lung_Tumor_PD,Proteome
MRPL42,-0.55506307,Secretory,Lung_Tumor_PD,Proteome
MRPL43,-0.55696106,Secretory,Lung_Tumor_PD,Proteome
MRPL45,-0.56029403,Secretory,Lung_Tumor_PD,Proteome
MRPL46,-0.5792161,Secretory,Lung_Tumor_PD,Proteome
MRPL47,-0.5679122,Secretory,Lung_Tumor_PD,Proteome
MRPL48,-0.56895995,Secretory,Lung_Tumor_PD,Proteome
MRPL49,-0.5593411,Secretory,Lung_Tumor_PD,Proteome
MRPL50,-0.5677365,Secretory,Lung_Tumor_PD,Proteome
MRPL54,-0.56151265,Secretory,Lung_Tumor_PD,Proteome
MRPL55,-0.56280625,Secretory,Lung_Tumor_PD,Proteome
MRPL9,-0.55722404,Secretory,Lung_Tumor_PD,Proteome
MRPS10,-0.57148576,Secretory,Lung_Tumor_PD,Proteome
MRPS11,-0.56882215,Secretory,Lung_Tumor_PD,Proteome
MRPS12,-0.5700962,Secretory,Lung_Tumor_PD,Proteome
MRPS14,-0.5738366,Secretory,Lung_Tumor_PD,Proteome
MRPS15,-0.5720348,Secretory,Lung_Tumor_PD,Proteome
MRPS16,-0.5639405,Secretory,Lung_Tumor_PD,Proteome
MRPS18A,-0.5598177,Secretory,Lung_Tumor_PD,Proteome
MRPS18B,-0.5696735,Secretory,Lung_Tumor_PD,Proteome
MRPS22,-0.5725928,Secretory,Lung_Tumor_PD,Proteome
MRPS23,-0.56775653,Secretory,Lung_Tumor_PD,Proteome
MRPS25,-0.57571936,Secretory,Lung_Tumor_PD,Proteome
MRPS28,-0.55976605,Secretory,Lung_Tumor_PD,Proteome
MRPS30,-0.5567242,Secretory,Lung_Tumor_PD,Proteome
MRPS31,-0.56998837,Secretory,Lung_Tumor_PD,Proteome
MRPS34,-0.57306707,Secretory,Lung_Tumor_PD,Proteome
MRPS35,-0.5604571,Secretory,Lung_Tumor_PD,Proteome
MRPS5,-0.55938107,Secretory,Lung_Tumor_PD,Proteome
MRPS9,-0.5663121,Secretory,Lung_Tumor_PD,Proteome
MSH3,-0.12927571,Nucleus,Lung_Tumor_PD,Proteome
MSI2,-0.25715882,Nucleus,Lung_Tumor_PD,Proteome
MSTO1,-0.3358192,Cytosol,Lung_Tumor_PD,Proteome
MT-CO1,0.4704825,Mitochondria,Lung_Tumor_PD,Proteome
MT-CO2,0.4688055,Mitochondria,Lung_Tumor_PD,Proteome
MTA1,0.41168788,Nucleus,Lung_Tumor_PD,Proteome
MTCH1,0.10866137,Mitochondria,Lung_Tumor_PD,Proteome
MTCH2,0.42978323,Mitochondria,Lung_Tumor_PD,Proteome
MTDH,0.20462689,Secretory,Lung_Tumor_PD,Proteome
MTFR1,-0.14718904,Mitochondria,Lung_Tumor_PD,Proteome
MTFR1L,-0.40645674,Mitochondria,Lung_Tumor_PD,Proteome
MTHFD1L,-0.038596366,Mitochondria,Lung_Tumor_PD,Proteome
MTMR1,-0.32572517,Cytosol,Lung_Tumor_PD,Proteome
MTMR12,-0.07322047,Cytosol,Lung_Tumor_PD,Proteome
MTMR2,-0.034193866,Cytosol,Lung_Tumor_PD,Proteome
MTMR3,-0.18285012,Cytosol,Lung_Tumor_PD,Proteome
MTMR6,-0.052379325,Cytosol,Lung_Tumor_PD,Proteome
MTPAP,0.26852494,Mitochondria,Lung_Tumor_PD,Proteome
MTR,-0.05021803,Cytosol,Lung_Tumor_PD,Proteome
MTX1,0.2378073,Mitochondria,Lung_Tumor_PD,Proteome
MTX2,0.23090518,Mitochondria,Lung_Tumor_PD,Proteome
MTX3,0.3444461,Mitochondria,Lung_Tumor_PD,Proteome
MUC1,0.1534045,Secretory,Lung_Tumor_PD,Proteome
MVD,-0.38213307,Cytosol,Lung_Tumor_PD,Proteome
MVK,-0.3573795,Cytosol,Lung_Tumor_PD,Proteome
MVP,-0.56945455,Nucleus,Lung_Tumor_PD,Proteome
MXRA7,0.029552976,Secretory,Lung_Tumor_PD,Proteome
MYADM,0.052586183,Secretory,Lung_Tumor_PD,Proteome
MYBBP1A,0.3210888,Nucleus,Lung_Tumor_PD,Proteome
MYCBP2,-0.51616234,Secretory,Lung_Tumor_PD,Proteome
MYH14,-0.44076657,Cytosol,Lung_Tumor_PD,Proteome
MYO19,0.1631015,Mitochondria,Lung_Tumor_PD,Proteome
MYO1B,0.08735696,Secretory,Lung_Tumor_PD,Proteome
MYO9A,-0.049323488,Cytosol,Lung_Tumor_PD,Proteome
MYO9B,-0.07762575,Cytosol,Lung_Tumor_PD,Proteome
MYOF,0.09586929,Secretory,Lung_Tumor_PD,Proteome
N4BP1,-0.18358628,Cytosol,Lung_Tumor_PD,Proteome
N4BP2L2,0.4140967,Nucleus,Lung_Tumor_PD,Proteome
NAA10,-0.5680457,Cytosol,Lung_Tumor_PD,Proteome
NAA50,-0.58905417,Cytosol,Lung_Tumor_PD,Proteome
NACA,-0.5808442,Cytosol,Lung_Tumor_PD,Proteome
NAE1,-0.6501171,Cytosol,Lung_Tumor_PD,Proteome
NAGK,-0.10598208,Cytosol,Lung_Tumor_PD,Proteome
NAMPT,-0.5195687,Cytosol,Lung_Tumor_PD,Proteome
NANP,-0.628603,Cytosol,Lung_Tumor_PD,Proteome
NANS,-0.18511282,Cytosol,Lung_Tumor_PD,Proteome
NAP1L4,-0.22019239,Cytosol,Lung_Tumor_PD,Proteome
NAPB,-0.14918377,Cytosol,Lung_Tumor_PD,Proteome
NASP,0.48848757,Nucleus,Lung_Tumor_PD,Proteome
NAT1,-0.13409123,Cytosol,Lung_Tumor_PD,Proteome
NAT10,0.36834,Nucleus,Lung_Tumor_PD,Proteome
NBAS,0.15305535,Secretory,Lung_Tumor_PD,Proteome
NBN,0.47438985,Nucleus,Lung_Tumor_PD,Proteome
NCAPD3,0.42232808,Nucleus,Lung_Tumor_PD,Proteome
NCAPH2,0.4651518,Nucleus,Lung_Tumor_PD,Proteome
NCBP1,0.49827233,Nucleus,Lung_Tumor_PD,Proteome
NCEH1,0.24713938,Secretory,Lung_Tumor_PD,Proteome
NCK1,-0.26950204,Cytosol,Lung_Tumor_PD,Proteome
NCK2,-0.053839456,Cytosol,Lung_Tumor_PD,Proteome
NCL,0.36483318,Nucleus,Lung_Tumor_PD,Proteome
NCLN,0.22577496,Secretory,Lung_Tumor_PD,Proteome
NCOA5,0.5059792,Nucleus,Lung_Tumor_PD,Proteome
NCOA6,0.5068349,Nucleus,Lung_Tumor_PD,Proteome
NCOR1,0.5018871,Nucleus,Lung_Tumor_PD,Proteome
NCOR2,-0.468528,Nucleus,Lung_Tumor_PD,Proteome
NDC1,-0.63838357,Secretory,Lung_Tumor_PD,Proteome
NDC80,-0.61503506,Cytosol,Lung_Tumor_PD,Proteome
NDE1,-0.106444,Cytosol,Lung_Tumor_PD,Proteome
NDEL1,-0.07043963,Cytosol,Lung_Tumor_PD,Proteome
NDRG1,-0.112056635,Cytosol,Lung_Tumor_PD,Proteome
NDRG2,-0.11552755,Cytosol,Lung_Tumor_PD,Proteome
NDRG3,-0.59798926,Cytosol,Lung_Tumor_PD,Proteome
NDST1,0.061915115,Secretory,Lung_Tumor_PD,Proteome
NDUFA10,0.4414071,Mitochondria,Lung_Tumor_PD,Proteome
NDUFA12,0.43797228,Mitochondria,Lung_Tumor_PD,Proteome
NDUFA2,0.4375882,Mitochondria,Lung_Tumor_PD,Proteome
NDUFA3,0.44699115,Mitochondria,Lung_Tumor_PD,Proteome
NDUFA4,0.468441,Mitochondria,Lung_Tumor_PD,Proteome
NDUFA5,0.44206062,Mitochondria,Lung_Tumor_PD,Proteome
NDUFA8,0.4521475,Mitochondria,Lung_Tumor_PD,Proteome
NDUFAB1,0.3591127,Mitochondria,Lung_Tumor_PD,Proteome
NDUFAF1,0.38441345,Mitochondria,Lung_Tumor_PD,Proteome
NDUFAF2,0.3113006,Mitochondria,Lung_Tumor_PD,Proteome
NDUFAF3,0.23982914,Mitochondria,Lung_Tumor_PD,Proteome
NDUFAF4,0.15981787,Mitochondria,Lung_Tumor_PD,Proteome
NDUFAF7,0.3396716,Mitochondria,Lung_Tumor_PD,Proteome
NDUFB1,0.45232198,Mitochondria,Lung_Tumor_PD,Proteome
NDUFB10,0.46353638,Mitochondria,Lung_Tumor_PD,Proteome
NDUFB11,0.47087687,Mitochondria,Lung_Tumor_PD,Proteome
NDUFB3,0.44342688,Mitochondria,Lung_Tumor_PD,Proteome
NDUFB4,0.43888298,Mitochondria,Lung_Tumor_PD,Proteome
NDUFB5,0.46072873,Mitochondria,Lung_Tumor_PD,Proteome
NDUFB6,0.45499912,Mitochondria,Lung_Tumor_PD,Proteome
NDUFB7,0.44225824,Mitochondria,Lung_Tumor_PD,Proteome
NDUFB8,0.44165826,Mitochondria,Lung_Tumor_PD,Proteome
NDUFB9,0.43467975,Mitochondria,Lung_Tumor_PD,Proteome
NDUFC2,0.44855714,Mitochondria,Lung_Tumor_PD,Proteome
NDUFS1,0.43414065,Mitochondria,Lung_Tumor_PD,Proteome
NDUFS2,0.4334876,Mitochondria,Lung_Tumor_PD,Proteome
NDUFS3,0.4503255,Mitochondria,Lung_Tumor_PD,Proteome
NDUFS4,0.43504333,Mitochondria,Lung_Tumor_PD,Proteome
NDUFS5,0.43660894,Mitochondria,Lung_Tumor_PD,Proteome
NDUFS6,0.43435216,Mitochondria,Lung_Tumor_PD,Proteome
NDUFS7,0.44459376,Mitochondria,Lung_Tumor_PD,Proteome
NDUFS8,0.44298804,Mitochondria,Lung_Tumor_PD,Proteome
NDUFV1,0.439837,Mitochondria,Lung_Tumor_PD,Proteome
NDUFV2,0.43640882,Mitochondria,Lung_Tumor_PD,Proteome
NDUFV3,0.44574192,Mitochondria,Lung_Tumor_PD,Proteome
NECAP1,-0.15343581,Cytosol,Lung_Tumor_PD,Proteome
NECAP2,-0.11120242,Cytosol,Lung_Tumor_PD,Proteome
NEK7,-0.083752885,Cytosol,Lung_Tumor_PD,Proteome
NELFA,0.5247943,Nucleus,Lung_Tumor_PD,Proteome
NELFE,0.51852214,Nucleus,Lung_Tumor_PD,Proteome
NEO1,-0.35669965,Secretory,Lung_Tumor_PD,Proteome
NEURL4,-0.50366026,Secretory,Lung_Tumor_PD,Proteome
NFKB1,-0.13076672,Cytosol,Lung_Tumor_PD,Proteome
NFKB2,-0.16142261,Cytosol,Lung_Tumor_PD,Proteome
NFKBIB,-0.24289702,Cytosol,Lung_Tumor_PD,Proteome
NFXL1,-0.33789968,Secretory,Lung_Tumor_PD,Proteome
NGDN,0.33291513,Nucleus,Lung_Tumor_PD,Proteome
NGLY1,-0.1510066,Cytosol,Lung_Tumor_PD,Proteome
NIF3L1,-0.20354576,Cytosol,Lung_Tumor_PD,Proteome
NIFK,0.23164181,Nucleus,Lung_Tumor_PD,Proteome
NIP7,0.21232177,Nucleus,Lung_Tumor_PD,Proteome
NIPBL,0.51982874,Nucleus,Lung_Tumor_PD,Proteome
NIT2,-0.2714905,Cytosol,Lung_Tumor_PD,Proteome
NKIRAS1,-0.16439667,Cytosol,Lung_Tumor_PD,Proteome
NKRF,0.35482877,Nucleus,Lung_Tumor_PD,Proteome
NLRX1,0.4673088,Mitochondria,Lung_Tumor_PD,Proteome
NME1,-0.5702721,Cytosol,Lung_Tumor_PD,Proteome
NME3,-0.45117995,Mitochondria,Lung_Tumor_PD,Proteome
NMI,-0.2508471,Cytosol,Lung_Tumor_PD,Proteome
NMT1,0.056483395,Nucleus,Lung_Tumor_PD,Proteome
NMT2,-0.056894507,Cytosol,Lung_Tumor_PD,Proteome
NNT,0.39988184,Mitochondria,Lung_Tumor_PD,Proteome
NOC2L,0.31673774,Nucleus,Lung_Tumor_PD,Proteome
NOC4L,0.31478938,Nucleus,Lung_Tumor_PD,Proteome
NOL10,0.31594756,Nucleus,Lung_Tumor_PD,Proteome
NOL11,0.28897867,Nucleus,Lung_Tumor_PD,Proteome
NOL6,0.30224025,Nucleus,Lung_Tumor_PD,Proteome
NOL7,0.25528973,Nucleus,Lung_Tumor_PD,Proteome
NOL8,0.4496117,Nucleus,Lung_Tumor_PD,Proteome
NOL9,0.40143946,Nucleus,Lung_Tumor_PD,Proteome
NOLC1,0.26039332,Nucleus,Lung_Tumor_PD,Proteome
NOM1,0.3589191,Nucleus,Lung_Tumor_PD,Proteome
NOMO1,0.23799592,Secretory,Lung_Tumor_PD,Proteome
NOP14,0.3245042,Nucleus,Lung_Tumor_PD,Proteome
NOP16,0.18921499,Nucleus,Lung_Tumor_PD,Proteome
NOP2,0.1628742,Nucleus,Lung_Tumor_PD,Proteome
NOP56,0.388104,Nucleus,Lung_Tumor_PD,Proteome
NOP58,0.3307518,Nucleus,Lung_Tumor_PD,Proteome
NOP9,0.45740122,Nucleus,Lung_Tumor_PD,Proteome
NOTCH1,0.03557003,Secretory,Lung_Tumor_PD,Proteome
NOTCH2,0.054629203,Secretory,Lung_Tumor_PD,Proteome
NOTCH3,-0.41651246,Secretory,Lung_Tumor_PD,Proteome
NPC1,-0.17117792,Secretory,Lung_Tumor_PD,Proteome
NPEPL1,-0.15483378,Cytosol,Lung_Tumor_PD,Proteome
NPEPPS,-0.3793735,Cytosol,Lung_Tumor_PD,Proteome
NPM1,0.44194278,Nucleus,Lung_Tumor_PD,Proteome
NPM3,-0.028947398,Nucleus,Lung_Tumor_PD,Proteome
NPTN,-0.16764818,Secretory,Lung_Tumor_PD,Proteome
NQO1,-0.5519907,Cytosol,Lung_Tumor_PD,Proteome
NQO2,-0.13525759,Cytosol,Lung_Tumor_PD,Proteome
NR3C1,-0.07720233,Cytosol,Lung_Tumor_PD,Proteome
NRBP1,-0.1100012,Cytosol,Lung_Tumor_PD,Proteome
NRF1,0.5233834,Nucleus,Lung_Tumor_PD,Proteome
NRP1,0.032826886,Secretory,Lung_Tumor_PD,Proteome
NRP2,0.026336875,Secretory,Lung_Tumor_PD,Proteome
NSDHL,-0.40419093,Secretory,Lung_Tumor_PD,Proteome
NSF,0.17284352,Secretory,Lung_Tumor_PD,Proteome
NSFL1C,-0.24203679,Cytosol,Lung_Tumor_PD,Proteome
NSL1,0.52476513,Nucleus,Lung_Tumor_PD,Proteome
NSMAF,-0.13602495,Cytosol,Lung_Tumor_PD,Proteome
NSUN4,0.35328102,Mitochondria,Lung_Tumor_PD,Proteome
NSUN6,-0.59194165,Cytosol,Lung_Tumor_PD,Proteome
NT5C,-0.14976458,Cytosol,Lung_Tumor_PD,Proteome
NT5C2,-0.20065989,Cytosol,Lung_Tumor_PD,Proteome
NT5C3B,-0.57429546,Cytosol,Lung_Tumor_PD,Proteome
NT5DC1,-0.558199,Cytosol,Lung_Tumor_PD,Proteome
NT5E,0.102337666,Secretory,Lung_Tumor_PD,Proteome
NTAN1,-0.051313948,Cytosol,Lung_Tumor_PD,Proteome
NTHL1,0.5374475,Nucleus,Lung_Tumor_PD,Proteome
NTN4,0.09940454,Secretory,Lung_Tumor_PD,Proteome
NUB1,-0.24898878,Cytosol,Lung_Tumor_PD,Proteome
NUBPL,0.38157564,Mitochondria,Lung_Tumor_PD,Proteome
NUDC,-0.5455421,Cytosol,Lung_Tumor_PD,Proteome
NUDCD1,-0.6040865,Cytosol,Lung_Tumor_PD,Proteome
NUDCD2,-0.63171965,Cytosol,Lung_Tumor_PD,Proteome
NUDCD3,-0.14579695,Cytosol,Lung_Tumor_PD,Proteome
NUDT1,-0.57952774,Cytosol,Lung_Tumor_PD,Proteome
NUDT14,-0.13013701,Cytosol,Lung_Tumor_PD,Proteome
NUDT15,-0.5728323,Cytosol,Lung_Tumor_PD,Proteome
NUDT16,-0.064149775,Cytosol,Lung_Tumor_PD,Proteome
NUDT2,-0.45991266,Cytosol,Lung_Tumor_PD,Proteome
NUF2,-0.6377545,Cytosol,Lung_Tumor_PD,Proteome
NUMB,0.08252922,Secretory,Lung_Tumor_PD,Proteome
NUP107,0.45894328,Nucleus,Lung_Tumor_PD,Proteome
NUP133,0.396635,Nucleus,Lung_Tumor_PD,Proteome
NUP153,0.51102227,Nucleus,Lung_Tumor_PD,Proteome
NUP155,0.36046842,Nucleus,Lung_Tumor_PD,Proteome
NUP205,0.39065537,Nucleus,Lung_Tumor_PD,Proteome
NUP210,0.34154007,Nucleus,Lung_Tumor_PD,Proteome
NUP50,0.2743755,Nucleus,Lung_Tumor_PD,Proteome
NUP93,0.37276936,Nucleus,Lung_Tumor_PD,Proteome
NUP98,0.4468208,Nucleus,Lung_Tumor_PD,Proteome
NXF1,0.5377194,Nucleus,Lung_Tumor_PD,Proteome
NXT2,0.47669977,Nucleus,Lung_Tumor_PD,Proteome
OARD1,-0.66281,Cytosol,Lung_Tumor_PD,Proteome
OBSL1,-0.047113463,Cytosol,Lung_Tumor_PD,Proteome
OCIAD1,-0.22696033,Mitochondria,Lung_Tumor_PD,Proteome
OCIAD2,-0.2251305,Mitochondria,Lung_Tumor_PD,Proteome
OCLN,0.16472195,Secretory,Lung_Tumor_PD,Proteome
ODF2,-0.4045562,Mitochondria,Lung_Tumor_PD,Proteome
OGFR,-0.2414516,Cytosol,Lung_Tumor_PD,Proteome
OLA1,-0.46053502,Cytosol,Lung_Tumor_PD,Proteome
OMA1,0.4576944,Mitochondria,Lung_Tumor_PD,Proteome
OPA1,0.30489182,Mitochondria,Lung_Tumor_PD,Proteome
OS9,0.2099202,Secretory,Lung_Tumor_PD,Proteome
OSBPL2,-0.14919767,Cytosol,Lung_Tumor_PD,Proteome
OSBPL5,0.062149465,Secretory,Lung_Tumor_PD,Proteome
OSBPL8,0.24194422,Secretory,Lung_Tumor_PD,Proteome
OSMR,0.10127016,Secretory,Lung_Tumor_PD,Proteome
OTUB1,-0.15821087,Cytosol,Lung_Tumor_PD,Proteome
OTUD5,0.4013451,Nucleus,Lung_Tumor_PD,Proteome
OXA1L,0.35617533,Mitochondria,Lung_Tumor_PD,Proteome
OXR1,-0.16490325,Cytosol,Lung_Tumor_PD,Proteome
P2RX4,0.19185224,Secretory,Lung_Tumor_PD,Proteome
P4HB,-0.5889204,Nucleus,Lung_Tumor_PD,Proteome
PAAF1,-0.16306253,Cytosol,Lung_Tumor_PD,Proteome
PABPC1,0.24404843,Nucleus,Lung_Tumor_PD,Proteome
PACSIN2,-0.13194312,Cytosol,Lung_Tumor_PD,Proteome
PAF1,0.52996546,Nucleus,Lung_Tumor_PD,Proteome
PAIP1,-0.074824035,Cytosol,Lung_Tumor_PD,Proteome
PAIP2,-0.593318,Cytosol,Lung_Tumor_PD,Proteome
PAIP2B,-0.19758864,Cytosol,Lung_Tumor_PD,Proteome
PAK1,-0.49220026,Cytosol,Lung_Tumor_PD,Proteome
PAK1IP1,0.4517068,Nucleus,Lung_Tumor_PD,Proteome
PAK2,-0.40891472,Cytosol,Lung_Tumor_PD,Proteome
PALLD,-0.025068985,Cytosol,Lung_Tumor_PD,Proteome
PAM,0.05070027,Secretory,Lung_Tumor_PD,Proteome
PANK2,-0.113731995,Cytosol,Lung_Tumor_PD,Proteome
PANK3,-0.4428917,Cytosol,Lung_Tumor_PD,Proteome
PANK4,-0.14182587,Cytosol,Lung_Tumor_PD,Proteome
PANX1,0.124777116,Secretory,Lung_Tumor_PD,Proteome
PAPSS2,-0.08505268,Cytosol,Lung_Tumor_PD,Proteome
PARK7,-0.15426546,Cytosol,Lung_Tumor_PD,Proteome
PARL,0.3603917,Mitochondria,Lung_Tumor_PD,Proteome
PARP16,-0.44864538,Secretory,Lung_Tumor_PD,Proteome
PARP2,0.4952779,Nucleus,Lung_Tumor_PD,Proteome
PARP4,-0.5696929,Nucleus,Lung_Tumor_PD,Proteome
PARVA,-0.037470542,Cytosol,Lung_Tumor_PD,Proteome
PATL1,-0.41902983,Cytosol,Lung_Tumor_PD,Proteome
PATZ1,0.50159824,Nucleus,Lung_Tumor_PD,Proteome
PAXBP1,0.53441554,Nucleus,Lung_Tumor_PD,Proteome
PBDC1,-0.41165435,Cytosol,Lung_Tumor_PD,Proteome
PBK,-0.6236626,Cytosol,Lung_Tumor_PD,Proteome
PBX2,0.32511282,Nucleus,Lung_Tumor_PD,Proteome
PBXIP1,0.111530915,Secretory,Lung_Tumor_PD,Proteome
PCBP1,-0.5205736,Cytosol,Lung_Tumor_PD,Proteome
PCDH1,0.15278746,Secretory,Lung_Tumor_PD,Proteome
PCF11,0.504201,Nucleus,Lung_Tumor_PD,Proteome
PCGF5,0.49313593,Nucleus,Lung_Tumor_PD,Proteome
PCID2,-0.6555874,Cytosol,Lung_Tumor_PD,Proteome
PCMT1,-0.07062743,Cytosol,Lung_Tumor_PD,Proteome
PCNA,-0.638054,Cytosol,Lung_Tumor_PD,Proteome
PCYOX1,0.13242206,Secretory,Lung_Tumor_PD,Proteome
PCYT2,-0.5704841,Cytosol,Lung_Tumor_PD,Proteome
PDAP1,-0.22838159,Cytosol,Lung_Tumor_PD,Proteome
PDCD10,-0.13359961,Cytosol,Lung_Tumor_PD,Proteome
PDCD11,0.19770011,Nucleus,Lung_Tumor_PD,Proteome
PDCD2,-0.46543095,Cytosol,Lung_Tumor_PD,Proteome
PDCD2L,-0.51652205,Cytosol,Lung_Tumor_PD,Proteome
PDCL3,-0.5283662,Cytosol,Lung_Tumor_PD,Proteome
PDE5A,-0.06736844,Cytosol,Lung_Tumor_PD,Proteome
PDE6D,-0.117665574,Cytosol,Lung_Tumor_PD,Proteome
PDF,0.44293958,Mitochondria,Lung_Tumor_PD,Proteome
PDHX,-0.5721184,Secretory,Lung_Tumor_PD,Proteome
PDK1,-0.38322166,Mitochondria,Lung_Tumor_PD,Proteome
PDLIM5,-0.023981607,Cytosol,Lung_Tumor_PD,Proteome
PDS5A,0.50576305,Nucleus,Lung_Tumor_PD,Proteome
PDS5B,0.5128651,Nucleus,Lung_Tumor_PD,Proteome
PDSS2,-0.44012013,Mitochondria,Lung_Tumor_PD,Proteome
PDXP,-0.48700783,Cytosol,Lung_Tumor_PD,Proteome
PDZD8,0.20222402,Secretory,Lung_Tumor_PD,Proteome
PEBP1,-0.05246922,Cytosol,Lung_Tumor_PD,Proteome
PEPD,-0.21711308,Cytosol,Lung_Tumor_PD,Proteome
PEX11B,0.21245648,Secretory,Lung_Tumor_PD,Proteome
PEX13,0.24543561,Secretory,Lung_Tumor_PD,Proteome
PEX14,0.15204151,Secretory,Lung_Tumor_PD,Proteome
PEX19,-0.37542677,Cytosol,Lung_Tumor_PD,Proteome
PEX6,-0.23642337,Secretory,Lung_Tumor_PD,Proteome
PFAS,-0.083771884,Cytosol,Lung_Tumor_PD,Proteome
PFDN1,-0.17978907,Cytosol,Lung_Tumor_PD,Proteome
PFDN2,-0.39345196,Cytosol,Lung_Tumor_PD,Proteome
PFDN5,-0.42998326,Cytosol,Lung_Tumor_PD,Proteome
PFDN6,-0.42349407,Cytosol,Lung_Tumor_PD,Proteome
PFKFB2,-0.18285686,Cytosol,Lung_Tumor_PD,Proteome
PFKL,-0.20199732,Cytosol,Lung_Tumor_PD,Proteome
PFN1,-0.09653001,Cytosol,Lung_Tumor_PD,Proteome
PFN2,-0.44795874,Cytosol,Lung_Tumor_PD,Proteome
PGAM1,-0.176073,Cytosol,Lung_Tumor_PD,Proteome
PGAM5,-0.38454682,Mitochondria,Lung_Tumor_PD,Proteome
PGAP1,-0.35969603,Secretory,Lung_Tumor_PD,Proteome
PGK1,-0.055113114,Cytosol,Lung_Tumor_PD,Proteome
PGM1,-0.08144406,Cytosol,Lung_Tumor_PD,Proteome
PGM2,-0.20095165,Cytosol,Lung_Tumor_PD,Proteome
PGM2L1,-0.13233164,Cytosol,Lung_Tumor_PD,Proteome
PGM3,-0.035767306,Cytosol,Lung_Tumor_PD,Proteome
PGP,-0.3929423,Cytosol,Lung_Tumor_PD,Proteome
PGRMC1,-0.41127932,Secretory,Lung_Tumor_PD,Proteome
PGRMC2,0.22153196,Secretory,Lung_Tumor_PD,Proteome
PGS1,0.38760072,Mitochondria,Lung_Tumor_PD,Proteome
PHACTR2,-0.14127603,Cytosol,Lung_Tumor_PD,Proteome
PHACTR4,-0.16969438,Cytosol,Lung_Tumor_PD,Proteome
PHB2,0.17853266,Mitochondria,Lung_Tumor_PD,Proteome
PHF2,0.051584188,Nucleus,Lung_Tumor_PD,Proteome
PHGDH,-0.60217583,Cytosol,Lung_Tumor_PD,Proteome
PHIP,0.53046423,Nucleus,Lung_Tumor_PD,Proteome
PHKA1,-0.4638988,Cytosol,Lung_Tumor_PD,Proteome
PHKB,-0.43248785,Cytosol,Lung_Tumor_PD,Proteome
PHKG2,-0.20163886,Cytosol,Lung_Tumor_PD,Proteome
PHPT1,-0.0961681,Cytosol,Lung_Tumor_PD,Proteome
PHYH,0.08221695,Secretory,Lung_Tumor_PD,Proteome
PHYKPL,-0.09308746,Cytosol,Lung_Tumor_PD,Proteome
PI4K2A,0.20591171,Secretory,Lung_Tumor_PD,Proteome
PI4K2B,0.21410222,Secretory,Lung_Tumor_PD,Proteome
PI4KB,-0.23834483,Cytosol,Lung_Tumor_PD,Proteome
PIGG,0.23335361,Secretory,Lung_Tumor_PD,Proteome
PIGK,-0.11784465,Secretory,Lung_Tumor_PD,Proteome
PIGN,-0.562702,Secretory,Lung_Tumor_PD,Proteome
PIGQ,0.13881834,Secretory,Lung_Tumor_PD,Proteome
PIGU,-0.6067555,Secretory,Lung_Tumor_PD,Proteome
PIH1D1,-0.61635286,Cytosol,Lung_Tumor_PD,Proteome
PIK3CA,-0.46973386,Cytosol,Lung_Tumor_PD,Proteome
PIN4,-0.6426714,Cytosol,Lung_Tumor_PD,Proteome
PIP5K1A,-0.6400332,Secretory,Lung_Tumor_PD,Proteome
PIR,-0.52897483,Cytosol,Lung_Tumor_PD,Proteome
PISD,0.23420432,Mitochondria,Lung_Tumor_PD,Proteome
PITPNA,-0.09272892,Cytosol,Lung_Tumor_PD,Proteome
PITPNB,-0.28888148,Cytosol,Lung_Tumor_PD,Proteome
PKD2,0.033036184,Secretory,Lung_Tumor_PD,Proteome
PKM,-0.07061764,Cytosol,Lung_Tumor_PD,Proteome
PKNOX1,0.52553564,Nucleus,Lung_Tumor_PD,Proteome
PKP2,-0.24247028,Mitochondria,Lung_Tumor_PD,Proteome
PKP4,0.020384071,Mitochondria,Lung_Tumor_PD,Proteome
PLA2G12A,0.11906648,Secretory,Lung_Tumor_PD,Proteome
PLAA,-0.21648316,Cytosol,Lung_Tumor_PD,Proteome
PLAUR,0.088427246,Secretory,Lung_Tumor_PD,Proteome
PLCB3,-0.09299557,Cytosol,Lung_Tumor_PD,Proteome
PLCD1,-0.515132,Secretory,Lung_Tumor_PD,Proteome
PLCD3,0.030923363,Secretory,Lung_Tumor_PD,Proteome
PLCG1,-0.08850784,Cytosol,Lung_Tumor_PD,Proteome
PLD1,-0.3936063,Secretory,Lung_Tumor_PD,Proteome
PLEKHA2,-0.13324173,Cytosol,Lung_Tumor_PD,Proteome
PLGRKT,0.13833341,Mitochondria,Lung_Tumor_PD,Proteome
PLRG1,0.52252465,Nucleus,Lung_Tumor_PD,Proteome
PLS3,-0.025404658,Cytosol,Lung_Tumor_PD,Proteome
PLSCR1,0.24235357,Secretory,Lung_Tumor_PD,Proteome
PLXNA1,0.04368258,Secretory,Lung_Tumor_PD,Proteome
PLXNB2,-0.048519623,Secretory,Lung_Tumor_PD,Proteome
PLXND1,0.08525893,Secretory,Lung_Tumor_PD,Proteome
PM20D2,-0.65185344,Cytosol,Lung_Tumor_PD,Proteome
PMM1,-0.12201046,Cytosol,Lung_Tumor_PD,Proteome
PMM2,-0.19824381,Cytosol,Lung_Tumor_PD,Proteome
PMVK,-0.34379736,Cytosol,Lung_Tumor_PD,Proteome
PNKD,-0.44217968,Mitochondria,Lung_Tumor_PD,Proteome
PNN,0.53719693,Nucleus,Lung_Tumor_PD,Proteome
PNPLA6,0.111258626,Secretory,Lung_Tumor_PD,Proteome
PNPLA8,0.31121963,Mitochondria,Lung_Tumor_PD,Proteome
PNPO,-0.07538853,Cytosol,Lung_Tumor_PD,Proteome
PODXL,0.10864967,Secretory,Lung_Tumor_PD,Proteome
POGZ,0.49090698,Nucleus,Lung_Tumor_PD,Proteome
POLR1A,0.21712343,Nucleus,Lung_Tumor_PD,Proteome
POLR1E,0.34520528,Nucleus,Lung_Tumor_PD,Proteome
POLR2A,0.5239291,Nucleus,Lung_Tumor_PD,Proteome
POLR3B,0.47659594,Nucleus,Lung_Tumor_PD,Proteome
POLRMT,-0.5477359,Secretory,Lung_Tumor_PD,Proteome
POM121C,0.15121597,Nucleus,Lung_Tumor_PD,Proteome
POMK,-0.62529474,Secretory,Lung_Tumor_PD,Proteome
PON2,0.11148418,Secretory,Lung_Tumor_PD,Proteome
POP1,0.39655718,Nucleus,Lung_Tumor_PD,Proteome
POP4,0.36026815,Nucleus,Lung_Tumor_PD,Proteome
POR,0.00645874,Secretory,Lung_Tumor_PD,Proteome
PPA1,-0.24349205,Cytosol,Lung_Tumor_PD,Proteome
PPAT,-0.52207065,Cytosol,Lung_Tumor_PD,Proteome
PPCS,-0.17826921,Cytosol,Lung_Tumor_PD,Proteome
PPHLN1,0.5324676,Nucleus,Lung_Tumor_PD,Proteome
PPIA,-0.1775225,Cytosol,Lung_Tumor_PD,Proteome
PPID,-0.5825701,Cytosol,Lung_Tumor_PD,Proteome
PPIL2,0.26570076,Nucleus,Lung_Tumor_PD,Proteome
PPIL3,-0.20861329,Cytosol,Lung_Tumor_PD,Proteome
PPIP5K2,-0.09600628,Cytosol,Lung_Tumor_PD,Proteome
PPM1A,-0.12757753,Cytosol,Lung_Tumor_PD,Proteome
PPM1B,-0.5517418,Cytosol,Lung_Tumor_PD,Proteome
PPM1F,-0.043751635,Cytosol,Lung_Tumor_PD,Proteome
PPM1H,-0.6313694,Cytosol,Lung_Tumor_PD,Proteome
PPM1L,-0.49690533,Secretory,Lung_Tumor_PD,Proteome
PPME1,-0.5159527,Cytosol,Lung_Tumor_PD,Proteome
PPP1CB,-0.28471544,Cytosol,Lung_Tumor_PD,Proteome
PPP1R11,-0.12506314,Cytosol,Lung_Tumor_PD,Proteome
PPP1R14B,-0.06881743,Cytosol,Lung_Tumor_PD,Proteome
PPP1R2,-0.44423136,Cytosol,Lung_Tumor_PD,Proteome
PPP1R7,-0.09523481,Cytosol,Lung_Tumor_PD,Proteome
PPP2R1A,-0.27167606,Cytosol,Lung_Tumor_PD,Proteome
PPP2R1B,-0.660653,Cytosol,Lung_Tumor_PD,Proteome
PPP2R2A,-0.20696275,Cytosol,Lung_Tumor_PD,Proteome
PPP2R3A,-0.42762727,Cytosol,Lung_Tumor_PD,Proteome
PPP2R5C,-0.62750167,Cytosol,Lung_Tumor_PD,Proteome
PPP2R5D,-0.62589955,Cytosol,Lung_Tumor_PD,Proteome
PPP3CB,-0.10090398,Cytosol,Lung_Tumor_PD,Proteome
PPP4C,-0.17312753,Cytosol,Lung_Tumor_PD,Proteome
PPP4R1,-0.19586809,Cytosol,Lung_Tumor_PD,Proteome
PPP5C,-0.15121745,Cytosol,Lung_Tumor_PD,Proteome
PPP6R1,-0.120813325,Cytosol,Lung_Tumor_PD,Proteome
PRDM2,0.42594308,Nucleus,Lung_Tumor_PD,Proteome
PRDX1,-0.5642708,Cytosol,Lung_Tumor_PD,Proteome
PRDX6,-0.45157698,Cytosol,Lung_Tumor_PD,Proteome
PREB,0.21678595,Secretory,Lung_Tumor_PD,Proteome
PREP,-0.45394176,Cytosol,Lung_Tumor_PD,Proteome
PREPL,-0.07475979,Cytosol,Lung_Tumor_PD,Proteome
PRKAB1,-0.19754024,Cytosol,Lung_Tumor_PD,Proteome
PRKAB2,-0.039530654,Cytosol,Lung_Tumor_PD,Proteome
PRKAR1B,-0.23464169,Cytosol,Lung_Tumor_PD,Proteome
PRKCA,-0.033058375,Cytosol,Lung_Tumor_PD,Proteome
PRKD2,-0.17619926,Cytosol,Lung_Tumor_PD,Proteome
PRKRA,0.19939445,Nucleus,Lung_Tumor_PD,Proteome
PRMT3,-0.5652119,Cytosol,Lung_Tumor_PD,Proteome
PRMT5,-0.64280206,Cytosol,Lung_Tumor_PD,Proteome
PRNP,0.1422982,Secretory,Lung_Tumor_PD,Proteome
PRPF19,0.52519846,Nucleus,Lung_Tumor_PD,Proteome
PRPF31,0.5151942,Nucleus,Lung_Tumor_PD,Proteome
PRPF38A,0.5253937,Nucleus,Lung_Tumor_PD,Proteome
PRPF40A,0.5361953,Nucleus,Lung_Tumor_PD,Proteome
PRPS2,-0.5223601,Cytosol,Lung_Tumor_PD,Proteome
PRTFDC1,-0.5729611,Cytosol,Lung_Tumor_PD,Proteome
PSEN1,0.110404976,Secretory,Lung_Tumor_PD,Proteome
PSMA1,-0.24203116,Cytosol,Lung_Tumor_PD,Proteome
PSMA3,-0.24229528,Cytosol,Lung_Tumor_PD,Proteome
PSMA4,-0.24227436,Cytosol,Lung_Tumor_PD,Proteome
PSMA5,-0.24075273,Cytosol,Lung_Tumor_PD,Proteome
PSMA6,-0.24157473,Cytosol,Lung_Tumor_PD,Proteome
PSMA7,-0.24166125,Cytosol,Lung_Tumor_PD,Proteome
PSMB2,-0.24296245,Cytosol,Lung_Tumor_PD,Proteome
PSMB4,-0.24119374,Cytosol,Lung_Tumor_PD,Proteome
PSMB5,-0.43593496,Cytosol,Lung_Tumor_PD,Proteome
PSMB7,-0.49597302,Cytosol,Lung_Tumor_PD,Proteome
PSMC1,-0.36615232,Cytosol,Lung_Tumor_PD,Proteome
PSMC2,-0.3731168,Cytosol,Lung_Tumor_PD,Proteome
PSMC3,-0.38875443,Cytosol,Lung_Tumor_PD,Proteome
PSMC4,-0.39372036,Cytosol,Lung_Tumor_PD,Proteome
PSMC5,-0.38237634,Cytosol,Lung_Tumor_PD,Proteome
PSMD1,-0.3850477,Cytosol,Lung_Tumor_PD,Proteome
PSMD11,-0.3957247,Cytosol,Lung_Tumor_PD,Proteome
PSMD12,-0.4006141,Cytosol,Lung_Tumor_PD,Proteome
PSMD13,-0.3898824,Cytosol,Lung_Tumor_PD,Proteome
PSMD14,-0.3409835,Cytosol,Lung_Tumor_PD,Proteome
PSMD2,-0.425617,Cytosol,Lung_Tumor_PD,Proteome
PSMD3,-0.39995885,Cytosol,Lung_Tumor_PD,Proteome
PSMD7,-0.39602983,Cytosol,Lung_Tumor_PD,Proteome
PSMD8,-0.43450552,Cytosol,Lung_Tumor_PD,Proteome
PSMD9,-0.16121067,Cytosol,Lung_Tumor_PD,Proteome
PSME4,-0.47326526,Cytosol,Lung_Tumor_PD,Proteome
PSMG1,-0.43288425,Cytosol,Lung_Tumor_PD,Proteome
PSMG4,-0.6680859,Cytosol,Lung_Tumor_PD,Proteome
PSPC1,0.5330703,Nucleus,Lung_Tumor_PD,Proteome
PTDSS1,-0.46273094,Secretory,Lung_Tumor_PD,Proteome
PTGES2,0.40180275,Mitochondria,Lung_Tumor_PD,Proteome
PTGES3,-0.6313216,Cytosol,Lung_Tumor_PD,Proteome
PTGFRN,-0.06292157,Secretory,Lung_Tumor_PD,Proteome
PTGR1,-0.54827756,Cytosol,Lung_Tumor_PD,Proteome
PTK7,0.051489025,Secretory,Lung_Tumor_PD,Proteome
PTP4A2,-0.16910557,Cytosol,Lung_Tumor_PD,Proteome
PTPMT1,0.41083094,Mitochondria,Lung_Tumor_PD,Proteome
PTPN1,0.22944953,Secretory,Lung_Tumor_PD,Proteome
PTPN11,-0.4767704,Cytosol,Lung_Tumor_PD,Proteome
PTPN12,-0.05189512,Cytosol,Lung_Tumor_PD,Proteome
PTPN13,0.19223194,Secretory,Lung_Tumor_PD,Proteome
PTPRA,0.13940305,Secretory,Lung_Tumor_PD,Proteome
PTPRE,0.109564476,Secretory,Lung_Tumor_PD,Proteome
PTPRF,-0.60721844,Secretory,Lung_Tumor_PD,Proteome
PTPRJ,0.160592,Secretory,Lung_Tumor_PD,Proteome
PTPRK,0.123226404,Secretory,Lung_Tumor_PD,Proteome
PTPRS,-0.35993,Secretory,Lung_Tumor_PD,Proteome
PTRH2,-0.53098315,Secretory,Lung_Tumor_PD,Proteome
PTRHD1,-0.49379662,Cytosol,Lung_Tumor_PD,Proteome
PTTG1IP,0.13874577,Secretory,Lung_Tumor_PD,Proteome
PUS3,0.38141462,Nucleus,Lung_Tumor_PD,Proteome
PVR,0.119918324,Secretory,Lung_Tumor_PD,Proteome
PWWP2A,0.5149053,Nucleus,Lung_Tumor_PD,Proteome
PXN,-0.0757897,Cytosol,Lung_Tumor_PD,Proteome
PYCR1,-0.032223206,Mitochondria,Lung_Tumor_PD,Proteome
PYCR2,0.35054857,Mitochondria,Lung_Tumor_PD,Proteome
PYGL,-0.1277905,Cytosol,Lung_Tumor_PD,Proteome
PYGO2,-0.08397446,Nucleus,Lung_Tumor_PD,Proteome
PYROXD1,-0.14781323,Cytosol,Lung_Tumor_PD,Proteome
QDPR,-0.1290112,Cytosol,Lung_Tumor_PD,Proteome
QPCTL,0.20959975,Secretory,Lung_Tumor_PD,Proteome
QSER1,0.41272226,Nucleus,Lung_Tumor_PD,Proteome
QSOX1,0.08065016,Secretory,Lung_Tumor_PD,Proteome
QSOX2,0.14710456,Secretory,Lung_Tumor_PD,Proteome
QTRT1,-0.6680494,Cytosol,Lung_Tumor_PD,Proteome
R3HCC1,-0.027764775,Cytosol,Lung_Tumor_PD,Proteome
R3HDM2,-0.5781731,Cytosol,Lung_Tumor_PD,Proteome
RAB10,-0.15279014,Secretory,Lung_Tumor_PD,Proteome
RAB11FIP5,0.03048125,Secretory,Lung_Tumor_PD,Proteome
RAB12,0.1462277,Secretory,Lung_Tumor_PD,Proteome
RAB13,0.087834895,Secretory,Lung_Tumor_PD,Proteome
RAB14,-0.027817955,Secretory,Lung_Tumor_PD,Proteome
RAB18,-0.05731902,Secretory,Lung_Tumor_PD,Proteome
RAB1A,0.18940964,Secretory,Lung_Tumor_PD,Proteome
RAB1B,0.17090367,Secretory,Lung_Tumor_PD,Proteome
RAB20,0.11261425,Secretory,Lung_Tumor_PD,Proteome
RAB21,-0.07013468,Secretory,Lung_Tumor_PD,Proteome
RAB22A,0.16017747,Secretory,Lung_Tumor_PD,Proteome
RAB23,0.029659728,Secretory,Lung_Tumor_PD,Proteome
RAB24,0.18420349,Secretory,Lung_Tumor_PD,Proteome
RAB27A,0.15178828,Secretory,Lung_Tumor_PD,Proteome
RAB27B,0.17085133,Secretory,Lung_Tumor_PD,Proteome
RAB2A,0.15996504,Secretory,Lung_Tumor_PD,Proteome
RAB2B,-0.34257206,Secretory,Lung_Tumor_PD,Proteome
RAB30,0.19537398,Secretory,Lung_Tumor_PD,Proteome
RAB31,0.070070654,Secretory,Lung_Tumor_PD,Proteome
RAB32,0.14404355,Secretory,Lung_Tumor_PD,Proteome
RAB33B,0.15723836,Secretory,Lung_Tumor_PD,Proteome
RAB35,-0.43417957,Secretory,Lung_Tumor_PD,Proteome
RAB43,0.18439612,Secretory,Lung_Tumor_PD,Proteome
RAB4A,0.16189736,Secretory,Lung_Tumor_PD,Proteome
RAB5A,0.22821707,Secretory,Lung_Tumor_PD,Proteome
RAB6A,-0.45837662,Secretory,Lung_Tumor_PD,Proteome
RAB7A,-0.027663631,Secretory,Lung_Tumor_PD,Proteome
RAB8A,0.15260173,Secretory,Lung_Tumor_PD,Proteome
RAB8B,0.121938206,Secretory,Lung_Tumor_PD,Proteome
RAB9A,0.21030101,Secretory,Lung_Tumor_PD,Proteome
RABAC1,0.22430147,Secretory,Lung_Tumor_PD,Proteome
RABEP1,-0.057585046,Cytosol,Lung_Tumor_PD,Proteome
RABEPK,-0.6173533,Cytosol,Lung_Tumor_PD,Proteome
RABGAP1,-0.20908624,Cytosol,Lung_Tumor_PD,Proteome
RABGAP1L,-0.14727537,Cytosol,Lung_Tumor_PD,Proteome
RABGGTA,-0.1531733,Cytosol,Lung_Tumor_PD,Proteome
RABGGTB,-0.13477081,Cytosol,Lung_Tumor_PD,Proteome
RABIF,-0.24168314,Cytosol,Lung_Tumor_PD,Proteome
RABL3,0.10911116,Secretory,Lung_Tumor_PD,Proteome
RABL6,-0.20189117,Cytosol,Lung_Tumor_PD,Proteome
RACGAP1,-0.48200348,Mitochondria,Lung_Tumor_PD,Proteome
RAD21,0.5215451,Nucleus,Lung_Tumor_PD,Proteome
RAD23A,-0.4435431,Cytosol,Lung_Tumor_PD,Proteome
RAD23B,-0.34408417,Cytosol,Lung_Tumor_PD,Proteome
RAI1,0.37950748,Nucleus,Lung_Tumor_PD,Proteome
RALA,-0.24315745,Secretory,Lung_Tumor_PD,Proteome
RALB,-0.2856819,Secretory,Lung_Tumor_PD,Proteome
RALGAPA2,-0.1342675,Cytosol,Lung_Tumor_PD,Proteome
RALGPS2,-0.18170229,Cytosol,Lung_Tumor_PD,Proteome
RALY,0.5162162,Nucleus,Lung_Tumor_PD,Proteome
RAN,-0.6591162,Cytosol,Lung_Tumor_PD,Proteome
RANBP1,-0.52779895,Cytosol,Lung_Tumor_PD,Proteome
RANBP2,0.46338293,Nucleus,Lung_Tumor_PD,Proteome
RANBP3,0.5045481,Nucleus,Lung_Tumor_PD,Proteome
RAP1A,0.12471338,Secretory,Lung_Tumor_PD,Proteome
RAP1B,0.20181847,Secretory,Lung_Tumor_PD,Proteome
RAP1GDS1,-0.0920915,Cytosol,Lung_Tumor_PD,Proteome
RAP2A,0.22004066,Secretory,Lung_Tumor_PD,Proteome
RAP2B,-0.41580752,Secretory,Lung_Tumor_PD,Proteome
RAP2C,0.23737378,Secretory,Lung_Tumor_PD,Proteome
RAPH1,-0.10853181,Cytosol,Lung_Tumor_PD,Proteome
RASA1,-0.032246124,Cytosol,Lung_Tumor_PD,Proteome
RBBP5,0.53855956,Nucleus,Lung_Tumor_PD,Proteome
RBBP8,-0.26756817,Nucleus,Lung_Tumor_PD,Proteome
RBBP9,-0.072420284,Cytosol,Lung_Tumor_PD,Proteome
RBCK1,-0.22546199,Cytosol,Lung_Tumor_PD,Proteome
RBKS,-0.13823992,Cytosol,Lung_Tumor_PD,Proteome
RBM12B,0.50068575,Nucleus,Lung_Tumor_PD,Proteome
RBM14,0.52870697,Nucleus,Lung_Tumor_PD,Proteome
RBM15,0.5147717,Nucleus,Lung_Tumor_PD,Proteome
RBM15B,0.5336699,Nucleus,Lung_Tumor_PD,Proteome
RBM19,0.27308443,Nucleus,Lung_Tumor_PD,Proteome
RBM25,0.45199713,Nucleus,Lung_Tumor_PD,Proteome
RBM34,-0.44282514,Nucleus,Lung_Tumor_PD,Proteome
RBM42,0.5311721,Nucleus,Lung_Tumor_PD,Proteome
RBM47,-0.5754169,Nucleus,Lung_Tumor_PD,Proteome
RBM5,0.5115063,Nucleus,Lung_Tumor_PD,Proteome
RBM6,0.52356106,Nucleus,Lung_Tumor_PD,Proteome
RBMS2,-0.49644682,Nucleus,Lung_Tumor_PD,Proteome
RBMX,0.51470053,Nucleus,Lung_Tumor_PD,Proteome
RBMXL1,0.3233923,Nucleus,Lung_Tumor_PD,Proteome
RBPJ,0.46918836,Nucleus,Lung_Tumor_PD,Proteome
RBX1,-0.14500964,Cytosol,Lung_Tumor_PD,Proteome
RCC1,0.44398755,Nucleus,Lung_Tumor_PD,Proteome
RCL1,0.29915822,Nucleus,Lung_Tumor_PD,Proteome
RCN1,-0.5271526,Nucleus,Lung_Tumor_PD,Proteome
RCOR1,0.49122822,Nucleus,Lung_Tumor_PD,Proteome
RCOR3,0.437054,Nucleus,Lung_Tumor_PD,Proteome
RDH10,0.14153199,Secretory,Lung_Tumor_PD,Proteome
RDH11,0.22353718,Secretory,Lung_Tumor_PD,Proteome
RDH13,0.37642252,Mitochondria,Lung_Tumor_PD,Proteome
RDH14,0.19840747,Secretory,Lung_Tumor_PD,Proteome
RDX,-0.1264015,Cytosol,Lung_Tumor_PD,Proteome
RECQL5,0.39028847,Nucleus,Lung_Tumor_PD,Proteome
REEP3,0.23198102,Secretory,Lung_Tumor_PD,Proteome
REEP4,-0.30844408,Secretory,Lung_Tumor_PD,Proteome
REEP5,0.20981659,Secretory,Lung_Tumor_PD,Proteome
REL,-0.27538168,Cytosol,Lung_Tumor_PD,Proteome
RELB,-0.17171091,Cytosol,Lung_Tumor_PD,Proteome
RELL1,-0.2238596,Secretory,Lung_Tumor_PD,Proteome
RER1,0.24345528,Secretory,Lung_Tumor_PD,Proteome
RETSAT,0.22180103,Secretory,Lung_Tumor_PD,Proteome
REXO2,-0.070818745,Cytosol,Lung_Tumor_PD,Proteome
REXO4,0.35168183,Nucleus,Lung_Tumor_PD,Proteome
RFC1,0.5117603,Nucleus,Lung_Tumor_PD,Proteome
RFFL,-0.5220893,Secretory,Lung_Tumor_PD,Proteome
RFX1,0.5298384,Nucleus,Lung_Tumor_PD,Proteome
RHBDD1,0.20631708,Secretory,Lung_Tumor_PD,Proteome
RHBDD3,0.17857176,Secretory,Lung_Tumor_PD,Proteome
RHBDF1,0.12539726,Secretory,Lung_Tumor_PD,Proteome
RHBDF2,0.046740413,Secretory,Lung_Tumor_PD,Proteome
RHEB,-0.47157782,Cytosol,Lung_Tumor_PD,Proteome
RHOB,-0.47457084,Secretory,Lung_Tumor_PD,Proteome
RHOG,0.14182666,Secretory,Lung_Tumor_PD,Proteome
RHOT1,-0.12640208,Mitochondria,Lung_Tumor_PD,Proteome
RHOT2,0.44534436,Mitochondria,Lung_Tumor_PD,Proteome
RICTOR,-0.0645234,Cytosol,Lung_Tumor_PD,Proteome
RIF1,0.5233181,Nucleus,Lung_Tumor_PD,Proteome
RIN3,-0.0992103,Cytosol,Lung_Tumor_PD,Proteome
RMDN1,-0.2676862,Nucleus,Lung_Tumor_PD,Proteome
RMDN2,-0.43789244,Mitochondria,Lung_Tumor_PD,Proteome
RMDN3,-0.4529553,Mitochondria,Lung_Tumor_PD,Proteome
RMND1,-0.45381063,Mitochondria,Lung_Tumor_PD,Proteome
RNF123,-0.10742924,Cytosol,Lung_Tumor_PD,Proteome
RNF126,-0.16478953,Cytosol,Lung_Tumor_PD,Proteome
RNF13,0.038730897,Secretory,Lung_Tumor_PD,Proteome
RNF139,-0.4500956,Secretory,Lung_Tumor_PD,Proteome
RNF14,-0.05403469,Cytosol,Lung_Tumor_PD,Proteome
RNF146,-0.0843133,Cytosol,Lung_Tumor_PD,Proteome
RNF169,0.523066,Nucleus,Lung_Tumor_PD,Proteome
RNF170,-0.27218136,Secretory,Lung_Tumor_PD,Proteome
RNF2,0.51386184,Nucleus,Lung_Tumor_PD,Proteome
RNF20,0.5228458,Nucleus,Lung_Tumor_PD,Proteome
RNF25,-0.104014695,Cytosol,Lung_Tumor_PD,Proteome
RNF40,0.502945,Nucleus,Lung_Tumor_PD,Proteome
RNF5,-0.5836208,Secretory,Lung_Tumor_PD,Proteome
RNMT,0.5370126,Nucleus,Lung_Tumor_PD,Proteome
RNPC3,0.5372194,Nucleus,Lung_Tumor_PD,Proteome
RNPEP,-0.14406815,Cytosol,Lung_Tumor_PD,Proteome
RNPS1,0.5357633,Nucleus,Lung_Tumor_PD,Proteome
ROCK1,-0.1250303,Cytosol,Lung_Tumor_PD,Proteome
ROCK2,-0.040948924,Cytosol,Lung_Tumor_PD,Proteome
RP2,0.20391239,Secretory,Lung_Tumor_PD,Proteome
RPE,-0.11259261,Cytosol,Lung_Tumor_PD,Proteome
RPF1,0.166035,Nucleus,Lung_Tumor_PD,Proteome
RPF2,0.17630462,Nucleus,Lung_Tumor_PD,Proteome
RPGR,-0.1092098,Cytosol,Lung_Tumor_PD,Proteome
RPL10,-0.41208187,Nucleus,Lung_Tumor_PD,Proteome
RPL11,-0.4235424,Nucleus,Lung_Tumor_PD,Proteome
RPL12,-0.032479517,Nucleus,Lung_Tumor_PD,Proteome
RPL13A,-0.40457913,Nucleus,Lung_Tumor_PD,Proteome
RPL14,-0.38080773,Nucleus,Lung_Tumor_PD,Proteome
RPL15,-0.40963945,Nucleus,Lung_Tumor_PD,Proteome
RPL18,-0.40562144,Nucleus,Lung_Tumor_PD,Proteome
RPL18A,-0.40733328,Nucleus,Lung_Tumor_PD,Proteome
RPL21,-0.40870738,Nucleus,Lung_Tumor_PD,Proteome
RPL23A,-0.39687997,Nucleus,Lung_Tumor_PD,Proteome
RPL27,-0.4097168,Nucleus,Lung_Tumor_PD,Proteome
RPL28,-0.40431282,Nucleus,Lung_Tumor_PD,Proteome
RPL3,-0.40967962,Nucleus,Lung_Tumor_PD,Proteome
RPL30,-0.44629726,Nucleus,Lung_Tumor_PD,Proteome
RPL34,-0.39739338,Nucleus,Lung_Tumor_PD,Proteome
RPL35A,-0.41728547,Nucleus,Lung_Tumor_PD,Proteome
RPL36,-0.4222532,Nucleus,Lung_Tumor_PD,Proteome
RPL37A,-0.07514651,Nucleus,Lung_Tumor_PD,Proteome
RPL4,-0.40660107,Nucleus,Lung_Tumor_PD,Proteome
RPL6,-0.39744186,Nucleus,Lung_Tumor_PD,Proteome
RPL7,-0.40266404,Nucleus,Lung_Tumor_PD,Proteome
RPL7A,-0.40456715,Nucleus,Lung_Tumor_PD,Proteome
RPL7L1,0.22350833,Nucleus,Lung_Tumor_PD,Proteome
RPL9,0.054194063,Nucleus,Lung_Tumor_PD,Proteome
RPLP0,0.01235615,Nucleus,Lung_Tumor_PD,Proteome
RPLP2,0.067336775,Nucleus,Lung_Tumor_PD,Proteome
RPN1,0.22040053,Secretory,Lung_Tumor_PD,Proteome
RPN2,0.21076915,Secretory,Lung_Tumor_PD,Proteome
RPRD2,0.4673886,Nucleus,Lung_Tumor_PD,Proteome
RPS4X,-0.4392297,Nucleus,Lung_Tumor_PD,Proteome
RPS6KA1,-0.1819553,Cytosol,Lung_Tumor_PD,Proteome
RPS6KB1,-0.529751,Cytosol,Lung_Tumor_PD,Proteome
RPS7,-0.43134615,Nucleus,Lung_Tumor_PD,Proteome
RPS8,-0.40723968,Nucleus,Lung_Tumor_PD,Proteome
RRAS,0.06823442,Secretory,Lung_Tumor_PD,Proteome
RRAS2,0.04031025,Secretory,Lung_Tumor_PD,Proteome
RRBP1,0.17910674,Secretory,Lung_Tumor_PD,Proteome
RREB1,0.45843145,Nucleus,Lung_Tumor_PD,Proteome
RRM2,-0.6475519,Cytosol,Lung_Tumor_PD,Proteome
RRM2B,-0.103576735,Cytosol,Lung_Tumor_PD,Proteome
RRP12,0.23976314,Nucleus,Lung_Tumor_PD,Proteome
RRP36,0.34573063,Nucleus,Lung_Tumor_PD,Proteome
RRP7A,0.3548672,Nucleus,Lung_Tumor_PD,Proteome
RRS1,0.14031492,Nucleus,Lung_Tumor_PD,Proteome
RSBN1,0.50046253,Nucleus,Lung_Tumor_PD,Proteome
RSBN1L,0.3544288,Nucleus,Lung_Tumor_PD,Proteome
RSF1,0.46582866,Nucleus,Lung_Tumor_PD,Proteome
RSL1D1,0.17236543,Nucleus,Lung_Tumor_PD,Proteome
RSPRY1,0.013284953,Secretory,Lung_Tumor_PD,Proteome
RTN3,-0.0669487,Secretory,Lung_Tumor_PD,Proteome
RTN4,0.040446743,Secretory,Lung_Tumor_PD,Proteome
RUFY3,-0.08245893,Cytosol,Lung_Tumor_PD,Proteome
RWDD1,-0.14536507,Cytosol,Lung_Tumor_PD,Proteome
RWDD2B,-0.14693284,Cytosol,Lung_Tumor_PD,Proteome
RWDD4,-0.06985299,Cytosol,Lung_Tumor_PD,Proteome
RYBP,-0.20912813,Nucleus,Lung_Tumor_PD,Proteome
S100A6,-0.07239993,Cytosol,Lung_Tumor_PD,Proteome
S1PR2,0.1037504,Secretory,Lung_Tumor_PD,Proteome
SACM1L,0.20068468,Secretory,Lung_Tumor_PD,Proteome
SAFB,0.51169056,Nucleus,Lung_Tumor_PD,Proteome
SAFB2,0.5042824,Nucleus,Lung_Tumor_PD,Proteome
SAMM50,0.3553751,Mitochondria,Lung_Tumor_PD,Proteome
SAP18,0.5285949,Nucleus,Lung_Tumor_PD,Proteome
SAR1A,-0.15408474,Cytosol,Lung_Tumor_PD,Proteome
SAR1B,-0.15632309,Cytosol,Lung_Tumor_PD,Proteome
SART3,0.5345092,Nucleus,Lung_Tumor_PD,Proteome
SASH1,-0.10052988,Cytosol,Lung_Tumor_PD,Proteome
SBDS,-0.23956043,Cytosol,Lung_Tumor_PD,Proteome
SCAF1,0.45897302,Nucleus,Lung_Tumor_PD,Proteome
SCAF4,0.52049136,Nucleus,Lung_Tumor_PD,Proteome
SCAF8,0.5130322,Nucleus,Lung_Tumor_PD,Proteome
SCAMP1,-0.43948102,Secretory,Lung_Tumor_PD,Proteome
SCAMP2,0.17205252,Secretory,Lung_Tumor_PD,Proteome
SCAMP3,0.07774621,Secretory,Lung_Tumor_PD,Proteome
SCAMP4,0.15752995,Secretory,Lung_Tumor_PD,Proteome
SCARB2,0.18381105,Secretory,Lung_Tumor_PD,Proteome
SCCPDH,0.08149859,Mitochondria,Lung_Tumor_PD,Proteome
SCD,-0.51535136,Secretory,Lung_Tumor_PD,Proteome
SCD5,-0.12555799,Secretory,Lung_Tumor_PD,Proteome
SCFD1,0.15548435,Secretory,Lung_Tumor_PD,Proteome
SCFD2,0.1686104,Secretory,Lung_Tumor_PD,Proteome
SCLT1,-0.09643431,Cytosol,Lung_Tumor_PD,Proteome
SCML2,0.5291937,Nucleus,Lung_Tumor_PD,Proteome
SCO1,0.14958696,Mitochondria,Lung_Tumor_PD,Proteome
SCO2,0.4672335,Mitochondria,Lung_Tumor_PD,Proteome
SCRIB,0.11250921,Mitochondria,Lung_Tumor_PD,Proteome
SCRN1,-0.10553821,Cytosol,Lung_Tumor_PD,Proteome
SCRN3,-0.25551265,Cytosol,Lung_Tumor_PD,Proteome
SDAD1,0.31226158,Nucleus,Lung_Tumor_PD,Proteome
SDC1,-0.056923836,Secretory,Lung_Tumor_PD,Proteome
SDC4,0.16862658,Secretory,Lung_Tumor_PD,Proteome
SDCBP,-0.12089079,Cytosol,Lung_Tumor_PD,Proteome
SDF2,-0.43181932,Secretory,Lung_Tumor_PD,Proteome
SDHA,0.443106,Mitochondria,Lung_Tumor_PD,Proteome
SDHB,0.4219328,Mitochondria,Lung_Tumor_PD,Proteome
SEC11A,0.23280899,Secretory,Lung_Tumor_PD,Proteome
SEC22A,-0.09022876,Secretory,Lung_Tumor_PD,Proteome
SEC23IP,-0.09735914,Cytosol,Lung_Tumor_PD,Proteome
SEC61B,0.22736533,Secretory,Lung_Tumor_PD,Proteome
SEC62,0.21239416,Secretory,Lung_Tumor_PD,Proteome
SEC63,0.24735668,Secretory,Lung_Tumor_PD,Proteome
SEL1L,0.22781236,Secretory,Lung_Tumor_PD,Proteome
SEMA3C,0.046149805,Secretory,Lung_Tumor_PD,Proteome
SEMA4C,-0.6105165,Secretory,Lung_Tumor_PD,Proteome
SEMA4D,0.20259842,Secretory,Lung_Tumor_PD,Proteome
SEMA7A,0.09340172,Secretory,Lung_Tumor_PD,Proteome
SENP3,0.23316462,Nucleus,Lung_Tumor_PD,Proteome
SENP5,0.1385755,Nucleus,Lung_Tumor_PD,Proteome
SENP7,-0.5264271,Nucleus,Lung_Tumor_PD,Proteome
SEPSECS,-0.1295155,Cytosol,Lung_Tumor_PD,Proteome
SERAC1,-0.45449507,Mitochondria,Lung_Tumor_PD,Proteome
SERINC3,0.141643,Secretory,Lung_Tumor_PD,Proteome
SERPINB1,-0.15223555,Cytosol,Lung_Tumor_PD,Proteome
SESN2,-0.10749735,Cytosol,Lung_Tumor_PD,Proteome
SET,0.5262602,Nucleus,Lung_Tumor_PD,Proteome
SETD1B,0.5291027,Nucleus,Lung_Tumor_PD,Proteome
SETD7,-0.023921711,Cytosol,Lung_Tumor_PD,Proteome
SF3A1,0.5245,Nucleus,Lung_Tumor_PD,Proteome
SF3A2,0.52203375,Nucleus,Lung_Tumor_PD,Proteome
SF3A3,0.5235149,Nucleus,Lung_Tumor_PD,Proteome
SF3B1,0.5247753,Nucleus,Lung_Tumor_PD,Proteome
SFXN1,0.37386698,Mitochondria,Lung_Tumor_PD,Proteome
SFXN2,-0.44217536,Mitochondria,Lung_Tumor_PD,Proteome
SFXN3,-0.4073363,Mitochondria,Lung_Tumor_PD,Proteome
SGPL1,0.23336403,Secretory,Lung_Tumor_PD,Proteome
SGPP1,0.22338091,Secretory,Lung_Tumor_PD,Proteome
SGTA,-0.64526147,Cytosol,Lung_Tumor_PD,Proteome
SGTB,-0.05709011,Cytosol,Lung_Tumor_PD,Proteome
SH2D4A,-0.3227783,Cytosol,Lung_Tumor_PD,Proteome
SH3BP2,-0.08478566,Cytosol,Lung_Tumor_PD,Proteome
SH3BP4,-0.20288418,Secretory,Lung_Tumor_PD,Proteome
SH3BP5L,-0.25583008,Cytosol,Lung_Tumor_PD,Proteome
SH3D19,-0.04207736,Cytosol,Lung_Tumor_PD,Proteome
SH3GL1,-0.04979299,Cytosol,Lung_Tumor_PD,Proteome
SH3KBP1,-0.104185954,Cytosol,Lung_Tumor_PD,Proteome
SH3PXD2B,-0.034539487,Cytosol,Lung_Tumor_PD,Proteome
SH3RF1,-0.06415449,Cytosol,Lung_Tumor_PD,Proteome
SHCBP1,-0.4716808,Cytosol,Lung_Tumor_PD,Proteome
SIDT2,0.07322403,Secretory,Lung_Tumor_PD,Proteome
SIN3A,0.52659124,Nucleus,Lung_Tumor_PD,Proteome
SIRT1,0.4860567,Nucleus,Lung_Tumor_PD,Proteome
SLC12A2,-0.0021097062,Secretory,Lung_Tumor_PD,Proteome
SLC12A4,0.055520184,Secretory,Lung_Tumor_PD,Proteome
SLC12A6,-0.42032242,Secretory,Lung_Tumor_PD,Proteome
SLC12A9,0.07069278,Secretory,Lung_Tumor_PD,Proteome
SLC15A4,0.1788328,Secretory,Lung_Tumor_PD,Proteome
SLC16A1,-0.10753252,Secretory,Lung_Tumor_PD,Proteome
SLC16A3,0.18117298,Secretory,Lung_Tumor_PD,Proteome
SLC1A4,-0.53028184,Secretory,Lung_Tumor_PD,Proteome
SLC1A5,-0.50889224,Secretory,Lung_Tumor_PD,Proteome
SLC20A2,-0.37884802,Secretory,Lung_Tumor_PD,Proteome
SLC25A1,0.38808623,Mitochondria,Lung_Tumor_PD,Proteome
SLC25A12,0.4632204,Mitochondria,Lung_Tumor_PD,Proteome
SLC25A13,0.0881575,Mitochondria,Lung_Tumor_PD,Proteome
SLC25A19,0.4704922,Mitochondria,Lung_Tumor_PD,Proteome
SLC25A22,0.3469634,Mitochondria,Lung_Tumor_PD,Proteome
SLC25A24,-0.44033116,Mitochondria,Lung_Tumor_PD,Proteome
SLC25A25,-0.15880309,Mitochondria,Lung_Tumor_PD,Proteome
SLC25A3,0.46736348,Mitochondria,Lung_Tumor_PD,Proteome
SLC25A35,-0.45541084,Mitochondria,Lung_Tumor_PD,Proteome
SLC25A46,-0.4478409,Mitochondria,Lung_Tumor_PD,Proteome
SLC25A5,0.464023,Mitochondria,Lung_Tumor_PD,Proteome
SLC25A6,0.46969396,Mitochondria,Lung_Tumor_PD,Proteome
SLC26A2,0.086541966,Secretory,Lung_Tumor_PD,Proteome
SLC26A6,-0.11255205,Secretory,Lung_Tumor_PD,Proteome
SLC27A1,0.06853502,Secretory,Lung_Tumor_PD,Proteome
SLC27A4,0.07204028,Secretory,Lung_Tumor_PD,Proteome
SLC2A13,0.10594814,Secretory,Lung_Tumor_PD,Proteome
SLC30A1,0.2319634,Secretory,Lung_Tumor_PD,Proteome
SLC30A5,0.23567203,Secretory,Lung_Tumor_PD,Proteome
SLC30A6,0.23521036,Secretory,Lung_Tumor_PD,Proteome
SLC30A9,-0.33272755,Mitochondria,Lung_Tumor_PD,Proteome
SLC33A1,0.19184318,Secretory,Lung_Tumor_PD,Proteome
SLC35B2,0.2482556,Secretory,Lung_Tumor_PD,Proteome
SLC35B3,0.21897589,Secretory,Lung_Tumor_PD,Proteome
SLC35E1,0.24750085,Secretory,Lung_Tumor_PD,Proteome
SLC35F6,0.19978328,Secretory,Lung_Tumor_PD,Proteome
SLC37A4,0.24532644,Secretory,Lung_Tumor_PD,Proteome
SLC38A1,-0.5920364,Secretory,Lung_Tumor_PD,Proteome
SLC38A10,0.2330451,Secretory,Lung_Tumor_PD,Proteome
SLC38A2,-0.22062004,Secretory,Lung_Tumor_PD,Proteome
SLC39A10,-0.26939496,Secretory,Lung_Tumor_PD,Proteome
SLC39A11,-0.07756148,Secretory,Lung_Tumor_PD,Proteome
SLC39A14,0.031685963,Secretory,Lung_Tumor_PD,Proteome
SLC39A7,0.22846335,Secretory,Lung_Tumor_PD,Proteome
SLC3A2,-0.52678883,Secretory,Lung_Tumor_PD,Proteome
SLC44A1,-0.39282292,Secretory,Lung_Tumor_PD,Proteome
SLC44A2,0.18121529,Secretory,Lung_Tumor_PD,Proteome
SLC4A1AP,0.38204458,Nucleus,Lung_Tumor_PD,Proteome
SLC4A2,0.13605039,Secretory,Lung_Tumor_PD,Proteome
SLC4A7,-0.3165986,Secretory,Lung_Tumor_PD,Proteome
SLC7A1,-0.55953515,Secretory,Lung_Tumor_PD,Proteome
SLC7A5,-0.5702387,Secretory,Lung_Tumor_PD,Proteome
SLC9A1,0.17072797,Secretory,Lung_Tumor_PD,Proteome
SLC9A6,0.24466692,Secretory,Lung_Tumor_PD,Proteome
SLC9A7,0.22440548,Secretory,Lung_Tumor_PD,Proteome
SLK,-0.18832186,Cytosol,Lung_Tumor_PD,Proteome
SLMAP,0.06341244,Secretory,Lung_Tumor_PD,Proteome
SLTM,0.5184041,Nucleus,Lung_Tumor_PD,Proteome
SMAD2,-0.2428119,Cytosol,Lung_Tumor_PD,Proteome
SMAD4,-0.6318806,Cytosol,Lung_Tumor_PD,Proteome
SMAD5,-0.37791577,Cytosol,Lung_Tumor_PD,Proteome
SMAP1,-0.5464816,Cytosol,Lung_Tumor_PD,Proteome
SMARCA1,-0.28806317,Nucleus,Lung_Tumor_PD,Proteome
SMARCA5,0.5290174,Nucleus,Lung_Tumor_PD,Proteome
SMARCAD1,0.49049875,Nucleus,Lung_Tumor_PD,Proteome
SMC1A,0.51940507,Nucleus,Lung_Tumor_PD,Proteome
SMC5,0.47112742,Nucleus,Lung_Tumor_PD,Proteome
SMC6,0.42807254,Nucleus,Lung_Tumor_PD,Proteome
SMCHD1,0.5099805,Nucleus,Lung_Tumor_PD,Proteome
SMG8,-0.5283016,Cytosol,Lung_Tumor_PD,Proteome
SMIM12,-0.2900043,Mitochondria,Lung_Tumor_PD,Proteome
SMPD1,0.06416198,Secretory,Lung_Tumor_PD,Proteome
SMPD2,0.17771555,Secretory,Lung_Tumor_PD,Proteome
SMPD4,0.32465187,Nucleus,Lung_Tumor_PD,Proteome
SMS,-0.5505347,Cytosol,Lung_Tumor_PD,Proteome
SMURF2,-0.14717518,Cytosol,Lung_Tumor_PD,Proteome
SMYD2,-0.326453,Cytosol,Lung_Tumor_PD,Proteome
SMYD5,-0.64690065,Cytosol,Lung_Tumor_PD,Proteome
SNAP23,0.14491442,Secretory,Lung_Tumor_PD,Proteome
SNAP47,-0.29518494,Secretory,Lung_Tumor_PD,Proteome
SNTB2,-0.3865568,Mitochondria,Lung_Tumor_PD,Proteome
SNX1,-0.084295966,Cytosol,Lung_Tumor_PD,Proteome
SNX13,0.13773797,Secretory,Lung_Tumor_PD,Proteome
SNX14,0.103086576,Secretory,Lung_Tumor_PD,Proteome
SNX15,-0.08741015,Cytosol,Lung_Tumor_PD,Proteome
SNX19,0.13969426,Secretory,Lung_Tumor_PD,Proteome
SNX2,-0.06375618,Cytosol,Lung_Tumor_PD,Proteome
SNX25,0.13099432,Secretory,Lung_Tumor_PD,Proteome
SNX5,-0.06308807,Cytosol,Lung_Tumor_PD,Proteome
SNX6,-0.060484994,Cytosol,Lung_Tumor_PD,Proteome
SNX9,-0.02998527,Cytosol,Lung_Tumor_PD,Proteome
SOAT1,0.24541451,Secretory,Lung_Tumor_PD,Proteome
SOD1,-0.1774063,Cytosol,Lung_Tumor_PD,Proteome
SORBS3,-0.03173792,Cytosol,Lung_Tumor_PD,Proteome
SORD,-0.115585215,Cytosol,Lung_Tumor_PD,Proteome
SORT1,0.074115686,Secretory,Lung_Tumor_PD,Proteome
SOS1,-0.03292167,Cytosol,Lung_Tumor_PD,Proteome
SOWAHC,-0.44832757,Cytosol,Lung_Tumor_PD,Proteome
SP1,0.5338329,Nucleus,Lung_Tumor_PD,Proteome
SPAG9,-0.055899955,Cytosol,Lung_Tumor_PD,Proteome
SPC24,-0.6255776,Cytosol,Lung_Tumor_PD,Proteome
SPCS1,0.18974996,Secretory,Lung_Tumor_PD,Proteome
SPCS2,0.19500017,Secretory,Lung_Tumor_PD,Proteome
SPCS3,0.17597759,Secretory,Lung_Tumor_PD,Proteome
SPECC1,0.039338596,Secretory,Lung_Tumor_PD,Proteome
SPEN,0.51780725,Nucleus,Lung_Tumor_PD,Proteome
SPG7,0.43473554,Mitochondria,Lung_Tumor_PD,Proteome
SPIN1,0.49864683,Nucleus,Lung_Tumor_PD,Proteome
SPR,-0.5565315,Cytosol,Lung_Tumor_PD,Proteome
SPRED1,0.076392785,Secretory,Lung_Tumor_PD,Proteome
SPRYD3,0.044835955,Secretory,Lung_Tumor_PD,Proteome
SPRYD7,-0.41259935,Secretory,Lung_Tumor_PD,Proteome
SPTLC1,-0.39351255,Secretory,Lung_Tumor_PD,Proteome
SPTLC2,-0.39986,Secretory,Lung_Tumor_PD,Proteome
SPTY2D1,0.43721622,Nucleus,Lung_Tumor_PD,Proteome
SQLE,-0.47939134,Secretory,Lung_Tumor_PD,Proteome
SRCAP,0.50060153,Nucleus,Lung_Tumor_PD,Proteome
SREBF2,-0.4371773,Secretory,Lung_Tumor_PD,Proteome
SRFBP1,0.35466397,Nucleus,Lung_Tumor_PD,Proteome
SRGAP1,-0.09257936,Cytosol,Lung_Tumor_PD,Proteome
SRI,-0.039208103,Cytosol,Lung_Tumor_PD,Proteome
SRM,-0.1712146,Cytosol,Lung_Tumor_PD,Proteome
SRP68,-0.20172457,Cytosol,Lung_Tumor_PD,Proteome
SRP72,-0.21148235,Cytosol,Lung_Tumor_PD,Proteome
SRPRB,0.2261207,Secretory,Lung_Tumor_PD,Proteome
SRR,-0.087694235,Cytosol,Lung_Tumor_PD,Proteome
SRRT,0.53335935,Nucleus,Lung_Tumor_PD,Proteome
SRSF1,0.5155017,Nucleus,Lung_Tumor_PD,Proteome
SRSF3,0.5356736,Nucleus,Lung_Tumor_PD,Proteome
SRSF4,0.47458243,Nucleus,Lung_Tumor_PD,Proteome
SRSF5,0.5223796,Nucleus,Lung_Tumor_PD,Proteome
SRSF7,0.52966434,Nucleus,Lung_Tumor_PD,Proteome
SRSF9,0.31392395,Nucleus,Lung_Tumor_PD,Proteome
SSBP1,0.23256037,Mitochondria,Lung_Tumor_PD,Proteome
SSH3,-0.15554076,Cytosol,Lung_Tumor_PD,Proteome
SSNA1,-0.21609832,Cytosol,Lung_Tumor_PD,Proteome
SSR1,0.22277023,Secretory,Lung_Tumor_PD,Proteome
SSR3,0.21904524,Secretory,Lung_Tumor_PD,Proteome
SSR4,0.21979505,Secretory,Lung_Tumor_PD,Proteome
SSU72,-0.63527375,Cytosol,Lung_Tumor_PD,Proteome
ST13,-0.3976375,Cytosol,Lung_Tumor_PD,Proteome
ST3GAL1,0.06263094,Secretory,Lung_Tumor_PD,Proteome
ST7,0.23247257,Secretory,Lung_Tumor_PD,Proteome
STAG1,0.5271248,Nucleus,Lung_Tumor_PD,Proteome
STAG2,0.51929015,Nucleus,Lung_Tumor_PD,Proteome
STAMBP,-0.53936404,Cytosol,Lung_Tumor_PD,Proteome
STARD3,0.08356867,Secretory,Lung_Tumor_PD,Proteome
STAT1,-0.24882065,Cytosol,Lung_Tumor_PD,Proteome
STAT5B,-0.090887874,Cytosol,Lung_Tumor_PD,Proteome
STAU1,0.22033396,Nucleus,Lung_Tumor_PD,Proteome
STAU2,0.39187834,Nucleus,Lung_Tumor_PD,Proteome
STIM1,-0.0330696,Secretory,Lung_Tumor_PD,Proteome
STIP1,-0.43050107,Cytosol,Lung_Tumor_PD,Proteome
STK24,-0.12382959,Cytosol,Lung_Tumor_PD,Proteome
STK38,-0.19276436,Cytosol,Lung_Tumor_PD,Proteome
STK38L,-0.04085357,Cytosol,Lung_Tumor_PD,Proteome
STK4,-0.12286388,Cytosol,Lung_Tumor_PD,Proteome
STMN1,-0.58426195,Cytosol,Lung_Tumor_PD,Proteome
STOM,0.1787721,Secretory,Lung_Tumor_PD,Proteome
STOML2,0.2685476,Mitochondria,Lung_Tumor_PD,Proteome
STRAP,-0.55368507,Cytosol,Lung_Tumor_PD,Proteome
STRBP,0.099059224,Nucleus,Lung_Tumor_PD,Proteome
STT3A,0.21345246,Secretory,Lung_Tumor_PD,Proteome
STT3B,0.21239163,Secretory,Lung_Tumor_PD,Proteome
STX10,-0.58582115,Secretory,Lung_Tumor_PD,Proteome
STX12,0.1218917,Secretory,Lung_Tumor_PD,Proteome
STX16,-0.37142155,Secretory,Lung_Tumor_PD,Proteome
STX17,0.15804122,Secretory,Lung_Tumor_PD,Proteome
STX18,0.17630738,Secretory,Lung_Tumor_PD,Proteome
STX3,0.16363803,Secretory,Lung_Tumor_PD,Proteome
STX4,0.23466697,Secretory,Lung_Tumor_PD,Proteome
STX5,0.20205598,Secretory,Lung_Tumor_PD,Proteome
STX6,-0.32147828,Secretory,Lung_Tumor_PD,Proteome
STX7,0.09470754,Secretory,Lung_Tumor_PD,Proteome
STX8,0.064897746,Secretory,Lung_Tumor_PD,Proteome
STXBP3,0.2068865,Secretory,Lung_Tumor_PD,Proteome
SUGP1,0.51108843,Nucleus,Lung_Tumor_PD,Proteome
SUGP2,0.5075892,Nucleus,Lung_Tumor_PD,Proteome
SUGT1,-0.13713276,Cytosol,Lung_Tumor_PD,Proteome
SUN1,-0.20952044,Nucleus,Lung_Tumor_PD,Proteome
SUN2,-0.47271374,Nucleus,Lung_Tumor_PD,Proteome
SUOX,-0.5209977,Nucleus,Lung_Tumor_PD,Proteome
SUPT16H,0.520081,Nucleus,Lung_Tumor_PD,Proteome
SUPT5H,0.511315,Nucleus,Lung_Tumor_PD,Proteome
SUPT6H,0.49160403,Nucleus,Lung_Tumor_PD,Proteome
SUPV3L1,0.26437148,Mitochondria,Lung_Tumor_PD,Proteome
SURF1,0.43890917,Mitochondria,Lung_Tumor_PD,Proteome
SURF4,0.23155883,Secretory,Lung_Tumor_PD,Proteome
SURF6,0.23323685,Nucleus,Lung_Tumor_PD,Proteome
SUV39H2,0.4989213,Nucleus,Lung_Tumor_PD,Proteome
SWAP70,-0.06851951,Cytosol,Lung_Tumor_PD,Proteome
SYMPK,0.5367367,Nucleus,Lung_Tumor_PD,Proteome
SYNCRIP,0.53794354,Nucleus,Lung_Tumor_PD,Proteome
SYNE2,0.2936514,Nucleus,Lung_Tumor_PD,Proteome
SYNE3,-0.5040337,Nucleus,Lung_Tumor_PD,Proteome
SYNGR2,0.24281737,Secretory,Lung_Tumor_PD,Proteome
SYNJ1,-0.105373725,Cytosol,Lung_Tumor_PD,Proteome
SYNJ2BP,-0.16537188,Mitochondria,Lung_Tumor_PD,Proteome
SYNRG,-0.48290798,Cytosol,Lung_Tumor_PD,Proteome
SYPL1,-0.067904666,Secretory,Lung_Tumor_PD,Proteome
SYVN1,0.19747002,Secretory,Lung_Tumor_PD,Proteome
SZRD1,-0.101494566,Cytosol,Lung_Tumor_PD,Proteome
TAB1,-0.060765456,Cytosol,Lung_Tumor_PD,Proteome
TAB2,-0.05361011,Cytosol,Lung_Tumor_PD,Proteome
TACC2,-0.48160774,Cytosol,Lung_Tumor_PD,Proteome
TACC3,-0.519077,Cytosol,Lung_Tumor_PD,Proteome
TAF4,0.49068445,Nucleus,Lung_Tumor_PD,Proteome
TAF7,-0.6528424,Cytosol,Lung_Tumor_PD,Proteome
TAGLN2,-0.028180059,Cytosol,Lung_Tumor_PD,Proteome
TALDO1,-0.5648989,Cytosol,Lung_Tumor_PD,Proteome
TAMM41,0.38765368,Mitochondria,Lung_Tumor_PD,Proteome
TANC1,-0.38455483,Cytosol,Lung_Tumor_PD,Proteome
TANGO2,-0.081996836,Cytosol,Lung_Tumor_PD,Proteome
TANK,-0.095421426,Cytosol,Lung_Tumor_PD,Proteome
TAP1,0.24402218,Secretory,Lung_Tumor_PD,Proteome
TAP2,0.24753338,Secretory,Lung_Tumor_PD,Proteome
TAPT1,0.21934888,Secretory,Lung_Tumor_PD,Proteome
TARS2,0.2986078,Mitochondria,Lung_Tumor_PD,Proteome
TASP1,0.3800357,Nucleus,Lung_Tumor_PD,Proteome
TATDN1,-0.5293793,Cytosol,Lung_Tumor_PD,Proteome
TATDN3,-0.37755045,Cytosol,Lung_Tumor_PD,Proteome
TBC1D1,-0.117007665,Cytosol,Lung_Tumor_PD,Proteome
TBC1D13,-0.07814867,Cytosol,Lung_Tumor_PD,Proteome
TBC1D2,-0.19114114,Cytosol,Lung_Tumor_PD,Proteome
TBC1D20,0.037330717,Secretory,Lung_Tumor_PD,Proteome
TBC1D22A,-0.16573259,Cytosol,Lung_Tumor_PD,Proteome
TBC1D2B,-0.053360336,Cytosol,Lung_Tumor_PD,Proteome
TBC1D31,-0.6148303,Secretory,Lung_Tumor_PD,Proteome
TBC1D5,-0.09834884,Cytosol,Lung_Tumor_PD,Proteome
TBCB,-0.56374323,Cytosol,Lung_Tumor_PD,Proteome
TBCC,-0.6575966,Cytosol,Lung_Tumor_PD,Proteome
TBCE,-0.41223073,Cytosol,Lung_Tumor_PD,Proteome
TBCEL,-0.045060046,Cytosol,Lung_Tumor_PD,Proteome
TBK1,-0.16684033,Cytosol,Lung_Tumor_PD,Proteome
TBL1XR1,0.17984554,Nucleus,Lung_Tumor_PD,Proteome
TBL2,0.23322593,Secretory,Lung_Tumor_PD,Proteome
TBL3,0.30311364,Nucleus,Lung_Tumor_PD,Proteome
TBPL1,-0.6533371,Cytosol,Lung_Tumor_PD,Proteome
TBRG4,0.23689897,Mitochondria,Lung_Tumor_PD,Proteome
TCERG1,0.5107284,Nucleus,Lung_Tumor_PD,Proteome
TCF20,0.29471588,Nucleus,Lung_Tumor_PD,Proteome
TCF25,0.18145113,Secretory,Lung_Tumor_PD,Proteome
TCIRG1,0.14660755,Secretory,Lung_Tumor_PD,Proteome
TCOF1,0.3384966,Nucleus,Lung_Tumor_PD,Proteome
TCP1,-0.49786812,Cytosol,Lung_Tumor_PD,Proteome
TDRKH,-0.30062976,Mitochondria,Lung_Tumor_PD,Proteome
TECPR2,-0.1690097,Cytosol,Lung_Tumor_PD,Proteome
TECR,-0.37962693,Secretory,Lung_Tumor_PD,Proteome
TEP1,-0.56898195,Nucleus,Lung_Tumor_PD,Proteome
TEX10,0.35856378,Nucleus,Lung_Tumor_PD,Proteome
TEX2,-0.36834362,Secretory,Lung_Tumor_PD,Proteome
TEX264,0.24067229,Secretory,Lung_Tumor_PD,Proteome
TFAM,0.22733638,Mitochondria,Lung_Tumor_PD,Proteome
TFAP2A,0.5017287,Nucleus,Lung_Tumor_PD,Proteome
TFB1M,-0.55468273,Secretory,Lung_Tumor_PD,Proteome
TFG,-0.07417855,Cytosol,Lung_Tumor_PD,Proteome
TFIP11,0.5051222,Nucleus,Lung_Tumor_PD,Proteome
TFRC,-0.49744064,Secretory,Lung_Tumor_PD,Proteome
TGFBR1,-0.49332517,Secretory,Lung_Tumor_PD,Proteome
TGFBR2,0.09294368,Secretory,Lung_Tumor_PD,Proteome
TGFBRAP1,-0.08339677,Cytosol,Lung_Tumor_PD,Proteome
TGOLN2,0.24831885,Secretory,Lung_Tumor_PD,Proteome
THADA,-0.52857524,Cytosol,Lung_Tumor_PD,Proteome
THAP11,0.48391482,Nucleus,Lung_Tumor_PD,Proteome
THAP4,-0.58176607,Nucleus,Lung_Tumor_PD,Proteome
THEM6,-0.39336652,Secretory,Lung_Tumor_PD,Proteome
THG1L,-0.16125925,Cytosol,Lung_Tumor_PD,Proteome
THOP1,-0.6703429,Cytosol,Lung_Tumor_PD,Proteome
THTPA,-0.043974202,Cytosol,Lung_Tumor_PD,Proteome
THUMPD3,-0.54308254,Cytosol,Lung_Tumor_PD,Proteome
TIMM10,-0.37380263,Mitochondria,Lung_Tumor_PD,Proteome
TIMM21,0.39563054,Mitochondria,Lung_Tumor_PD,Proteome
TIMM44,0.18638763,Mitochondria,Lung_Tumor_PD,Proteome
TIMM50,0.39626536,Mitochondria,Lung_Tumor_PD,Proteome
TIMMDC1,0.3674918,Mitochondria,Lung_Tumor_PD,Proteome
TIMP2,0.025791699,Secretory,Lung_Tumor_PD,Proteome
TIPRL,-0.37136126,Cytosol,Lung_Tumor_PD,Proteome
TK1,-0.5663342,Cytosol,Lung_Tumor_PD,Proteome
TLK1,0.35892525,Nucleus,Lung_Tumor_PD,Proteome
TLK2,0.5227452,Nucleus,Lung_Tumor_PD,Proteome
TLN1,-0.046475712,Cytosol,Lung_Tumor_PD,Proteome
TM9SF2,0.24505202,Secretory,Lung_Tumor_PD,Proteome
TM9SF3,0.23566525,Secretory,Lung_Tumor_PD,Proteome
TM9SF4,0.23211062,Secretory,Lung_Tumor_PD,Proteome
TMCC1,0.12217951,Secretory,Lung_Tumor_PD,Proteome
TMCC3,-0.0805243,Secretory,Lung_Tumor_PD,Proteome
TMCO1,-0.53640634,Secretory,Lung_Tumor_PD,Proteome
TMCO3,0.092608005,Secretory,Lung_Tumor_PD,Proteome
TMED1,0.21826209,Secretory,Lung_Tumor_PD,Proteome
TMED10,0.2276577,Secretory,Lung_Tumor_PD,Proteome
TMED2,0.22674623,Secretory,Lung_Tumor_PD,Proteome
TMED3,0.05456441,Secretory,Lung_Tumor_PD,Proteome
TMED4,0.22523008,Secretory,Lung_Tumor_PD,Proteome
TMED5,0.21128285,Secretory,Lung_Tumor_PD,Proteome
TMED9,0.2225085,Secretory,Lung_Tumor_PD,Proteome
TMEM106B,0.16669253,Secretory,Lung_Tumor_PD,Proteome
TMEM11,-0.14141676,Mitochondria,Lung_Tumor_PD,Proteome
TMEM115,0.038455933,Secretory,Lung_Tumor_PD,Proteome
TMEM120A,0.10926809,Secretory,Lung_Tumor_PD,Proteome
TMEM126A,-0.40591133,Mitochondria,Lung_Tumor_PD,Proteome
TMEM128,0.18870407,Secretory,Lung_Tumor_PD,Proteome
TMEM131,-0.23502734,Secretory,Lung_Tumor_PD,Proteome
TMEM134,0.18250786,Secretory,Lung_Tumor_PD,Proteome
TMEM141,0.40202025,Mitochondria,Lung_Tumor_PD,Proteome
TMEM165,0.23787805,Secretory,Lung_Tumor_PD,Proteome
TMEM168,0.040681966,Secretory,Lung_Tumor_PD,Proteome
TMEM177,0.014724494,Mitochondria,Lung_Tumor_PD,Proteome
TMEM179B,0.20395873,Secretory,Lung_Tumor_PD,Proteome
TMEM181,0.04862001,Secretory,Lung_Tumor_PD,Proteome
TMEM192,0.159349,Secretory,Lung_Tumor_PD,Proteome
TMEM199,-0.5358232,Secretory,Lung_Tumor_PD,Proteome
TMEM201,0.28814664,Nucleus,Lung_Tumor_PD,Proteome
TMEM205,0.16619296,Secretory,Lung_Tumor_PD,Proteome
TMEM209,0.110117145,Nucleus,Lung_Tumor_PD,Proteome
TMEM214,0.22600743,Secretory,Lung_Tumor_PD,Proteome
TMEM222,0.18455806,Secretory,Lung_Tumor_PD,Proteome
TMEM223,0.046979457,Mitochondria,Lung_Tumor_PD,Proteome
TMEM230,-0.31574386,Secretory,Lung_Tumor_PD,Proteome
TMEM245,-0.18162037,Secretory,Lung_Tumor_PD,Proteome
TMEM259,-0.015788222,Secretory,Lung_Tumor_PD,Proteome
TMEM260,-0.21633409,Secretory,Lung_Tumor_PD,Proteome
TMEM30A,0.1468209,Secretory,Lung_Tumor_PD,Proteome
TMEM43,0.179091,Secretory,Lung_Tumor_PD,Proteome
TMEM59,0.1770296,Secretory,Lung_Tumor_PD,Proteome
TMEM63A,0.16027981,Secretory,Lung_Tumor_PD,Proteome
TMEM63B,0.1748798,Secretory,Lung_Tumor_PD,Proteome
TMEM65,-0.2809051,Mitochondria,Lung_Tumor_PD,Proteome
TMEM70,0.34262934,Mitochondria,Lung_Tumor_PD,Proteome
TMEM87A,0.065865666,Secretory,Lung_Tumor_PD,Proteome
TMEM87B,0.24324772,Secretory,Lung_Tumor_PD,Proteome
TMEM9,0.064589664,Secretory,Lung_Tumor_PD,Proteome
TMEM97,-0.66789716,Secretory,Lung_Tumor_PD,Proteome
TMEM9B,0.2251527,Secretory,Lung_Tumor_PD,Proteome
TMPO,0.52947646,Nucleus,Lung_Tumor_PD,Proteome
TMTC3,-0.26228115,Secretory,Lung_Tumor_PD,Proteome
TMX1,0.2157473,Secretory,Lung_Tumor_PD,Proteome
TMX2,0.2397612,Secretory,Lung_Tumor_PD,Proteome
TMX3,0.2363618,Secretory,Lung_Tumor_PD,Proteome
TNIP1,-0.13001375,Cytosol,Lung_Tumor_PD,Proteome
TNKS,-0.49119067,Cytosol,Lung_Tumor_PD,Proteome
TOE1,0.45166728,Nucleus,Lung_Tumor_PD,Proteome
TOM1L1,-0.5412153,Cytosol,Lung_Tumor_PD,Proteome
TOMM20,0.31595173,Mitochondria,Lung_Tumor_PD,Proteome
TOMM22,0.43255085,Mitochondria,Lung_Tumor_PD,Proteome
TOMM34,-0.58381945,Cytosol,Lung_Tumor_PD,Proteome
TOMM40,0.36913007,Mitochondria,Lung_Tumor_PD,Proteome
TOMM5,0.27713877,Mitochondria,Lung_Tumor_PD,Proteome
TOP2A,0.50322366,Nucleus,Lung_Tumor_PD,Proteome
TOP2B,0.52419245,Nucleus,Lung_Tumor_PD,Proteome
TOR1AIP1,-0.46308476,Nucleus,Lung_Tumor_PD,Proteome
TOR1AIP2,0.24755992,Secretory,Lung_Tumor_PD,Proteome
TP53I3,-0.111967854,Cytosol,Lung_Tumor_PD,Proteome
TPCN1,0.12025388,Secretory,Lung_Tumor_PD,Proteome
TPD52,-0.19206148,Cytosol,Lung_Tumor_PD,Proteome
TPI1,-0.050538696,Cytosol,Lung_Tumor_PD,Proteome
TPM1,-0.026286958,Cytosol,Lung_Tumor_PD,Proteome
TPM2,-0.025142562,Cytosol,Lung_Tumor_PD,Proteome
TPM3,-0.04937872,Cytosol,Lung_Tumor_PD,Proteome
TPM4,-0.025813282,Cytosol,Lung_Tumor_PD,Proteome
TPMT,-0.28371578,Cytosol,Lung_Tumor_PD,Proteome
TPP2,-0.5426926,Nucleus,Lung_Tumor_PD,Proteome
TPRG1L,0.18532962,Secretory,Lung_Tumor_PD,Proteome
TPST1,0.036470763,Secretory,Lung_Tumor_PD,Proteome
TPT1,-0.18720262,Cytosol,Lung_Tumor_PD,Proteome
TRA2A,0.5228101,Nucleus,Lung_Tumor_PD,Proteome
TRA2B,0.5230756,Nucleus,Lung_Tumor_PD,Proteome
TRABD,-0.3673569,Mitochondria,Lung_Tumor_PD,Proteome
TRAF2,-0.20757297,Cytosol,Lung_Tumor_PD,Proteome
TRAF3IP1,-0.11870436,Cytosol,Lung_Tumor_PD,Proteome
TRAFD1,-0.25054193,Cytosol,Lung_Tumor_PD,Proteome
TRAM1,0.21079417,Secretory,Lung_Tumor_PD,Proteome
TRAP1,0.3764759,Mitochondria,Lung_Tumor_PD,Proteome
TRAPPC3,-0.24495785,Cytosol,Lung_Tumor_PD,Proteome
TRIAP1,-0.55854994,Nucleus,Lung_Tumor_PD,Proteome
TRIM21,-0.1783205,Cytosol,Lung_Tumor_PD,Proteome
TRIM24,0.5176909,Nucleus,Lung_Tumor_PD,Proteome
TRIM26,-0.24768911,Cytosol,Lung_Tumor_PD,Proteome
TRIM28,0.53264093,Nucleus,Lung_Tumor_PD,Proteome
TRIM33,0.5005858,Nucleus,Lung_Tumor_PD,Proteome
TRIM36,-0.08461033,Cytosol,Lung_Tumor_PD,Proteome
TRIM4,0.06724979,Secretory,Lung_Tumor_PD,Proteome
TRIM47,-0.1476805,Cytosol,Lung_Tumor_PD,Proteome
TRIM5,-0.09072747,Cytosol,Lung_Tumor_PD,Proteome
TRIM56,-0.3084027,Nucleus,Lung_Tumor_PD,Proteome
TRIM65,-0.1383158,Cytosol,Lung_Tumor_PD,Proteome
TRIP10,-0.08644689,Cytosol,Lung_Tumor_PD,Proteome
TRIP11,0.21505733,Secretory,Lung_Tumor_PD,Proteome
TRIP12,-0.56543374,Nucleus,Lung_Tumor_PD,Proteome
TRIP6,-0.11149933,Cytosol,Lung_Tumor_PD,Proteome
TRMT10C,0.14168203,Mitochondria,Lung_Tumor_PD,Proteome
TRMT1L,0.34513754,Nucleus,Lung_Tumor_PD,Proteome
TRMT6,0.50643826,Nucleus,Lung_Tumor_PD,Proteome
TRPM7,-0.33367833,Secretory,Lung_Tumor_PD,Proteome
TSC1,-0.10607647,Cytosol,Lung_Tumor_PD,Proteome
TSC22D1,-0.03961096,Cytosol,Lung_Tumor_PD,Proteome
TSC22D2,-0.12977402,Cytosol,Lung_Tumor_PD,Proteome
TSPAN14,0.04746121,Secretory,Lung_Tumor_PD,Proteome
TSPAN4,0.06789362,Secretory,Lung_Tumor_PD,Proteome
TSPO,0.17742771,Mitochondria,Lung_Tumor_PD,Proteome
TSTD1,-0.16152227,Cytosol,Lung_Tumor_PD,Proteome
TSTD2,-0.5408457,Cytosol,Lung_Tumor_PD,Proteome
TTC1,-0.23371442,Cytosol,Lung_Tumor_PD,Proteome
TTC13,-0.26613846,Secretory,Lung_Tumor_PD,Proteome
TTC17,0.092767395,Secretory,Lung_Tumor_PD,Proteome
TTC3,0.15173067,Secretory,Lung_Tumor_PD,Proteome
TTC4,-0.59746903,Cytosol,Lung_Tumor_PD,Proteome
TTC5,-0.66622627,Cytosol,Lung_Tumor_PD,Proteome
TTF1,0.43373042,Nucleus,Lung_Tumor_PD,Proteome
TTI2,-0.5910135,Cytosol,Lung_Tumor_PD,Proteome
TTL,-0.18234806,Cytosol,Lung_Tumor_PD,Proteome
TTLL12,-0.4834537,Cytosol,Lung_Tumor_PD,Proteome
TTYH3,0.20274587,Secretory,Lung_Tumor_PD,Proteome
TUBA4A,-0.22540852,Cytosol,Lung_Tumor_PD,Proteome
TUBB,-0.35986888,Cytosol,Lung_Tumor_PD,Proteome
TUBB4B,-0.43519717,Cytosol,Lung_Tumor_PD,Proteome
TUBB6,-0.040997785,Cytosol,Lung_Tumor_PD,Proteome
TUBGCP6,-0.07370762,Cytosol,Lung_Tumor_PD,Proteome
TUFM,0.34686178,Mitochondria,Lung_Tumor_PD,Proteome
TUFT1,-0.42966378,Cytosol,Lung_Tumor_PD,Proteome
TUT1,0.4146083,Nucleus,Lung_Tumor_PD,Proteome
TWF2,-0.06592356,Cytosol,Lung_Tumor_PD,Proteome
TXLNA,-0.1229725,Cytosol,Lung_Tumor_PD,Proteome
TXLNG,-0.66666764,Cytosol,Lung_Tumor_PD,Proteome
TXNDC11,0.16937236,Secretory,Lung_Tumor_PD,Proteome
TXNDC15,0.24067529,Secretory,Lung_Tumor_PD,Proteome
TXNDC5,-0.53635764,Nucleus,Lung_Tumor_PD,Proteome
TXNDC9,-0.43949476,Cytosol,Lung_Tumor_PD,Proteome
TXNL1,-0.26675388,Cytosol,Lung_Tumor_PD,Proteome
TXNL4B,-0.07258689,Cytosol,Lung_Tumor_PD,Proteome
TXNRD1,-0.55341977,Cytosol,Lung_Tumor_PD,Proteome
TYW1,-0.4115012,Secretory,Lung_Tumor_PD,Proteome
TYW5,-0.13297991,Cytosol,Lung_Tumor_PD,Proteome
U2AF1,0.5386568,Nucleus,Lung_Tumor_PD,Proteome
U2AF2,0.53883135,Nucleus,Lung_Tumor_PD,Proteome
UAP1,-0.10361004,Cytosol,Lung_Tumor_PD,Proteome
UAP1L1,-0.21242116,Cytosol,Lung_Tumor_PD,Proteome
UBA1,-0.21711801,Cytosol,Lung_Tumor_PD,Proteome
UBA6,-0.08591327,Cytosol,Lung_Tumor_PD,Proteome
UBAC1,-0.29714137,Cytosol,Lung_Tumor_PD,Proteome
UBAC2,-0.15637244,Secretory,Lung_Tumor_PD,Proteome
UBAP1,-0.13376477,Cytosol,Lung_Tumor_PD,Proteome
UBE2A,-0.43830526,Cytosol,Lung_Tumor_PD,Proteome
UBE2B,-0.17058176,Cytosol,Lung_Tumor_PD,Proteome
UBE2C,-0.56755054,Cytosol,Lung_Tumor_PD,Proteome
UBE2D2,-0.20291448,Cytosol,Lung_Tumor_PD,Proteome
UBE2G1,-0.53854513,Cytosol,Lung_Tumor_PD,Proteome
UBE2G2,-0.53503966,Secretory,Lung_Tumor_PD,Proteome
UBE2H,-0.5408069,Cytosol,Lung_Tumor_PD,Proteome
UBE2J1,0.19075367,Secretory,Lung_Tumor_PD,Proteome
UBE2K,-0.5075121,Cytosol,Lung_Tumor_PD,Proteome
UBE2L3,-0.36693132,Cytosol,Lung_Tumor_PD,Proteome
UBE2L6,-0.2509405,Cytosol,Lung_Tumor_PD,Proteome
UBE2M,-0.3798856,Cytosol,Lung_Tumor_PD,Proteome
UBE2O,-0.5632416,Cytosol,Lung_Tumor_PD,Proteome
UBE2R2,-0.06954439,Cytosol,Lung_Tumor_PD,Proteome
UBE2Z,-0.55847156,Cytosol,Lung_Tumor_PD,Proteome
UBFD1,-0.53117955,Cytosol,Lung_Tumor_PD,Proteome
UBL7,-0.602476,Cytosol,Lung_Tumor_PD,Proteome
UBN1,0.4943843,Nucleus,Lung_Tumor_PD,Proteome
UBN2,0.4066285,Nucleus,Lung_Tumor_PD,Proteome
UBP1,-0.64520526,Cytosol,Lung_Tumor_PD,Proteome
UBQLN1,-0.36418748,Cytosol,Lung_Tumor_PD,Proteome
UBR1,-0.04369663,Cytosol,Lung_Tumor_PD,Proteome
UBR3,-0.27992535,Cytosol,Lung_Tumor_PD,Proteome
UBR4,-0.0908434,Cytosol,Lung_Tumor_PD,Proteome
UBR5,0.5079322,Nucleus,Lung_Tumor_PD,Proteome
UBXN1,-0.5172012,Cytosol,Lung_Tumor_PD,Proteome
UBXN2B,-0.12565216,Cytosol,Lung_Tumor_PD,Proteome
UBXN4,-0.30706364,Secretory,Lung_Tumor_PD,Proteome
UCHL5,-0.41032055,Cytosol,Lung_Tumor_PD,Proteome
UCK2,-0.5403573,Cytosol,Lung_Tumor_PD,Proteome
UEVLD,-0.17351717,Cytosol,Lung_Tumor_PD,Proteome
UFL1,0.18120605,Secretory,Lung_Tumor_PD,Proteome
UGDH,-0.5495625,Cytosol,Lung_Tumor_PD,Proteome
UHRF2,0.4995226,Nucleus,Lung_Tumor_PD,Proteome
UNC119,-0.5497605,Cytosol,Lung_Tumor_PD,Proteome
UNC119B,-0.5399335,Cytosol,Lung_Tumor_PD,Proteome
UNC13B,-0.1627352,Cytosol,Lung_Tumor_PD,Proteome
UNC13D,-0.12295126,Cytosol,Lung_Tumor_PD,Proteome
UNC93B1,0.23582982,Secretory,Lung_Tumor_PD,Proteome
UPRT,-0.102723055,Cytosol,Lung_Tumor_PD,Proteome
UQCC1,0.27396578,Mitochondria,Lung_Tumor_PD,Proteome
UQCR10,0.4482771,Mitochondria,Lung_Tumor_PD,Proteome
UQCRB,0.45082554,Mitochondria,Lung_Tumor_PD,Proteome
UQCRC1,0.45755062,Mitochondria,Lung_Tumor_PD,Proteome
UQCRC2,0.4381989,Mitochondria,Lung_Tumor_PD,Proteome
UQCRFS1,0.44453773,Mitochondria,Lung_Tumor_PD,Proteome
UQCRH,0.45956284,Mitochondria,Lung_Tumor_PD,Proteome
UQCRQ,0.45399758,Mitochondria,Lung_Tumor_PD,Proteome
URB1,0.43978325,Nucleus,Lung_Tumor_PD,Proteome
URB2,0.44824496,Nucleus,Lung_Tumor_PD,Proteome
UROD,-0.5375375,Cytosol,Lung_Tumor_PD,Proteome
UROS,-0.09662183,Cytosol,Lung_Tumor_PD,Proteome
USE1,-0.29438522,Secretory,Lung_Tumor_PD,Proteome
USP11,0.5064177,Nucleus,Lung_Tumor_PD,Proteome
USP12,0.096505076,Secretory,Lung_Tumor_PD,Proteome
USP13,-0.63545907,Cytosol,Lung_Tumor_PD,Proteome
USP15,-0.2356304,Cytosol,Lung_Tumor_PD,Proteome
USP20,0.14563246,Secretory,Lung_Tumor_PD,Proteome
USP24,-0.1991204,Cytosol,Lung_Tumor_PD,Proteome
USP25,-0.083221234,Cytosol,Lung_Tumor_PD,Proteome
USP30,0.28896967,Mitochondria,Lung_Tumor_PD,Proteome
USP33,0.23755507,Secretory,Lung_Tumor_PD,Proteome
USP36,0.30585843,Nucleus,Lung_Tumor_PD,Proteome
USP4,-0.12716585,Cytosol,Lung_Tumor_PD,Proteome
USP42,0.4566744,Nucleus,Lung_Tumor_PD,Proteome
USP47,-0.1506718,Cytosol,Lung_Tumor_PD,Proteome
USP5,-0.51832765,Cytosol,Lung_Tumor_PD,Proteome
USP7,0.5064656,Nucleus,Lung_Tumor_PD,Proteome
USP8,-0.09555444,Cytosol,Lung_Tumor_PD,Proteome
USP9X,-0.21060646,Cytosol,Lung_Tumor_PD,Proteome
UTP14A,0.35370395,Nucleus,Lung_Tumor_PD,Proteome
UTP15,0.34988213,Nucleus,Lung_Tumor_PD,Proteome
UTP18,0.293346,Nucleus,Lung_Tumor_PD,Proteome
UTP20,0.40343648,Nucleus,Lung_Tumor_PD,Proteome
UTP23,0.22993281,Nucleus,Lung_Tumor_PD,Proteome
UTP3,0.27139482,Nucleus,Lung_Tumor_PD,Proteome
UTP6,0.3761742,Nucleus,Lung_Tumor_PD,Proteome
UTRN,-0.40498582,Mitochondria,Lung_Tumor_PD,Proteome
UXS1,-0.34085575,Secretory,Lung_Tumor_PD,Proteome
VAMP3,0.1856355,Secretory,Lung_Tumor_PD,Proteome
VAMP4,-0.37585947,Secretory,Lung_Tumor_PD,Proteome
VAMP7,0.24097696,Secretory,Lung_Tumor_PD,Proteome
VANGL1,-0.026486333,Secretory,Lung_Tumor_PD,Proteome
VAPA,0.18471864,Secretory,Lung_Tumor_PD,Proteome
VAPB,-0.4494047,Secretory,Lung_Tumor_PD,Proteome
VASP,-0.10034461,Cytosol,Lung_Tumor_PD,Proteome
VBP1,-0.4047866,Cytosol,Lung_Tumor_PD,Proteome
VCL,-0.028087964,Cytosol,Lung_Tumor_PD,Proteome
VCP,-0.092154466,Cytosol,Lung_Tumor_PD,Proteome
VCPIP1,-0.24451779,Cytosol,Lung_Tumor_PD,Proteome
VDAC1,0.43586418,Mitochondria,Lung_Tumor_PD,Proteome
VDAC2,0.4516187,Mitochondria,Lung_Tumor_PD,Proteome
VDAC3,0.47153333,Mitochondria,Lung_Tumor_PD,Proteome
VEZT,-0.28939995,Secretory,Lung_Tumor_PD,Proteome
VIPAS39,-0.14957999,Cytosol,Lung_Tumor_PD,Proteome
VMP1,0.24030627,Secretory,Lung_Tumor_PD,Proteome
VPS13A,-0.43884772,Secretory,Lung_Tumor_PD,Proteome
VPS13C,-0.09944694,Cytosol,Lung_Tumor_PD,Proteome
VPS25,-0.037235994,Cytosol,Lung_Tumor_PD,Proteome
VPS26A,-0.19611129,Cytosol,Lung_Tumor_PD,Proteome
VPS33B,-0.15254256,Cytosol,Lung_Tumor_PD,Proteome
VPS35,-0.19300792,Cytosol,Lung_Tumor_PD,Proteome
VPS37B,-0.36779183,Cytosol,Lung_Tumor_PD,Proteome
VPS4A,-0.19722609,Cytosol,Lung_Tumor_PD,Proteome
VPS4B,-0.18853128,Cytosol,Lung_Tumor_PD,Proteome
VPS52,-0.16715546,Cytosol,Lung_Tumor_PD,Proteome
VTA1,-0.51168567,Cytosol,Lung_Tumor_PD,Proteome
VTI1A,0.21434094,Secretory,Lung_Tumor_PD,Proteome
VWA8,0.29626325,Mitochondria,Lung_Tumor_PD,Proteome
WAC,0.46086037,Nucleus,Lung_Tumor_PD,Proteome
WARS2,0.44323814,Mitochondria,Lung_Tumor_PD,Proteome
WBP11,0.53033656,Nucleus,Lung_Tumor_PD,Proteome
WDFY1,0.048209004,Secretory,Lung_Tumor_PD,Proteome
WDR1,-0.06317025,Cytosol,Lung_Tumor_PD,Proteome
WDR18,0.1897225,Nucleus,Lung_Tumor_PD,Proteome
WDR3,0.37285942,Nucleus,Lung_Tumor_PD,Proteome
WDR33,0.5234471,Nucleus,Lung_Tumor_PD,Proteome
WDR36,0.32063368,Nucleus,Lung_Tumor_PD,Proteome
WDR37,-0.10071121,Cytosol,Lung_Tumor_PD,Proteome
WDR43,0.29018813,Nucleus,Lung_Tumor_PD,Proteome
WDR44,-0.17327024,Cytosol,Lung_Tumor_PD,Proteome
WDR45,-0.11693733,Cytosol,Lung_Tumor_PD,Proteome
WDR46,0.34351996,Nucleus,Lung_Tumor_PD,Proteome
WDR6,-0.09016129,Cytosol,Lung_Tumor_PD,Proteome
WDR7,-0.08004951,Cytosol,Lung_Tumor_PD,Proteome
WDR75,0.25450593,Nucleus,Lung_Tumor_PD,Proteome
WDR76,0.44792768,Nucleus,Lung_Tumor_PD,Proteome
WDR77,-0.5368673,Cytosol,Lung_Tumor_PD,Proteome
WDR81,-0.08263781,Cytosol,Lung_Tumor_PD,Proteome
WDR83,0.51065886,Nucleus,Lung_Tumor_PD,Proteome
WDSUB1,-0.4347369,Cytosol,Lung_Tumor_PD,Proteome
WDTC1,-0.10817384,Cytosol,Lung_Tumor_PD,Proteome
WFS1,0.2205389,Secretory,Lung_Tumor_PD,Proteome
WIPI2,-0.074128956,Cytosol,Lung_Tumor_PD,Proteome
WIZ,0.5186737,Nucleus,Lung_Tumor_PD,Proteome
WLS,0.1287165,Secretory,Lung_Tumor_PD,Proteome
WNK1,-0.107593104,Cytosol,Lung_Tumor_PD,Proteome
WRN,0.44089505,Nucleus,Lung_Tumor_PD,Proteome
WRNIP1,0.4953947,Nucleus,Lung_Tumor_PD,Proteome
WWC2,-0.071200535,Cytosol,Lung_Tumor_PD,Proteome
WWC3,-0.046774946,Cytosol,Lung_Tumor_PD,Proteome
WWP1,-0.14669251,Secretory,Lung_Tumor_PD,Proteome
WWP2,0.13079014,Secretory,Lung_Tumor_PD,Proteome
XIAP,-0.23118474,Cytosol,Lung_Tumor_PD,Proteome
XPC,0.47663888,Nucleus,Lung_Tumor_PD,Proteome
XPNPEP1,-0.20183687,Cytosol,Lung_Tumor_PD,Proteome
XPO5,-0.66252,Cytosol,Lung_Tumor_PD,Proteome
XRCC1,0.44727838,Nucleus,Lung_Tumor_PD,Proteome
XRCC4,-0.41102424,Nucleus,Lung_Tumor_PD,Proteome
YAP1,-0.07605043,Cytosol,Lung_Tumor_PD,Proteome
YES1,-0.57458156,Secretory,Lung_Tumor_PD,Proteome
YIF1B,0.21278754,Secretory,Lung_Tumor_PD,Proteome
YIPF3,0.24893807,Secretory,Lung_Tumor_PD,Proteome
YIPF4,0.24749748,Secretory,Lung_Tumor_PD,Proteome
YIPF5,0.22065891,Secretory,Lung_Tumor_PD,Proteome
YKT6,-0.15057221,Cytosol,Lung_Tumor_PD,Proteome
YLPM1,0.40272778,Nucleus,Lung_Tumor_PD,Proteome
YME1L1,0.18700339,Mitochondria,Lung_Tumor_PD,Proteome
YTHDC2,-0.46847072,Nucleus,Lung_Tumor_PD,Proteome
YWHAB,-0.11694616,Cytosol,Lung_Tumor_PD,Proteome
YWHAE,-0.45818272,Cytosol,Lung_Tumor_PD,Proteome
YWHAG,-0.37892818,Cytosol,Lung_Tumor_PD,Proteome
YWHAH,-0.040445305,Cytosol,Lung_Tumor_PD,Proteome
YWHAQ,-0.28186688,Cytosol,Lung_Tumor_PD,Proteome
YWHAZ,-0.20255381,Cytosol,Lung_Tumor_PD,Proteome
ZBED5,-0.69943744,Secretory,Lung_Tumor_PD,Proteome
ZBTB11,0.37688366,Nucleus,Lung_Tumor_PD,Proteome
ZBTB14,0.50733286,Nucleus,Lung_Tumor_PD,Proteome
ZBTB17,0.46514288,Nucleus,Lung_Tumor_PD,Proteome
ZBTB21,0.3400855,Nucleus,Lung_Tumor_PD,Proteome
ZBTB4,-0.4931559,Nucleus,Lung_Tumor_PD,Proteome
ZBTB40,0.4631112,Nucleus,Lung_Tumor_PD,Proteome
ZBTB8OS,-0.1775566,Cytosol,Lung_Tumor_PD,Proteome
ZC3H11A,0.53711855,Nucleus,Lung_Tumor_PD,Proteome
ZC3H8,0.27467978,Nucleus,Lung_Tumor_PD,Proteome
ZC3HAV1,0.24707504,Secretory,Lung_Tumor_PD,Proteome
ZC3HC1,0.43322113,Nucleus,Lung_Tumor_PD,Proteome
ZCCHC7,0.46690607,Nucleus,Lung_Tumor_PD,Proteome
ZCCHC9,0.25834465,Nucleus,Lung_Tumor_PD,Proteome
ZCRB1,0.4938685,Nucleus,Lung_Tumor_PD,Proteome
ZDHHC13,-0.20834963,Secretory,Lung_Tumor_PD,Proteome
ZDHHC17,0.18784858,Secretory,Lung_Tumor_PD,Proteome
ZDHHC18,-0.21731006,Secretory,Lung_Tumor_PD,Proteome
ZDHHC20,0.21627001,Secretory,Lung_Tumor_PD,Proteome
ZDHHC3,-0.4308835,Secretory,Lung_Tumor_PD,Proteome
ZDHHC5,-0.13068396,Secretory,Lung_Tumor_PD,Proteome
ZDHHC7,0.24410437,Secretory,Lung_Tumor_PD,Proteome
ZFAND1,-0.107216045,Cytosol,Lung_Tumor_PD,Proteome
ZFAND5,-0.60224473,Cytosol,Lung_Tumor_PD,Proteome
ZFC3H1,0.4808677,Nucleus,Lung_Tumor_PD,Proteome
ZFHX3,0.537626,Nucleus,Lung_Tumor_PD,Proteome
ZFP64,0.44941136,Nucleus,Lung_Tumor_PD,Proteome
ZFPL1,0.19120553,Secretory,Lung_Tumor_PD,Proteome
ZFR,0.40103,Nucleus,Lung_Tumor_PD,Proteome
ZFX,-0.0011849111,Nucleus,Lung_Tumor_PD,Proteome
ZFYVE1,-0.09546892,Cytosol,Lung_Tumor_PD,Proteome
ZFYVE19,-0.08914962,Cytosol,Lung_Tumor_PD,Proteome
ZFYVE27,0.21877368,Secretory,Lung_Tumor_PD,Proteome
ZHX1,-0.14784914,Nucleus,Lung_Tumor_PD,Proteome
ZHX2,0.4949796,Nucleus,Lung_Tumor_PD,Proteome
ZMPSTE24,0.24741723,Secretory,Lung_Tumor_PD,Proteome
ZMYM2,0.5202454,Nucleus,Lung_Tumor_PD,Proteome
ZMYND11,0.47991535,Nucleus,Lung_Tumor_PD,Proteome
ZNF106,0.5248196,Nucleus,Lung_Tumor_PD,Proteome
ZNF131,0.45487443,Nucleus,Lung_Tumor_PD,Proteome
ZNF143,0.5009041,Nucleus,Lung_Tumor_PD,Proteome
ZNF148,-0.15030865,Nucleus,Lung_Tumor_PD,Proteome
ZNF217,0.52654344,Nucleus,Lung_Tumor_PD,Proteome
ZNF280C,-0.18352786,Nucleus,Lung_Tumor_PD,Proteome
ZNF292,0.5089126,Nucleus,Lung_Tumor_PD,Proteome
ZNF318,0.52135646,Nucleus,Lung_Tumor_PD,Proteome
ZNF326,0.4650266,Nucleus,Lung_Tumor_PD,Proteome
ZNF346,0.48791403,Nucleus,Lung_Tumor_PD,Proteome
ZNF384,0.43620345,Nucleus,Lung_Tumor_PD,Proteome
ZNF512,-0.577741,Nucleus,Lung_Tumor_PD,Proteome
ZNF512B,-0.52769417,Nucleus,Lung_Tumor_PD,Proteome
ZNF574,0.4937007,Nucleus,Lung_Tumor_PD,Proteome
ZNF629,0.52263373,Nucleus,Lung_Tumor_PD,Proteome
ZNF644,0.5070169,Nucleus,Lung_Tumor_PD,Proteome
ZNF652,0.4055099,Nucleus,Lung_Tumor_PD,Proteome
ZNF668,0.47081825,Nucleus,Lung_Tumor_PD,Proteome
ZNF687,0.51443505,Nucleus,Lung_Tumor_PD,Proteome
ZNF768,0.532935,Nucleus,Lung_Tumor_PD,Proteome
ZNF800,-0.5833191,Nucleus,Lung_Tumor_PD,Proteome
ZNHIT6,0.53177214,Nucleus,Lung_Tumor_PD,Proteome
ZYX,-0.03336635,Cytosol,Lung_Tumor_PD,Proteome
ZZEF1,-0.12652914,Cytosol,Lung_Tumor_PD,Proteome
AAAS,-0.17316258,Secretory,Lung_Tumor_MD,Transcriptome
AACS,-0.032769617,Cytosol,Lung_Tumor_MD,Transcriptome
AAK1,-0.14728205,Cytosol,Lung_Tumor_MD,Transcriptome
AASDHPPT,-0.036597263,Cytosol,Lung_Tumor_MD,Transcriptome
AATF,-0.040892802,Nucleus,Lung_Tumor_MD,Transcriptome
ABCB10,0.030853625,Mitochondria,Lung_Tumor_MD,Transcriptome
ABCB7,0.04199997,Mitochondria,Lung_Tumor_MD,Transcriptome
ABCB8,-0.03463032,Mitochondria,Lung_Tumor_MD,Transcriptome
ABCC1,-0.23108836,Secretory,Lung_Tumor_MD,Transcriptome
ABCC10,-0.13911742,Secretory,Lung_Tumor_MD,Transcriptome
ABCC3,-0.22108428,Secretory,Lung_Tumor_MD,Transcriptome
ABCC4,-0.22923398,Secretory,Lung_Tumor_MD,Transcriptome
ABCC5,-0.2352276,Secretory,Lung_Tumor_MD,Transcriptome
ABCD1,0.038603324,Secretory,Lung_Tumor_MD,Transcriptome
ABCD3,0.0546076,Secretory,Lung_Tumor_MD,Transcriptome
ABCD4,-0.041821647,Secretory,Lung_Tumor_MD,Transcriptome
ABHD12,-0.114380196,Secretory,Lung_Tumor_MD,Transcriptome
ABHD14B,-0.011769764,Cytosol,Lung_Tumor_MD,Transcriptome
ABHD16A,-0.0671502,Secretory,Lung_Tumor_MD,Transcriptome
ABHD17C,-0.12328803,Secretory,Lung_Tumor_MD,Transcriptome
ABHD6,-0.21634719,Secretory,Lung_Tumor_MD,Transcriptome
ABL1,-0.07416619,Cytosol,Lung_Tumor_MD,Transcriptome
ABL2,-0.099211685,Cytosol,Lung_Tumor_MD,Transcriptome
ABR,-0.086586304,Cytosol,Lung_Tumor_MD,Transcriptome
ABRACL,-0.0843167,Cytosol,Lung_Tumor_MD,Transcriptome
ABT1,-0.005843421,Nucleus,Lung_Tumor_MD,Transcriptome
ACAD9,0.028735584,Mitochondria,Lung_Tumor_MD,Transcriptome
ACAP2,-0.1516347,Cytosol,Lung_Tumor_MD,Transcriptome
ACAT2,-0.15929037,Cytosol,Lung_Tumor_MD,Transcriptome
ACBD5,-0.08432646,Secretory,Lung_Tumor_MD,Transcriptome
ACBD6,-0.16369459,Cytosol,Lung_Tumor_MD,Transcriptome
ACIN1,-0.08658418,Nucleus,Lung_Tumor_MD,Transcriptome
ACLY,-0.15037964,Cytosol,Lung_Tumor_MD,Transcriptome
ACOT11,-0.060988158,Cytosol,Lung_Tumor_MD,Transcriptome
ACP1,-0.16052991,Cytosol,Lung_Tumor_MD,Transcriptome
ACSL1,0.10415001,Secretory,Lung_Tumor_MD,Transcriptome
ACSL3,0.051306367,Secretory,Lung_Tumor_MD,Transcriptome
ACSL4,0.09043651,Secretory,Lung_Tumor_MD,Transcriptome
ACSS2,-0.10904697,Cytosol,Lung_Tumor_MD,Transcriptome
ACTR10,-0.030678412,Cytosol,Lung_Tumor_MD,Transcriptome
ACVR1,0.09033768,Secretory,Lung_Tumor_MD,Transcriptome
ACYP1,-0.1323646,Cytosol,Lung_Tumor_MD,Transcriptome
ACYP2,-0.07134756,Cytosol,Lung_Tumor_MD,Transcriptome
ADAM10,0.060363702,Secretory,Lung_Tumor_MD,Transcriptome
ADAM15,-0.044802062,Secretory,Lung_Tumor_MD,Transcriptome
ADAM9,0.06104095,Secretory,Lung_Tumor_MD,Transcriptome
ADAR,-0.018901967,Nucleus,Lung_Tumor_MD,Transcriptome
ADARB1,-0.2218716,Nucleus,Lung_Tumor_MD,Transcriptome
ADAT2,-0.06506345,Cytosol,Lung_Tumor_MD,Transcriptome
ADAT3,-0.08450262,Cytosol,Lung_Tumor_MD,Transcriptome
ADCY3,-0.22809356,Secretory,Lung_Tumor_MD,Transcriptome
ADCY6,0.041473236,Secretory,Lung_Tumor_MD,Transcriptome
ADCY9,-0.12531789,Secretory,Lung_Tumor_MD,Transcriptome
ADH5,-0.05688487,Cytosol,Lung_Tumor_MD,Transcriptome
ADI1,-0.15686487,Cytosol,Lung_Tumor_MD,Transcriptome
ADK,-0.045404118,Cytosol,Lung_Tumor_MD,Transcriptome
ADNP,-0.0054109883,Nucleus,Lung_Tumor_MD,Transcriptome
ADNP2,-0.046365816,Nucleus,Lung_Tumor_MD,Transcriptome
ADO,-0.1046642,Cytosol,Lung_Tumor_MD,Transcriptome
ADRM1,-0.0011889576,Cytosol,Lung_Tumor_MD,Transcriptome
ADSL,-0.15697393,Cytosol,Lung_Tumor_MD,Transcriptome
AFF4,-0.1667497,Nucleus,Lung_Tumor_MD,Transcriptome
AFG3L2,0.048706654,Mitochondria,Lung_Tumor_MD,Transcriptome
AGFG1,-0.100452684,Cytosol,Lung_Tumor_MD,Transcriptome
AGFG2,-0.044563897,Cytosol,Lung_Tumor_MD,Transcriptome
AGGF1,-0.054961734,Nucleus,Lung_Tumor_MD,Transcriptome
AGK,0.03252107,Mitochondria,Lung_Tumor_MD,Transcriptome
AGO2,-0.002319179,Nucleus,Lung_Tumor_MD,Transcriptome
AGPAT3,0.027068302,Secretory,Lung_Tumor_MD,Transcriptome
AGPAT5,0.07306567,Mitochondria,Lung_Tumor_MD,Transcriptome
AGRN,0.03936729,Secretory,Lung_Tumor_MD,Transcriptome
AHCTF1,-0.038349606,Nucleus,Lung_Tumor_MD,Transcriptome
AHCY,-0.15741375,Cytosol,Lung_Tumor_MD,Transcriptome
AHCYL1,-0.04645518,Cytosol,Lung_Tumor_MD,Transcriptome
AHCYL2,-0.1056812,Cytosol,Lung_Tumor_MD,Transcriptome
AHDC1,-0.017553879,Nucleus,Lung_Tumor_MD,Transcriptome
AHSA1,-0.08509494,Cytosol,Lung_Tumor_MD,Transcriptome
AIFM1,0.051022585,Mitochondria,Lung_Tumor_MD,Transcriptome
AIP,-0.06303281,Cytosol,Lung_Tumor_MD,Transcriptome
AJUBA,-0.119616754,Cytosol,Lung_Tumor_MD,Transcriptome
AK1,-0.10010676,Cytosol,Lung_Tumor_MD,Transcriptome
AK2,-0.11189901,Nucleus,Lung_Tumor_MD,Transcriptome
AKAP1,0.046151064,Mitochondria,Lung_Tumor_MD,Transcriptome
AKAP12,-0.10380618,Cytosol,Lung_Tumor_MD,Transcriptome
AKAP17A,-0.18445231,Nucleus,Lung_Tumor_MD,Transcriptome
AKAP8L,0.028773515,Nucleus,Lung_Tumor_MD,Transcriptome
AKR1A1,-0.020312877,Cytosol,Lung_Tumor_MD,Transcriptome
AKT1,-0.055527408,Cytosol,Lung_Tumor_MD,Transcriptome
AKT2,-0.10596855,Cytosol,Lung_Tumor_MD,Transcriptome
AKTIP,-0.010747973,Cytosol,Lung_Tumor_MD,Transcriptome
ALCAM,-0.23692442,Secretory,Lung_Tumor_MD,Transcriptome
ALDH1A3,-0.09039496,Cytosol,Lung_Tumor_MD,Transcriptome
ALDH3A2,-0.22392897,Secretory,Lung_Tumor_MD,Transcriptome
ALDH9A1,-0.16060485,Cytosol,Lung_Tumor_MD,Transcriptome
ALDOA,-0.043628518,Cytosol,Lung_Tumor_MD,Transcriptome
ALG1,0.05946684,Secretory,Lung_Tumor_MD,Transcriptome
ALG11,0.06973049,Secretory,Lung_Tumor_MD,Transcriptome
ALG3,-0.23270085,Secretory,Lung_Tumor_MD,Transcriptome
ALG5,0.07943719,Secretory,Lung_Tumor_MD,Transcriptome
ALG6,-0.09683229,Secretory,Lung_Tumor_MD,Transcriptome
ALKBH3,-0.05385549,Cytosol,Lung_Tumor_MD,Transcriptome
ALKBH8,-0.07761545,Cytosol,Lung_Tumor_MD,Transcriptome
AMDHD2,-0.04560296,Cytosol,Lung_Tumor_MD,Transcriptome
AMFR,0.001264456,Secretory,Lung_Tumor_MD,Transcriptome
AMOTL2,-0.07824612,Cytosol,Lung_Tumor_MD,Transcriptome
AMPD2,-0.080297165,Cytosol,Lung_Tumor_MD,Transcriptome
ANKLE2,0.01976732,Secretory,Lung_Tumor_MD,Transcriptome
ANKMY2,-0.17227353,Cytosol,Lung_Tumor_MD,Transcriptome
ANKRD12,-0.15271752,Nucleus,Lung_Tumor_MD,Transcriptome
ANKRD54,-0.13275447,Cytosol,Lung_Tumor_MD,Transcriptome
ANKS1A,-0.036201593,Cytosol,Lung_Tumor_MD,Transcriptome
ANO10,0.038039953,Secretory,Lung_Tumor_MD,Transcriptome
ANO6,0.10182095,Secretory,Lung_Tumor_MD,Transcriptome
ANXA1,-0.16585925,Cytosol,Lung_Tumor_MD,Transcriptome
ANXA11,-0.0743007,Cytosol,Lung_Tumor_MD,Transcriptome
ANXA5,-0.106060535,Cytosol,Lung_Tumor_MD,Transcriptome
AP2A1,0.011542057,Secretory,Lung_Tumor_MD,Transcriptome
AP2A2,0.08825786,Secretory,Lung_Tumor_MD,Transcriptome
AP2M1,-0.23005064,Secretory,Lung_Tumor_MD,Transcriptome
AP3B1,-0.06490222,Cytosol,Lung_Tumor_MD,Transcriptome
AP3D1,-0.08220391,Cytosol,Lung_Tumor_MD,Transcriptome
AP3M2,-0.11276316,Cytosol,Lung_Tumor_MD,Transcriptome
AP4E1,-0.038207438,Cytosol,Lung_Tumor_MD,Transcriptome
APLP2,0.0984298,Secretory,Lung_Tumor_MD,Transcriptome
APMAP,-0.26149777,Secretory,Lung_Tumor_MD,Transcriptome
APOO,0.045404818,Mitochondria,Lung_Tumor_MD,Transcriptome
APOOL,0.029544357,Mitochondria,Lung_Tumor_MD,Transcriptome
APP,0.08793175,Secretory,Lung_Tumor_MD,Transcriptome
APPL1,-0.059166748,Cytosol,Lung_Tumor_MD,Transcriptome
APRT,-0.03909172,Cytosol,Lung_Tumor_MD,Transcriptome
ARAP1,-0.050498374,Cytosol,Lung_Tumor_MD,Transcriptome
ARCN1,-0.096547365,Cytosol,Lung_Tumor_MD,Transcriptome
ARFGEF2,-0.0016045767,Cytosol,Lung_Tumor_MD,Transcriptome
ARFRP1,0.03821192,Secretory,Lung_Tumor_MD,Transcriptome
ARHGAP12,-0.064566016,Cytosol,Lung_Tumor_MD,Transcriptome
ARHGAP17,-0.029212294,Cytosol,Lung_Tumor_MD,Transcriptome
ARHGAP35,0.0025265128,Cytosol,Lung_Tumor_MD,Transcriptome
ARHGAP5,-0.10509926,Cytosol,Lung_Tumor_MD,Transcriptome
ARHGDIA,-0.07722242,Cytosol,Lung_Tumor_MD,Transcriptome
ARHGDIB,-0.1024481,Cytosol,Lung_Tumor_MD,Transcriptome
ARHGEF10,-0.10355647,Cytosol,Lung_Tumor_MD,Transcriptome
ARHGEF10L,-0.044515036,Cytosol,Lung_Tumor_MD,Transcriptome
ARHGEF40,0.099610865,Secretory,Lung_Tumor_MD,Transcriptome
ARHGEF7,-0.07995636,Cytosol,Lung_Tumor_MD,Transcriptome
ARID1B,-0.03408392,Nucleus,Lung_Tumor_MD,Transcriptome
ARIH1,-0.024623796,Cytosol,Lung_Tumor_MD,Transcriptome
ARIH2,-0.017250203,Cytosol,Lung_Tumor_MD,Transcriptome
ARL13B,-0.1861149,Secretory,Lung_Tumor_MD,Transcriptome
ARL15,-0.12643403,Secretory,Lung_Tumor_MD,Transcriptome
ARL6,-0.08144365,Cytosol,Lung_Tumor_MD,Transcriptome
ARL6IP5,0.097618945,Secretory,Lung_Tumor_MD,Transcriptome
ARL8A,-0.23658554,Secretory,Lung_Tumor_MD,Transcriptome
ARL8B,-0.040413305,Secretory,Lung_Tumor_MD,Transcriptome
ARMC10,0.057713903,Mitochondria,Lung_Tumor_MD,Transcriptome
ARMC6,-0.09550031,Cytosol,Lung_Tumor_MD,Transcriptome
ARMCX3,-0.13092282,Mitochondria,Lung_Tumor_MD,Transcriptome
ARPC5,-0.044489168,Cytosol,Lung_Tumor_MD,Transcriptome
ARV1,-0.20423909,Secretory,Lung_Tumor_MD,Transcriptome
ASAH1,0.1015937,Secretory,Lung_Tumor_MD,Transcriptome
ASAP1,-0.14088431,Cytosol,Lung_Tumor_MD,Transcriptome
ASH2L,-0.07358702,Nucleus,Lung_Tumor_MD,Transcriptome
ASMTL,-0.03283813,Cytosol,Lung_Tumor_MD,Transcriptome
ASPH,-0.22202043,Secretory,Lung_Tumor_MD,Transcriptome
ASPSCR1,-0.1065418,Cytosol,Lung_Tumor_MD,Transcriptome
ASS1,-0.102776065,Cytosol,Lung_Tumor_MD,Transcriptome
ATAD1,-0.007460582,Mitochondria,Lung_Tumor_MD,Transcriptome
ATAD2,-0.06992515,Nucleus,Lung_Tumor_MD,Transcriptome
ATAD2B,-0.04341687,Nucleus,Lung_Tumor_MD,Transcriptome
ATAD3A,-0.0059281234,Mitochondria,Lung_Tumor_MD,Transcriptome
ATE1,-0.05059612,Cytosol,Lung_Tumor_MD,Transcriptome
ATF1,-0.039140597,Nucleus,Lung_Tumor_MD,Transcriptome
ATF6,0.074993305,Secretory,Lung_Tumor_MD,Transcriptome
ATG12,-0.06597207,Cytosol,Lung_Tumor_MD,Transcriptome
ATG13,-0.04873938,Cytosol,Lung_Tumor_MD,Transcriptome
ATG16L1,-0.07420385,Cytosol,Lung_Tumor_MD,Transcriptome
ATG2B,-0.026070978,Cytosol,Lung_Tumor_MD,Transcriptome
ATG3,-0.12464428,Cytosol,Lung_Tumor_MD,Transcriptome
ATG4B,-0.005186466,Cytosol,Lung_Tumor_MD,Transcriptome
ATG4C,-0.071654946,Cytosol,Lung_Tumor_MD,Transcriptome
ATG5,-0.055772435,Cytosol,Lung_Tumor_MD,Transcriptome
ATG7,-0.103103906,Cytosol,Lung_Tumor_MD,Transcriptome
ATG9A,0.03160091,Secretory,Lung_Tumor_MD,Transcriptome
ATIC,-0.10790495,Cytosol,Lung_Tumor_MD,Transcriptome
ATL2,-0.21677688,Secretory,Lung_Tumor_MD,Transcriptome
ATL3,0.09950763,Secretory,Lung_Tumor_MD,Transcriptome
ATP11A,0.08698657,Secretory,Lung_Tumor_MD,Transcriptome
ATP11B,-0.22861493,Secretory,Lung_Tumor_MD,Transcriptome
ATP11C,-0.15674834,Secretory,Lung_Tumor_MD,Transcriptome
ATP13A1,-0.1146367,Secretory,Lung_Tumor_MD,Transcriptome
ATP13A3,-0.2179049,Secretory,Lung_Tumor_MD,Transcriptome
ATP1A1,-0.09852016,Secretory,Lung_Tumor_MD,Transcriptome
ATP1B1,-0.10694187,Secretory,Lung_Tumor_MD,Transcriptome
ATP1B3,-0.24546464,Secretory,Lung_Tumor_MD,Transcriptome
ATP2A2,-0.21904492,Secretory,Lung_Tumor_MD,Transcriptome
ATP2B1,-0.23762937,Secretory,Lung_Tumor_MD,Transcriptome
ATP2B4,0.075675905,Secretory,Lung_Tumor_MD,Transcriptome
ATP2C1,-0.18397284,Secretory,Lung_Tumor_MD,Transcriptome
ATP6AP1,0.059813567,Secretory,Lung_Tumor_MD,Transcriptome
ATP6AP2,0.08916105,Secretory,Lung_Tumor_MD,Transcriptome
ATP6V0A1,-0.09601373,Secretory,Lung_Tumor_MD,Transcriptome
ATP6V0A2,-0.18596579,Secretory,Lung_Tumor_MD,Transcriptome
ATP6V0D1,0.06252606,Secretory,Lung_Tumor_MD,Transcriptome
ATP7A,-0.22265661,Secretory,Lung_Tumor_MD,Transcriptome
ATP8B1,-0.22215189,Secretory,Lung_Tumor_MD,Transcriptome
ATP9A,-0.0069682375,Secretory,Lung_Tumor_MD,Transcriptome
ATP9B,0.0803783,Secretory,Lung_Tumor_MD,Transcriptome
ATPAF1,0.052540246,Mitochondria,Lung_Tumor_MD,Transcriptome
ATRN,-0.2638243,Secretory,Lung_Tumor_MD,Transcriptome
ATRX,-0.046376023,Nucleus,Lung_Tumor_MD,Transcriptome
ATXN1,-0.21642585,Nucleus,Lung_Tumor_MD,Transcriptome
ATXN3,-0.04081377,Cytosol,Lung_Tumor_MD,Transcriptome
ATXN7L3B,-0.15116683,Cytosol,Lung_Tumor_MD,Transcriptome
AUP1,-0.24012032,Secretory,Lung_Tumor_MD,Transcriptome
AURKB,0.029955266,Nucleus,Lung_Tumor_MD,Transcriptome
AVL9,-0.14751686,Cytosol,Lung_Tumor_MD,Transcriptome
B2M,0.098919906,Secretory,Lung_Tumor_MD,Transcriptome
B3GAT3,0.0395314,Secretory,Lung_Tumor_MD,Transcriptome
B3GNT2,-0.18291767,Secretory,Lung_Tumor_MD,Transcriptome
B4GALT1,0.08035042,Secretory,Lung_Tumor_MD,Transcriptome
B4GALT4,-0.24893291,Secretory,Lung_Tumor_MD,Transcriptome
BAG3,-0.08825396,Cytosol,Lung_Tumor_MD,Transcriptome
BAG6,-0.041563068,Cytosol,Lung_Tumor_MD,Transcriptome
BAK1,-0.17920136,Mitochondria,Lung_Tumor_MD,Transcriptome
BAX,-0.008593953,Cytosol,Lung_Tumor_MD,Transcriptome
BAZ1A,-0.08683481,Nucleus,Lung_Tumor_MD,Transcriptome
BAZ1B,-0.025855204,Nucleus,Lung_Tumor_MD,Transcriptome
BAZ2A,0.030509923,Nucleus,Lung_Tumor_MD,Transcriptome
BAZ2B,-0.124503665,Nucleus,Lung_Tumor_MD,Transcriptome
BCAP29,-0.12699495,Secretory,Lung_Tumor_MD,Transcriptome
BCAP31,-0.24156308,Secretory,Lung_Tumor_MD,Transcriptome
BCAR1,-0.03744844,Cytosol,Lung_Tumor_MD,Transcriptome
BCAS3,-0.14862561,Cytosol,Lung_Tumor_MD,Transcriptome
BCL10,-0.061808445,Cytosol,Lung_Tumor_MD,Transcriptome
BCL2L1,-0.15656503,Mitochondria,Lung_Tumor_MD,Transcriptome
BCL2L11,0.094641805,Secretory,Lung_Tumor_MD,Transcriptome
BCL2L13,0.03665836,Mitochondria,Lung_Tumor_MD,Transcriptome
BCL9L,-0.12074727,Nucleus,Lung_Tumor_MD,Transcriptome
BCOR,0.028338155,Nucleus,Lung_Tumor_MD,Transcriptome
BCS1L,-0.071709394,Mitochondria,Lung_Tumor_MD,Transcriptome
BDH1,0.038504086,Mitochondria,Lung_Tumor_MD,Transcriptome
BDH2,-0.10151397,Cytosol,Lung_Tumor_MD,Transcriptome
BEND3,-0.0019565527,Nucleus,Lung_Tumor_MD,Transcriptome
BET1,0.060799647,Secretory,Lung_Tumor_MD,Transcriptome
BET1L,0.07137993,Secretory,Lung_Tumor_MD,Transcriptome
BID,-0.15805258,Cytosol,Lung_Tumor_MD,Transcriptome
BIN1,-0.09601162,Cytosol,Lung_Tumor_MD,Transcriptome
BIN3,-0.024568899,Cytosol,Lung_Tumor_MD,Transcriptome
BIRC2,-0.0864607,Cytosol,Lung_Tumor_MD,Transcriptome
BIRC6,-0.1663565,Cytosol,Lung_Tumor_MD,Transcriptome
BLM,-0.060858037,Nucleus,Lung_Tumor_MD,Transcriptome
BLVRB,-0.112234205,Cytosol,Lung_Tumor_MD,Transcriptome
BLZF1,-0.20595801,Secretory,Lung_Tumor_MD,Transcriptome
BMP2K,0.09756416,Secretory,Lung_Tumor_MD,Transcriptome
BMPR2,0.097810775,Secretory,Lung_Tumor_MD,Transcriptome
BMS1,-0.058032468,Nucleus,Lung_Tumor_MD,Transcriptome
BNIP1,0.056250643,Secretory,Lung_Tumor_MD,Transcriptome
BNIP3,0.053120065,Mitochondria,Lung_Tumor_MD,Transcriptome
BPNT1,-0.13643059,Cytosol,Lung_Tumor_MD,Transcriptome
BRAF,-0.15761113,Cytosol,Lung_Tumor_MD,Transcriptome
BRCC3,-0.11681659,Cytosol,Lung_Tumor_MD,Transcriptome
BRD1,-0.019980937,Nucleus,Lung_Tumor_MD,Transcriptome
BRD2,0.016109705,Nucleus,Lung_Tumor_MD,Transcriptome
BRD4,0.03105775,Nucleus,Lung_Tumor_MD,Transcriptome
BRIX1,-0.05219492,Nucleus,Lung_Tumor_MD,Transcriptome
BROX,-0.1211877,Cytosol,Lung_Tumor_MD,Transcriptome
BRPF1,0.025583496,Nucleus,Lung_Tumor_MD,Transcriptome
BRPF3,0.021552745,Nucleus,Lung_Tumor_MD,Transcriptome
BRWD1,-0.04212374,Nucleus,Lung_Tumor_MD,Transcriptome
BSG,0.04223281,Secretory,Lung_Tumor_MD,Transcriptome
BTF3,-0.07967748,Cytosol,Lung_Tumor_MD,Transcriptome
BTF3L4,-0.05344115,Cytosol,Lung_Tumor_MD,Transcriptome
BTN2A1,0.10192012,Secretory,Lung_Tumor_MD,Transcriptome
BUB1B,-0.16391449,Cytosol,Lung_Tumor_MD,Transcriptome
C11orf68,-0.042133175,Cytosol,Lung_Tumor_MD,Transcriptome
C12orf57,-0.08747015,Cytosol,Lung_Tumor_MD,Transcriptome
C14orf119,-0.09077109,Cytosol,Lung_Tumor_MD,Transcriptome
C18orf21,-0.042814918,Nucleus,Lung_Tumor_MD,Transcriptome
C18orf32,-0.10828235,Secretory,Lung_Tumor_MD,Transcriptome
C1GALT1,0.06295039,Secretory,Lung_Tumor_MD,Transcriptome
C1QBP,-0.033650685,Mitochondria,Lung_Tumor_MD,Transcriptome
C1orf131,-0.03712953,Nucleus,Lung_Tumor_MD,Transcriptome
C1orf198,-0.061772954,Cytosol,Lung_Tumor_MD,Transcriptome
C1orf50,-0.024214888,Cytosol,Lung_Tumor_MD,Transcriptome
C2CD2,0.031955056,Secretory,Lung_Tumor_MD,Transcriptome
C2CD2L,0.023110291,Secretory,Lung_Tumor_MD,Transcriptome
C2orf42,-0.045263246,Nucleus,Lung_Tumor_MD,Transcriptome
C2orf49,-0.038868498,Nucleus,Lung_Tumor_MD,Transcriptome
C2orf69,-0.10873559,Cytosol,Lung_Tumor_MD,Transcriptome
C4orf3,0.039195146,Secretory,Lung_Tumor_MD,Transcriptome
C5orf24,-0.04077726,Nucleus,Lung_Tumor_MD,Transcriptome
C6orf47,-0.078888096,Secretory,Lung_Tumor_MD,Transcriptome
C6orf89,-0.044822004,Secretory,Lung_Tumor_MD,Transcriptome
CABIN1,0.0006902265,Nucleus,Lung_Tumor_MD,Transcriptome
CACYBP,-0.16258411,Cytosol,Lung_Tumor_MD,Transcriptome
CAD,-0.091039725,Cytosol,Lung_Tumor_MD,Transcriptome
CADM4,-0.019944292,Secretory,Lung_Tumor_MD,Transcriptome
CALCOCO1,-0.09836039,Cytosol,Lung_Tumor_MD,Transcriptome
CALR,-0.20696509,Nucleus,Lung_Tumor_MD,Transcriptome
CALU,-0.23578107,Nucleus,Lung_Tumor_MD,Transcriptome
CAMK2D,-0.08086893,Cytosol,Lung_Tumor_MD,Transcriptome
CAMK2G,-0.007994499,Cytosol,Lung_Tumor_MD,Transcriptome
CAMLG,0.00068717013,Secretory,Lung_Tumor_MD,Transcriptome
CANT1,-0.18711384,Secretory,Lung_Tumor_MD,Transcriptome
CANX,0.074207075,Secretory,Lung_Tumor_MD,Transcriptome
CAPN1,-0.0023778647,Cytosol,Lung_Tumor_MD,Transcriptome
CAPN2,-0.092230976,Cytosol,Lung_Tumor_MD,Transcriptome
CAPN5,0.05615692,Secretory,Lung_Tumor_MD,Transcriptome
CAPNS1,-0.107371144,Cytosol,Lung_Tumor_MD,Transcriptome
CAPS,-0.08611505,Cytosol,Lung_Tumor_MD,Transcriptome
CASK,0.036359426,Mitochondria,Lung_Tumor_MD,Transcriptome
CASP7,-0.0774521,Cytosol,Lung_Tumor_MD,Transcriptome
CAST,-0.09782326,Cytosol,Lung_Tumor_MD,Transcriptome
CAV1,0.10149764,Secretory,Lung_Tumor_MD,Transcriptome
CAV2,0.09196571,Secretory,Lung_Tumor_MD,Transcriptome
CBFB,-0.035028346,Cytosol,Lung_Tumor_MD,Transcriptome
CBL,-0.027727207,Cytosol,Lung_Tumor_MD,Transcriptome
CBR1,-0.14430837,Cytosol,Lung_Tumor_MD,Transcriptome
CBX3,-0.0380562,Nucleus,Lung_Tumor_MD,Transcriptome
CBX5,-0.039035566,Nucleus,Lung_Tumor_MD,Transcriptome
CBX8,-0.020767368,Nucleus,Lung_Tumor_MD,Transcriptome
CC2D1B,-0.08526257,Cytosol,Lung_Tumor_MD,Transcriptome
CCAR1,-0.061323013,Nucleus,Lung_Tumor_MD,Transcriptome
CCAR2,-0.08343361,Nucleus,Lung_Tumor_MD,Transcriptome
CCDC115,-0.26052117,Secretory,Lung_Tumor_MD,Transcriptome
CCDC117,-0.049359735,Nucleus,Lung_Tumor_MD,Transcriptome
CCDC127,0.059668995,Mitochondria,Lung_Tumor_MD,Transcriptome
CCDC134,-0.2163931,Secretory,Lung_Tumor_MD,Transcriptome
CCDC22,-0.084843464,Cytosol,Lung_Tumor_MD,Transcriptome
CCDC25,-0.059036106,Cytosol,Lung_Tumor_MD,Transcriptome
CCDC43,-0.16471322,Cytosol,Lung_Tumor_MD,Transcriptome
CCDC47,-0.24285486,Secretory,Lung_Tumor_MD,Transcriptome
CCDC50,-0.07215415,Cytosol,Lung_Tumor_MD,Transcriptome
CCDC51,0.03352049,Mitochondria,Lung_Tumor_MD,Transcriptome
CCDC6,-0.04258449,Cytosol,Lung_Tumor_MD,Transcriptome
CCDC61,-0.009580432,Secretory,Lung_Tumor_MD,Transcriptome
CCDC85C,-0.067927524,Cytosol,Lung_Tumor_MD,Transcriptome
CCDC86,0.0002941619,Nucleus,Lung_Tumor_MD,Transcriptome
CCDC90B,-0.075100474,Mitochondria,Lung_Tumor_MD,Transcriptome
CCDC91,-0.09906384,Cytosol,Lung_Tumor_MD,Transcriptome
CCDC92,-0.09602483,Cytosol,Lung_Tumor_MD,Transcriptome
CCDC93,-0.14380005,Cytosol,Lung_Tumor_MD,Transcriptome
CCDC97,0.009977461,Cytosol,Lung_Tumor_MD,Transcriptome
CCNB1,-0.14230023,Cytosol,Lung_Tumor_MD,Transcriptome
CCNH,-0.19099943,Nucleus,Lung_Tumor_MD,Transcriptome
CCNT1,-0.038768712,Nucleus,Lung_Tumor_MD,Transcriptome
CCNT2,-0.0359126,Nucleus,Lung_Tumor_MD,Transcriptome
CCNYL1,0.07597487,Secretory,Lung_Tumor_MD,Transcriptome
CCPG1,0.09297479,Secretory,Lung_Tumor_MD,Transcriptome
CCS,-0.0383417,Cytosol,Lung_Tumor_MD,Transcriptome
CCT2,-0.14654922,Cytosol,Lung_Tumor_MD,Transcriptome
CCT3,-0.1613674,Cytosol,Lung_Tumor_MD,Transcriptome
CCT4,-0.17237332,Cytosol,Lung_Tumor_MD,Transcriptome
CCT5,-0.12487298,Cytosol,Lung_Tumor_MD,Transcriptome
CCT6A,-0.16938256,Cytosol,Lung_Tumor_MD,Transcriptome
CCT7,-0.17218179,Cytosol,Lung_Tumor_MD,Transcriptome
CCT8,-0.13593358,Cytosol,Lung_Tumor_MD,Transcriptome
CD109,-0.20537719,Secretory,Lung_Tumor_MD,Transcriptome
CD151,0.094310865,Secretory,Lung_Tumor_MD,Transcriptome
CD276,0.090908736,Secretory,Lung_Tumor_MD,Transcriptome
CD2AP,-0.042880982,Cytosol,Lung_Tumor_MD,Transcriptome
CD44,-0.16986832,Secretory,Lung_Tumor_MD,Transcriptome
CD46,-0.16288157,Secretory,Lung_Tumor_MD,Transcriptome
CD47,0.1023955,Secretory,Lung_Tumor_MD,Transcriptome
CD55,0.10250449,Secretory,Lung_Tumor_MD,Transcriptome
CD58,0.041812234,Secretory,Lung_Tumor_MD,Transcriptome
CD63,0.10172671,Secretory,Lung_Tumor_MD,Transcriptome
CD81,0.094411924,Secretory,Lung_Tumor_MD,Transcriptome
CD99,0.08848375,Secretory,Lung_Tumor_MD,Transcriptome
CDAN1,-0.06214799,Cytosol,Lung_Tumor_MD,Transcriptome
CDC123,-0.07855119,Cytosol,Lung_Tumor_MD,Transcriptome
CDC34,-0.092740014,Cytosol,Lung_Tumor_MD,Transcriptome
CDC37,-0.101205416,Cytosol,Lung_Tumor_MD,Transcriptome
CDC40,-0.038240656,Nucleus,Lung_Tumor_MD,Transcriptome
CDC42,-0.07867723,Cytosol,Lung_Tumor_MD,Transcriptome
CDC42EP4,-0.05350099,Cytosol,Lung_Tumor_MD,Transcriptome
CDC5L,-0.0034654762,Nucleus,Lung_Tumor_MD,Transcriptome
CDC73,-0.032216895,Nucleus,Lung_Tumor_MD,Transcriptome
CDCA5,-0.059735354,Nucleus,Lung_Tumor_MD,Transcriptome
CDCA7L,-0.04900711,Nucleus,Lung_Tumor_MD,Transcriptome
CDK1,-0.120410256,Cytosol,Lung_Tumor_MD,Transcriptome
CDK13,-0.024458509,Nucleus,Lung_Tumor_MD,Transcriptome
CDK17,0.006730741,Secretory,Lung_Tumor_MD,Transcriptome
CDK5,-0.15420236,Cytosol,Lung_Tumor_MD,Transcriptome
CDK5RAP3,-0.13601008,Secretory,Lung_Tumor_MD,Transcriptome
CDK6,-0.0880995,Cytosol,Lung_Tumor_MD,Transcriptome
CDK9,-0.0054769195,Nucleus,Lung_Tumor_MD,Transcriptome
CDKAL1,-0.20906812,Secretory,Lung_Tumor_MD,Transcriptome
CDKN2AIPNL,-0.074132286,Nucleus,Lung_Tumor_MD,Transcriptome
CDR2L,-0.087500766,Cytosol,Lung_Tumor_MD,Transcriptome
CDS2,-0.26230153,Secretory,Lung_Tumor_MD,Transcriptome
CDV3,-0.13115282,Cytosol,Lung_Tumor_MD,Transcriptome
CEBPB,-0.22510502,Nucleus,Lung_Tumor_MD,Transcriptome
CEBPZ,-0.04882742,Nucleus,Lung_Tumor_MD,Transcriptome
CELF1,-0.030266859,Nucleus,Lung_Tumor_MD,Transcriptome
CENPB,-0.16669488,Nucleus,Lung_Tumor_MD,Transcriptome
CENPC,-0.03701098,Nucleus,Lung_Tumor_MD,Transcriptome
CENPN,-0.05881723,Nucleus,Lung_Tumor_MD,Transcriptome
CEP112,-0.10509584,Cytosol,Lung_Tumor_MD,Transcriptome
CEP128,-0.15229248,Mitochondria,Lung_Tumor_MD,Transcriptome
CEP192,-0.15107924,Cytosol,Lung_Tumor_MD,Transcriptome
CEP44,-0.033663012,Cytosol,Lung_Tumor_MD,Transcriptome
CEP78,-0.16585803,Cytosol,Lung_Tumor_MD,Transcriptome
CEP85,-0.16053516,Cytosol,Lung_Tumor_MD,Transcriptome
CEP89,-0.19305977,Secretory,Lung_Tumor_MD,Transcriptome
CERS2,-0.23733373,Secretory,Lung_Tumor_MD,Transcriptome
CFL1,-0.06306602,Cytosol,Lung_Tumor_MD,Transcriptome
CHAF1A,0.018343689,Nucleus,Lung_Tumor_MD,Transcriptome
CHCHD3,0.033016235,Mitochondria,Lung_Tumor_MD,Transcriptome
CHCHD6,0.029321956,Mitochondria,Lung_Tumor_MD,Transcriptome
CHD1,-0.14052114,Nucleus,Lung_Tumor_MD,Transcriptome
CHD2,-0.20866182,Nucleus,Lung_Tumor_MD,Transcriptome
CHD3,0.032027874,Nucleus,Lung_Tumor_MD,Transcriptome
CHD4,-0.030998724,Nucleus,Lung_Tumor_MD,Transcriptome
CHD6,-0.058379713,Nucleus,Lung_Tumor_MD,Transcriptome
CHD9,-0.106600665,Nucleus,Lung_Tumor_MD,Transcriptome
CHDH,-0.121944,Mitochondria,Lung_Tumor_MD,Transcriptome
CHERP,0.030567385,Nucleus,Lung_Tumor_MD,Transcriptome
CHKA,-0.0858856,Cytosol,Lung_Tumor_MD,Transcriptome
CHM,-0.029483639,Cytosol,Lung_Tumor_MD,Transcriptome
CHML,-0.11678856,Cytosol,Lung_Tumor_MD,Transcriptome
CHMP2A,0.009297702,Cytosol,Lung_Tumor_MD,Transcriptome
CHMP4B,-0.08178009,Cytosol,Lung_Tumor_MD,Transcriptome
CHMP5,-0.11031473,Cytosol,Lung_Tumor_MD,Transcriptome
CHMP6,-0.18580441,Secretory,Lung_Tumor_MD,Transcriptome
CHORDC1,-0.07119503,Cytosol,Lung_Tumor_MD,Transcriptome
CHPF,0.079433896,Secretory,Lung_Tumor_MD,Transcriptome
CHPF2,0.08460785,Secretory,Lung_Tumor_MD,Transcriptome
CHPT1,0.01697602,Secretory,Lung_Tumor_MD,Transcriptome
CHST12,0.061760515,Secretory,Lung_Tumor_MD,Transcriptome
CHST14,-0.06842111,Secretory,Lung_Tumor_MD,Transcriptome
CHSY1,0.09972793,Secretory,Lung_Tumor_MD,Transcriptome
CHTOP,-0.04176153,Nucleus,Lung_Tumor_MD,Transcriptome
CIAO1,-0.1664287,Cytosol,Lung_Tumor_MD,Transcriptome
CIAPIN1,-0.047644652,Cytosol,Lung_Tumor_MD,Transcriptome
CIB1,0.07574151,Secretory,Lung_Tumor_MD,Transcriptome
CIC,-0.02770318,Nucleus,Lung_Tumor_MD,Transcriptome
CISD1,0.04474025,Mitochondria,Lung_Tumor_MD,Transcriptome
CISD2,-0.0046016756,Secretory,Lung_Tumor_MD,Transcriptome
CKAP2L,-0.05262235,Nucleus,Lung_Tumor_MD,Transcriptome
CKAP4,0.07764371,Secretory,Lung_Tumor_MD,Transcriptome
CKB,-0.041289225,Cytosol,Lung_Tumor_MD,Transcriptome
CLCC1,0.054722894,Secretory,Lung_Tumor_MD,Transcriptome
CLCN3,0.042893335,Secretory,Lung_Tumor_MD,Transcriptome
CLCN7,0.030257264,Secretory,Lung_Tumor_MD,Transcriptome
CLDND1,-0.18293369,Secretory,Lung_Tumor_MD,Transcriptome
CLIC1,-0.07032,Cytosol,Lung_Tumor_MD,Transcriptome
CLIC4,-0.055244725,Cytosol,Lung_Tumor_MD,Transcriptome
CLIP1,-0.15171213,Cytosol,Lung_Tumor_MD,Transcriptome
CLPB,0.039078407,Mitochondria,Lung_Tumor_MD,Transcriptome
CLPTM1,-0.0084914975,Secretory,Lung_Tumor_MD,Transcriptome
CLPTM1L,0.050900918,Secretory,Lung_Tumor_MD,Transcriptome
CLUH,-0.08328547,Cytosol,Lung_Tumor_MD,Transcriptome
CMAS,-0.060885504,Nucleus,Lung_Tumor_MD,Transcriptome
CMBL,-0.14879252,Cytosol,Lung_Tumor_MD,Transcriptome
CMC2,0.053810447,Mitochondria,Lung_Tumor_MD,Transcriptome
CMPK1,-0.050860938,Cytosol,Lung_Tumor_MD,Transcriptome
CMSS1,-0.03504487,Nucleus,Lung_Tumor_MD,Transcriptome
CMTR2,-0.009951152,Cytosol,Lung_Tumor_MD,Transcriptome
CNDP2,-0.09482765,Cytosol,Lung_Tumor_MD,Transcriptome
CNN2,-0.07057408,Cytosol,Lung_Tumor_MD,Transcriptome
CNNM3,-0.22981627,Secretory,Lung_Tumor_MD,Transcriptome
CNNM4,-0.067821346,Secretory,Lung_Tumor_MD,Transcriptome
CNOT4,-0.142875,Cytosol,Lung_Tumor_MD,Transcriptome
CNP,-0.2228048,Secretory,Lung_Tumor_MD,Transcriptome
CNPY3,0.010058173,Nucleus,Lung_Tumor_MD,Transcriptome
CNST,-0.221038,Secretory,Lung_Tumor_MD,Transcriptome
CNTRL,-0.12612136,Cytosol,Lung_Tumor_MD,Transcriptome
COA3,0.045476764,Mitochondria,Lung_Tumor_MD,Transcriptome
COA7,-0.064234,Nucleus,Lung_Tumor_MD,Transcriptome
COASY,-0.12742558,Cytosol,Lung_Tumor_MD,Transcriptome
COG4,-0.014974535,Cytosol,Lung_Tumor_MD,Transcriptome
COMMD4,-0.14683247,Cytosol,Lung_Tumor_MD,Transcriptome
COMMD6,-0.050810717,Cytosol,Lung_Tumor_MD,Transcriptome
COMTD1,0.040360373,Mitochondria,Lung_Tumor_MD,Transcriptome
COPA,-0.07714644,Cytosol,Lung_Tumor_MD,Transcriptome
COPB2,-0.13404654,Cytosol,Lung_Tumor_MD,Transcriptome
COPG1,-0.12975244,Cytosol,Lung_Tumor_MD,Transcriptome
COPS4,-0.04089857,Cytosol,Lung_Tumor_MD,Transcriptome
COPS7A,-0.087139525,Cytosol,Lung_Tumor_MD,Transcriptome
COPZ1,-0.1567368,Cytosol,Lung_Tumor_MD,Transcriptome
COQ3,-0.19319756,Secretory,Lung_Tumor_MD,Transcriptome
COQ7,-0.2094004,Secretory,Lung_Tumor_MD,Transcriptome
COQ9,0.059729133,Mitochondria,Lung_Tumor_MD,Transcriptome
COX11,0.04152604,Mitochondria,Lung_Tumor_MD,Transcriptome
COX15,0.036158457,Mitochondria,Lung_Tumor_MD,Transcriptome
COX17,-0.032608278,Nucleus,Lung_Tumor_MD,Transcriptome
COX20,0.031360533,Mitochondria,Lung_Tumor_MD,Transcriptome
COX4I1,0.057768542,Mitochondria,Lung_Tumor_MD,Transcriptome
COX5B,0.058476213,Mitochondria,Lung_Tumor_MD,Transcriptome
COX6B1,-0.009525459,Mitochondria,Lung_Tumor_MD,Transcriptome
COX6C,0.07027871,Mitochondria,Lung_Tumor_MD,Transcriptome
COX7A2,0.072212666,Mitochondria,Lung_Tumor_MD,Transcriptome
COX7A2L,0.048011277,Mitochondria,Lung_Tumor_MD,Transcriptome
COX7C,0.08313997,Mitochondria,Lung_Tumor_MD,Transcriptome
CPD,0.098421015,Secretory,Lung_Tumor_MD,Transcriptome
CPNE3,-0.08607695,Cytosol,Lung_Tumor_MD,Transcriptome
CPOX,-0.03193582,Nucleus,Lung_Tumor_MD,Transcriptome
CPSF6,-0.037394173,Nucleus,Lung_Tumor_MD,Transcriptome
CPT1A,0.062336423,Mitochondria,Lung_Tumor_MD,Transcriptome
CPT2,-0.052643303,Mitochondria,Lung_Tumor_MD,Transcriptome
CRABP2,-0.094207115,Cytosol,Lung_Tumor_MD,Transcriptome
CRBN,-0.07039806,Cytosol,Lung_Tumor_MD,Transcriptome
CREBBP,0.029477812,Nucleus,Lung_Tumor_MD,Transcriptome
CRELD1,-0.00097531785,Secretory,Lung_Tumor_MD,Transcriptome
CRIM1,0.08763913,Secretory,Lung_Tumor_MD,Transcriptome
CRK,-0.06978395,Cytosol,Lung_Tumor_MD,Transcriptome
CRKL,-0.15032135,Cytosol,Lung_Tumor_MD,Transcriptome
CRLF3,-0.1632558,Cytosol,Lung_Tumor_MD,Transcriptome
CRTAP,0.08828198,Secretory,Lung_Tumor_MD,Transcriptome
CRTC1,-0.04614166,Cytosol,Lung_Tumor_MD,Transcriptome
CRTC2,-0.050915893,Cytosol,Lung_Tumor_MD,Transcriptome
CRTC3,-0.018042756,Cytosol,Lung_Tumor_MD,Transcriptome
CSE1L,-0.15365072,Cytosol,Lung_Tumor_MD,Transcriptome
CSK,-0.010068981,Cytosol,Lung_Tumor_MD,Transcriptome
CSTB,-0.06562828,Cytosol,Lung_Tumor_MD,Transcriptome
CSTF3,-0.03436948,Nucleus,Lung_Tumor_MD,Transcriptome
CTBP1,-0.13138431,Nucleus,Lung_Tumor_MD,Transcriptome
CTCF,-0.087483786,Nucleus,Lung_Tumor_MD,Transcriptome
CTDP1,0.017905721,Nucleus,Lung_Tumor_MD,Transcriptome
CTH,-0.07414107,Cytosol,Lung_Tumor_MD,Transcriptome
CTNNA1,0.024126548,Secretory,Lung_Tumor_MD,Transcriptome
CTNNB1,-0.12706743,Mitochondria,Lung_Tumor_MD,Transcriptome
CTNNBIP1,-0.0013247561,Cytosol,Lung_Tumor_MD,Transcriptome
CTNNBL1,-0.06620941,Nucleus,Lung_Tumor_MD,Transcriptome
CTNND1,0.03251006,Mitochondria,Lung_Tumor_MD,Transcriptome
CTPS1,-0.068741076,Cytosol,Lung_Tumor_MD,Transcriptome
CTPS2,-0.14857905,Cytosol,Lung_Tumor_MD,Transcriptome
CTR9,-0.029942641,Nucleus,Lung_Tumor_MD,Transcriptome
CTTNBP2NL,-0.04346034,Cytosol,Lung_Tumor_MD,Transcriptome
CTU2,0.001377802,Cytosol,Lung_Tumor_MD,Transcriptome
CUEDC2,-0.040106274,Cytosol,Lung_Tumor_MD,Transcriptome
CUL1,-0.15760097,Cytosol,Lung_Tumor_MD,Transcriptome
CUL9,-0.06701671,Cytosol,Lung_Tumor_MD,Transcriptome
CUX1,-0.23752145,Secretory,Lung_Tumor_MD,Transcriptome
CWC22,-0.035472173,Nucleus,Lung_Tumor_MD,Transcriptome
CXADR,-0.13386953,Secretory,Lung_Tumor_MD,Transcriptome
CXXC1,-0.060240448,Nucleus,Lung_Tumor_MD,Transcriptome
CXorf38,-0.10304404,Cytosol,Lung_Tumor_MD,Transcriptome
CYB5A,0.100192845,Secretory,Lung_Tumor_MD,Transcriptome
CYB5B,-0.05104144,Secretory,Lung_Tumor_MD,Transcriptome
CYB5R3,0.07346352,Secretory,Lung_Tumor_MD,Transcriptome
CYB5R4,-0.036624096,Cytosol,Lung_Tumor_MD,Transcriptome
CYC1,0.059782047,Mitochondria,Lung_Tumor_MD,Transcriptome
CYP20A1,0.04762405,Secretory,Lung_Tumor_MD,Transcriptome
CYP51A1,-0.20976363,Secretory,Lung_Tumor_MD,Transcriptome
CYTH1,-0.07204206,Cytosol,Lung_Tumor_MD,Transcriptome
CYTH3,-0.10095342,Cytosol,Lung_Tumor_MD,Transcriptome
DAAM1,-0.047925327,Secretory,Lung_Tumor_MD,Transcriptome
DAG1,-0.07332326,Secretory,Lung_Tumor_MD,Transcriptome
DAGLB,0.05849733,Secretory,Lung_Tumor_MD,Transcriptome
DBI,-0.17021379,Cytosol,Lung_Tumor_MD,Transcriptome
DBNL,-0.11520702,Cytosol,Lung_Tumor_MD,Transcriptome
DCAF13,-0.06947079,Nucleus,Lung_Tumor_MD,Transcriptome
DCBLD2,0.10064713,Secretory,Lung_Tumor_MD,Transcriptome
DCTD,-0.09272913,Cytosol,Lung_Tumor_MD,Transcriptome
DCTN1,-0.16369109,Cytosol,Lung_Tumor_MD,Transcriptome
DCTN2,-0.082350016,Cytosol,Lung_Tumor_MD,Transcriptome
DCTN4,-0.026205834,Cytosol,Lung_Tumor_MD,Transcriptome
DCTN5,-0.08089818,Cytosol,Lung_Tumor_MD,Transcriptome
DCTN6,-0.030809827,Cytosol,Lung_Tumor_MD,Transcriptome
DCTPP1,-0.08348013,Cytosol,Lung_Tumor_MD,Transcriptome
DCUN1D1,-0.15487872,Cytosol,Lung_Tumor_MD,Transcriptome
DCUN1D3,0.10001615,Secretory,Lung_Tumor_MD,Transcriptome
DDAH1,-0.09233779,Cytosol,Lung_Tumor_MD,Transcriptome
DDB2,-0.0640854,Nucleus,Lung_Tumor_MD,Transcriptome
DDHD2,-0.09987605,Cytosol,Lung_Tumor_MD,Transcriptome
DDI2,-0.034910973,Cytosol,Lung_Tumor_MD,Transcriptome
DDOST,0.041242626,Secretory,Lung_Tumor_MD,Transcriptome
DDR1,-0.16575894,Secretory,Lung_Tumor_MD,Transcriptome
DDRGK1,-0.26460573,Secretory,Lung_Tumor_MD,Transcriptome
DDX10,-0.059600502,Nucleus,Lung_Tumor_MD,Transcriptome
DDX18,-0.050774653,Nucleus,Lung_Tumor_MD,Transcriptome
DDX20,-0.04997363,Nucleus,Lung_Tumor_MD,Transcriptome
DDX24,-0.0869209,Nucleus,Lung_Tumor_MD,Transcriptome
DDX28,-0.16458042,Secretory,Lung_Tumor_MD,Transcriptome
DDX31,-0.012745738,Nucleus,Lung_Tumor_MD,Transcriptome
DDX39A,0.017990103,Nucleus,Lung_Tumor_MD,Transcriptome
DDX39B,0.026346002,Nucleus,Lung_Tumor_MD,Transcriptome
DDX47,-0.0886533,Nucleus,Lung_Tumor_MD,Transcriptome
DDX49,0.024070786,Nucleus,Lung_Tumor_MD,Transcriptome
DDX5,-0.16945972,Nucleus,Lung_Tumor_MD,Transcriptome
DDX50,-0.076339826,Nucleus,Lung_Tumor_MD,Transcriptome
DDX51,0.021695638,Nucleus,Lung_Tumor_MD,Transcriptome
DDX52,-0.04786971,Nucleus,Lung_Tumor_MD,Transcriptome
DDX55,-0.055000324,Nucleus,Lung_Tumor_MD,Transcriptome
DDX56,-0.0020064048,Nucleus,Lung_Tumor_MD,Transcriptome
DEGS1,-0.20937076,Secretory,Lung_Tumor_MD,Transcriptome
DENND4C,-0.09613312,Cytosol,Lung_Tumor_MD,Transcriptome
DENR,-0.1307999,Cytosol,Lung_Tumor_MD,Transcriptome
DEPDC5,-0.12211241,Cytosol,Lung_Tumor_MD,Transcriptome
DERL2,-0.12529208,Secretory,Lung_Tumor_MD,Transcriptome
DFFA,-0.0017930171,Cytosol,Lung_Tumor_MD,Transcriptome
DGCR8,-0.018617857,Nucleus,Lung_Tumor_MD,Transcriptome
DHCR24,0.0727265,Secretory,Lung_Tumor_MD,Transcriptome
DHCR7,-0.2396143,Secretory,Lung_Tumor_MD,Transcriptome
DHFR,-0.120862566,Cytosol,Lung_Tumor_MD,Transcriptome
DHODH,0.06124155,Mitochondria,Lung_Tumor_MD,Transcriptome
DHRS1,0.037430428,Secretory,Lung_Tumor_MD,Transcriptome
DHRS3,0.06357845,Secretory,Lung_Tumor_MD,Transcriptome
DHRS7,0.097753316,Secretory,Lung_Tumor_MD,Transcriptome
DHRSX,0.094991185,Secretory,Lung_Tumor_MD,Transcriptome
DHX16,0.0046641696,Nucleus,Lung_Tumor_MD,Transcriptome
DHX30,-0.1398838,Secretory,Lung_Tumor_MD,Transcriptome
DHX33,0.028651722,Nucleus,Lung_Tumor_MD,Transcriptome
DHX36,-0.04198573,Nucleus,Lung_Tumor_MD,Transcriptome
DHX37,0.02636861,Nucleus,Lung_Tumor_MD,Transcriptome
DHX40,-0.0487,Nucleus,Lung_Tumor_MD,Transcriptome
DHX9,-0.051937286,Nucleus,Lung_Tumor_MD,Transcriptome
DIABLO,-0.028089674,Nucleus,Lung_Tumor_MD,Transcriptome
DIAPH1,-0.025388192,Cytosol,Lung_Tumor_MD,Transcriptome
DIDO1,0.013853553,Nucleus,Lung_Tumor_MD,Transcriptome
DIMT1,-0.071061894,Nucleus,Lung_Tumor_MD,Transcriptome
DIP2A,-0.0023107515,Cytosol,Lung_Tumor_MD,Transcriptome
DIP2B,-0.15225782,Cytosol,Lung_Tumor_MD,Transcriptome
DIS3L,-0.14554352,Cytosol,Lung_Tumor_MD,Transcriptome
DIS3L2,-0.102324724,Cytosol,Lung_Tumor_MD,Transcriptome
DKC1,-0.05470469,Nucleus,Lung_Tumor_MD,Transcriptome
DLAT,0.029084414,Secretory,Lung_Tumor_MD,Transcriptome
DLG1,0.035235055,Mitochondria,Lung_Tumor_MD,Transcriptome
DLG5,-0.0038707834,Secretory,Lung_Tumor_MD,Transcriptome
DLGAP5,-0.13055463,Cytosol,Lung_Tumor_MD,Transcriptome
DNAAF2,-0.07803234,Cytosol,Lung_Tumor_MD,Transcriptome
DNAJA3,0.041153684,Mitochondria,Lung_Tumor_MD,Transcriptome
DNAJB11,-0.21904364,Secretory,Lung_Tumor_MD,Transcriptome
DNAJB12,0.02889886,Secretory,Lung_Tumor_MD,Transcriptome
DNAJB14,0.017374273,Secretory,Lung_Tumor_MD,Transcriptome
DNAJB4,-0.14227782,Cytosol,Lung_Tumor_MD,Transcriptome
DNAJC1,0.09753417,Secretory,Lung_Tumor_MD,Transcriptome
DNAJC10,0.06717941,Secretory,Lung_Tumor_MD,Transcriptome
DNAJC11,-0.008587365,Mitochondria,Lung_Tumor_MD,Transcriptome
DNAJC13,-0.18646434,Secretory,Lung_Tumor_MD,Transcriptome
DNAJC16,0.015761234,Secretory,Lung_Tumor_MD,Transcriptome
DNAJC19,0.03645285,Mitochondria,Lung_Tumor_MD,Transcriptome
DNAJC25,-0.21118814,Secretory,Lung_Tumor_MD,Transcriptome
DNAJC3,0.09085041,Secretory,Lung_Tumor_MD,Transcriptome
DNAJC5,-0.0023927584,Secretory,Lung_Tumor_MD,Transcriptome
DNAJC7,-0.1600873,Cytosol,Lung_Tumor_MD,Transcriptome
DNM2,-0.004876239,Cytosol,Lung_Tumor_MD,Transcriptome
DNMBP,-0.095728286,Cytosol,Lung_Tumor_MD,Transcriptome
DNTTIP1,-0.14493294,Nucleus,Lung_Tumor_MD,Transcriptome
DNTTIP2,-0.03530358,Nucleus,Lung_Tumor_MD,Transcriptome
DOCK9,0.09094081,Secretory,Lung_Tumor_MD,Transcriptome
DOHH,-0.09099041,Cytosol,Lung_Tumor_MD,Transcriptome
DPF2,-0.028442148,Nucleus,Lung_Tumor_MD,Transcriptome
DPH2,-0.024334678,Cytosol,Lung_Tumor_MD,Transcriptome
DPH3,-0.065215126,Cytosol,Lung_Tumor_MD,Transcriptome
DPH5,-0.08468925,Cytosol,Lung_Tumor_MD,Transcriptome
DPH7,-0.11959128,Cytosol,Lung_Tumor_MD,Transcriptome
DPM1,-0.21347645,Secretory,Lung_Tumor_MD,Transcriptome
DPM3,-0.24520697,Secretory,Lung_Tumor_MD,Transcriptome
DPP3,-0.014449829,Cytosol,Lung_Tumor_MD,Transcriptome
DPY19L1,-0.09666911,Secretory,Lung_Tumor_MD,Transcriptome
DPY19L3,0.01935561,Secretory,Lung_Tumor_MD,Transcriptome
DPYD,-0.104030974,Cytosol,Lung_Tumor_MD,Transcriptome
DRG2,-0.0691967,Cytosol,Lung_Tumor_MD,Transcriptome
DROSHA,-0.053709406,Nucleus,Lung_Tumor_MD,Transcriptome
DSTN,-0.04074657,Cytosol,Lung_Tumor_MD,Transcriptome
DTD1,-0.17166074,Cytosol,Lung_Tumor_MD,Transcriptome
DTNB,0.04327947,Mitochondria,Lung_Tumor_MD,Transcriptome
DTNBP1,-0.0026370704,Cytosol,Lung_Tumor_MD,Transcriptome
DTYMK,-0.08990927,Cytosol,Lung_Tumor_MD,Transcriptome
DUSP12,-0.16250911,Cytosol,Lung_Tumor_MD,Transcriptome
DUSP14,-0.15531534,Cytosol,Lung_Tumor_MD,Transcriptome
DUSP3,-0.053446356,Cytosol,Lung_Tumor_MD,Transcriptome
DVL2,-0.0772537,Cytosol,Lung_Tumor_MD,Transcriptome
DYNC1H1,-0.093905255,Cytosol,Lung_Tumor_MD,Transcriptome
DYNC1I2,-0.115001366,Cytosol,Lung_Tumor_MD,Transcriptome
DYNC1LI1,-0.06640423,Cytosol,Lung_Tumor_MD,Transcriptome
DYNC1LI2,-0.008925449,Cytosol,Lung_Tumor_MD,Transcriptome
DYNLRB1,-0.11347521,Cytosol,Lung_Tumor_MD,Transcriptome
DYNLT3,-0.1491655,Cytosol,Lung_Tumor_MD,Transcriptome
DYRK1A,-0.025110573,Cytosol,Lung_Tumor_MD,Transcriptome
EBAG9,-0.12550883,Secretory,Lung_Tumor_MD,Transcriptome
EBNA1BP2,-0.060636763,Nucleus,Lung_Tumor_MD,Transcriptome
ECD,-0.056146294,Cytosol,Lung_Tumor_MD,Transcriptome
ECE1,0.06617998,Secretory,Lung_Tumor_MD,Transcriptome
ECI2,-0.26130217,Secretory,Lung_Tumor_MD,Transcriptome
ECSIT,-0.021310976,Mitochondria,Lung_Tumor_MD,Transcriptome
ECT2,-0.2381443,Secretory,Lung_Tumor_MD,Transcriptome
EDEM2,0.046929885,Secretory,Lung_Tumor_MD,Transcriptome
EDEM3,0.06816848,Secretory,Lung_Tumor_MD,Transcriptome
EDF1,-0.11487277,Cytosol,Lung_Tumor_MD,Transcriptome
EEF1A1,-0.14392427,Cytosol,Lung_Tumor_MD,Transcriptome
EEF1B2,-0.14159414,Cytosol,Lung_Tumor_MD,Transcriptome
EEF1D,-0.082043864,Cytosol,Lung_Tumor_MD,Transcriptome
EEF2,-0.09894062,Cytosol,Lung_Tumor_MD,Transcriptome
EEF2K,0.010204638,Cytosol,Lung_Tumor_MD,Transcriptome
EFNB1,-0.078724004,Secretory,Lung_Tumor_MD,Transcriptome
EFR3A,-0.095777474,Secretory,Lung_Tumor_MD,Transcriptome
EGFR,-0.22136223,Secretory,Lung_Tumor_MD,Transcriptome
EHBP1,-0.14903566,Cytosol,Lung_Tumor_MD,Transcriptome
EIF1AD,-0.03374593,Cytosol,Lung_Tumor_MD,Transcriptome
EIF2AK3,0.07914794,Secretory,Lung_Tumor_MD,Transcriptome
EIF2AK4,-0.08172747,Cytosol,Lung_Tumor_MD,Transcriptome
EIF2B1,-0.16950653,Cytosol,Lung_Tumor_MD,Transcriptome
EIF4EBP2,-0.066734485,Cytosol,Lung_Tumor_MD,Transcriptome
EIF4H,-0.14190857,Cytosol,Lung_Tumor_MD,Transcriptome
EIF6,-0.08608944,Cytosol,Lung_Tumor_MD,Transcriptome
ELAVL1,0.020063933,Nucleus,Lung_Tumor_MD,Transcriptome
ELMO2,-0.07986141,Cytosol,Lung_Tumor_MD,Transcriptome
ELMOD2,0.009703771,Secretory,Lung_Tumor_MD,Transcriptome
ELOVL1,0.020341199,Secretory,Lung_Tumor_MD,Transcriptome
ELP4,-0.050408136,Cytosol,Lung_Tumor_MD,Transcriptome
EMC1,0.0065116943,Secretory,Lung_Tumor_MD,Transcriptome
EMC10,0.015016014,Secretory,Lung_Tumor_MD,Transcriptome
EMC3,0.001071155,Secretory,Lung_Tumor_MD,Transcriptome
EMC4,0.058933817,Secretory,Lung_Tumor_MD,Transcriptome
EMC7,0.07408231,Secretory,Lung_Tumor_MD,Transcriptome
EMC8,-0.068338506,Secretory,Lung_Tumor_MD,Transcriptome
EMD,-0.18565568,Secretory,Lung_Tumor_MD,Transcriptome
EML3,-0.06922464,Cytosol,Lung_Tumor_MD,Transcriptome
EML4,-0.081556186,Cytosol,Lung_Tumor_MD,Transcriptome
ENAH,-0.047853556,Cytosol,Lung_Tumor_MD,Transcriptome
ENDOD1,0.0834689,Secretory,Lung_Tumor_MD,Transcriptome
ENDOG,0.012564537,Nucleus,Lung_Tumor_MD,Transcriptome
ENO1,-0.006486816,Cytosol,Lung_Tumor_MD,Transcriptome
ENO3,-0.07493193,Cytosol,Lung_Tumor_MD,Transcriptome
ENOPH1,-0.07180159,Cytosol,Lung_Tumor_MD,Transcriptome
ENSA,-0.1566866,Cytosol,Lung_Tumor_MD,Transcriptome
EPB41,-0.052597005,Mitochondria,Lung_Tumor_MD,Transcriptome
EPB41L5,-0.21865602,Secretory,Lung_Tumor_MD,Transcriptome
EPHA2,0.017193919,Secretory,Lung_Tumor_MD,Transcriptome
EPHB2,0.09617378,Secretory,Lung_Tumor_MD,Transcriptome
EPHB4,-0.1398527,Secretory,Lung_Tumor_MD,Transcriptome
EPHX1,-0.22167484,Secretory,Lung_Tumor_MD,Transcriptome
ERAL1,0.032478787,Mitochondria,Lung_Tumor_MD,Transcriptome
ERBB2,-0.03706416,Secretory,Lung_Tumor_MD,Transcriptome
ERC1,-0.04029487,Cytosol,Lung_Tumor_MD,Transcriptome
ERCC6L,-0.15600803,Cytosol,Lung_Tumor_MD,Transcriptome
ERF,0.009193079,Cytosol,Lung_Tumor_MD,Transcriptome
ERGIC1,0.08871522,Secretory,Lung_Tumor_MD,Transcriptome
ERGIC2,-0.1325943,Secretory,Lung_Tumor_MD,Transcriptome
ERGIC3,0.018604774,Secretory,Lung_Tumor_MD,Transcriptome
ERLEC1,0.092707515,Secretory,Lung_Tumor_MD,Transcriptome
ERLIN1,-0.084007,Secretory,Lung_Tumor_MD,Transcriptome
ERLIN2,-0.1502728,Secretory,Lung_Tumor_MD,Transcriptome
ERMP1,-0.25803348,Secretory,Lung_Tumor_MD,Transcriptome
ERP29,-0.04821468,Nucleus,Lung_Tumor_MD,Transcriptome
ESCO1,-0.04134172,Nucleus,Lung_Tumor_MD,Transcriptome
ESF1,-0.055385567,Nucleus,Lung_Tumor_MD,Transcriptome
ESRRA,-0.048175532,Nucleus,Lung_Tumor_MD,Transcriptome
ESYT1,-0.059976496,Secretory,Lung_Tumor_MD,Transcriptome
ESYT2,0.076931864,Secretory,Lung_Tumor_MD,Transcriptome
ETF1,-0.09242185,Cytosol,Lung_Tumor_MD,Transcriptome
ETFA,0.06860433,Mitochondria,Lung_Tumor_MD,Transcriptome
ETFDH,-0.10167546,Mitochondria,Lung_Tumor_MD,Transcriptome
EXD2,0.036544878,Mitochondria,Lung_Tumor_MD,Transcriptome
EXOG,-0.11084589,Mitochondria,Lung_Tumor_MD,Transcriptome
EXOSC10,-0.091154754,Nucleus,Lung_Tumor_MD,Transcriptome
EXOSC3,-0.004672327,Nucleus,Lung_Tumor_MD,Transcriptome
EXOSC5,0.0021585624,Nucleus,Lung_Tumor_MD,Transcriptome
EXOSC9,-0.03510748,Nucleus,Lung_Tumor_MD,Transcriptome
EXT2,0.059333086,Secretory,Lung_Tumor_MD,Transcriptome
EXTL3,0.07426236,Secretory,Lung_Tumor_MD,Transcriptome
EZR,-0.071298584,Cytosol,Lung_Tumor_MD,Transcriptome
FADS1,-0.23128764,Secretory,Lung_Tumor_MD,Transcriptome
FAF2,0.06927246,Secretory,Lung_Tumor_MD,Transcriptome
FAH,-0.08519974,Cytosol,Lung_Tumor_MD,Transcriptome
FAIM,-0.13342664,Cytosol,Lung_Tumor_MD,Transcriptome
FAM107B,-0.10361213,Cytosol,Lung_Tumor_MD,Transcriptome
FAM111A,-0.18065654,Nucleus,Lung_Tumor_MD,Transcriptome
FAM114A2,-0.09395961,Cytosol,Lung_Tumor_MD,Transcriptome
FAM120A,-0.013816808,Nucleus,Lung_Tumor_MD,Transcriptome
FAM136A,-0.049281508,Nucleus,Lung_Tumor_MD,Transcriptome
FAM162A,0.02843632,Mitochondria,Lung_Tumor_MD,Transcriptome
FAM168A,-0.029681291,Cytosol,Lung_Tumor_MD,Transcriptome
FAM177A1,-0.032528754,Secretory,Lung_Tumor_MD,Transcriptome
FAM20B,-0.23660962,Secretory,Lung_Tumor_MD,Transcriptome
FAM210A,0.041786753,Mitochondria,Lung_Tumor_MD,Transcriptome
FAM3C,0.05089082,Secretory,Lung_Tumor_MD,Transcriptome
FAM76A,-0.12005945,Nucleus,Lung_Tumor_MD,Transcriptome
FAM76B,-0.03813429,Nucleus,Lung_Tumor_MD,Transcriptome
FAM8A1,0.021696907,Secretory,Lung_Tumor_MD,Transcriptome
FAR1,-0.046623506,Secretory,Lung_Tumor_MD,Transcriptome
FARP2,0.024627926,Mitochondria,Lung_Tumor_MD,Transcriptome
FARSA,0.017967116,Nucleus,Lung_Tumor_MD,Transcriptome
FARSB,-0.04965232,Nucleus,Lung_Tumor_MD,Transcriptome
FAS,0.099603236,Secretory,Lung_Tumor_MD,Transcriptome
FASTKD1,0.030441515,Mitochondria,Lung_Tumor_MD,Transcriptome
FASTKD2,0.029542286,Mitochondria,Lung_Tumor_MD,Transcriptome
FASTKD5,0.04785831,Mitochondria,Lung_Tumor_MD,Transcriptome
FAT1,0.08342832,Secretory,Lung_Tumor_MD,Transcriptome
FBL,0.0021717572,Nucleus,Lung_Tumor_MD,Transcriptome
FBLIM1,-0.07937607,Cytosol,Lung_Tumor_MD,Transcriptome
FBRS,0.023074485,Nucleus,Lung_Tumor_MD,Transcriptome
FBXO11,-0.04483334,Nucleus,Lung_Tumor_MD,Transcriptome
FBXO28,-0.032971352,Nucleus,Lung_Tumor_MD,Transcriptome
FBXO3,-0.049034078,Cytosol,Lung_Tumor_MD,Transcriptome
FBXO30,-0.13858955,Cytosol,Lung_Tumor_MD,Transcriptome
FBXW5,-0.112116925,Cytosol,Lung_Tumor_MD,Transcriptome
FCF1,-0.087783225,Nucleus,Lung_Tumor_MD,Transcriptome
FCHSD2,-0.09808442,Cytosol,Lung_Tumor_MD,Transcriptome
FDFT1,-0.23641266,Secretory,Lung_Tumor_MD,Transcriptome
FDPS,-0.14463991,Cytosol,Lung_Tumor_MD,Transcriptome
FER,-0.089194395,Cytosol,Lung_Tumor_MD,Transcriptome
FHOD1,-0.07927065,Cytosol,Lung_Tumor_MD,Transcriptome
FIZ1,-0.010283845,Nucleus,Lung_Tumor_MD,Transcriptome
FKBP14,-0.22021192,Nucleus,Lung_Tumor_MD,Transcriptome
FKBP3,-0.08245176,Cytosol,Lung_Tumor_MD,Transcriptome
FKBP4,-0.080840565,Cytosol,Lung_Tumor_MD,Transcriptome
FKBP8,-0.15782851,Secretory,Lung_Tumor_MD,Transcriptome
FKBPL,-0.05785892,Cytosol,Lung_Tumor_MD,Transcriptome
FLCN,-0.0674004,Cytosol,Lung_Tumor_MD,Transcriptome
FLNA,-0.08817689,Cytosol,Lung_Tumor_MD,Transcriptome
FLNB,-0.0631523,Cytosol,Lung_Tumor_MD,Transcriptome
FLOT1,0.07368315,Secretory,Lung_Tumor_MD,Transcriptome
FLOT2,0.06182923,Secretory,Lung_Tumor_MD,Transcriptome
FLVCR1,-0.22141238,Secretory,Lung_Tumor_MD,Transcriptome
FMNL2,-0.23525928,Secretory,Lung_Tumor_MD,Transcriptome
FNBP1,-0.100647554,Cytosol,Lung_Tumor_MD,Transcriptome
FNBP1L,-0.048342787,Cytosol,Lung_Tumor_MD,Transcriptome
FNBP4,-0.030907467,Nucleus,Lung_Tumor_MD,Transcriptome
FNDC3A,0.090690024,Secretory,Lung_Tumor_MD,Transcriptome
FNDC3B,0.09766159,Secretory,Lung_Tumor_MD,Transcriptome
FNIP1,-0.07036711,Cytosol,Lung_Tumor_MD,Transcriptome
FOXJ2,0.021347323,Nucleus,Lung_Tumor_MD,Transcriptome
FOXK1,0.0057059275,Nucleus,Lung_Tumor_MD,Transcriptome
FOXK2,-0.0074603455,Nucleus,Lung_Tumor_MD,Transcriptome
FOXO3,-0.08760167,Cytosol,Lung_Tumor_MD,Transcriptome
FOXRED1,0.030812452,Mitochondria,Lung_Tumor_MD,Transcriptome
FPGT,-0.038691416,Cytosol,Lung_Tumor_MD,Transcriptome
FRRS1,0.010307486,Secretory,Lung_Tumor_MD,Transcriptome
FSCN1,-0.049745105,Cytosol,Lung_Tumor_MD,Transcriptome
FTSJ1,-0.08341196,Cytosol,Lung_Tumor_MD,Transcriptome
FUNDC2,-0.17237797,Mitochondria,Lung_Tumor_MD,Transcriptome
FURIN,0.08599008,Secretory,Lung_Tumor_MD,Transcriptome
FUT8,0.09414629,Secretory,Lung_Tumor_MD,Transcriptome
FXR2,0.029192457,Nucleus,Lung_Tumor_MD,Transcriptome
FYTTD1,-0.03898201,Nucleus,Lung_Tumor_MD,Transcriptome
FZD6,-0.17776537,Secretory,Lung_Tumor_MD,Transcriptome
FZD7,-0.2441716,Secretory,Lung_Tumor_MD,Transcriptome
G6PD,-0.14193316,Cytosol,Lung_Tumor_MD,Transcriptome
GABARAP,-0.056646977,Cytosol,Lung_Tumor_MD,Transcriptome
GABPA,-0.038798925,Nucleus,Lung_Tumor_MD,Transcriptome
GADD45GIP1,-0.18396604,Secretory,Lung_Tumor_MD,Transcriptome
GALE,-0.07272711,Cytosol,Lung_Tumor_MD,Transcriptome
GALK1,-0.11166083,Cytosol,Lung_Tumor_MD,Transcriptome
GALK2,-0.10109818,Cytosol,Lung_Tumor_MD,Transcriptome
GALNT1,-0.112405784,Secretory,Lung_Tumor_MD,Transcriptome
GALNT10,0.100454085,Secretory,Lung_Tumor_MD,Transcriptome
GALNT2,0.087384656,Secretory,Lung_Tumor_MD,Transcriptome
GALNT7,0.043433134,Secretory,Lung_Tumor_MD,Transcriptome
GAPDH,-0.09783896,Cytosol,Lung_Tumor_MD,Transcriptome
GAR1,-0.039135937,Nucleus,Lung_Tumor_MD,Transcriptome
GART,-0.12671642,Cytosol,Lung_Tumor_MD,Transcriptome
GATAD1,-0.021517327,Nucleus,Lung_Tumor_MD,Transcriptome
GBA2,-0.18812631,Secretory,Lung_Tumor_MD,Transcriptome
GBE1,-0.097113624,Cytosol,Lung_Tumor_MD,Transcriptome
GBP2,-0.09797159,Cytosol,Lung_Tumor_MD,Transcriptome
GCLM,-0.14280984,Cytosol,Lung_Tumor_MD,Transcriptome
GCSH,0.050615262,Mitochondria,Lung_Tumor_MD,Transcriptome
GDAP1,0.07524187,Mitochondria,Lung_Tumor_MD,Transcriptome
GDE1,0.06582945,Secretory,Lung_Tumor_MD,Transcriptome
GDI2,-0.05198284,Cytosol,Lung_Tumor_MD,Transcriptome
GDPD1,-0.20403561,Secretory,Lung_Tumor_MD,Transcriptome
GEMIN5,-0.12808168,Cytosol,Lung_Tumor_MD,Transcriptome
GGA1,-0.114493296,Cytosol,Lung_Tumor_MD,Transcriptome
GGA3,-0.103795655,Cytosol,Lung_Tumor_MD,Transcriptome
GGCT,-0.16771077,Cytosol,Lung_Tumor_MD,Transcriptome
GGCX,-0.2534457,Secretory,Lung_Tumor_MD,Transcriptome
GIPC1,-0.104946755,Cytosol,Lung_Tumor_MD,Transcriptome
GLA,-0.030559458,Nucleus,Lung_Tumor_MD,Transcriptome
GLCE,-0.17125717,Secretory,Lung_Tumor_MD,Transcriptome
GLE1,-0.011903681,Nucleus,Lung_Tumor_MD,Transcriptome
GLG1,0.027700825,Secretory,Lung_Tumor_MD,Transcriptome
GLIPR2,0.0989759,Secretory,Lung_Tumor_MD,Transcriptome
GLOD4,-0.07265518,Cytosol,Lung_Tumor_MD,Transcriptome
GLRX,-0.100898914,Cytosol,Lung_Tumor_MD,Transcriptome
GLRX3,-0.12183159,Cytosol,Lung_Tumor_MD,Transcriptome
GLS,-0.14507286,Mitochondria,Lung_Tumor_MD,Transcriptome
GLUL,-0.09381023,Cytosol,Lung_Tumor_MD,Transcriptome
GMFB,-0.020881811,Cytosol,Lung_Tumor_MD,Transcriptome
GMIP,-0.055049792,Cytosol,Lung_Tumor_MD,Transcriptome
GMPPA,-0.08807154,Cytosol,Lung_Tumor_MD,Transcriptome
GMPPB,-0.09097923,Cytosol,Lung_Tumor_MD,Transcriptome
GMPR2,-0.093059026,Cytosol,Lung_Tumor_MD,Transcriptome
GNA13,-0.22980452,Secretory,Lung_Tumor_MD,Transcriptome
GNAI1,0.016768526,Secretory,Lung_Tumor_MD,Transcriptome
GNAI2,0.09818501,Secretory,Lung_Tumor_MD,Transcriptome
GNAI3,0.022006622,Secretory,Lung_Tumor_MD,Transcriptome
GNAQ,0.05513179,Secretory,Lung_Tumor_MD,Transcriptome
GNAS,-0.02717425,Secretory,Lung_Tumor_MD,Transcriptome
GNB1,0.06301757,Secretory,Lung_Tumor_MD,Transcriptome
GNB1L,-0.10112906,Cytosol,Lung_Tumor_MD,Transcriptome
GNB2,-0.16385014,Secretory,Lung_Tumor_MD,Transcriptome
GNL2,-0.058227144,Nucleus,Lung_Tumor_MD,Transcriptome
GNPAT,-0.20334762,Secretory,Lung_Tumor_MD,Transcriptome
GNPDA2,-0.03870124,Cytosol,Lung_Tumor_MD,Transcriptome
GNPNAT1,-0.060219686,Cytosol,Lung_Tumor_MD,Transcriptome
GNPTAB,0.09020324,Secretory,Lung_Tumor_MD,Transcriptome
GOLGA1,-0.20426574,Secretory,Lung_Tumor_MD,Transcriptome
GOLGA2,-0.19898248,Secretory,Lung_Tumor_MD,Transcriptome
GOLGA3,-0.03205792,Cytosol,Lung_Tumor_MD,Transcriptome
GOLGA4,-0.10372494,Nucleus,Lung_Tumor_MD,Transcriptome
GOLGA5,-0.038948525,Secretory,Lung_Tumor_MD,Transcriptome
GOLGA7,-0.15688822,Secretory,Lung_Tumor_MD,Transcriptome
GOLGB1,-0.18450168,Secretory,Lung_Tumor_MD,Transcriptome
GOLIM4,-0.23045199,Secretory,Lung_Tumor_MD,Transcriptome
GOLM1,0.10057953,Secretory,Lung_Tumor_MD,Transcriptome
GOLPH3L,-0.12400839,Cytosol,Lung_Tumor_MD,Transcriptome
GOLT1B,-0.020081313,Secretory,Lung_Tumor_MD,Transcriptome
GORASP1,0.04706517,Secretory,Lung_Tumor_MD,Transcriptome
GORASP2,-0.20009609,Secretory,Lung_Tumor_MD,Transcriptome
GOSR1,-0.24495256,Secretory,Lung_Tumor_MD,Transcriptome
GPATCH4,-0.030929705,Nucleus,Lung_Tumor_MD,Transcriptome
GPATCH8,-0.038900718,Nucleus,Lung_Tumor_MD,Transcriptome
GPCPD1,-0.10459727,Cytosol,Lung_Tumor_MD,Transcriptome
GPD1L,-0.049188647,Cytosol,Lung_Tumor_MD,Transcriptome
GPD2,0.027919201,Mitochondria,Lung_Tumor_MD,Transcriptome
GPI,-0.11777079,Cytosol,Lung_Tumor_MD,Transcriptome
GPN1,-0.17178625,Cytosol,Lung_Tumor_MD,Transcriptome
GPN3,-0.1579975,Cytosol,Lung_Tumor_MD,Transcriptome
GPR107,-0.20065415,Secretory,Lung_Tumor_MD,Transcriptome
GPR108,-0.16318552,Secretory,Lung_Tumor_MD,Transcriptome
GPR180,0.057219934,Secretory,Lung_Tumor_MD,Transcriptome
GPRC5A,0.10422665,Secretory,Lung_Tumor_MD,Transcriptome
GPSM1,-0.0046339924,Cytosol,Lung_Tumor_MD,Transcriptome
GPX4,-0.06333841,Cytosol,Lung_Tumor_MD,Transcriptome
GPX8,0.10350633,Secretory,Lung_Tumor_MD,Transcriptome
GRAMD1A,0.08180669,Secretory,Lung_Tumor_MD,Transcriptome
GRAMD4,0.05596155,Secretory,Lung_Tumor_MD,Transcriptome
GRHPR,-0.10668633,Cytosol,Lung_Tumor_MD,Transcriptome
GRIPAP1,-0.053224415,Cytosol,Lung_Tumor_MD,Transcriptome
GRSF1,-0.05592076,Secretory,Lung_Tumor_MD,Transcriptome
GSE1,-0.058929466,Nucleus,Lung_Tumor_MD,Transcriptome
GSK3A,0.011593222,Cytosol,Lung_Tumor_MD,Transcriptome
GSK3B,-0.12760907,Cytosol,Lung_Tumor_MD,Transcriptome
GSN,-0.12848724,Cytosol,Lung_Tumor_MD,Transcriptome
GSPT1,-0.14762545,Cytosol,Lung_Tumor_MD,Transcriptome
GSR,-0.14186926,Cytosol,Lung_Tumor_MD,Transcriptome
GSS,-0.10521064,Cytosol,Lung_Tumor_MD,Transcriptome
GSTO1,-0.03966615,Cytosol,Lung_Tumor_MD,Transcriptome
GTF3A,-0.15973252,Cytosol,Lung_Tumor_MD,Transcriptome
GTF3C2,-0.025964689,Nucleus,Lung_Tumor_MD,Transcriptome
GTPBP10,-0.18943508,Secretory,Lung_Tumor_MD,Transcriptome
GTPBP6,-0.0042033223,Mitochondria,Lung_Tumor_MD,Transcriptome
GUF1,0.03607804,Mitochondria,Lung_Tumor_MD,Transcriptome
GUK1,-0.08648253,Cytosol,Lung_Tumor_MD,Transcriptome
HADHA,0.04943933,Mitochondria,Lung_Tumor_MD,Transcriptome
HADHB,0.07880589,Mitochondria,Lung_Tumor_MD,Transcriptome
HAGH,-0.06889482,Cytosol,Lung_Tumor_MD,Transcriptome
HAUS3,-0.028289078,Cytosol,Lung_Tumor_MD,Transcriptome
HAUS8,-0.10381437,Cytosol,Lung_Tumor_MD,Transcriptome
HAX1,0.025981795,Mitochondria,Lung_Tumor_MD,Transcriptome
HCCS,0.044003114,Mitochondria,Lung_Tumor_MD,Transcriptome
HCFC1,0.029175883,Nucleus,Lung_Tumor_MD,Transcriptome
HDAC2,-0.03808416,Nucleus,Lung_Tumor_MD,Transcriptome
HDAC4,-0.13594149,Cytosol,Lung_Tumor_MD,Transcriptome
HDAC7,-0.03776875,Cytosol,Lung_Tumor_MD,Transcriptome
HDAC8,-0.025878515,Cytosol,Lung_Tumor_MD,Transcriptome
HDDC2,-0.100367986,Cytosol,Lung_Tumor_MD,Transcriptome
HDLBP,-0.21783814,Nucleus,Lung_Tumor_MD,Transcriptome
HEATR1,-0.039053172,Nucleus,Lung_Tumor_MD,Transcriptome
HEBP1,-0.07595209,Cytosol,Lung_Tumor_MD,Transcriptome
HECTD4,-0.0541367,Cytosol,Lung_Tumor_MD,Transcriptome
HELZ,-0.042605016,Nucleus,Lung_Tumor_MD,Transcriptome
HELZ2,-0.21434787,Nucleus,Lung_Tumor_MD,Transcriptome
HERC1,-0.101393536,Cytosol,Lung_Tumor_MD,Transcriptome
HERC2,-0.053271484,Secretory,Lung_Tumor_MD,Transcriptome
HERC5,-0.21404278,Nucleus,Lung_Tumor_MD,Transcriptome
HINT3,-0.06126432,Secretory,Lung_Tumor_MD,Transcriptome
HIP1,-0.20405646,Mitochondria,Lung_Tumor_MD,Transcriptome
HIRIP3,-0.036019918,Nucleus,Lung_Tumor_MD,Transcriptome
HLA-A,0.0970717,Secretory,Lung_Tumor_MD,Transcriptome
HLA-C,0.09767686,Secretory,Lung_Tumor_MD,Transcriptome
HLA-E,0.09768678,Secretory,Lung_Tumor_MD,Transcriptome
HLA-F,0.098256536,Secretory,Lung_Tumor_MD,Transcriptome
HLTF,-0.04121953,Nucleus,Lung_Tumor_MD,Transcriptome
HM13,0.058440078,Secretory,Lung_Tumor_MD,Transcriptome
HMG20A,-0.20999609,Nucleus,Lung_Tumor_MD,Transcriptome
HMGCS1,-0.15785092,Cytosol,Lung_Tumor_MD,Transcriptome
HMGXB4,-0.056865834,Nucleus,Lung_Tumor_MD,Transcriptome
HMOX2,-0.05806039,Secretory,Lung_Tumor_MD,Transcriptome
HNRNPA0,0.012337052,Nucleus,Lung_Tumor_MD,Transcriptome
HNRNPA1,-0.057344258,Nucleus,Lung_Tumor_MD,Transcriptome
HNRNPA2B1,-0.038015153,Nucleus,Lung_Tumor_MD,Transcriptome
HNRNPA3,-0.031450506,Nucleus,Lung_Tumor_MD,Transcriptome
HNRNPAB,0.0183975,Nucleus,Lung_Tumor_MD,Transcriptome
HNRNPC,-0.08382938,Nucleus,Lung_Tumor_MD,Transcriptome
HNRNPD,-0.037807774,Nucleus,Lung_Tumor_MD,Transcriptome
HNRNPDL,-0.065816924,Nucleus,Lung_Tumor_MD,Transcriptome
HNRNPH1,-0.14653213,Nucleus,Lung_Tumor_MD,Transcriptome
HNRNPH2,-0.05167541,Nucleus,Lung_Tumor_MD,Transcriptome
HNRNPH3,-0.044671625,Nucleus,Lung_Tumor_MD,Transcriptome
HNRNPK,-0.020372419,Nucleus,Lung_Tumor_MD,Transcriptome
HNRNPL,0.0076093525,Nucleus,Lung_Tumor_MD,Transcriptome
HNRNPM,0.020121094,Nucleus,Lung_Tumor_MD,Transcriptome
HNRNPR,-0.044996664,Nucleus,Lung_Tumor_MD,Transcriptome
HNRNPUL1,-0.011857368,Nucleus,Lung_Tumor_MD,Transcriptome
HOOK3,-0.0902467,Cytosol,Lung_Tumor_MD,Transcriptome
HP1BP3,-0.041894216,Nucleus,Lung_Tumor_MD,Transcriptome
HPSE,-0.26554894,Secretory,Lung_Tumor_MD,Transcriptome
HRAS,-0.20158754,Secretory,Lung_Tumor_MD,Transcriptome
HS1BP3,-0.15759198,Cytosol,Lung_Tumor_MD,Transcriptome
HS2ST1,0.050067466,Secretory,Lung_Tumor_MD,Transcriptome
HSBP1,-0.035939973,Cytosol,Lung_Tumor_MD,Transcriptome
HSD17B11,0.09747034,Secretory,Lung_Tumor_MD,Transcriptome
HSD17B12,-0.031573057,Secretory,Lung_Tumor_MD,Transcriptome
HSD17B7,-0.26461685,Secretory,Lung_Tumor_MD,Transcriptome
HSDL1,0.029036844,Mitochondria,Lung_Tumor_MD,Transcriptome
HSP90AA1,-0.08611441,Cytosol,Lung_Tumor_MD,Transcriptome
HSP90AB1,-0.07943361,Cytosol,Lung_Tumor_MD,Transcriptome
HSPA14,-0.08021752,Cytosol,Lung_Tumor_MD,Transcriptome
HSPA4,-0.05513127,Cytosol,Lung_Tumor_MD,Transcriptome
HSPA4L,-0.16117068,Cytosol,Lung_Tumor_MD,Transcriptome
HSPB1,-0.09086308,Cytosol,Lung_Tumor_MD,Transcriptome
HSPB8,-0.103979714,Cytosol,Lung_Tumor_MD,Transcriptome
HSPBP1,0.004762905,Cytosol,Lung_Tumor_MD,Transcriptome
HSPH1,-0.14738095,Cytosol,Lung_Tumor_MD,Transcriptome
HTATIP2,-0.22123733,Secretory,Lung_Tumor_MD,Transcriptome
HTT,-0.04098547,Cytosol,Lung_Tumor_MD,Transcriptome
IAH1,-0.16878626,Cytosol,Lung_Tumor_MD,Transcriptome
IDE,-0.050988413,Cytosol,Lung_Tumor_MD,Transcriptome
IDH1,-0.14491849,Cytosol,Lung_Tumor_MD,Transcriptome
IDI1,-0.105191454,Cytosol,Lung_Tumor_MD,Transcriptome
IDS,-0.20597094,Nucleus,Lung_Tumor_MD,Transcriptome
IFIT5,-0.09816147,Cytosol,Lung_Tumor_MD,Transcriptome
IFNGR1,0.10281152,Secretory,Lung_Tumor_MD,Transcriptome
IFT27,-0.15602888,Cytosol,Lung_Tumor_MD,Transcriptome
IFT81,-0.09949334,Cytosol,Lung_Tumor_MD,Transcriptome
IFT88,-0.02982983,Cytosol,Lung_Tumor_MD,Transcriptome
IGF1R,-0.19571692,Secretory,Lung_Tumor_MD,Transcriptome
IGF2BP2,-0.039175123,Nucleus,Lung_Tumor_MD,Transcriptome
IGF2R,-0.12416538,Secretory,Lung_Tumor_MD,Transcriptome
IGSF3,-0.2428635,Secretory,Lung_Tumor_MD,Transcriptome
IGSF8,-0.22658819,Secretory,Lung_Tumor_MD,Transcriptome
IK,-0.12915462,Nucleus,Lung_Tumor_MD,Transcriptome
IKBIP,0.10145464,Secretory,Lung_Tumor_MD,Transcriptome
IL1RAP,0.09130416,Secretory,Lung_Tumor_MD,Transcriptome
IL6ST,0.09697774,Secretory,Lung_Tumor_MD,Transcriptome
ILF2,-0.051365215,Nucleus,Lung_Tumor_MD,Transcriptome
ILF3,0.025650704,Nucleus,Lung_Tumor_MD,Transcriptome
ILVBL,-0.18419108,Secretory,Lung_Tumor_MD,Transcriptome
IMMT,0.048997417,Mitochondria,Lung_Tumor_MD,Transcriptome
IMP3,-0.054618817,Nucleus,Lung_Tumor_MD,Transcriptome
IMP4,-0.06360718,Nucleus,Lung_Tumor_MD,Transcriptome
IMPA1,-0.040051084,Cytosol,Lung_Tumor_MD,Transcriptome
IMPACT,-0.14783934,Cytosol,Lung_Tumor_MD,Transcriptome
IMPDH1,-0.11201158,Cytosol,Lung_Tumor_MD,Transcriptome
INCENP,-0.0018935456,Nucleus,Lung_Tumor_MD,Transcriptome
ING1,-0.17111044,Nucleus,Lung_Tumor_MD,Transcriptome
ING5,-0.0077518197,Nucleus,Lung_Tumor_MD,Transcriptome
INO80,-0.17523219,Nucleus,Lung_Tumor_MD,Transcriptome
INPP1,-0.10437293,Cytosol,Lung_Tumor_MD,Transcriptome
INPP4A,-0.10122627,Cytosol,Lung_Tumor_MD,Transcriptome
INPP5A,0.044466898,Secretory,Lung_Tumor_MD,Transcriptome
INPP5K,-0.12702101,Secretory,Lung_Tumor_MD,Transcriptome
INPPL1,-0.024259547,Cytosol,Lung_Tumor_MD,Transcriptome
INSR,0.007217878,Secretory,Lung_Tumor_MD,Transcriptome
INTS3,-0.016171739,Nucleus,Lung_Tumor_MD,Transcriptome
IQSEC2,-0.06565423,Cytosol,Lung_Tumor_MD,Transcriptome
IRAK4,-0.14414531,Cytosol,Lung_Tumor_MD,Transcriptome
IREB2,-0.14309934,Cytosol,Lung_Tumor_MD,Transcriptome
IRF2BP1,0.009501191,Nucleus,Lung_Tumor_MD,Transcriptome
IRF2BPL,0.021871487,Nucleus,Lung_Tumor_MD,Transcriptome
IRF3,-0.035824668,Cytosol,Lung_Tumor_MD,Transcriptome
IRF9,-0.09752734,Cytosol,Lung_Tumor_MD,Transcriptome
IRS1,-0.09251794,Cytosol,Lung_Tumor_MD,Transcriptome
IRS2,-0.15142924,Cytosol,Lung_Tumor_MD,Transcriptome
ISG20L2,-0.023697715,Nucleus,Lung_Tumor_MD,Transcriptome
IST1,-0.02278105,Cytosol,Lung_Tumor_MD,Transcriptome
ITFG1,0.014588957,Secretory,Lung_Tumor_MD,Transcriptome
ITGA2,0.04980447,Secretory,Lung_Tumor_MD,Transcriptome
ITGA3,0.09398834,Secretory,Lung_Tumor_MD,Transcriptome
ITGA5,0.09577246,Secretory,Lung_Tumor_MD,Transcriptome
ITGA6,-0.19561708,Secretory,Lung_Tumor_MD,Transcriptome
ITGAV,0.103094295,Secretory,Lung_Tumor_MD,Transcriptome
ITGB1,0.103256114,Secretory,Lung_Tumor_MD,Transcriptome
ITGB4,-0.021918545,Secretory,Lung_Tumor_MD,Transcriptome
ITM2B,0.06438419,Secretory,Lung_Tumor_MD,Transcriptome
ITPA,-0.17328876,Cytosol,Lung_Tumor_MD,Transcriptome
ITPKC,-0.0037976739,Cytosol,Lung_Tumor_MD,Transcriptome
ITPR2,0.098854356,Secretory,Lung_Tumor_MD,Transcriptome
ITPR3,-0.10222987,Secretory,Lung_Tumor_MD,Transcriptome
IWS1,-0.031939916,Nucleus,Lung_Tumor_MD,Transcriptome
JAGN1,-0.15271929,Secretory,Lung_Tumor_MD,Transcriptome
JAK1,0.102730736,Secretory,Lung_Tumor_MD,Transcriptome
JAK2,0.094152994,Secretory,Lung_Tumor_MD,Transcriptome
JMJD1C,-0.21227224,Nucleus,Lung_Tumor_MD,Transcriptome
JPH1,-0.2123,Secretory,Lung_Tumor_MD,Transcriptome
JTB,-0.2536859,Secretory,Lung_Tumor_MD,Transcriptome
JUP,0.021386413,Mitochondria,Lung_Tumor_MD,Transcriptome
KAT6A,-0.075920545,Nucleus,Lung_Tumor_MD,Transcriptome
KAT7,-0.043931566,Nucleus,Lung_Tumor_MD,Transcriptome
KCMF1,-0.16838773,Cytosol,Lung_Tumor_MD,Transcriptome
KCTD9,-0.029624345,Cytosol,Lung_Tumor_MD,Transcriptome
KDM1A,-0.052747812,Nucleus,Lung_Tumor_MD,Transcriptome
KDM2A,-0.13318989,Nucleus,Lung_Tumor_MD,Transcriptome
KDM3B,0.03030911,Nucleus,Lung_Tumor_MD,Transcriptome
KDM4A,-0.041027166,Nucleus,Lung_Tumor_MD,Transcriptome
KDM5B,-0.06264384,Nucleus,Lung_Tumor_MD,Transcriptome
KDSR,-0.18902571,Secretory,Lung_Tumor_MD,Transcriptome
KHK,-0.14751802,Cytosol,Lung_Tumor_MD,Transcriptome
KIAA0319L,0.07826463,Secretory,Lung_Tumor_MD,Transcriptome
KIAA0513,-0.09582955,Cytosol,Lung_Tumor_MD,Transcriptome
KIDINS220,-0.23674457,Secretory,Lung_Tumor_MD,Transcriptome
KIF13B,-0.10324229,Cytosol,Lung_Tumor_MD,Transcriptome
KIF14,-0.23016414,Secretory,Lung_Tumor_MD,Transcriptome
KIF15,-0.16166706,Cytosol,Lung_Tumor_MD,Transcriptome
KIF21A,-0.15874247,Cytosol,Lung_Tumor_MD,Transcriptome
KIF22,-0.035143223,Nucleus,Lung_Tumor_MD,Transcriptome
KIF3B,-0.14225547,Cytosol,Lung_Tumor_MD,Transcriptome
KIF4A,-0.056671888,Nucleus,Lung_Tumor_MD,Transcriptome
KIF5B,-0.06772893,Cytosol,Lung_Tumor_MD,Transcriptome
KLC2,-0.07805015,Cytosol,Lung_Tumor_MD,Transcriptome
KLC4,-0.060182657,Cytosol,Lung_Tumor_MD,Transcriptome
KLHL11,-0.16438103,Cytosol,Lung_Tumor_MD,Transcriptome
KLHL26,-0.08483691,Cytosol,Lung_Tumor_MD,Transcriptome
KLHL36,-0.026362162,Cytosol,Lung_Tumor_MD,Transcriptome
KMT2A,-0.08842519,Nucleus,Lung_Tumor_MD,Transcriptome
KNTC1,-0.13985536,Cytosol,Lung_Tumor_MD,Transcriptome
KPNA2,-0.17217986,Cytosol,Lung_Tumor_MD,Transcriptome
KPNA4,-0.15288678,Cytosol,Lung_Tumor_MD,Transcriptome
KRAS,-0.16328658,Secretory,Lung_Tumor_MD,Transcriptome
KRI1,0.016188243,Nucleus,Lung_Tumor_MD,Transcriptome
KRR1,-0.036099378,Nucleus,Lung_Tumor_MD,Transcriptome
KRT80,-0.08364383,Cytosol,Lung_Tumor_MD,Transcriptome
KTN1,-0.077467196,Secretory,Lung_Tumor_MD,Transcriptome
L2HGDH,0.07845265,Mitochondria,Lung_Tumor_MD,Transcriptome
LACTB,0.09861497,Secretory,Lung_Tumor_MD,Transcriptome
LAMA5,-0.0142560685,Secretory,Lung_Tumor_MD,Transcriptome
LAMB3,0.088431776,Secretory,Lung_Tumor_MD,Transcriptome
LAMP1,0.0661906,Secretory,Lung_Tumor_MD,Transcriptome
LAMP2,0.03145655,Secretory,Lung_Tumor_MD,Transcriptome
LAMTOR1,-0.026429478,Secretory,Lung_Tumor_MD,Transcriptome
LAMTOR3,0.0099786585,Secretory,Lung_Tumor_MD,Transcriptome
LARP1,0.030902117,Nucleus,Lung_Tumor_MD,Transcriptome
LARP1B,-0.03494318,Nucleus,Lung_Tumor_MD,Transcriptome
LARP4B,-0.051829968,Nucleus,Lung_Tumor_MD,Transcriptome
LARP7,-0.0363064,Nucleus,Lung_Tumor_MD,Transcriptome
LAS1L,-0.060904685,Nucleus,Lung_Tumor_MD,Transcriptome
LASP1,-0.024878398,Cytosol,Lung_Tumor_MD,Transcriptome
LBR,-0.19406028,Secretory,Lung_Tumor_MD,Transcriptome
LCLAT1,-0.24892211,Secretory,Lung_Tumor_MD,Transcriptome
LDHB,-0.073221855,Cytosol,Lung_Tumor_MD,Transcriptome
LDLR,-0.20049094,Secretory,Lung_Tumor_MD,Transcriptome
LEMD2,-0.0107387975,Mitochondria,Lung_Tumor_MD,Transcriptome
LEMD3,-0.0327732,Nucleus,Lung_Tumor_MD,Transcriptome
LEO1,-0.14840598,Nucleus,Lung_Tumor_MD,Transcriptome
LETM1,-0.07869957,Mitochondria,Lung_Tumor_MD,Transcriptome
LGALSL,-0.14653417,Cytosol,Lung_Tumor_MD,Transcriptome
LIMD1,0.004960624,Cytosol,Lung_Tumor_MD,Transcriptome
LIMS1,-0.093077004,Cytosol,Lung_Tumor_MD,Transcriptome
LIN7C,-0.07385428,Secretory,Lung_Tumor_MD,Transcriptome
LLGL2,-0.06488922,Secretory,Lung_Tumor_MD,Transcriptome
LLPH,-0.03334983,Nucleus,Lung_Tumor_MD,Transcriptome
LMAN1,0.025366355,Secretory,Lung_Tumor_MD,Transcriptome
LMAN2,0.098717995,Secretory,Lung_Tumor_MD,Transcriptome
LMAN2L,-0.24459231,Secretory,Lung_Tumor_MD,Transcriptome
LMBRD1,0.07669439,Secretory,Lung_Tumor_MD,Transcriptome
LMBRD2,-0.15432763,Secretory,Lung_Tumor_MD,Transcriptome
LMCD1,-0.10464162,Cytosol,Lung_Tumor_MD,Transcriptome
LMNA,-0.12319681,Nucleus,Lung_Tumor_MD,Transcriptome
LMNB1,-0.07115669,Nucleus,Lung_Tumor_MD,Transcriptome
LMTK2,-0.18496607,Secretory,Lung_Tumor_MD,Transcriptome
LNPEP,0.073654346,Secretory,Lung_Tumor_MD,Transcriptome
LPCAT1,0.09524658,Secretory,Lung_Tumor_MD,Transcriptome
LPCAT2,0.08744072,Secretory,Lung_Tumor_MD,Transcriptome
LPCAT4,-0.21106397,Secretory,Lung_Tumor_MD,Transcriptome
LPGAT1,-0.18781838,Secretory,Lung_Tumor_MD,Transcriptome
LPIN2,-0.10370176,Cytosol,Lung_Tumor_MD,Transcriptome
LPP,-0.14514937,Cytosol,Lung_Tumor_MD,Transcriptome
LRCH4,0.046854362,Secretory,Lung_Tumor_MD,Transcriptome
LRIF1,-0.045507938,Nucleus,Lung_Tumor_MD,Transcriptome
LRP1,0.07548122,Secretory,Lung_Tumor_MD,Transcriptome
LRP10,0.04495798,Secretory,Lung_Tumor_MD,Transcriptome
LRPAP1,-0.16667284,Nucleus,Lung_Tumor_MD,Transcriptome
LRRC1,0.038782317,Mitochondria,Lung_Tumor_MD,Transcriptome
LRRC59,-0.22947465,Secretory,Lung_Tumor_MD,Transcriptome
LRRC8A,-0.21637462,Secretory,Lung_Tumor_MD,Transcriptome
LRRC8D,-0.238046,Secretory,Lung_Tumor_MD,Transcriptome
LRSAM1,-0.0011515676,Cytosol,Lung_Tumor_MD,Transcriptome
LSM1,-0.10524075,Cytosol,Lung_Tumor_MD,Transcriptome
LSS,-0.17848842,Secretory,Lung_Tumor_MD,Transcriptome
LTA4H,-0.0563794,Cytosol,Lung_Tumor_MD,Transcriptome
LTBR,-0.0031589791,Secretory,Lung_Tumor_MD,Transcriptome
LYAR,-0.06848986,Nucleus,Lung_Tumor_MD,Transcriptome
LYN,0.09959603,Secretory,Lung_Tumor_MD,Transcriptome
LYPLA1,-0.062857606,Cytosol,Lung_Tumor_MD,Transcriptome
LYRM1,0.072596185,Mitochondria,Lung_Tumor_MD,Transcriptome
LYRM7,0.012066504,Mitochondria,Lung_Tumor_MD,Transcriptome
LYSMD2,-0.100389816,Cytosol,Lung_Tumor_MD,Transcriptome
LZIC,-0.11760982,Cytosol,Lung_Tumor_MD,Transcriptome
LZTFL1,-0.043768078,Cytosol,Lung_Tumor_MD,Transcriptome
M6PR,-0.1288531,Secretory,Lung_Tumor_MD,Transcriptome
MACROD1,0.03931456,Mitochondria,Lung_Tumor_MD,Transcriptome
MAD1L1,0.023560457,Nucleus,Lung_Tumor_MD,Transcriptome
MAD2L1,-0.12494926,Cytosol,Lung_Tumor_MD,Transcriptome
MAF1,-0.0803308,Cytosol,Lung_Tumor_MD,Transcriptome
MAGI3,-0.10107953,Cytosol,Lung_Tumor_MD,Transcriptome
MALT1,-0.025433639,Cytosol,Lung_Tumor_MD,Transcriptome
MAN1A2,0.042407613,Secretory,Lung_Tumor_MD,Transcriptome
MAN1B1,-0.19600202,Secretory,Lung_Tumor_MD,Transcriptome
MAN2A1,0.09466466,Secretory,Lung_Tumor_MD,Transcriptome
MAN2A2,-0.07409792,Secretory,Lung_Tumor_MD,Transcriptome
MANBAL,-0.045222323,Secretory,Lung_Tumor_MD,Transcriptome
MAP2K1,-0.067219004,Cytosol,Lung_Tumor_MD,Transcriptome
MAP3K7,-0.07233007,Cytosol,Lung_Tumor_MD,Transcriptome
MAP4,-0.0819887,Cytosol,Lung_Tumor_MD,Transcriptome
MAP4K2,0.0024948653,Cytosol,Lung_Tumor_MD,Transcriptome
MAP4K3,-0.14878781,Cytosol,Lung_Tumor_MD,Transcriptome
MAP4K5,-0.028398147,Cytosol,Lung_Tumor_MD,Transcriptome
MAPK1,-0.14975724,Cytosol,Lung_Tumor_MD,Transcriptome
MAPK12,-0.14452574,Cytosol,Lung_Tumor_MD,Transcriptome
MAPK14,-0.042975396,Cytosol,Lung_Tumor_MD,Transcriptome
MAPK8,-0.033341587,Cytosol,Lung_Tumor_MD,Transcriptome
MAPK9,-0.061468016,Cytosol,Lung_Tumor_MD,Transcriptome
MAPKAP1,-0.12282874,Cytosol,Lung_Tumor_MD,Transcriptome
MAPRE1,-0.15364046,Cytosol,Lung_Tumor_MD,Transcriptome
MAST4,0.005740812,Cytosol,Lung_Tumor_MD,Transcriptome
MAT2A,-0.15203996,Cytosol,Lung_Tumor_MD,Transcriptome
MAT2B,-0.084744066,Cytosol,Lung_Tumor_MD,Transcriptome
MATR3,-0.11766654,Nucleus,Lung_Tumor_MD,Transcriptome
MAVS,0.045145527,Mitochondria,Lung_Tumor_MD,Transcriptome
MAX,-0.087470144,Nucleus,Lung_Tumor_MD,Transcriptome
MBD1,-0.06138246,Nucleus,Lung_Tumor_MD,Transcriptome
MBD2,-0.04393257,Nucleus,Lung_Tumor_MD,Transcriptome
MBLAC2,-0.111127235,Secretory,Lung_Tumor_MD,Transcriptome
MBOAT2,-0.117694706,Secretory,Lung_Tumor_MD,Transcriptome
MBOAT7,0.037893645,Secretory,Lung_Tumor_MD,Transcriptome
MBTPS1,0.04449278,Secretory,Lung_Tumor_MD,Transcriptome
MCL1,-0.18461776,Mitochondria,Lung_Tumor_MD,Transcriptome
MCM2,-0.03534007,Nucleus,Lung_Tumor_MD,Transcriptome
MCM3,-0.05503319,Nucleus,Lung_Tumor_MD,Transcriptome
MCM3AP,-0.051816933,Nucleus,Lung_Tumor_MD,Transcriptome
MCU,-0.066346236,Mitochondria,Lung_Tumor_MD,Transcriptome
MCUR1,0.03996115,Mitochondria,Lung_Tumor_MD,Transcriptome
MDH1,-0.16869818,Cytosol,Lung_Tumor_MD,Transcriptome
MDK,-0.07751378,Secretory,Lung_Tumor_MD,Transcriptome
MDN1,-0.044510055,Nucleus,Lung_Tumor_MD,Transcriptome
MECP2,-0.071009785,Nucleus,Lung_Tumor_MD,Transcriptome
MEGF9,-0.22282135,Secretory,Lung_Tumor_MD,Transcriptome
MEMO1,-0.13124551,Cytosol,Lung_Tumor_MD,Transcriptome
MEN1,-0.022538614,Nucleus,Lung_Tumor_MD,Transcriptome
MEPCE,0.0068710763,Nucleus,Lung_Tumor_MD,Transcriptome
MET,0.09018452,Secretory,Lung_Tumor_MD,Transcriptome
METAP2,-0.13461535,Cytosol,Lung_Tumor_MD,Transcriptome
METTL2B,-0.15708092,Cytosol,Lung_Tumor_MD,Transcriptome
METTL5,-0.12309134,Cytosol,Lung_Tumor_MD,Transcriptome
METTL9,-0.10812502,Secretory,Lung_Tumor_MD,Transcriptome
MFF,0.043978717,Mitochondria,Lung_Tumor_MD,Transcriptome
MFN1,0.036913063,Mitochondria,Lung_Tumor_MD,Transcriptome
MFN2,-0.02094709,Mitochondria,Lung_Tumor_MD,Transcriptome
MFSD6,-0.18006839,Secretory,Lung_Tumor_MD,Transcriptome
MGAT1,0.09154865,Secretory,Lung_Tumor_MD,Transcriptome
MGAT2,0.057598107,Secretory,Lung_Tumor_MD,Transcriptome
MGAT5,-0.25427467,Secretory,Lung_Tumor_MD,Transcriptome
MGME1,0.04989843,Mitochondria,Lung_Tumor_MD,Transcriptome
MGRN1,0.03324611,Secretory,Lung_Tumor_MD,Transcriptome
MGST3,-0.16118938,Mitochondria,Lung_Tumor_MD,Transcriptome
MIA3,-0.023948563,Secretory,Lung_Tumor_MD,Transcriptome
MICAL2,0.101482436,Secretory,Lung_Tumor_MD,Transcriptome
MICAL3,-0.11648228,Cytosol,Lung_Tumor_MD,Transcriptome
MICU1,-0.1495344,Mitochondria,Lung_Tumor_MD,Transcriptome
MICU2,-0.055133957,Mitochondria,Lung_Tumor_MD,Transcriptome
MIEF1,0.030096529,Mitochondria,Lung_Tumor_MD,Transcriptome
MIEN1,-0.16160785,Cytosol,Lung_Tumor_MD,Transcriptome
MIF4GD,-0.11367475,Cytosol,Lung_Tumor_MD,Transcriptome
MIS18BP1,-0.07173985,Nucleus,Lung_Tumor_MD,Transcriptome
MKI67,-0.061599158,Nucleus,Lung_Tumor_MD,Transcriptome
MKNK1,-0.06248282,Cytosol,Lung_Tumor_MD,Transcriptome
MLEC,-0.058143906,Secretory,Lung_Tumor_MD,Transcriptome
MLKL,-0.101247214,Cytosol,Lung_Tumor_MD,Transcriptome
MLLT1,0.029219175,Nucleus,Lung_Tumor_MD,Transcriptome
MMAB,0.049854927,Mitochondria,Lung_Tumor_MD,Transcriptome
MMGT1,-0.024881788,Secretory,Lung_Tumor_MD,Transcriptome
MNAT1,-0.0868274,Nucleus,Lung_Tumor_MD,Transcriptome
MOB2,-0.020356212,Cytosol,Lung_Tumor_MD,Transcriptome
MOCS2,-0.053226266,Cytosol,Lung_Tumor_MD,Transcriptome
MORC3,-0.04563816,Nucleus,Lung_Tumor_MD,Transcriptome
MORF4L1,-0.22316419,Nucleus,Lung_Tumor_MD,Transcriptome
MORF4L2,-0.041986756,Nucleus,Lung_Tumor_MD,Transcriptome
MOSPD2,0.02382221,Secretory,Lung_Tumor_MD,Transcriptome
MOV10,-0.21549255,Nucleus,Lung_Tumor_MD,Transcriptome
MPHOSPH10,-0.0467473,Nucleus,Lung_Tumor_MD,Transcriptome
MPHOSPH8,-0.07405494,Nucleus,Lung_Tumor_MD,Transcriptome
MPI,-0.14094675,Cytosol,Lung_Tumor_MD,Transcriptome
MPP7,0.06643283,Mitochondria,Lung_Tumor_MD,Transcriptome
MPZL1,0.09070439,Secretory,Lung_Tumor_MD,Transcriptome
MRI1,-0.09830705,Cytosol,Lung_Tumor_MD,Transcriptome
MRM1,-0.24429283,Secretory,Lung_Tumor_MD,Transcriptome
MRPL1,-0.050808653,Secretory,Lung_Tumor_MD,Transcriptome
MRPL11,-0.08710145,Secretory,Lung_Tumor_MD,Transcriptome
MRPL13,-0.14990392,Secretory,Lung_Tumor_MD,Transcriptome
MRPL14,-0.013726102,Mitochondria,Lung_Tumor_MD,Transcriptome
MRPL15,-0.14213575,Secretory,Lung_Tumor_MD,Transcriptome
MRPL16,-0.045625195,Secretory,Lung_Tumor_MD,Transcriptome
MRPL17,-0.05725861,Secretory,Lung_Tumor_MD,Transcriptome
MRPL18,-0.12069516,Secretory,Lung_Tumor_MD,Transcriptome
MRPL19,-0.23799022,Secretory,Lung_Tumor_MD,Transcriptome
MRPL2,-0.12640092,Secretory,Lung_Tumor_MD,Transcriptome
MRPL21,-0.14485192,Secretory,Lung_Tumor_MD,Transcriptome
MRPL22,-0.005576431,Secretory,Lung_Tumor_MD,Transcriptome
MRPL24,-0.25178897,Secretory,Lung_Tumor_MD,Transcriptome
MRPL27,-0.26531428,Secretory,Lung_Tumor_MD,Transcriptome
MRPL28,-0.16304563,Secretory,Lung_Tumor_MD,Transcriptome
MRPL3,-0.19116549,Secretory,Lung_Tumor_MD,Transcriptome
MRPL39,-0.1512395,Secretory,Lung_Tumor_MD,Transcriptome
MRPL40,-0.2368307,Secretory,Lung_Tumor_MD,Transcriptome
MRPL41,-0.20191614,Secretory,Lung_Tumor_MD,Transcriptome
MRPL42,-0.13931215,Secretory,Lung_Tumor_MD,Transcriptome
MRPL43,-0.055886585,Secretory,Lung_Tumor_MD,Transcriptome
MRPL45,-0.2524227,Secretory,Lung_Tumor_MD,Transcriptome
MRPL46,-0.23610707,Secretory,Lung_Tumor_MD,Transcriptome
MRPL47,-0.23332731,Secretory,Lung_Tumor_MD,Transcriptome
MRPL48,-0.09179739,Secretory,Lung_Tumor_MD,Transcriptome
MRPL49,-0.0039174403,Secretory,Lung_Tumor_MD,Transcriptome
MRPL50,-0.20856701,Secretory,Lung_Tumor_MD,Transcriptome
MRPL54,-0.16082604,Secretory,Lung_Tumor_MD,Transcriptome
MRPL55,-0.21367167,Secretory,Lung_Tumor_MD,Transcriptome
MRPL9,-0.24866897,Secretory,Lung_Tumor_MD,Transcriptome
MRPS10,-0.121142216,Secretory,Lung_Tumor_MD,Transcriptome
MRPS11,-0.2357177,Secretory,Lung_Tumor_MD,Transcriptome
MRPS12,-0.19085331,Secretory,Lung_Tumor_MD,Transcriptome
MRPS14,-0.26167437,Secretory,Lung_Tumor_MD,Transcriptome
MRPS15,-0.029472679,Secretory,Lung_Tumor_MD,Transcriptome
MRPS16,-0.13186865,Secretory,Lung_Tumor_MD,Transcriptome
MRPS18A,-0.1242508,Secretory,Lung_Tumor_MD,Transcriptome
MRPS18B,-0.1071351,Secretory,Lung_Tumor_MD,Transcriptome
MRPS22,-0.19498737,Secretory,Lung_Tumor_MD,Transcriptome
MRPS23,-0.26530084,Secretory,Lung_Tumor_MD,Transcriptome
MRPS25,-0.16456099,Secretory,Lung_Tumor_MD,Transcriptome
MRPS28,-0.14762232,Secretory,Lung_Tumor_MD,Transcriptome
MRPS30,-0.17004012,Secretory,Lung_Tumor_MD,Transcriptome
MRPS31,0.054287452,Secretory,Lung_Tumor_MD,Transcriptome
MRPS34,-0.1888966,Secretory,Lung_Tumor_MD,Transcriptome
MRPS35,-0.18027346,Secretory,Lung_Tumor_MD,Transcriptome
MRPS5,-0.24990122,Secretory,Lung_Tumor_MD,Transcriptome
MRPS9,-0.22972108,Secretory,Lung_Tumor_MD,Transcriptome
MSH3,-0.059241638,Nucleus,Lung_Tumor_MD,Transcriptome
MSI2,-0.039905764,Nucleus,Lung_Tumor_MD,Transcriptome
MSTO1,-0.13388379,Cytosol,Lung_Tumor_MD,Transcriptome
MT-CO1,-0.002910732,Mitochondria,Lung_Tumor_MD,Transcriptome
MT-CO2,-0.0024338835,Mitochondria,Lung_Tumor_MD,Transcriptome
MTA1,-0.0723326,Nucleus,Lung_Tumor_MD,Transcriptome
MTCH1,-0.010424665,Mitochondria,Lung_Tumor_MD,Transcriptome
MTCH2,0.02641896,Mitochondria,Lung_Tumor_MD,Transcriptome
MTDH,-0.1249364,Secretory,Lung_Tumor_MD,Transcriptome
MTFR1,0.060827214,Mitochondria,Lung_Tumor_MD,Transcriptome
MTFR1L,-0.10750773,Mitochondria,Lung_Tumor_MD,Transcriptome
MTHFD1L,0.032598987,Mitochondria,Lung_Tumor_MD,Transcriptome
MTMR1,-0.1549691,Cytosol,Lung_Tumor_MD,Transcriptome
MTMR12,-0.11680197,Cytosol,Lung_Tumor_MD,Transcriptome
MTMR2,-0.049682714,Cytosol,Lung_Tumor_MD,Transcriptome
MTMR3,-0.108902216,Cytosol,Lung_Tumor_MD,Transcriptome
MTMR6,-0.085199356,Cytosol,Lung_Tumor_MD,Transcriptome
MTPAP,0.046463765,Mitochondria,Lung_Tumor_MD,Transcriptome
MTR,-0.14773157,Cytosol,Lung_Tumor_MD,Transcriptome
MTX1,0.037357148,Mitochondria,Lung_Tumor_MD,Transcriptome
MTX2,0.03195692,Mitochondria,Lung_Tumor_MD,Transcriptome
MTX3,0.040184133,Mitochondria,Lung_Tumor_MD,Transcriptome
MUC1,0.09945486,Secretory,Lung_Tumor_MD,Transcriptome
MVD,-0.12609908,Cytosol,Lung_Tumor_MD,Transcriptome
MVK,-0.12984988,Cytosol,Lung_Tumor_MD,Transcriptome
MVP,-0.21746822,Nucleus,Lung_Tumor_MD,Transcriptome
MXRA7,0.058992393,Secretory,Lung_Tumor_MD,Transcriptome
MYADM,0.09392787,Secretory,Lung_Tumor_MD,Transcriptome
MYBBP1A,0.030795015,Nucleus,Lung_Tumor_MD,Transcriptome
MYCBP2,0.069760576,Secretory,Lung_Tumor_MD,Transcriptome
MYH14,-0.14598764,Cytosol,Lung_Tumor_MD,Transcriptome
MYO19,0.024326509,Mitochondria,Lung_Tumor_MD,Transcriptome
MYO1B,0.1019023,Secretory,Lung_Tumor_MD,Transcriptome
MYO9A,-0.07457598,Cytosol,Lung_Tumor_MD,Transcriptome
MYO9B,-0.04443178,Cytosol,Lung_Tumor_MD,Transcriptome
MYOF,0.084623724,Secretory,Lung_Tumor_MD,Transcriptome
N4BP1,-0.028972222,Cytosol,Lung_Tumor_MD,Transcriptome
N4BP2L2,-0.15964876,Nucleus,Lung_Tumor_MD,Transcriptome
NAA10,-0.09935977,Cytosol,Lung_Tumor_MD,Transcriptome
NAA50,-0.124299854,Cytosol,Lung_Tumor_MD,Transcriptome
NACA,-0.15744613,Cytosol,Lung_Tumor_MD,Transcriptome
NAE1,-0.15488099,Cytosol,Lung_Tumor_MD,Transcriptome
NAGK,-0.08608532,Cytosol,Lung_Tumor_MD,Transcriptome
NAMPT,-0.14336392,Cytosol,Lung_Tumor_MD,Transcriptome
NANP,-0.16790845,Cytosol,Lung_Tumor_MD,Transcriptome
NANS,-0.10483574,Cytosol,Lung_Tumor_MD,Transcriptome
NAP1L4,-0.04280433,Cytosol,Lung_Tumor_MD,Transcriptome
NAPB,-0.16377018,Cytosol,Lung_Tumor_MD,Transcriptome
NASP,-0.082928374,Nucleus,Lung_Tumor_MD,Transcriptome
NAT1,-0.024150636,Cytosol,Lung_Tumor_MD,Transcriptome
NAT10,-0.001975234,Nucleus,Lung_Tumor_MD,Transcriptome
NBAS,-0.2518973,Secretory,Lung_Tumor_MD,Transcriptome
NBN,-0.07035104,Nucleus,Lung_Tumor_MD,Transcriptome
NCAPD3,-0.065362625,Nucleus,Lung_Tumor_MD,Transcriptome
NCAPH2,-0.028300192,Nucleus,Lung_Tumor_MD,Transcriptome
NCBP1,-0.015292467,Nucleus,Lung_Tumor_MD,Transcriptome
NCEH1,-0.22589214,Secretory,Lung_Tumor_MD,Transcriptome
NCK1,-0.1311761,Cytosol,Lung_Tumor_MD,Transcriptome
NCK2,-0.053156905,Cytosol,Lung_Tumor_MD,Transcriptome
NCL,-0.06156066,Nucleus,Lung_Tumor_MD,Transcriptome
NCLN,-0.15438376,Secretory,Lung_Tumor_MD,Transcriptome
NCOA5,-0.018926088,Nucleus,Lung_Tumor_MD,Transcriptome
NCOA6,0.027664592,Nucleus,Lung_Tumor_MD,Transcriptome
NCOR1,0.02955428,Nucleus,Lung_Tumor_MD,Transcriptome
NCOR2,-0.07033815,Nucleus,Lung_Tumor_MD,Transcriptome
NDC1,-0.15588622,Secretory,Lung_Tumor_MD,Transcriptome
NDC80,-0.1582076,Cytosol,Lung_Tumor_MD,Transcriptome
NDE1,-0.100538485,Cytosol,Lung_Tumor_MD,Transcriptome
NDEL1,-0.06456144,Cytosol,Lung_Tumor_MD,Transcriptome
NDRG1,-0.0539642,Cytosol,Lung_Tumor_MD,Transcriptome
NDRG2,-0.03681842,Cytosol,Lung_Tumor_MD,Transcriptome
NDRG3,-0.13488925,Cytosol,Lung_Tumor_MD,Transcriptome
NDST1,0.078630574,Secretory,Lung_Tumor_MD,Transcriptome
NDUFA10,0.036607593,Mitochondria,Lung_Tumor_MD,Transcriptome
NDUFA12,0.0604623,Mitochondria,Lung_Tumor_MD,Transcriptome
NDUFA2,0.078069724,Mitochondria,Lung_Tumor_MD,Transcriptome
NDUFA3,-0.05797574,Mitochondria,Lung_Tumor_MD,Transcriptome
NDUFA4,0.04564951,Mitochondria,Lung_Tumor_MD,Transcriptome
NDUFA5,0.032471478,Mitochondria,Lung_Tumor_MD,Transcriptome
NDUFA8,0.00809687,Mitochondria,Lung_Tumor_MD,Transcriptome
NDUFAB1,0.054256637,Mitochondria,Lung_Tumor_MD,Transcriptome
NDUFAF1,-0.118926615,Mitochondria,Lung_Tumor_MD,Transcriptome
NDUFAF2,0.047305934,Mitochondria,Lung_Tumor_MD,Transcriptome
NDUFAF3,-0.07021663,Mitochondria,Lung_Tumor_MD,Transcriptome
NDUFAF4,0.029513944,Mitochondria,Lung_Tumor_MD,Transcriptome
NDUFAF7,0.03844176,Mitochondria,Lung_Tumor_MD,Transcriptome
NDUFB1,0.0469551,Mitochondria,Lung_Tumor_MD,Transcriptome
NDUFB10,0.029260349,Mitochondria,Lung_Tumor_MD,Transcriptome
NDUFB11,0.059511,Mitochondria,Lung_Tumor_MD,Transcriptome
NDUFB3,0.04474801,Mitochondria,Lung_Tumor_MD,Transcriptome
NDUFB4,0.027468095,Mitochondria,Lung_Tumor_MD,Transcriptome
NDUFB5,0.03722907,Mitochondria,Lung_Tumor_MD,Transcriptome
NDUFB6,-0.0023994916,Mitochondria,Lung_Tumor_MD,Transcriptome
NDUFB7,-0.021714656,Mitochondria,Lung_Tumor_MD,Transcriptome
NDUFB8,0.078457594,Mitochondria,Lung_Tumor_MD,Transcriptome
NDUFB9,0.068636045,Mitochondria,Lung_Tumor_MD,Transcriptome
NDUFC2,-0.009672834,Mitochondria,Lung_Tumor_MD,Transcriptome
NDUFS1,0.029940592,Mitochondria,Lung_Tumor_MD,Transcriptome
NDUFS2,0.021865513,Mitochondria,Lung_Tumor_MD,Transcriptome
NDUFS3,0.026030643,Mitochondria,Lung_Tumor_MD,Transcriptome
NDUFS4,0.049231723,Mitochondria,Lung_Tumor_MD,Transcriptome
NDUFS5,-0.020051397,Mitochondria,Lung_Tumor_MD,Transcriptome
NDUFS6,0.058868725,Mitochondria,Lung_Tumor_MD,Transcriptome
NDUFS7,-0.026641067,Mitochondria,Lung_Tumor_MD,Transcriptome
NDUFS8,0.019556982,Mitochondria,Lung_Tumor_MD,Transcriptome
NDUFV1,0.03326123,Mitochondria,Lung_Tumor_MD,Transcriptome
NDUFV2,-0.034790516,Mitochondria,Lung_Tumor_MD,Transcriptome
NDUFV3,-0.038708456,Mitochondria,Lung_Tumor_MD,Transcriptome
NECAP1,-0.016059259,Cytosol,Lung_Tumor_MD,Transcriptome
NECAP2,-0.099008165,Cytosol,Lung_Tumor_MD,Transcriptome
NEK7,-0.058476087,Cytosol,Lung_Tumor_MD,Transcriptome
NELFA,-0.050590638,Nucleus,Lung_Tumor_MD,Transcriptome
NELFE,-0.0010096071,Nucleus,Lung_Tumor_MD,Transcriptome
NEO1,-0.26066238,Secretory,Lung_Tumor_MD,Transcriptome
NEURL4,-0.13467522,Secretory,Lung_Tumor_MD,Transcriptome
NFKB1,-0.104760066,Cytosol,Lung_Tumor_MD,Transcriptome
NFKB2,-0.08996858,Cytosol,Lung_Tumor_MD,Transcriptome
NFKBIB,-0.11107302,Cytosol,Lung_Tumor_MD,Transcriptome
NFXL1,-0.02258886,Secretory,Lung_Tumor_MD,Transcriptome
NGDN,-0.08627619,Nucleus,Lung_Tumor_MD,Transcriptome
NGLY1,-0.0688518,Cytosol,Lung_Tumor_MD,Transcriptome
NIF3L1,-0.12949136,Cytosol,Lung_Tumor_MD,Transcriptome
NIFK,-0.052486207,Nucleus,Lung_Tumor_MD,Transcriptome
NIP7,-0.083005354,Nucleus,Lung_Tumor_MD,Transcriptome
NIPBL,-0.053163663,Nucleus,Lung_Tumor_MD,Transcriptome
NIT2,-0.12921587,Cytosol,Lung_Tumor_MD,Transcriptome
NKIRAS1,-0.028208388,Cytosol,Lung_Tumor_MD,Transcriptome
NKRF,-0.0498321,Nucleus,Lung_Tumor_MD,Transcriptome
NLRX1,0.041662842,Mitochondria,Lung_Tumor_MD,Transcriptome
NME1,-0.16876449,Cytosol,Lung_Tumor_MD,Transcriptome
NME3,-0.13029091,Mitochondria,Lung_Tumor_MD,Transcriptome
NMI,-0.09809083,Cytosol,Lung_Tumor_MD,Transcriptome
NMT1,-0.033015195,Nucleus,Lung_Tumor_MD,Transcriptome
NMT2,-0.059068892,Cytosol,Lung_Tumor_MD,Transcriptome
NNT,0.045366596,Mitochondria,Lung_Tumor_MD,Transcriptome
NOC2L,-0.03763156,Nucleus,Lung_Tumor_MD,Transcriptome
NOC4L,0.019607296,Nucleus,Lung_Tumor_MD,Transcriptome
NOL10,-0.046926968,Nucleus,Lung_Tumor_MD,Transcriptome
NOL11,-0.047040425,Nucleus,Lung_Tumor_MD,Transcriptome
NOL6,-0.0023904443,Nucleus,Lung_Tumor_MD,Transcriptome
NOL7,-0.06796014,Nucleus,Lung_Tumor_MD,Transcriptome
NOL8,-0.015919613,Nucleus,Lung_Tumor_MD,Transcriptome
NOL9,-0.031635758,Nucleus,Lung_Tumor_MD,Transcriptome
NOLC1,-0.0867087,Nucleus,Lung_Tumor_MD,Transcriptome
NOM1,-0.033702504,Nucleus,Lung_Tumor_MD,Transcriptome
NOMO1,0.009934684,Secretory,Lung_Tumor_MD,Transcriptome
NOP14,-0.08460857,Nucleus,Lung_Tumor_MD,Transcriptome
NOP16,0.0072911736,Nucleus,Lung_Tumor_MD,Transcriptome
NOP2,-0.01806666,Nucleus,Lung_Tumor_MD,Transcriptome
NOP56,-0.058463566,Nucleus,Lung_Tumor_MD,Transcriptome
NOP58,-0.03669733,Nucleus,Lung_Tumor_MD,Transcriptome
NOP9,-0.08627635,Nucleus,Lung_Tumor_MD,Transcriptome
NOTCH1,-0.10012322,Secretory,Lung_Tumor_MD,Transcriptome
NOTCH2,0.09291624,Secretory,Lung_Tumor_MD,Transcriptome
NOTCH3,-0.1679697,Secretory,Lung_Tumor_MD,Transcriptome
NPC1,-0.23531835,Secretory,Lung_Tumor_MD,Transcriptome
NPEPL1,-0.021942945,Cytosol,Lung_Tumor_MD,Transcriptome
NPEPPS,-0.15667951,Cytosol,Lung_Tumor_MD,Transcriptome
NPM1,-0.07900587,Nucleus,Lung_Tumor_MD,Transcriptome
NPM3,-0.07039251,Nucleus,Lung_Tumor_MD,Transcriptome
NPTN,0.090786435,Secretory,Lung_Tumor_MD,Transcriptome
NQO1,-0.13925272,Cytosol,Lung_Tumor_MD,Transcriptome
NQO2,-0.15470223,Cytosol,Lung_Tumor_MD,Transcriptome
NR3C1,-0.09979188,Cytosol,Lung_Tumor_MD,Transcriptome
NRBP1,-0.15081261,Cytosol,Lung_Tumor_MD,Transcriptome
NRF1,-0.016681688,Nucleus,Lung_Tumor_MD,Transcriptome
NRP1,0.10372195,Secretory,Lung_Tumor_MD,Transcriptome
NRP2,0.09610475,Secretory,Lung_Tumor_MD,Transcriptome
NSDHL,-0.247003,Secretory,Lung_Tumor_MD,Transcriptome
NSF,-0.24678965,Secretory,Lung_Tumor_MD,Transcriptome
NSFL1C,-0.17336701,Cytosol,Lung_Tumor_MD,Transcriptome
NSL1,-0.033401053,Nucleus,Lung_Tumor_MD,Transcriptome
NSMAF,-0.08530146,Cytosol,Lung_Tumor_MD,Transcriptome
NSUN4,-0.06741536,Mitochondria,Lung_Tumor_MD,Transcriptome
NSUN6,-0.077446595,Cytosol,Lung_Tumor_MD,Transcriptome
NT5C,-0.13225397,Cytosol,Lung_Tumor_MD,Transcriptome
NT5C2,-0.04059671,Cytosol,Lung_Tumor_MD,Transcriptome
NT5C3B,-0.15526387,Cytosol,Lung_Tumor_MD,Transcriptome
NT5DC1,-0.058006164,Cytosol,Lung_Tumor_MD,Transcriptome
NT5E,0.102850616,Secretory,Lung_Tumor_MD,Transcriptome
NTAN1,-0.10516222,Cytosol,Lung_Tumor_MD,Transcriptome
NTHL1,-0.015649658,Nucleus,Lung_Tumor_MD,Transcriptome
NTN4,0.10307212,Secretory,Lung_Tumor_MD,Transcriptome
NUB1,-0.09941904,Cytosol,Lung_Tumor_MD,Transcriptome
NUBPL,0.050252333,Mitochondria,Lung_Tumor_MD,Transcriptome
NUDC,-0.004534623,Cytosol,Lung_Tumor_MD,Transcriptome
NUDCD1,-0.10967183,Cytosol,Lung_Tumor_MD,Transcriptome
NUDCD2,-0.060429007,Cytosol,Lung_Tumor_MD,Transcriptome
NUDCD3,-0.11472545,Cytosol,Lung_Tumor_MD,Transcriptome
NUDT1,-0.15626262,Cytosol,Lung_Tumor_MD,Transcriptome
NUDT14,-0.10726054,Cytosol,Lung_Tumor_MD,Transcriptome
NUDT15,-0.11607962,Cytosol,Lung_Tumor_MD,Transcriptome
NUDT16,-0.1307629,Cytosol,Lung_Tumor_MD,Transcriptome
NUDT2,-0.109786645,Cytosol,Lung_Tumor_MD,Transcriptome
NUF2,-0.16229768,Cytosol,Lung_Tumor_MD,Transcriptome
NUMB,0.020645756,Secretory,Lung_Tumor_MD,Transcriptome
NUP107,-0.041605838,Nucleus,Lung_Tumor_MD,Transcriptome
NUP133,-0.036346555,Nucleus,Lung_Tumor_MD,Transcriptome
NUP153,-0.0460387,Nucleus,Lung_Tumor_MD,Transcriptome
NUP155,-0.05490297,Nucleus,Lung_Tumor_MD,Transcriptome
NUP205,-0.03439327,Nucleus,Lung_Tumor_MD,Transcriptome
NUP210,0.030723423,Nucleus,Lung_Tumor_MD,Transcriptome
NUP50,-0.043323386,Nucleus,Lung_Tumor_MD,Transcriptome
NUP93,-0.085592546,Nucleus,Lung_Tumor_MD,Transcriptome
NUP98,-0.029491723,Nucleus,Lung_Tumor_MD,Transcriptome
NXF1,-0.035180736,Nucleus,Lung_Tumor_MD,Transcriptome
NXT2,-0.056076083,Nucleus,Lung_Tumor_MD,Transcriptome
OARD1,-0.140467,Cytosol,Lung_Tumor_MD,Transcriptome
OBSL1,-0.08361739,Cytosol,Lung_Tumor_MD,Transcriptome
OCIAD1,-0.078570925,Mitochondria,Lung_Tumor_MD,Transcriptome
OCIAD2,-0.13085534,Mitochondria,Lung_Tumor_MD,Transcriptome
OCLN,-0.0033718734,Secretory,Lung_Tumor_MD,Transcriptome
ODF2,0.006173913,Mitochondria,Lung_Tumor_MD,Transcriptome
OGFR,-0.09298413,Cytosol,Lung_Tumor_MD,Transcriptome
OLA1,-0.11714323,Cytosol,Lung_Tumor_MD,Transcriptome
OMA1,-0.03158496,Mitochondria,Lung_Tumor_MD,Transcriptome
OPA1,0.035048205,Mitochondria,Lung_Tumor_MD,Transcriptome
OS9,0.06973772,Secretory,Lung_Tumor_MD,Transcriptome
OSBPL2,0.00044922164,Cytosol,Lung_Tumor_MD,Transcriptome
OSBPL5,0.08716365,Secretory,Lung_Tumor_MD,Transcriptome
OSBPL8,0.047983114,Secretory,Lung_Tumor_MD,Transcriptome
OSMR,0.098756775,Secretory,Lung_Tumor_MD,Transcriptome
OTUB1,-0.0014541359,Cytosol,Lung_Tumor_MD,Transcriptome
OTUD5,-0.1632186,Nucleus,Lung_Tumor_MD,Transcriptome
OXA1L,0.08058314,Mitochondria,Lung_Tumor_MD,Transcriptome
OXR1,-0.090480596,Cytosol,Lung_Tumor_MD,Transcriptome
P2RX4,0.097519875,Secretory,Lung_Tumor_MD,Transcriptome
P4HB,-0.16710496,Nucleus,Lung_Tumor_MD,Transcriptome
PAAF1,-0.0407459,Cytosol,Lung_Tumor_MD,Transcriptome
PABPC1,-0.064680316,Nucleus,Lung_Tumor_MD,Transcriptome
PACSIN2,-0.08258925,Cytosol,Lung_Tumor_MD,Transcriptome
PAF1,0.0068842983,Nucleus,Lung_Tumor_MD,Transcriptome
PAIP1,-0.115436636,Cytosol,Lung_Tumor_MD,Transcriptome
PAIP2,-0.075130165,Cytosol,Lung_Tumor_MD,Transcriptome
PAIP2B,-0.17148097,Cytosol,Lung_Tumor_MD,Transcriptome
PAK1,-0.14804852,Cytosol,Lung_Tumor_MD,Transcriptome
PAK1IP1,-0.06545618,Nucleus,Lung_Tumor_MD,Transcriptome
PAK2,-0.15055774,Cytosol,Lung_Tumor_MD,Transcriptome
PALLD,-0.102831595,Cytosol,Lung_Tumor_MD,Transcriptome
PAM,0.10344251,Secretory,Lung_Tumor_MD,Transcriptome
PANK2,-0.17277083,Cytosol,Lung_Tumor_MD,Transcriptome
PANK3,-0.088677876,Cytosol,Lung_Tumor_MD,Transcriptome
PANK4,-0.009530051,Cytosol,Lung_Tumor_MD,Transcriptome
PANX1,0.10281373,Secretory,Lung_Tumor_MD,Transcriptome
PAPSS2,-0.10455479,Cytosol,Lung_Tumor_MD,Transcriptome
PARK7,-0.016417306,Cytosol,Lung_Tumor_MD,Transcriptome
PARL,0.03425899,Mitochondria,Lung_Tumor_MD,Transcriptome
PARP16,-0.2294109,Secretory,Lung_Tumor_MD,Transcriptome
PARP2,-0.085654095,Nucleus,Lung_Tumor_MD,Transcriptome
PARP4,-0.17613631,Nucleus,Lung_Tumor_MD,Transcriptome
PARVA,-0.106125325,Cytosol,Lung_Tumor_MD,Transcriptome
PATL1,-0.010251594,Cytosol,Lung_Tumor_MD,Transcriptome
PATZ1,-0.05091524,Nucleus,Lung_Tumor_MD,Transcriptome
PAXBP1,-0.04381234,Nucleus,Lung_Tumor_MD,Transcriptome
PBDC1,-0.114975415,Cytosol,Lung_Tumor_MD,Transcriptome
PBK,-0.14936535,Cytosol,Lung_Tumor_MD,Transcriptome
PBX2,0.01391113,Nucleus,Lung_Tumor_MD,Transcriptome
PBXIP1,0.07699593,Secretory,Lung_Tumor_MD,Transcriptome
PCBP1,-0.07961004,Cytosol,Lung_Tumor_MD,Transcriptome
PCDH1,0.058988925,Secretory,Lung_Tumor_MD,Transcriptome
PCF11,-0.058280632,Nucleus,Lung_Tumor_MD,Transcriptome
PCGF5,-0.046902448,Nucleus,Lung_Tumor_MD,Transcriptome
PCID2,-0.05065484,Cytosol,Lung_Tumor_MD,Transcriptome
PCMT1,-0.058608618,Cytosol,Lung_Tumor_MD,Transcriptome
PCNA,-0.17030305,Cytosol,Lung_Tumor_MD,Transcriptome
PCYOX1,-0.23631695,Secretory,Lung_Tumor_MD,Transcriptome
PCYT2,-0.120967,Cytosol,Lung_Tumor_MD,Transcriptome
PDAP1,-0.112088576,Cytosol,Lung_Tumor_MD,Transcriptome
PDCD10,-0.15318978,Cytosol,Lung_Tumor_MD,Transcriptome
PDCD11,-0.08528592,Nucleus,Lung_Tumor_MD,Transcriptome
PDCD2,-0.080071926,Cytosol,Lung_Tumor_MD,Transcriptome
PDCD2L,-0.11468099,Cytosol,Lung_Tumor_MD,Transcriptome
PDCL3,-0.16097514,Cytosol,Lung_Tumor_MD,Transcriptome
PDE5A,-0.055110518,Cytosol,Lung_Tumor_MD,Transcriptome
PDE6D,-0.08898321,Cytosol,Lung_Tumor_MD,Transcriptome
PDF,-0.016753534,Mitochondria,Lung_Tumor_MD,Transcriptome
PDHX,-0.07818854,Secretory,Lung_Tumor_MD,Transcriptome
PDK1,-0.048088953,Mitochondria,Lung_Tumor_MD,Transcriptome
PDLIM5,-0.089467146,Cytosol,Lung_Tumor_MD,Transcriptome
PDS5A,-0.046747413,Nucleus,Lung_Tumor_MD,Transcriptome
PDS5B,-0.10141419,Nucleus,Lung_Tumor_MD,Transcriptome
PDSS2,0.034243226,Mitochondria,Lung_Tumor_MD,Transcriptome
PDXP,-0.081856854,Cytosol,Lung_Tumor_MD,Transcriptome
PDZD8,0.027273536,Secretory,Lung_Tumor_MD,Transcriptome
PEBP1,-0.1664883,Cytosol,Lung_Tumor_MD,Transcriptome
PEPD,-0.1101172,Cytosol,Lung_Tumor_MD,Transcriptome
PEX11B,-0.25915897,Secretory,Lung_Tumor_MD,Transcriptome
PEX13,0.021594768,Secretory,Lung_Tumor_MD,Transcriptome
PEX14,0.0026326396,Secretory,Lung_Tumor_MD,Transcriptome
PEX19,-0.15486388,Cytosol,Lung_Tumor_MD,Transcriptome
PEX6,0.010053953,Secretory,Lung_Tumor_MD,Transcriptome
PFAS,-0.07795773,Cytosol,Lung_Tumor_MD,Transcriptome
PFDN1,-0.032896083,Cytosol,Lung_Tumor_MD,Transcriptome
PFDN2,-0.15813902,Cytosol,Lung_Tumor_MD,Transcriptome
PFDN5,-0.16882984,Cytosol,Lung_Tumor_MD,Transcriptome
PFDN6,-0.05190021,Cytosol,Lung_Tumor_MD,Transcriptome
PFKFB2,-0.020543909,Cytosol,Lung_Tumor_MD,Transcriptome
PFKL,-0.02018744,Cytosol,Lung_Tumor_MD,Transcriptome
PFN1,-0.072965056,Cytosol,Lung_Tumor_MD,Transcriptome
PFN2,-0.1519967,Cytosol,Lung_Tumor_MD,Transcriptome
PGAM1,-0.023316788,Cytosol,Lung_Tumor_MD,Transcriptome
PGAM5,0.037001275,Mitochondria,Lung_Tumor_MD,Transcriptome
PGAP1,-0.21780737,Secretory,Lung_Tumor_MD,Transcriptome
PGK1,-0.1357162,Cytosol,Lung_Tumor_MD,Transcriptome
PGM1,-0.091332994,Cytosol,Lung_Tumor_MD,Transcriptome
PGM2,-0.06185401,Cytosol,Lung_Tumor_MD,Transcriptome
PGM2L1,-0.07293656,Cytosol,Lung_Tumor_MD,Transcriptome
PGM3,-0.05109634,Cytosol,Lung_Tumor_MD,Transcriptome
PGP,-0.093927234,Cytosol,Lung_Tumor_MD,Transcriptome
PGRMC1,-0.19614853,Secretory,Lung_Tumor_MD,Transcriptome
PGRMC2,0.0006320285,Secretory,Lung_Tumor_MD,Transcriptome
PGS1,-0.026400851,Mitochondria,Lung_Tumor_MD,Transcriptome
PHACTR2,-0.092059806,Cytosol,Lung_Tumor_MD,Transcriptome
PHACTR4,-0.001340042,Cytosol,Lung_Tumor_MD,Transcriptome
PHB2,0.06587292,Mitochondria,Lung_Tumor_MD,Transcriptome
PHF2,-0.015929893,Nucleus,Lung_Tumor_MD,Transcriptome
PHGDH,-0.12473591,Cytosol,Lung_Tumor_MD,Transcriptome
PHIP,-0.03572102,Nucleus,Lung_Tumor_MD,Transcriptome
PHKA1,-0.16787444,Cytosol,Lung_Tumor_MD,Transcriptome
PHKB,-0.116566904,Cytosol,Lung_Tumor_MD,Transcriptome
PHKG2,-0.037694883,Cytosol,Lung_Tumor_MD,Transcriptome
PHPT1,-0.10862779,Cytosol,Lung_Tumor_MD,Transcriptome
PHYH,-0.07194872,Secretory,Lung_Tumor_MD,Transcriptome
PHYKPL,-0.020189742,Cytosol,Lung_Tumor_MD,Transcriptome
PI4K2A,0.06946334,Secretory,Lung_Tumor_MD,Transcriptome
PI4K2B,0.042825907,Secretory,Lung_Tumor_MD,Transcriptome
PI4KB,-0.13883856,Cytosol,Lung_Tumor_MD,Transcriptome
PIGG,0.03677531,Secretory,Lung_Tumor_MD,Transcriptome
PIGK,0.07460368,Secretory,Lung_Tumor_MD,Transcriptome
PIGN,-0.2213716,Secretory,Lung_Tumor_MD,Transcriptome
PIGQ,-0.0065762824,Secretory,Lung_Tumor_MD,Transcriptome
PIGU,-0.2113009,Secretory,Lung_Tumor_MD,Transcriptome
PIH1D1,-0.009736322,Cytosol,Lung_Tumor_MD,Transcriptome
PIK3CA,-0.15212926,Cytosol,Lung_Tumor_MD,Transcriptome
PIN4,-0.13909926,Cytosol,Lung_Tumor_MD,Transcriptome
PIP5K1A,-0.24086396,Secretory,Lung_Tumor_MD,Transcriptome
PIR,-0.14777315,Cytosol,Lung_Tumor_MD,Transcriptome
PISD,0.031457618,Mitochondria,Lung_Tumor_MD,Transcriptome
PITPNA,-0.06622725,Cytosol,Lung_Tumor_MD,Transcriptome
PITPNB,-0.17159577,Cytosol,Lung_Tumor_MD,Transcriptome
PKD2,0.09273599,Secretory,Lung_Tumor_MD,Transcriptome
PKM,-0.082882136,Cytosol,Lung_Tumor_MD,Transcriptome
PKNOX1,-0.0021390035,Nucleus,Lung_Tumor_MD,Transcriptome
PKP2,-0.19834006,Mitochondria,Lung_Tumor_MD,Transcriptome
PKP4,0.05279258,Mitochondria,Lung_Tumor_MD,Transcriptome
PLA2G12A,0.0059125572,Secretory,Lung_Tumor_MD,Transcriptome
PLAA,-0.12583646,Cytosol,Lung_Tumor_MD,Transcriptome
PLAUR,0.09876015,Secretory,Lung_Tumor_MD,Transcriptome
PLCB3,-0.009933379,Cytosol,Lung_Tumor_MD,Transcriptome
PLCD1,-0.24123389,Secretory,Lung_Tumor_MD,Transcriptome
PLCD3,0.020861557,Secretory,Lung_Tumor_MD,Transcriptome
PLCG1,0.012245599,Cytosol,Lung_Tumor_MD,Transcriptome
PLD1,-0.22766496,Secretory,Lung_Tumor_MD,Transcriptome
PLEKHA2,-0.066518486,Cytosol,Lung_Tumor_MD,Transcriptome
PLGRKT,-0.1557671,Mitochondria,Lung_Tumor_MD,Transcriptome
PLRG1,-0.126403,Nucleus,Lung_Tumor_MD,Transcriptome
PLS3,-0.02359238,Cytosol,Lung_Tumor_MD,Transcriptome
PLSCR1,0.09512244,Secretory,Lung_Tumor_MD,Transcriptome
PLXNA1,0.030799996,Secretory,Lung_Tumor_MD,Transcriptome
PLXNB2,0.039236344,Secretory,Lung_Tumor_MD,Transcriptome
PLXND1,0.08132264,Secretory,Lung_Tumor_MD,Transcriptome
PM20D2,-0.14618956,Cytosol,Lung_Tumor_MD,Transcriptome
PMM1,-0.044919983,Cytosol,Lung_Tumor_MD,Transcriptome
PMM2,-0.044398367,Cytosol,Lung_Tumor_MD,Transcriptome
PMVK,-0.15208286,Cytosol,Lung_Tumor_MD,Transcriptome
PNKD,-0.20509993,Mitochondria,Lung_Tumor_MD,Transcriptome
PNN,-0.08587304,Nucleus,Lung_Tumor_MD,Transcriptome
PNPLA6,0.035616226,Secretory,Lung_Tumor_MD,Transcriptome
PNPLA8,0.03872093,Mitochondria,Lung_Tumor_MD,Transcriptome
PNPO,-0.12121614,Cytosol,Lung_Tumor_MD,Transcriptome
PODXL,0.09882242,Secretory,Lung_Tumor_MD,Transcriptome
POGZ,-0.011568738,Nucleus,Lung_Tumor_MD,Transcriptome
POLR1A,-0.011163919,Nucleus,Lung_Tumor_MD,Transcriptome
POLR1E,-0.0046686935,Nucleus,Lung_Tumor_MD,Transcriptome
POLR2A,0.03152575,Nucleus,Lung_Tumor_MD,Transcriptome
POLR3B,-0.06631994,Nucleus,Lung_Tumor_MD,Transcriptome
POLRMT,-0.16536993,Secretory,Lung_Tumor_MD,Transcriptome
POM121C,0.027710311,Nucleus,Lung_Tumor_MD,Transcriptome
POMK,-0.16700774,Secretory,Lung_Tumor_MD,Transcriptome
PON2,0.10203338,Secretory,Lung_Tumor_MD,Transcriptome
POP1,-0.0692289,Nucleus,Lung_Tumor_MD,Transcriptome
POP4,0.002886415,Nucleus,Lung_Tumor_MD,Transcriptome
POR,-0.21007033,Secretory,Lung_Tumor_MD,Transcriptome
PPA1,-0.032459814,Cytosol,Lung_Tumor_MD,Transcriptome
PPAT,-0.14577217,Cytosol,Lung_Tumor_MD,Transcriptome
PPCS,-0.028284067,Cytosol,Lung_Tumor_MD,Transcriptome
PPHLN1,-0.03375812,Nucleus,Lung_Tumor_MD,Transcriptome
PPIA,-0.13652468,Cytosol,Lung_Tumor_MD,Transcriptome
PPID,-0.05782703,Cytosol,Lung_Tumor_MD,Transcriptome
PPIL2,-0.020304311,Nucleus,Lung_Tumor_MD,Transcriptome
PPIL3,-0.056050394,Cytosol,Lung_Tumor_MD,Transcriptome
PPIP5K2,-0.07303328,Cytosol,Lung_Tumor_MD,Transcriptome
PPM1A,-0.055807613,Cytosol,Lung_Tumor_MD,Transcriptome
PPM1B,-0.06760057,Cytosol,Lung_Tumor_MD,Transcriptome
PPM1F,-0.12094522,Cytosol,Lung_Tumor_MD,Transcriptome
PPM1H,-0.17215008,Cytosol,Lung_Tumor_MD,Transcriptome
PPM1L,-0.24217808,Secretory,Lung_Tumor_MD,Transcriptome
PPME1,-0.060934953,Cytosol,Lung_Tumor_MD,Transcriptome
PPP1CB,-0.13214944,Cytosol,Lung_Tumor_MD,Transcriptome
PPP1R11,-0.026100472,Cytosol,Lung_Tumor_MD,Transcriptome
PPP1R14B,-0.0029755563,Cytosol,Lung_Tumor_MD,Transcriptome
PPP1R2,-0.14785837,Cytosol,Lung_Tumor_MD,Transcriptome
PPP1R7,-0.0756386,Cytosol,Lung_Tumor_MD,Transcriptome
PPP2R1A,-0.011254058,Cytosol,Lung_Tumor_MD,Transcriptome
PPP2R1B,-0.13099101,Cytosol,Lung_Tumor_MD,Transcriptome
PPP2R2A,-0.041640107,Cytosol,Lung_Tumor_MD,Transcriptome
PPP2R3A,-0.14117277,Cytosol,Lung_Tumor_MD,Transcriptome
PPP2R5C,-0.035662595,Cytosol,Lung_Tumor_MD,Transcriptome
PPP2R5D,-0.07106852,Cytosol,Lung_Tumor_MD,Transcriptome
PPP3CB,-0.076993935,Cytosol,Lung_Tumor_MD,Transcriptome
PPP4C,-0.035787158,Cytosol,Lung_Tumor_MD,Transcriptome
PPP4R1,-0.018598285,Cytosol,Lung_Tumor_MD,Transcriptome
PPP5C,0.012205198,Cytosol,Lung_Tumor_MD,Transcriptome
PPP6R1,-0.0023364755,Cytosol,Lung_Tumor_MD,Transcriptome
PRDM2,0.011977009,Nucleus,Lung_Tumor_MD,Transcriptome
PRDX1,-0.14408416,Cytosol,Lung_Tumor_MD,Transcriptome
PRDX6,-0.14430541,Cytosol,Lung_Tumor_MD,Transcriptome
PREB,-0.22523566,Secretory,Lung_Tumor_MD,Transcriptome
PREP,-0.07429532,Cytosol,Lung_Tumor_MD,Transcriptome
PREPL,-0.16291425,Cytosol,Lung_Tumor_MD,Transcriptome
PRKAB1,-0.06711198,Cytosol,Lung_Tumor_MD,Transcriptome
PRKAB2,-0.16119029,Cytosol,Lung_Tumor_MD,Transcriptome
PRKAR1B,-0.10448799,Cytosol,Lung_Tumor_MD,Transcriptome
PRKCA,-0.08479407,Cytosol,Lung_Tumor_MD,Transcriptome
PRKD2,-0.00531212,Cytosol,Lung_Tumor_MD,Transcriptome
PRKRA,-0.033085782,Nucleus,Lung_Tumor_MD,Transcriptome
PRMT3,-0.086921066,Cytosol,Lung_Tumor_MD,Transcriptome
PRMT5,-0.11892179,Cytosol,Lung_Tumor_MD,Transcriptome
PRNP,0.09714473,Secretory,Lung_Tumor_MD,Transcriptome
PRPF19,-0.0144636175,Nucleus,Lung_Tumor_MD,Transcriptome
PRPF31,-0.03070884,Nucleus,Lung_Tumor_MD,Transcriptome
PRPF38A,-0.053185556,Nucleus,Lung_Tumor_MD,Transcriptome
PRPF40A,-0.03292119,Nucleus,Lung_Tumor_MD,Transcriptome
PRPS2,-0.112089895,Cytosol,Lung_Tumor_MD,Transcriptome
PRTFDC1,-0.11499387,Cytosol,Lung_Tumor_MD,Transcriptome
PSEN1,-0.04346301,Secretory,Lung_Tumor_MD,Transcriptome
PSMA1,-0.05038119,Cytosol,Lung_Tumor_MD,Transcriptome
PSMA3,-0.044579525,Cytosol,Lung_Tumor_MD,Transcriptome
PSMA4,-0.12798773,Cytosol,Lung_Tumor_MD,Transcriptome
PSMA5,-0.03752529,Cytosol,Lung_Tumor_MD,Transcriptome
PSMA6,-0.06407873,Cytosol,Lung_Tumor_MD,Transcriptome
PSMA7,-0.01449325,Cytosol,Lung_Tumor_MD,Transcriptome
PSMB2,-0.020665856,Cytosol,Lung_Tumor_MD,Transcriptome
PSMB4,-0.1507212,Cytosol,Lung_Tumor_MD,Transcriptome
PSMB5,-0.12032144,Cytosol,Lung_Tumor_MD,Transcriptome
PSMB7,-0.12336759,Cytosol,Lung_Tumor_MD,Transcriptome
PSMC1,-0.06875573,Cytosol,Lung_Tumor_MD,Transcriptome
PSMC2,-0.16080818,Cytosol,Lung_Tumor_MD,Transcriptome
PSMC3,-0.055864017,Cytosol,Lung_Tumor_MD,Transcriptome
PSMC4,-0.10726433,Cytosol,Lung_Tumor_MD,Transcriptome
PSMC5,-0.120900206,Cytosol,Lung_Tumor_MD,Transcriptome
PSMD1,-0.16664419,Cytosol,Lung_Tumor_MD,Transcriptome
PSMD11,-0.15439844,Cytosol,Lung_Tumor_MD,Transcriptome
PSMD12,-0.14869899,Cytosol,Lung_Tumor_MD,Transcriptome
PSMD13,-0.045801822,Cytosol,Lung_Tumor_MD,Transcriptome
PSMD14,-0.1155342,Cytosol,Lung_Tumor_MD,Transcriptome
PSMD2,-0.15075964,Cytosol,Lung_Tumor_MD,Transcriptome
PSMD3,-0.15880235,Cytosol,Lung_Tumor_MD,Transcriptome
PSMD7,-0.067776754,Cytosol,Lung_Tumor_MD,Transcriptome
PSMD8,-0.107254416,Cytosol,Lung_Tumor_MD,Transcriptome
PSMD9,-0.05948383,Cytosol,Lung_Tumor_MD,Transcriptome
PSME4,-0.17092933,Cytosol,Lung_Tumor_MD,Transcriptome
PSMG1,-0.0719585,Cytosol,Lung_Tumor_MD,Transcriptome
PSMG4,-0.06711041,Cytosol,Lung_Tumor_MD,Transcriptome
PSPC1,-0.04713123,Nucleus,Lung_Tumor_MD,Transcriptome
PTDSS1,-0.2388347,Secretory,Lung_Tumor_MD,Transcriptome
PTGES2,0.000323221,Mitochondria,Lung_Tumor_MD,Transcriptome
PTGES3,-0.12699707,Cytosol,Lung_Tumor_MD,Transcriptome
PTGFRN,0.044816412,Secretory,Lung_Tumor_MD,Transcriptome
PTGR1,-0.14127725,Cytosol,Lung_Tumor_MD,Transcriptome
PTK7,0.08506785,Secretory,Lung_Tumor_MD,Transcriptome
PTP4A2,-0.10199885,Cytosol,Lung_Tumor_MD,Transcriptome
PTPMT1,0.025913458,Mitochondria,Lung_Tumor_MD,Transcriptome
PTPN1,0.10053183,Secretory,Lung_Tumor_MD,Transcriptome
PTPN11,-0.16523126,Cytosol,Lung_Tumor_MD,Transcriptome
PTPN12,-0.09576924,Cytosol,Lung_Tumor_MD,Transcriptome
PTPN13,0.034417212,Secretory,Lung_Tumor_MD,Transcriptome
PTPRA,-0.2635234,Secretory,Lung_Tumor_MD,Transcriptome
PTPRE,0.099363595,Secretory,Lung_Tumor_MD,Transcriptome
PTPRF,-0.040690348,Secretory,Lung_Tumor_MD,Transcriptome
PTPRJ,0.09740352,Secretory,Lung_Tumor_MD,Transcriptome
PTPRK,0.09180877,Secretory,Lung_Tumor_MD,Transcriptome
PTPRS,-0.19597359,Secretory,Lung_Tumor_MD,Transcriptome
PTRH2,-0.25488657,Secretory,Lung_Tumor_MD,Transcriptome
PTRHD1,-0.16976899,Cytosol,Lung_Tumor_MD,Transcriptome
PTTG1IP,0.10218621,Secretory,Lung_Tumor_MD,Transcriptome
PUS3,-0.058273412,Nucleus,Lung_Tumor_MD,Transcriptome
PVR,0.089299336,Secretory,Lung_Tumor_MD,Transcriptome
PWWP2A,-0.14706649,Nucleus,Lung_Tumor_MD,Transcriptome
PXN,-0.052428894,Cytosol,Lung_Tumor_MD,Transcriptome
PYCR1,0.046017386,Mitochondria,Lung_Tumor_MD,Transcriptome
PYCR2,0.030181728,Mitochondria,Lung_Tumor_MD,Transcriptome
PYGL,-0.079787806,Cytosol,Lung_Tumor_MD,Transcriptome
PYGO2,-0.01637205,Nucleus,Lung_Tumor_MD,Transcriptome
PYROXD1,-0.111781165,Cytosol,Lung_Tumor_MD,Transcriptome
QDPR,-0.043575224,Cytosol,Lung_Tumor_MD,Transcriptome
QPCTL,-0.009145112,Secretory,Lung_Tumor_MD,Transcriptome
QSER1,-0.031558152,Nucleus,Lung_Tumor_MD,Transcriptome
QSOX1,0.06099917,Secretory,Lung_Tumor_MD,Transcriptome
QSOX2,-0.21312289,Secretory,Lung_Tumor_MD,Transcriptome
QTRT1,-0.09693626,Cytosol,Lung_Tumor_MD,Transcriptome
R3HCC1,-0.028995052,Cytosol,Lung_Tumor_MD,Transcriptome
R3HDM2,-0.051230576,Cytosol,Lung_Tumor_MD,Transcriptome
RAB10,-0.24571958,Secretory,Lung_Tumor_MD,Transcriptome
RAB11FIP5,-0.034503926,Secretory,Lung_Tumor_MD,Transcriptome
RAB12,-0.11695413,Secretory,Lung_Tumor_MD,Transcriptome
RAB13,0.062496718,Secretory,Lung_Tumor_MD,Transcriptome
RAB14,-0.20591126,Secretory,Lung_Tumor_MD,Transcriptome
RAB18,-0.18327309,Secretory,Lung_Tumor_MD,Transcriptome
RAB1A,0.037303608,Secretory,Lung_Tumor_MD,Transcriptome
RAB1B,0.038437676,Secretory,Lung_Tumor_MD,Transcriptome
RAB20,0.10074139,Secretory,Lung_Tumor_MD,Transcriptome
RAB21,-0.1227089,Secretory,Lung_Tumor_MD,Transcriptome
RAB22A,0.048051737,Secretory,Lung_Tumor_MD,Transcriptome
RAB23,0.10033247,Secretory,Lung_Tumor_MD,Transcriptome
RAB24,-0.13118859,Secretory,Lung_Tumor_MD,Transcriptome
RAB27A,0.09849849,Secretory,Lung_Tumor_MD,Transcriptome
RAB27B,0.061187636,Secretory,Lung_Tumor_MD,Transcriptome
RAB2A,-0.017482797,Secretory,Lung_Tumor_MD,Transcriptome
RAB2B,0.08650427,Secretory,Lung_Tumor_MD,Transcriptome
RAB30,0.083429955,Secretory,Lung_Tumor_MD,Transcriptome
RAB31,0.10406464,Secretory,Lung_Tumor_MD,Transcriptome
RAB32,0.10356143,Secretory,Lung_Tumor_MD,Transcriptome
RAB33B,0.082898796,Secretory,Lung_Tumor_MD,Transcriptome
RAB35,0.0015101806,Secretory,Lung_Tumor_MD,Transcriptome
RAB43,0.06775638,Secretory,Lung_Tumor_MD,Transcriptome
RAB4A,-0.19077434,Secretory,Lung_Tumor_MD,Transcriptome
RAB5A,0.023359956,Secretory,Lung_Tumor_MD,Transcriptome
RAB6A,-0.08279149,Secretory,Lung_Tumor_MD,Transcriptome
RAB7A,-0.18975152,Secretory,Lung_Tumor_MD,Transcriptome
RAB8A,-0.16630216,Secretory,Lung_Tumor_MD,Transcriptome
RAB8B,0.090330124,Secretory,Lung_Tumor_MD,Transcriptome
RAB9A,0.05968867,Secretory,Lung_Tumor_MD,Transcriptome
RABAC1,0.08823263,Secretory,Lung_Tumor_MD,Transcriptome
RABEP1,-0.06981774,Cytosol,Lung_Tumor_MD,Transcriptome
RABEPK,-0.12500747,Cytosol,Lung_Tumor_MD,Transcriptome
RABGAP1,-0.12606692,Cytosol,Lung_Tumor_MD,Transcriptome
RABGAP1L,-0.07264151,Cytosol,Lung_Tumor_MD,Transcriptome
RABGGTA,-0.067158036,Cytosol,Lung_Tumor_MD,Transcriptome
RABGGTB,-0.033047944,Cytosol,Lung_Tumor_MD,Transcriptome
RABIF,-0.16546746,Cytosol,Lung_Tumor_MD,Transcriptome
RABL3,-0.18220119,Secretory,Lung_Tumor_MD,Transcriptome
RABL6,-0.11295617,Cytosol,Lung_Tumor_MD,Transcriptome
RACGAP1,0.05439744,Mitochondria,Lung_Tumor_MD,Transcriptome
RAD21,-0.064817525,Nucleus,Lung_Tumor_MD,Transcriptome
RAD23A,-0.10544414,Cytosol,Lung_Tumor_MD,Transcriptome
RAD23B,-0.12910053,Cytosol,Lung_Tumor_MD,Transcriptome
RAI1,0.03188615,Nucleus,Lung_Tumor_MD,Transcriptome
RALA,-0.23797406,Secretory,Lung_Tumor_MD,Transcriptome
RALB,-0.23818864,Secretory,Lung_Tumor_MD,Transcriptome
RALGAPA2,-0.104897074,Cytosol,Lung_Tumor_MD,Transcriptome
RALGPS2,-0.03712521,Cytosol,Lung_Tumor_MD,Transcriptome
RALY,-0.075555556,Nucleus,Lung_Tumor_MD,Transcriptome
RAN,-0.16488963,Cytosol,Lung_Tumor_MD,Transcriptome
RANBP1,-0.16138221,Cytosol,Lung_Tumor_MD,Transcriptome
RANBP2,-0.04223015,Nucleus,Lung_Tumor_MD,Transcriptome
RANBP3,0.026607225,Nucleus,Lung_Tumor_MD,Transcriptome
RAP1A,0.08920812,Secretory,Lung_Tumor_MD,Transcriptome
RAP1B,0.041036855,Secretory,Lung_Tumor_MD,Transcriptome
RAP1GDS1,-0.020421866,Cytosol,Lung_Tumor_MD,Transcriptome
RAP2A,0.06477981,Secretory,Lung_Tumor_MD,Transcriptome
RAP2B,-0.24161623,Secretory,Lung_Tumor_MD,Transcriptome
RAP2C,0.04932354,Secretory,Lung_Tumor_MD,Transcriptome
RAPH1,-0.04003402,Cytosol,Lung_Tumor_MD,Transcriptome
RASA1,-0.08553873,Cytosol,Lung_Tumor_MD,Transcriptome
RBBP5,-0.03695869,Nucleus,Lung_Tumor_MD,Transcriptome
RBBP8,-0.049395915,Nucleus,Lung_Tumor_MD,Transcriptome
RBBP9,-0.16980487,Cytosol,Lung_Tumor_MD,Transcriptome
RBCK1,-0.032114737,Cytosol,Lung_Tumor_MD,Transcriptome
RBKS,-0.06806793,Cytosol,Lung_Tumor_MD,Transcriptome
RBM12B,-0.056005765,Nucleus,Lung_Tumor_MD,Transcriptome
RBM14,0.029127546,Nucleus,Lung_Tumor_MD,Transcriptome
RBM15,-0.051926706,Nucleus,Lung_Tumor_MD,Transcriptome
RBM15B,0.026440086,Nucleus,Lung_Tumor_MD,Transcriptome
RBM19,-0.028974075,Nucleus,Lung_Tumor_MD,Transcriptome
RBM25,-0.07959409,Nucleus,Lung_Tumor_MD,Transcriptome
RBM34,-0.03750312,Nucleus,Lung_Tumor_MD,Transcriptome
RBM42,0.0053679487,Nucleus,Lung_Tumor_MD,Transcriptome
RBM47,-0.2313426,Nucleus,Lung_Tumor_MD,Transcriptome
RBM5,-0.20637088,Nucleus,Lung_Tumor_MD,Transcriptome
RBM6,-0.18593417,Nucleus,Lung_Tumor_MD,Transcriptome
RBMS2,-0.22706024,Nucleus,Lung_Tumor_MD,Transcriptome
RBMX,-0.042366333,Nucleus,Lung_Tumor_MD,Transcriptome
RBMXL1,-0.044818528,Nucleus,Lung_Tumor_MD,Transcriptome
RBPJ,-0.1653024,Nucleus,Lung_Tumor_MD,Transcriptome
RBX1,-0.13773566,Cytosol,Lung_Tumor_MD,Transcriptome
RCC1,-0.037864383,Nucleus,Lung_Tumor_MD,Transcriptome
RCL1,-0.050442174,Nucleus,Lung_Tumor_MD,Transcriptome
RCN1,-0.22961985,Nucleus,Lung_Tumor_MD,Transcriptome
RCOR1,-0.0889279,Nucleus,Lung_Tumor_MD,Transcriptome
RCOR3,-0.03353559,Nucleus,Lung_Tumor_MD,Transcriptome
RDH10,-0.14780098,Secretory,Lung_Tumor_MD,Transcriptome
RDH11,-0.06734868,Secretory,Lung_Tumor_MD,Transcriptome
RDH13,0.00075455266,Mitochondria,Lung_Tumor_MD,Transcriptome
RDH14,-0.20513442,Secretory,Lung_Tumor_MD,Transcriptome
RDX,-0.070158914,Cytosol,Lung_Tumor_MD,Transcriptome
RECQL5,0.010482135,Nucleus,Lung_Tumor_MD,Transcriptome
REEP3,0.093772404,Secretory,Lung_Tumor_MD,Transcriptome
REEP4,-0.20244226,Secretory,Lung_Tumor_MD,Transcriptome
REEP5,0.09337398,Secretory,Lung_Tumor_MD,Transcriptome
REL,-0.038042773,Cytosol,Lung_Tumor_MD,Transcriptome
RELB,-0.086034596,Cytosol,Lung_Tumor_MD,Transcriptome
RELL1,-0.19214281,Secretory,Lung_Tumor_MD,Transcriptome
RER1,0.039007638,Secretory,Lung_Tumor_MD,Transcriptome
RETSAT,-0.031735387,Secretory,Lung_Tumor_MD,Transcriptome
REXO2,-0.07241124,Cytosol,Lung_Tumor_MD,Transcriptome
REXO4,-0.008095732,Nucleus,Lung_Tumor_MD,Transcriptome
RFC1,-0.03751645,Nucleus,Lung_Tumor_MD,Transcriptome
RFFL,-0.2236781,Secretory,Lung_Tumor_MD,Transcriptome
RFX1,0.029590452,Nucleus,Lung_Tumor_MD,Transcriptome
RHBDD1,0.097993456,Secretory,Lung_Tumor_MD,Transcriptome
RHBDD3,-0.21126017,Secretory,Lung_Tumor_MD,Transcriptome
RHBDF1,0.0607355,Secretory,Lung_Tumor_MD,Transcriptome
RHBDF2,0.06451766,Secretory,Lung_Tumor_MD,Transcriptome
RHEB,-0.15184653,Cytosol,Lung_Tumor_MD,Transcriptome
RHOB,0.100355566,Secretory,Lung_Tumor_MD,Transcriptome
RHOG,0.08603691,Secretory,Lung_Tumor_MD,Transcriptome
RHOT1,0.04086083,Mitochondria,Lung_Tumor_MD,Transcriptome
RHOT2,-0.008369014,Mitochondria,Lung_Tumor_MD,Transcriptome
RICTOR,-0.11376802,Cytosol,Lung_Tumor_MD,Transcriptome
RIF1,-0.031605292,Nucleus,Lung_Tumor_MD,Transcriptome
RIN3,-0.089550905,Cytosol,Lung_Tumor_MD,Transcriptome
RMDN1,-0.06828593,Nucleus,Lung_Tumor_MD,Transcriptome
RMDN2,-0.14934117,Mitochondria,Lung_Tumor_MD,Transcriptome
RMDN3,-0.17469613,Mitochondria,Lung_Tumor_MD,Transcriptome
RMND1,0.031017987,Mitochondria,Lung_Tumor_MD,Transcriptome
RNF123,-0.021563325,Cytosol,Lung_Tumor_MD,Transcriptome
RNF126,-0.08673047,Cytosol,Lung_Tumor_MD,Transcriptome
RNF13,-0.22302793,Secretory,Lung_Tumor_MD,Transcriptome
RNF139,-0.10708752,Secretory,Lung_Tumor_MD,Transcriptome
RNF14,-0.081778064,Cytosol,Lung_Tumor_MD,Transcriptome
RNF146,-0.08530885,Cytosol,Lung_Tumor_MD,Transcriptome
RNF169,-0.08004266,Nucleus,Lung_Tumor_MD,Transcriptome
RNF170,-0.11345933,Secretory,Lung_Tumor_MD,Transcriptome
RNF2,-0.035747617,Nucleus,Lung_Tumor_MD,Transcriptome
RNF20,-0.01615569,Nucleus,Lung_Tumor_MD,Transcriptome
RNF25,-0.045354016,Cytosol,Lung_Tumor_MD,Transcriptome
RNF40,-0.0216979,Nucleus,Lung_Tumor_MD,Transcriptome
RNF5,-0.07181338,Secretory,Lung_Tumor_MD,Transcriptome
RNMT,-0.039969232,Nucleus,Lung_Tumor_MD,Transcriptome
RNPC3,-0.12914534,Nucleus,Lung_Tumor_MD,Transcriptome
RNPEP,-0.13797,Cytosol,Lung_Tumor_MD,Transcriptome
RNPS1,-0.007977562,Nucleus,Lung_Tumor_MD,Transcriptome
ROCK1,-0.059361037,Cytosol,Lung_Tumor_MD,Transcriptome
ROCK2,-0.1581313,Cytosol,Lung_Tumor_MD,Transcriptome
RP2,0.08712051,Secretory,Lung_Tumor_MD,Transcriptome
RPE,-0.10486812,Cytosol,Lung_Tumor_MD,Transcriptome
RPF1,-0.050373603,Nucleus,Lung_Tumor_MD,Transcriptome
RPF2,-0.036407847,Nucleus,Lung_Tumor_MD,Transcriptome
RPGR,-0.041588496,Cytosol,Lung_Tumor_MD,Transcriptome
RPL10,-0.07253305,Nucleus,Lung_Tumor_MD,Transcriptome
RPL11,-0.07361622,Nucleus,Lung_Tumor_MD,Transcriptome
RPL12,-0.016235871,Nucleus,Lung_Tumor_MD,Transcriptome
RPL13A,-0.06832976,Nucleus,Lung_Tumor_MD,Transcriptome
RPL14,-0.07254574,Nucleus,Lung_Tumor_MD,Transcriptome
RPL15,-0.077636935,Nucleus,Lung_Tumor_MD,Transcriptome
RPL18,-0.06934318,Nucleus,Lung_Tumor_MD,Transcriptome
RPL18A,0.019329818,Nucleus,Lung_Tumor_MD,Transcriptome
RPL21,-0.07493418,Nucleus,Lung_Tumor_MD,Transcriptome
RPL23A,-0.051177125,Nucleus,Lung_Tumor_MD,Transcriptome
RPL27,-0.058982745,Nucleus,Lung_Tumor_MD,Transcriptome
RPL28,-0.031898197,Nucleus,Lung_Tumor_MD,Transcriptome
RPL3,-0.06834571,Nucleus,Lung_Tumor_MD,Transcriptome
RPL30,-0.07195758,Nucleus,Lung_Tumor_MD,Transcriptome
RPL34,-0.074158184,Nucleus,Lung_Tumor_MD,Transcriptome
RPL35A,-0.041364096,Nucleus,Lung_Tumor_MD,Transcriptome
RPL36,0.015496078,Nucleus,Lung_Tumor_MD,Transcriptome
RPL37A,-0.06565026,Nucleus,Lung_Tumor_MD,Transcriptome
RPL4,-0.065919705,Nucleus,Lung_Tumor_MD,Transcriptome
RPL6,-0.06661299,Nucleus,Lung_Tumor_MD,Transcriptome
RPL7,-0.08058475,Nucleus,Lung_Tumor_MD,Transcriptome
RPL7A,-0.01125484,Nucleus,Lung_Tumor_MD,Transcriptome
RPL7L1,0.0057709357,Nucleus,Lung_Tumor_MD,Transcriptome
RPL9,-0.07513304,Nucleus,Lung_Tumor_MD,Transcriptome
RPLP0,-0.06524056,Nucleus,Lung_Tumor_MD,Transcriptome
RPLP2,-0.0735652,Nucleus,Lung_Tumor_MD,Transcriptome
RPN1,-0.18886957,Secretory,Lung_Tumor_MD,Transcriptome
RPN2,0.02950779,Secretory,Lung_Tumor_MD,Transcriptome
RPRD2,-0.018339453,Nucleus,Lung_Tumor_MD,Transcriptome
RPS4X,-0.067910075,Nucleus,Lung_Tumor_MD,Transcriptome
RPS6KA1,-0.080365516,Cytosol,Lung_Tumor_MD,Transcriptome
RPS6KB1,-0.15259643,Cytosol,Lung_Tumor_MD,Transcriptome
RPS7,-0.06506659,Nucleus,Lung_Tumor_MD,Transcriptome
RPS8,-0.070858166,Nucleus,Lung_Tumor_MD,Transcriptome
RRAS,0.093307406,Secretory,Lung_Tumor_MD,Transcriptome
RRAS2,-0.03829434,Secretory,Lung_Tumor_MD,Transcriptome
RRBP1,0.090714164,Secretory,Lung_Tumor_MD,Transcriptome
RREB1,0.023838662,Nucleus,Lung_Tumor_MD,Transcriptome
RRM2,-0.16254863,Cytosol,Lung_Tumor_MD,Transcriptome
RRM2B,-0.05499369,Cytosol,Lung_Tumor_MD,Transcriptome
RRP12,-0.02641069,Nucleus,Lung_Tumor_MD,Transcriptome
RRP36,0.010376608,Nucleus,Lung_Tumor_MD,Transcriptome
RRP7A,-0.029700343,Nucleus,Lung_Tumor_MD,Transcriptome
RRS1,-0.078219935,Nucleus,Lung_Tumor_MD,Transcriptome
RSBN1,-0.09103814,Nucleus,Lung_Tumor_MD,Transcriptome
RSBN1L,-0.03397066,Nucleus,Lung_Tumor_MD,Transcriptome
RSF1,-0.07412543,Nucleus,Lung_Tumor_MD,Transcriptome
RSL1D1,-0.07206516,Nucleus,Lung_Tumor_MD,Transcriptome
RSPRY1,0.0101143,Secretory,Lung_Tumor_MD,Transcriptome
RTN3,-0.052313898,Secretory,Lung_Tumor_MD,Transcriptome
RTN4,0.09660037,Secretory,Lung_Tumor_MD,Transcriptome
RUFY3,-0.034850545,Cytosol,Lung_Tumor_MD,Transcriptome
RWDD1,-0.025064282,Cytosol,Lung_Tumor_MD,Transcriptome
RWDD2B,-0.07288741,Cytosol,Lung_Tumor_MD,Transcriptome
RWDD4,-0.046841476,Cytosol,Lung_Tumor_MD,Transcriptome
RYBP,-0.1150276,Nucleus,Lung_Tumor_MD,Transcriptome
S100A6,-0.07106618,Cytosol,Lung_Tumor_MD,Transcriptome
S1PR2,0.0974189,Secretory,Lung_Tumor_MD,Transcriptome
SACM1L,0.074412905,Secretory,Lung_Tumor_MD,Transcriptome
SAFB,0.026009222,Nucleus,Lung_Tumor_MD,Transcriptome
SAFB2,0.027900616,Nucleus,Lung_Tumor_MD,Transcriptome
SAMM50,0.03759286,Mitochondria,Lung_Tumor_MD,Transcriptome
SAP18,-0.07247839,Nucleus,Lung_Tumor_MD,Transcriptome
SAR1A,-0.09708533,Cytosol,Lung_Tumor_MD,Transcriptome
SAR1B,-0.096666045,Cytosol,Lung_Tumor_MD,Transcriptome
SART3,-0.06249963,Nucleus,Lung_Tumor_MD,Transcriptome
SASH1,-0.1022137,Cytosol,Lung_Tumor_MD,Transcriptome
SBDS,-0.026805526,Cytosol,Lung_Tumor_MD,Transcriptome
SCAF1,-0.01800349,Nucleus,Lung_Tumor_MD,Transcriptome
SCAF4,0.017430564,Nucleus,Lung_Tumor_MD,Transcriptome
SCAF8,-0.034639683,Nucleus,Lung_Tumor_MD,Transcriptome
SCAMP1,-0.17994791,Secretory,Lung_Tumor_MD,Transcriptome
SCAMP2,0.01570268,Secretory,Lung_Tumor_MD,Transcriptome
SCAMP3,-0.23757367,Secretory,Lung_Tumor_MD,Transcriptome
SCAMP4,-0.0016467837,Secretory,Lung_Tumor_MD,Transcriptome
SCARB2,0.09879025,Secretory,Lung_Tumor_MD,Transcriptome
SCCPDH,0.02184699,Mitochondria,Lung_Tumor_MD,Transcriptome
SCD,-0.22098313,Secretory,Lung_Tumor_MD,Transcriptome
SCD5,-0.26445022,Secretory,Lung_Tumor_MD,Transcriptome
SCFD1,0.0788929,Secretory,Lung_Tumor_MD,Transcriptome
SCFD2,-0.24334455,Secretory,Lung_Tumor_MD,Transcriptome
SCLT1,-0.07902955,Cytosol,Lung_Tumor_MD,Transcriptome
SCML2,-0.04939766,Nucleus,Lung_Tumor_MD,Transcriptome
SCO1,-0.033586133,Mitochondria,Lung_Tumor_MD,Transcriptome
SCO2,-0.1582679,Mitochondria,Lung_Tumor_MD,Transcriptome
SCRIB,-0.0011556,Mitochondria,Lung_Tumor_MD,Transcriptome
SCRN1,-0.15051082,Cytosol,Lung_Tumor_MD,Transcriptome
SCRN3,-0.11621123,Cytosol,Lung_Tumor_MD,Transcriptome
SDAD1,-0.03847969,Nucleus,Lung_Tumor_MD,Transcriptome
SDC1,-0.043260366,Secretory,Lung_Tumor_MD,Transcriptome
SDC4,0.093737826,Secretory,Lung_Tumor_MD,Transcriptome
SDCBP,-0.09083,Cytosol,Lung_Tumor_MD,Transcriptome
SDF2,-0.24958171,Secretory,Lung_Tumor_MD,Transcriptome
SDHA,0.076737165,Mitochondria,Lung_Tumor_MD,Transcriptome
SDHB,0.014261916,Mitochondria,Lung_Tumor_MD,Transcriptome
SEC11A,0.08152158,Secretory,Lung_Tumor_MD,Transcriptome
SEC22A,-0.1848,Secretory,Lung_Tumor_MD,Transcriptome
SEC23IP,-0.08221727,Cytosol,Lung_Tumor_MD,Transcriptome
SEC61B,-0.20829256,Secretory,Lung_Tumor_MD,Transcriptome
SEC62,-0.21870482,Secretory,Lung_Tumor_MD,Transcriptome
SEC63,-0.0092983,Secretory,Lung_Tumor_MD,Transcriptome
SEL1L,0.09012997,Secretory,Lung_Tumor_MD,Transcriptome
SEMA3C,0.10085858,Secretory,Lung_Tumor_MD,Transcriptome
SEMA4C,-0.001672069,Secretory,Lung_Tumor_MD,Transcriptome
SEMA4D,-0.0027364134,Secretory,Lung_Tumor_MD,Transcriptome
SEMA7A,0.09650056,Secretory,Lung_Tumor_MD,Transcriptome
SENP3,0.028274411,Nucleus,Lung_Tumor_MD,Transcriptome
SENP5,-0.03899273,Nucleus,Lung_Tumor_MD,Transcriptome
SENP7,-0.16245587,Nucleus,Lung_Tumor_MD,Transcriptome
SEPSECS,-0.046315555,Cytosol,Lung_Tumor_MD,Transcriptome
SERAC1,0.028957706,Mitochondria,Lung_Tumor_MD,Transcriptome
SERINC3,0.06867002,Secretory,Lung_Tumor_MD,Transcriptome
SERPINB1,-0.081308335,Cytosol,Lung_Tumor_MD,Transcriptome
SESN2,-0.04953461,Cytosol,Lung_Tumor_MD,Transcriptome
SET,-0.015298382,Nucleus,Lung_Tumor_MD,Transcriptome
SETD1B,0.028731389,Nucleus,Lung_Tumor_MD,Transcriptome
SETD7,-0.089981735,Cytosol,Lung_Tumor_MD,Transcriptome
SF3A1,0.025565024,Nucleus,Lung_Tumor_MD,Transcriptome
SF3A2,0.02978064,Nucleus,Lung_Tumor_MD,Transcriptome
SF3A3,-0.09972828,Nucleus,Lung_Tumor_MD,Transcriptome
SF3B1,-0.03409276,Nucleus,Lung_Tumor_MD,Transcriptome
SFXN1,0.025782818,Mitochondria,Lung_Tumor_MD,Transcriptome
SFXN2,0.04592588,Mitochondria,Lung_Tumor_MD,Transcriptome
SFXN3,-0.20314974,Mitochondria,Lung_Tumor_MD,Transcriptome
SGPL1,0.015140523,Secretory,Lung_Tumor_MD,Transcriptome
SGPP1,0.09317076,Secretory,Lung_Tumor_MD,Transcriptome
SGTA,-0.09444646,Cytosol,Lung_Tumor_MD,Transcriptome
SGTB,-0.08635828,Cytosol,Lung_Tumor_MD,Transcriptome
SH2D4A,-0.12594153,Cytosol,Lung_Tumor_MD,Transcriptome
SH3BP2,-0.04992212,Cytosol,Lung_Tumor_MD,Transcriptome
SH3BP4,-0.22705731,Secretory,Lung_Tumor_MD,Transcriptome
SH3BP5L,-0.14544407,Cytosol,Lung_Tumor_MD,Transcriptome
SH3D19,-0.10050042,Cytosol,Lung_Tumor_MD,Transcriptome
SH3GL1,-0.08183278,Cytosol,Lung_Tumor_MD,Transcriptome
SH3KBP1,-0.103094906,Cytosol,Lung_Tumor_MD,Transcriptome
SH3PXD2B,-0.08730051,Cytosol,Lung_Tumor_MD,Transcriptome
SH3RF1,-0.07745843,Cytosol,Lung_Tumor_MD,Transcriptome
SHCBP1,-0.09653385,Cytosol,Lung_Tumor_MD,Transcriptome
SIDT2,0.08056904,Secretory,Lung_Tumor_MD,Transcriptome
SIN3A,0.023540512,Nucleus,Lung_Tumor_MD,Transcriptome
SIRT1,-0.091165006,Nucleus,Lung_Tumor_MD,Transcriptome
SLC12A2,-0.0050092605,Secretory,Lung_Tumor_MD,Transcriptome
SLC12A4,0.08968004,Secretory,Lung_Tumor_MD,Transcriptome
SLC12A6,-0.2530145,Secretory,Lung_Tumor_MD,Transcriptome
SLC12A9,-0.16520979,Secretory,Lung_Tumor_MD,Transcriptome
SLC15A4,0.10387994,Secretory,Lung_Tumor_MD,Transcriptome
SLC16A1,-0.1997748,Secretory,Lung_Tumor_MD,Transcriptome
SLC16A3,0.07401939,Secretory,Lung_Tumor_MD,Transcriptome
SLC1A4,-0.23963149,Secretory,Lung_Tumor_MD,Transcriptome
SLC1A5,-0.05314041,Secretory,Lung_Tumor_MD,Transcriptome
SLC20A2,-0.23566268,Secretory,Lung_Tumor_MD,Transcriptome
SLC25A1,0.036998242,Mitochondria,Lung_Tumor_MD,Transcriptome
SLC25A12,0.028982531,Mitochondria,Lung_Tumor_MD,Transcriptome
SLC25A13,0.022086695,Mitochondria,Lung_Tumor_MD,Transcriptome
SLC25A19,7.002748e-05,Mitochondria,Lung_Tumor_MD,Transcriptome
SLC25A22,-0.043101575,Mitochondria,Lung_Tumor_MD,Transcriptome
SLC25A24,-0.121145085,Mitochondria,Lung_Tumor_MD,Transcriptome
SLC25A25,0.009699538,Mitochondria,Lung_Tumor_MD,Transcriptome
SLC25A3,0.06285233,Mitochondria,Lung_Tumor_MD,Transcriptome
SLC25A35,-0.03977696,Mitochondria,Lung_Tumor_MD,Transcriptome
SLC25A46,-0.092519574,Mitochondria,Lung_Tumor_MD,Transcriptome
SLC25A5,0.056541245,Mitochondria,Lung_Tumor_MD,Transcriptome
SLC25A6,0.06849303,Mitochondria,Lung_Tumor_MD,Transcriptome
SLC26A2,0.024803564,Secretory,Lung_Tumor_MD,Transcriptome
SLC26A6,-0.15762207,Secretory,Lung_Tumor_MD,Transcriptome
SLC27A1,0.045118436,Secretory,Lung_Tumor_MD,Transcriptome
SLC27A4,-0.20649907,Secretory,Lung_Tumor_MD,Transcriptome
SLC2A13,0.07533798,Secretory,Lung_Tumor_MD,Transcriptome
SLC30A1,0.065203264,Secretory,Lung_Tumor_MD,Transcriptome
SLC30A5,0.034657307,Secretory,Lung_Tumor_MD,Transcriptome
SLC30A6,-0.23229258,Secretory,Lung_Tumor_MD,Transcriptome
SLC30A9,-0.025148602,Mitochondria,Lung_Tumor_MD,Transcriptome
SLC33A1,-0.15635085,Secretory,Lung_Tumor_MD,Transcriptome
SLC35B2,-0.10769578,Secretory,Lung_Tumor_MD,Transcriptome
SLC35B3,-0.09480125,Secretory,Lung_Tumor_MD,Transcriptome
SLC35E1,-0.16788039,Secretory,Lung_Tumor_MD,Transcriptome
SLC35F6,0.06853424,Secretory,Lung_Tumor_MD,Transcriptome
SLC37A4,-0.11739002,Secretory,Lung_Tumor_MD,Transcriptome
SLC38A1,-0.14761503,Secretory,Lung_Tumor_MD,Transcriptome
SLC38A10,0.05213275,Secretory,Lung_Tumor_MD,Transcriptome
SLC38A2,0.03459903,Secretory,Lung_Tumor_MD,Transcriptome
SLC39A10,0.056275357,Secretory,Lung_Tumor_MD,Transcriptome
SLC39A11,-0.21264279,Secretory,Lung_Tumor_MD,Transcriptome
SLC39A14,0.10238188,Secretory,Lung_Tumor_MD,Transcriptome
SLC39A7,0.019192602,Secretory,Lung_Tumor_MD,Transcriptome
SLC3A2,-0.2316961,Secretory,Lung_Tumor_MD,Transcriptome
SLC44A1,-0.21191067,Secretory,Lung_Tumor_MD,Transcriptome
SLC44A2,0.057623047,Secretory,Lung_Tumor_MD,Transcriptome
SLC4A1AP,-0.051443223,Nucleus,Lung_Tumor_MD,Transcriptome
SLC4A2,-0.12511018,Secretory,Lung_Tumor_MD,Transcriptome
SLC4A7,0.06989143,Secretory,Lung_Tumor_MD,Transcriptome
SLC7A1,-0.20917448,Secretory,Lung_Tumor_MD,Transcriptome
SLC7A5,-0.2187,Secretory,Lung_Tumor_MD,Transcriptome
SLC9A1,0.01675753,Secretory,Lung_Tumor_MD,Transcriptome
SLC9A6,-0.011261334,Secretory,Lung_Tumor_MD,Transcriptome
SLC9A7,0.10264438,Secretory,Lung_Tumor_MD,Transcriptome
SLK,-0.018877923,Cytosol,Lung_Tumor_MD,Transcriptome
SLMAP,-0.004191402,Secretory,Lung_Tumor_MD,Transcriptome
SLTM,-0.054670904,Nucleus,Lung_Tumor_MD,Transcriptome
SMAD2,-0.13218652,Cytosol,Lung_Tumor_MD,Transcriptome
SMAD4,-0.09190848,Cytosol,Lung_Tumor_MD,Transcriptome
SMAD5,-0.101967104,Cytosol,Lung_Tumor_MD,Transcriptome
SMAP1,-0.13569474,Cytosol,Lung_Tumor_MD,Transcriptome
SMARCA1,-0.23194408,Nucleus,Lung_Tumor_MD,Transcriptome
SMARCA5,-0.066510074,Nucleus,Lung_Tumor_MD,Transcriptome
SMARCAD1,-0.0351538,Nucleus,Lung_Tumor_MD,Transcriptome
SMC1A,-0.05045172,Nucleus,Lung_Tumor_MD,Transcriptome
SMC5,-0.016436696,Nucleus,Lung_Tumor_MD,Transcriptome
SMC6,-0.05974226,Nucleus,Lung_Tumor_MD,Transcriptome
SMCHD1,-0.045449108,Nucleus,Lung_Tumor_MD,Transcriptome
SMG8,-0.17275304,Cytosol,Lung_Tumor_MD,Transcriptome
SMIM12,-0.08006787,Mitochondria,Lung_Tumor_MD,Transcriptome
SMPD1,0.09336603,Secretory,Lung_Tumor_MD,Transcriptome
SMPD2,-0.021258486,Secretory,Lung_Tumor_MD,Transcriptome
SMPD4,-0.012204984,Nucleus,Lung_Tumor_MD,Transcriptome
SMS,-0.15306327,Cytosol,Lung_Tumor_MD,Transcriptome
SMURF2,-0.045019735,Cytosol,Lung_Tumor_MD,Transcriptome
SMYD2,-0.16983359,Cytosol,Lung_Tumor_MD,Transcriptome
SMYD5,-0.14499399,Cytosol,Lung_Tumor_MD,Transcriptome
SNAP23,0.09095211,Secretory,Lung_Tumor_MD,Transcriptome
SNAP47,-0.26567298,Secretory,Lung_Tumor_MD,Transcriptome
SNTB2,-0.0065130377,Mitochondria,Lung_Tumor_MD,Transcriptome
SNX1,-0.10233948,Cytosol,Lung_Tumor_MD,Transcriptome
SNX13,-0.04039402,Secretory,Lung_Tumor_MD,Transcriptome
SNX14,0.07176349,Secretory,Lung_Tumor_MD,Transcriptome
SNX15,-0.05055362,Cytosol,Lung_Tumor_MD,Transcriptome
SNX19,0.08871768,Secretory,Lung_Tumor_MD,Transcriptome
SNX2,-0.09107212,Cytosol,Lung_Tumor_MD,Transcriptome
SNX25,0.10294316,Secretory,Lung_Tumor_MD,Transcriptome
SNX5,-0.16451474,Cytosol,Lung_Tumor_MD,Transcriptome
SNX6,-0.042931683,Cytosol,Lung_Tumor_MD,Transcriptome
SNX9,-0.10381775,Cytosol,Lung_Tumor_MD,Transcriptome
SOAT1,0.10114975,Secretory,Lung_Tumor_MD,Transcriptome
SOD1,-0.15814526,Cytosol,Lung_Tumor_MD,Transcriptome
SORBS3,-0.07261758,Cytosol,Lung_Tumor_MD,Transcriptome
SORD,-0.12897594,Cytosol,Lung_Tumor_MD,Transcriptome
SORT1,0.09002565,Secretory,Lung_Tumor_MD,Transcriptome
SOS1,-0.1355653,Cytosol,Lung_Tumor_MD,Transcriptome
SOWAHC,-0.15011926,Cytosol,Lung_Tumor_MD,Transcriptome
SP1,0.0102709215,Nucleus,Lung_Tumor_MD,Transcriptome
SPAG9,-0.16482043,Cytosol,Lung_Tumor_MD,Transcriptome
SPC24,-0.14701554,Cytosol,Lung_Tumor_MD,Transcriptome
SPCS1,0.08724572,Secretory,Lung_Tumor_MD,Transcriptome
SPCS2,0.09586743,Secretory,Lung_Tumor_MD,Transcriptome
SPCS3,0.08263468,Secretory,Lung_Tumor_MD,Transcriptome
SPECC1,0.102351494,Secretory,Lung_Tumor_MD,Transcriptome
SPEN,0.02065337,Nucleus,Lung_Tumor_MD,Transcriptome
SPG7,-0.053574566,Mitochondria,Lung_Tumor_MD,Transcriptome
SPIN1,-0.016422631,Nucleus,Lung_Tumor_MD,Transcriptome
SPR,-0.16395682,Cytosol,Lung_Tumor_MD,Transcriptome
SPRED1,0.09929112,Secretory,Lung_Tumor_MD,Transcriptome
SPRYD3,0.082531,Secretory,Lung_Tumor_MD,Transcriptome
SPRYD7,-0.22316271,Secretory,Lung_Tumor_MD,Transcriptome
SPTLC1,-0.21152656,Secretory,Lung_Tumor_MD,Transcriptome
SPTLC2,-0.11724365,Secretory,Lung_Tumor_MD,Transcriptome
SPTY2D1,-0.031734396,Nucleus,Lung_Tumor_MD,Transcriptome
SQLE,-0.24450365,Secretory,Lung_Tumor_MD,Transcriptome
SRCAP,0.028341256,Nucleus,Lung_Tumor_MD,Transcriptome
SREBF2,-0.2297581,Secretory,Lung_Tumor_MD,Transcriptome
SRFBP1,-0.06050696,Nucleus,Lung_Tumor_MD,Transcriptome
SRGAP1,-0.17294444,Cytosol,Lung_Tumor_MD,Transcriptome
SRI,-0.070002384,Cytosol,Lung_Tumor_MD,Transcriptome
SRM,0.0023501366,Cytosol,Lung_Tumor_MD,Transcriptome
SRP68,-0.111241706,Cytosol,Lung_Tumor_MD,Transcriptome
SRP72,-0.030090502,Cytosol,Lung_Tumor_MD,Transcriptome
SRPRB,-0.18784869,Secretory,Lung_Tumor_MD,Transcriptome
SRR,-0.07058571,Cytosol,Lung_Tumor_MD,Transcriptome
SRRT,0.010611679,Nucleus,Lung_Tumor_MD,Transcriptome
SRSF1,-0.039271116,Nucleus,Lung_Tumor_MD,Transcriptome
SRSF3,-0.04739666,Nucleus,Lung_Tumor_MD,Transcriptome
SRSF4,-0.12775491,Nucleus,Lung_Tumor_MD,Transcriptome
SRSF5,-0.08224758,Nucleus,Lung_Tumor_MD,Transcriptome
SRSF7,-0.051666714,Nucleus,Lung_Tumor_MD,Transcriptome
SRSF9,-0.061795283,Nucleus,Lung_Tumor_MD,Transcriptome
SSBP1,0.0348737,Mitochondria,Lung_Tumor_MD,Transcriptome
SSH3,-0.045212775,Cytosol,Lung_Tumor_MD,Transcriptome
SSNA1,-0.11667361,Cytosol,Lung_Tumor_MD,Transcriptome
SSR1,-0.047420286,Secretory,Lung_Tumor_MD,Transcriptome
SSR3,0.083159775,Secretory,Lung_Tumor_MD,Transcriptome
SSR4,0.093756795,Secretory,Lung_Tumor_MD,Transcriptome
SSU72,-0.0064258897,Cytosol,Lung_Tumor_MD,Transcriptome
ST13,-0.16472018,Cytosol,Lung_Tumor_MD,Transcriptome
ST3GAL1,0.097650245,Secretory,Lung_Tumor_MD,Transcriptome
ST7,0.09892448,Secretory,Lung_Tumor_MD,Transcriptome
STAG1,-0.035093814,Nucleus,Lung_Tumor_MD,Transcriptome
STAG2,-0.04471892,Nucleus,Lung_Tumor_MD,Transcriptome
STAMBP,-0.16611254,Cytosol,Lung_Tumor_MD,Transcriptome
STARD3,-0.05922802,Secretory,Lung_Tumor_MD,Transcriptome
STAT1,-0.0969542,Cytosol,Lung_Tumor_MD,Transcriptome
STAT5B,0.005151218,Cytosol,Lung_Tumor_MD,Transcriptome
STAU1,-0.047556527,Nucleus,Lung_Tumor_MD,Transcriptome
STAU2,-0.057139773,Nucleus,Lung_Tumor_MD,Transcriptome
STIM1,-0.15495859,Secretory,Lung_Tumor_MD,Transcriptome
STIP1,-0.03285937,Cytosol,Lung_Tumor_MD,Transcriptome
STK24,-0.06024115,Cytosol,Lung_Tumor_MD,Transcriptome
STK38,-0.08792579,Cytosol,Lung_Tumor_MD,Transcriptome
STK38L,-0.07994667,Cytosol,Lung_Tumor_MD,Transcriptome
STK4,-0.10000204,Cytosol,Lung_Tumor_MD,Transcriptome
STMN1,-0.1308858,Cytosol,Lung_Tumor_MD,Transcriptome
STOM,0.0992285,Secretory,Lung_Tumor_MD,Transcriptome
STOML2,-0.001469163,Mitochondria,Lung_Tumor_MD,Transcriptome
STRAP,-0.15691605,Cytosol,Lung_Tumor_MD,Transcriptome
STRBP,-0.028277464,Nucleus,Lung_Tumor_MD,Transcriptome
STT3A,0.09027924,Secretory,Lung_Tumor_MD,Transcriptome
STT3B,0.05698562,Secretory,Lung_Tumor_MD,Transcriptome
STX10,-0.17527908,Secretory,Lung_Tumor_MD,Transcriptome
STX12,0.0983902,Secretory,Lung_Tumor_MD,Transcriptome
STX16,-0.06648548,Secretory,Lung_Tumor_MD,Transcriptome
STX17,-0.20535195,Secretory,Lung_Tumor_MD,Transcriptome
STX18,0.047384974,Secretory,Lung_Tumor_MD,Transcriptome
STX3,0.040956423,Secretory,Lung_Tumor_MD,Transcriptome
STX4,0.06707123,Secretory,Lung_Tumor_MD,Transcriptome
STX5,0.058429487,Secretory,Lung_Tumor_MD,Transcriptome
STX6,-0.0723222,Secretory,Lung_Tumor_MD,Transcriptome
STX7,0.08166813,Secretory,Lung_Tumor_MD,Transcriptome
STX8,-0.12534198,Secretory,Lung_Tumor_MD,Transcriptome
STXBP3,0.037469376,Secretory,Lung_Tumor_MD,Transcriptome
SUGP1,0.027505172,Nucleus,Lung_Tumor_MD,Transcriptome
SUGP2,0.030558072,Nucleus,Lung_Tumor_MD,Transcriptome
SUGT1,-0.062918805,Cytosol,Lung_Tumor_MD,Transcriptome
SUN1,-0.029912645,Nucleus,Lung_Tumor_MD,Transcriptome
SUN2,-0.19775496,Nucleus,Lung_Tumor_MD,Transcriptome
SUOX,-0.17973089,Nucleus,Lung_Tumor_MD,Transcriptome
SUPT16H,-0.08528316,Nucleus,Lung_Tumor_MD,Transcriptome
SUPT5H,0.008507666,Nucleus,Lung_Tumor_MD,Transcriptome
SUPT6H,-0.03163278,Nucleus,Lung_Tumor_MD,Transcriptome
SUPV3L1,0.072124355,Mitochondria,Lung_Tumor_MD,Transcriptome
SURF1,0.0011396747,Mitochondria,Lung_Tumor_MD,Transcriptome
SURF4,0.08745436,Secretory,Lung_Tumor_MD,Transcriptome
SURF6,-0.011595352,Nucleus,Lung_Tumor_MD,Transcriptome
SUV39H2,-0.05190922,Nucleus,Lung_Tumor_MD,Transcriptome
SWAP70,-0.039425768,Cytosol,Lung_Tumor_MD,Transcriptome
SYMPK,-0.024667017,Nucleus,Lung_Tumor_MD,Transcriptome
SYNCRIP,-0.03534272,Nucleus,Lung_Tumor_MD,Transcriptome
SYNE2,-0.08331782,Nucleus,Lung_Tumor_MD,Transcriptome
SYNE3,-0.22062,Nucleus,Lung_Tumor_MD,Transcriptome
SYNGR2,-0.17793898,Secretory,Lung_Tumor_MD,Transcriptome
SYNJ1,-0.08355333,Cytosol,Lung_Tumor_MD,Transcriptome
SYNJ2BP,0.02980082,Mitochondria,Lung_Tumor_MD,Transcriptome
SYNRG,0.008623097,Cytosol,Lung_Tumor_MD,Transcriptome
SYPL1,-0.06880982,Secretory,Lung_Tumor_MD,Transcriptome
SYVN1,0.045149516,Secretory,Lung_Tumor_MD,Transcriptome
SZRD1,-0.026918555,Cytosol,Lung_Tumor_MD,Transcriptome
TAB1,-0.13190855,Cytosol,Lung_Tumor_MD,Transcriptome
TAB2,-0.08604224,Cytosol,Lung_Tumor_MD,Transcriptome
TACC2,-0.14636123,Cytosol,Lung_Tumor_MD,Transcriptome
TACC3,-0.014724914,Cytosol,Lung_Tumor_MD,Transcriptome
TAF4,0.019826155,Nucleus,Lung_Tumor_MD,Transcriptome
TAF7,-0.032809157,Cytosol,Lung_Tumor_MD,Transcriptome
TAGLN2,-0.07732934,Cytosol,Lung_Tumor_MD,Transcriptome
TALDO1,-0.14012572,Cytosol,Lung_Tumor_MD,Transcriptome
TAMM41,-0.032133043,Mitochondria,Lung_Tumor_MD,Transcriptome
TANC1,-0.15316464,Cytosol,Lung_Tumor_MD,Transcriptome
TANGO2,-0.11488838,Cytosol,Lung_Tumor_MD,Transcriptome
TANK,-0.08860734,Cytosol,Lung_Tumor_MD,Transcriptome
TAP1,0.09524271,Secretory,Lung_Tumor_MD,Transcriptome
TAP2,0.09507283,Secretory,Lung_Tumor_MD,Transcriptome
TAPT1,0.054612692,Secretory,Lung_Tumor_MD,Transcriptome
TARS2,0.026932156,Mitochondria,Lung_Tumor_MD,Transcriptome
TASP1,-0.055302124,Nucleus,Lung_Tumor_MD,Transcriptome
TATDN1,-0.10761307,Cytosol,Lung_Tumor_MD,Transcriptome
TATDN3,-0.099382736,Cytosol,Lung_Tumor_MD,Transcriptome
TBC1D1,-0.10257362,Cytosol,Lung_Tumor_MD,Transcriptome
TBC1D13,-0.1129354,Cytosol,Lung_Tumor_MD,Transcriptome
TBC1D2,-0.12750666,Cytosol,Lung_Tumor_MD,Transcriptome
TBC1D20,-0.2649978,Secretory,Lung_Tumor_MD,Transcriptome
TBC1D22A,-0.03585801,Cytosol,Lung_Tumor_MD,Transcriptome
TBC1D2B,-0.099267624,Cytosol,Lung_Tumor_MD,Transcriptome
TBC1D31,-0.16747475,Secretory,Lung_Tumor_MD,Transcriptome
TBC1D5,-0.022458775,Cytosol,Lung_Tumor_MD,Transcriptome
TBCB,-0.11048058,Cytosol,Lung_Tumor_MD,Transcriptome
TBCC,-0.0672827,Cytosol,Lung_Tumor_MD,Transcriptome
TBCE,-0.15033531,Cytosol,Lung_Tumor_MD,Transcriptome
TBCEL,-0.08861896,Cytosol,Lung_Tumor_MD,Transcriptome
TBK1,-0.04102107,Cytosol,Lung_Tumor_MD,Transcriptome
TBL1XR1,-0.04058257,Nucleus,Lung_Tumor_MD,Transcriptome
TBL2,-0.22696088,Secretory,Lung_Tumor_MD,Transcriptome
TBL3,0.006409652,Nucleus,Lung_Tumor_MD,Transcriptome
TBPL1,-0.0801613,Cytosol,Lung_Tumor_MD,Transcriptome
TBRG4,-0.0032775952,Mitochondria,Lung_Tumor_MD,Transcriptome
TCERG1,-0.06245753,Nucleus,Lung_Tumor_MD,Transcriptome
TCF20,-0.02874772,Nucleus,Lung_Tumor_MD,Transcriptome
TCF25,0.08676039,Secretory,Lung_Tumor_MD,Transcriptome
TCIRG1,0.08987832,Secretory,Lung_Tumor_MD,Transcriptome
TCOF1,0.031688042,Nucleus,Lung_Tumor_MD,Transcriptome
TCP1,-0.08750605,Cytosol,Lung_Tumor_MD,Transcriptome
TDRKH,-0.052592203,Mitochondria,Lung_Tumor_MD,Transcriptome
TECPR2,-0.046216328,Cytosol,Lung_Tumor_MD,Transcriptome
TECR,-0.17984493,Secretory,Lung_Tumor_MD,Transcriptome
TEP1,-0.2119143,Nucleus,Lung_Tumor_MD,Transcriptome
TEX10,-0.018265098,Nucleus,Lung_Tumor_MD,Transcriptome
TEX2,-0.25063026,Secretory,Lung_Tumor_MD,Transcriptome
TEX264,-0.20563015,Secretory,Lung_Tumor_MD,Transcriptome
TFAM,0.04523413,Mitochondria,Lung_Tumor_MD,Transcriptome
TFAP2A,0.01905406,Nucleus,Lung_Tumor_MD,Transcriptome
TFB1M,-0.2167842,Secretory,Lung_Tumor_MD,Transcriptome
TFG,-0.12299869,Cytosol,Lung_Tumor_MD,Transcriptome
TFIP11,-0.033490077,Nucleus,Lung_Tumor_MD,Transcriptome
TFRC,-0.23328476,Secretory,Lung_Tumor_MD,Transcriptome
TGFBR1,0.07651498,Secretory,Lung_Tumor_MD,Transcriptome
TGFBR2,0.09553464,Secretory,Lung_Tumor_MD,Transcriptome
TGFBRAP1,-0.14272915,Cytosol,Lung_Tumor_MD,Transcriptome
TGOLN2,-0.043864798,Secretory,Lung_Tumor_MD,Transcriptome
THADA,-0.16762412,Cytosol,Lung_Tumor_MD,Transcriptome
THAP11,-0.07732137,Nucleus,Lung_Tumor_MD,Transcriptome
THAP4,-0.029936153,Nucleus,Lung_Tumor_MD,Transcriptome
THEM6,-0.1332941,Secretory,Lung_Tumor_MD,Transcriptome
THG1L,-0.02557254,Cytosol,Lung_Tumor_MD,Transcriptome
THOP1,-0.10021008,Cytosol,Lung_Tumor_MD,Transcriptome
THTPA,-0.120113954,Cytosol,Lung_Tumor_MD,Transcriptome
THUMPD3,-0.07013709,Cytosol,Lung_Tumor_MD,Transcriptome
TIMM10,0.011173974,Mitochondria,Lung_Tumor_MD,Transcriptome
TIMM21,0.044084266,Mitochondria,Lung_Tumor_MD,Transcriptome
TIMM44,-0.025588905,Mitochondria,Lung_Tumor_MD,Transcriptome
TIMM50,-0.012058463,Mitochondria,Lung_Tumor_MD,Transcriptome
TIMMDC1,0.027631173,Mitochondria,Lung_Tumor_MD,Transcriptome
TIMP2,0.10057539,Secretory,Lung_Tumor_MD,Transcriptome
TIPRL,-0.12970412,Cytosol,Lung_Tumor_MD,Transcriptome
TK1,-0.12425383,Cytosol,Lung_Tumor_MD,Transcriptome
TLK1,-0.031903025,Nucleus,Lung_Tumor_MD,Transcriptome
TLK2,-0.045496926,Nucleus,Lung_Tumor_MD,Transcriptome
TLN1,-0.07948993,Cytosol,Lung_Tumor_MD,Transcriptome
TM9SF2,0.081815414,Secretory,Lung_Tumor_MD,Transcriptome
TM9SF3,0.010158489,Secretory,Lung_Tumor_MD,Transcriptome
TM9SF4,-0.15272912,Secretory,Lung_Tumor_MD,Transcriptome
TMCC1,-0.19114389,Secretory,Lung_Tumor_MD,Transcriptome
TMCC3,0.037570044,Secretory,Lung_Tumor_MD,Transcriptome
TMCO1,-0.20165548,Secretory,Lung_Tumor_MD,Transcriptome
TMCO3,0.06424161,Secretory,Lung_Tumor_MD,Transcriptome
TMED1,-0.17497803,Secretory,Lung_Tumor_MD,Transcriptome
TMED10,0.011360462,Secretory,Lung_Tumor_MD,Transcriptome
TMED2,-0.037974503,Secretory,Lung_Tumor_MD,Transcriptome
TMED3,0.09283019,Secretory,Lung_Tumor_MD,Transcriptome
TMED4,-0.19805902,Secretory,Lung_Tumor_MD,Transcriptome
TMED5,0.07234147,Secretory,Lung_Tumor_MD,Transcriptome
TMED9,0.08735281,Secretory,Lung_Tumor_MD,Transcriptome
TMEM106B,-0.23373628,Secretory,Lung_Tumor_MD,Transcriptome
TMEM11,-0.032826934,Mitochondria,Lung_Tumor_MD,Transcriptome
TMEM115,0.0072096474,Secretory,Lung_Tumor_MD,Transcriptome
TMEM120A,-0.19961998,Secretory,Lung_Tumor_MD,Transcriptome
TMEM126A,-0.085746236,Mitochondria,Lung_Tumor_MD,Transcriptome
TMEM128,0.056796573,Secretory,Lung_Tumor_MD,Transcriptome
TMEM131,-0.20866264,Secretory,Lung_Tumor_MD,Transcriptome
TMEM134,-0.027327858,Secretory,Lung_Tumor_MD,Transcriptome
TMEM141,-0.0021190236,Mitochondria,Lung_Tumor_MD,Transcriptome
TMEM165,0.043289687,Secretory,Lung_Tumor_MD,Transcriptome
TMEM168,-0.17478667,Secretory,Lung_Tumor_MD,Transcriptome
TMEM177,0.045647655,Mitochondria,Lung_Tumor_MD,Transcriptome
TMEM179B,0.034671437,Secretory,Lung_Tumor_MD,Transcriptome
TMEM181,-0.0779242,Secretory,Lung_Tumor_MD,Transcriptome
TMEM192,0.10342222,Secretory,Lung_Tumor_MD,Transcriptome
TMEM199,-0.24865401,Secretory,Lung_Tumor_MD,Transcriptome
TMEM201,0.026237253,Nucleus,Lung_Tumor_MD,Transcriptome
TMEM205,-0.18160634,Secretory,Lung_Tumor_MD,Transcriptome
TMEM209,-0.04367885,Nucleus,Lung_Tumor_MD,Transcriptome
TMEM214,0.073452204,Secretory,Lung_Tumor_MD,Transcriptome
TMEM222,0.031133274,Secretory,Lung_Tumor_MD,Transcriptome
TMEM223,0.025601203,Mitochondria,Lung_Tumor_MD,Transcriptome
TMEM230,-0.25784916,Secretory,Lung_Tumor_MD,Transcriptome
TMEM245,-0.20739833,Secretory,Lung_Tumor_MD,Transcriptome
TMEM259,-0.15706281,Secretory,Lung_Tumor_MD,Transcriptome
TMEM260,-0.21704462,Secretory,Lung_Tumor_MD,Transcriptome
TMEM30A,0.06951126,Secretory,Lung_Tumor_MD,Transcriptome
TMEM43,0.03339755,Secretory,Lung_Tumor_MD,Transcriptome
TMEM59,0.09409185,Secretory,Lung_Tumor_MD,Transcriptome
TMEM63A,0.022122664,Secretory,Lung_Tumor_MD,Transcriptome
TMEM63B,-0.10487361,Secretory,Lung_Tumor_MD,Transcriptome
TMEM65,0.01467948,Mitochondria,Lung_Tumor_MD,Transcriptome
TMEM70,0.025159685,Mitochondria,Lung_Tumor_MD,Transcriptome
TMEM87A,0.09364219,Secretory,Lung_Tumor_MD,Transcriptome
TMEM87B,0.020472726,Secretory,Lung_Tumor_MD,Transcriptome
TMEM9,-0.2538367,Secretory,Lung_Tumor_MD,Transcriptome
TMEM97,-0.2561958,Secretory,Lung_Tumor_MD,Transcriptome
TMEM9B,-0.025812926,Secretory,Lung_Tumor_MD,Transcriptome
TMPO,-0.047015037,Nucleus,Lung_Tumor_MD,Transcriptome
TMTC3,-0.21795483,Secretory,Lung_Tumor_MD,Transcriptome
TMX1,-0.040418606,Secretory,Lung_Tumor_MD,Transcriptome
TMX2,-0.11203534,Secretory,Lung_Tumor_MD,Transcriptome
TMX3,0.020566922,Secretory,Lung_Tumor_MD,Transcriptome
TNIP1,-0.081483275,Cytosol,Lung_Tumor_MD,Transcriptome
TNKS,-0.09144078,Cytosol,Lung_Tumor_MD,Transcriptome
TOE1,-0.09097569,Nucleus,Lung_Tumor_MD,Transcriptome
TOM1L1,-0.16524625,Cytosol,Lung_Tumor_MD,Transcriptome
TOMM20,0.031646725,Mitochondria,Lung_Tumor_MD,Transcriptome
TOMM22,0.048715882,Mitochondria,Lung_Tumor_MD,Transcriptome
TOMM34,-0.02142612,Cytosol,Lung_Tumor_MD,Transcriptome
TOMM40,-0.022042109,Mitochondria,Lung_Tumor_MD,Transcriptome
TOMM5,0.0003719719,Mitochondria,Lung_Tumor_MD,Transcriptome
TOP2A,-0.05161634,Nucleus,Lung_Tumor_MD,Transcriptome
TOP2B,-0.045158543,Nucleus,Lung_Tumor_MD,Transcriptome
TOR1AIP1,-0.18815415,Nucleus,Lung_Tumor_MD,Transcriptome
TOR1AIP2,-0.2123671,Secretory,Lung_Tumor_MD,Transcriptome
TP53I3,-0.09070369,Cytosol,Lung_Tumor_MD,Transcriptome
TPCN1,0.064165555,Secretory,Lung_Tumor_MD,Transcriptome
TPD52,-0.05994508,Cytosol,Lung_Tumor_MD,Transcriptome
TPI1,-0.11463404,Cytosol,Lung_Tumor_MD,Transcriptome
TPM1,-0.1060499,Cytosol,Lung_Tumor_MD,Transcriptome
TPM2,-0.10513288,Cytosol,Lung_Tumor_MD,Transcriptome
TPM3,-0.09088691,Cytosol,Lung_Tumor_MD,Transcriptome
TPM4,-0.09970268,Cytosol,Lung_Tumor_MD,Transcriptome
TPMT,-0.16418013,Cytosol,Lung_Tumor_MD,Transcriptome
TPP2,-0.1467393,Nucleus,Lung_Tumor_MD,Transcriptome
TPRG1L,0.028984591,Secretory,Lung_Tumor_MD,Transcriptome
TPST1,0.098001145,Secretory,Lung_Tumor_MD,Transcriptome
TPT1,-0.08683155,Cytosol,Lung_Tumor_MD,Transcriptome
TRA2A,-0.019190215,Nucleus,Lung_Tumor_MD,Transcriptome
TRA2B,-0.03958281,Nucleus,Lung_Tumor_MD,Transcriptome
TRABD,-0.08675427,Mitochondria,Lung_Tumor_MD,Transcriptome
TRAF2,-0.11370497,Cytosol,Lung_Tumor_MD,Transcriptome
TRAF3IP1,-0.15756214,Cytosol,Lung_Tumor_MD,Transcriptome
TRAFD1,-0.097375005,Cytosol,Lung_Tumor_MD,Transcriptome
TRAM1,0.08392179,Secretory,Lung_Tumor_MD,Transcriptome
TRAP1,0.04134489,Mitochondria,Lung_Tumor_MD,Transcriptome
TRAPPC3,-0.03475165,Cytosol,Lung_Tumor_MD,Transcriptome
TRIAP1,-0.06262796,Nucleus,Lung_Tumor_MD,Transcriptome
TRIM21,-0.09730263,Cytosol,Lung_Tumor_MD,Transcriptome
TRIM24,-0.043858692,Nucleus,Lung_Tumor_MD,Transcriptome
TRIM26,-0.030588416,Cytosol,Lung_Tumor_MD,Transcriptome
TRIM28,0.005183881,Nucleus,Lung_Tumor_MD,Transcriptome
TRIM33,-0.084646374,Nucleus,Lung_Tumor_MD,Transcriptome
TRIM36,-0.04932217,Cytosol,Lung_Tumor_MD,Transcriptome
TRIM4,-0.23677424,Secretory,Lung_Tumor_MD,Transcriptome
TRIM47,-0.07299321,Cytosol,Lung_Tumor_MD,Transcriptome
TRIM5,-0.1012721,Cytosol,Lung_Tumor_MD,Transcriptome
TRIM56,-0.13994965,Nucleus,Lung_Tumor_MD,Transcriptome
TRIM65,-0.11141266,Cytosol,Lung_Tumor_MD,Transcriptome
TRIP10,-0.04362258,Cytosol,Lung_Tumor_MD,Transcriptome
TRIP11,-0.038814176,Secretory,Lung_Tumor_MD,Transcriptome
TRIP12,-0.22366737,Nucleus,Lung_Tumor_MD,Transcriptome
TRIP6,-0.086317465,Cytosol,Lung_Tumor_MD,Transcriptome
TRMT10C,0.028072638,Mitochondria,Lung_Tumor_MD,Transcriptome
TRMT1L,-0.031237878,Nucleus,Lung_Tumor_MD,Transcriptome
TRMT6,-0.05070852,Nucleus,Lung_Tumor_MD,Transcriptome
TRPM7,-0.21013612,Secretory,Lung_Tumor_MD,Transcriptome
TSC1,-0.12055242,Cytosol,Lung_Tumor_MD,Transcriptome
TSC22D1,-0.10380127,Cytosol,Lung_Tumor_MD,Transcriptome
TSC22D2,-0.13256843,Cytosol,Lung_Tumor_MD,Transcriptome
TSPAN14,-0.092132285,Secretory,Lung_Tumor_MD,Transcriptome
TSPAN4,0.09293035,Secretory,Lung_Tumor_MD,Transcriptome
TSPO,0.055928387,Mitochondria,Lung_Tumor_MD,Transcriptome
TSTD1,-0.14973167,Cytosol,Lung_Tumor_MD,Transcriptome
TSTD2,-0.12594596,Cytosol,Lung_Tumor_MD,Transcriptome
TTC1,-0.06771762,Cytosol,Lung_Tumor_MD,Transcriptome
TTC13,-0.19273,Secretory,Lung_Tumor_MD,Transcriptome
TTC17,-0.034530055,Secretory,Lung_Tumor_MD,Transcriptome
TTC3,0.09332318,Secretory,Lung_Tumor_MD,Transcriptome
TTC4,-0.13736504,Cytosol,Lung_Tumor_MD,Transcriptome
TTC5,-0.12501158,Cytosol,Lung_Tumor_MD,Transcriptome
TTF1,-0.01293666,Nucleus,Lung_Tumor_MD,Transcriptome
TTI2,-0.1354819,Cytosol,Lung_Tumor_MD,Transcriptome
TTL,-0.16657883,Cytosol,Lung_Tumor_MD,Transcriptome
TTLL12,-0.14219773,Cytosol,Lung_Tumor_MD,Transcriptome
TTYH3,0.06771171,Secretory,Lung_Tumor_MD,Transcriptome
TUBA4A,-0.059082165,Cytosol,Lung_Tumor_MD,Transcriptome
TUBB,-0.05816891,Cytosol,Lung_Tumor_MD,Transcriptome
TUBB4B,-0.12339728,Cytosol,Lung_Tumor_MD,Transcriptome
TUBB6,-0.07178337,Cytosol,Lung_Tumor_MD,Transcriptome
TUBGCP6,-0.03820016,Cytosol,Lung_Tumor_MD,Transcriptome
TUFM,0.022782395,Mitochondria,Lung_Tumor_MD,Transcriptome
TUFT1,-0.14847879,Cytosol,Lung_Tumor_MD,Transcriptome
TUT1,-0.037674993,Nucleus,Lung_Tumor_MD,Transcriptome
TWF2,-0.09028334,Cytosol,Lung_Tumor_MD,Transcriptome
TXLNA,-0.034835782,Cytosol,Lung_Tumor_MD,Transcriptome
TXLNG,-0.14871714,Cytosol,Lung_Tumor_MD,Transcriptome
TXNDC11,0.09586132,Secretory,Lung_Tumor_MD,Transcriptome
TXNDC15,0.09733193,Secretory,Lung_Tumor_MD,Transcriptome
TXNDC5,-0.20082262,Nucleus,Lung_Tumor_MD,Transcriptome
TXNDC9,-0.09595723,Cytosol,Lung_Tumor_MD,Transcriptome
TXNL1,-0.12161898,Cytosol,Lung_Tumor_MD,Transcriptome
TXNL4B,-0.079279296,Cytosol,Lung_Tumor_MD,Transcriptome
TXNRD1,-0.14265516,Cytosol,Lung_Tumor_MD,Transcriptome
TYW1,-0.24090274,Secretory,Lung_Tumor_MD,Transcriptome
TYW5,-0.10742538,Cytosol,Lung_Tumor_MD,Transcriptome
U2AF1,-0.07170097,Nucleus,Lung_Tumor_MD,Transcriptome
U2AF2,-0.024091374,Nucleus,Lung_Tumor_MD,Transcriptome
UAP1,-0.09690523,Cytosol,Lung_Tumor_MD,Transcriptome
UAP1L1,-0.118592605,Cytosol,Lung_Tumor_MD,Transcriptome
UBA1,-0.017806076,Cytosol,Lung_Tumor_MD,Transcriptome
UBA6,-0.041116912,Cytosol,Lung_Tumor_MD,Transcriptome
UBAC1,-0.11746357,Cytosol,Lung_Tumor_MD,Transcriptome
UBAC2,0.077198915,Secretory,Lung_Tumor_MD,Transcriptome
UBAP1,-0.10924687,Cytosol,Lung_Tumor_MD,Transcriptome
UBE2A,-0.14654402,Cytosol,Lung_Tumor_MD,Transcriptome
UBE2B,-0.052502155,Cytosol,Lung_Tumor_MD,Transcriptome
UBE2C,-0.09216991,Cytosol,Lung_Tumor_MD,Transcriptome
UBE2D2,-0.042498942,Cytosol,Lung_Tumor_MD,Transcriptome
UBE2G1,-0.07077503,Cytosol,Lung_Tumor_MD,Transcriptome
UBE2G2,-0.0027636602,Secretory,Lung_Tumor_MD,Transcriptome
UBE2H,-0.14354151,Cytosol,Lung_Tumor_MD,Transcriptome
UBE2J1,0.092180416,Secretory,Lung_Tumor_MD,Transcriptome
UBE2K,-0.022826495,Cytosol,Lung_Tumor_MD,Transcriptome
UBE2L3,-0.1403197,Cytosol,Lung_Tumor_MD,Transcriptome
UBE2L6,-0.0973798,Cytosol,Lung_Tumor_MD,Transcriptome
UBE2M,0.004979881,Cytosol,Lung_Tumor_MD,Transcriptome
UBE2O,-0.11615591,Cytosol,Lung_Tumor_MD,Transcriptome
UBE2R2,-0.10855263,Cytosol,Lung_Tumor_MD,Transcriptome
UBE2Z,-0.12892698,Cytosol,Lung_Tumor_MD,Transcriptome
UBFD1,-0.056807134,Cytosol,Lung_Tumor_MD,Transcriptome
UBL7,-0.11990644,Cytosol,Lung_Tumor_MD,Transcriptome
UBN1,-0.0043223235,Nucleus,Lung_Tumor_MD,Transcriptome
UBN2,-0.04210832,Nucleus,Lung_Tumor_MD,Transcriptome
UBP1,-0.05146148,Cytosol,Lung_Tumor_MD,Transcriptome
UBQLN1,-0.12724768,Cytosol,Lung_Tumor_MD,Transcriptome
UBR1,-0.09942063,Cytosol,Lung_Tumor_MD,Transcriptome
UBR3,-0.1095947,Cytosol,Lung_Tumor_MD,Transcriptome
UBR4,-0.002026843,Cytosol,Lung_Tumor_MD,Transcriptome
UBR5,-0.07325839,Nucleus,Lung_Tumor_MD,Transcriptome
UBXN1,0.0026778677,Cytosol,Lung_Tumor_MD,Transcriptome
UBXN2B,-0.074115984,Cytosol,Lung_Tumor_MD,Transcriptome
UBXN4,-0.1435612,Secretory,Lung_Tumor_MD,Transcriptome
UCHL5,-0.12127406,Cytosol,Lung_Tumor_MD,Transcriptome
UCK2,-0.1425744,Cytosol,Lung_Tumor_MD,Transcriptome
UEVLD,-0.04414582,Cytosol,Lung_Tumor_MD,Transcriptome
UFL1,0.009759279,Secretory,Lung_Tumor_MD,Transcriptome
UGDH,-0.14155231,Cytosol,Lung_Tumor_MD,Transcriptome
UHRF2,-0.18441176,Nucleus,Lung_Tumor_MD,Transcriptome
UNC119,-0.14881016,Cytosol,Lung_Tumor_MD,Transcriptome
UNC119B,-0.15750985,Cytosol,Lung_Tumor_MD,Transcriptome
UNC13B,-0.105397336,Cytosol,Lung_Tumor_MD,Transcriptome
UNC13D,-0.098382555,Cytosol,Lung_Tumor_MD,Transcriptome
UNC93B1,0.096407734,Secretory,Lung_Tumor_MD,Transcriptome
UPRT,-0.09146113,Cytosol,Lung_Tumor_MD,Transcriptome
UQCC1,0.06415681,Mitochondria,Lung_Tumor_MD,Transcriptome
UQCR10,0.055162977,Mitochondria,Lung_Tumor_MD,Transcriptome
UQCRB,0.07134054,Mitochondria,Lung_Tumor_MD,Transcriptome
UQCRC1,0.044402063,Mitochondria,Lung_Tumor_MD,Transcriptome
UQCRC2,0.07388632,Mitochondria,Lung_Tumor_MD,Transcriptome
UQCRFS1,-0.007906799,Mitochondria,Lung_Tumor_MD,Transcriptome
UQCRH,0.07648407,Mitochondria,Lung_Tumor_MD,Transcriptome
UQCRQ,0.075525425,Mitochondria,Lung_Tumor_MD,Transcriptome
URB1,0.003423623,Nucleus,Lung_Tumor_MD,Transcriptome
URB2,-0.048553918,Nucleus,Lung_Tumor_MD,Transcriptome
UROD,-0.045673355,Cytosol,Lung_Tumor_MD,Transcriptome
UROS,-0.14247358,Cytosol,Lung_Tumor_MD,Transcriptome
USE1,-0.17579484,Secretory,Lung_Tumor_MD,Transcriptome
USP11,-0.06267795,Nucleus,Lung_Tumor_MD,Transcriptome
USP12,-0.11199691,Secretory,Lung_Tumor_MD,Transcriptome
USP13,-0.1584243,Cytosol,Lung_Tumor_MD,Transcriptome
USP15,-0.04713576,Cytosol,Lung_Tumor_MD,Transcriptome
USP20,-0.013261762,Secretory,Lung_Tumor_MD,Transcriptome
USP24,-0.048560433,Cytosol,Lung_Tumor_MD,Transcriptome
USP25,-0.04259703,Cytosol,Lung_Tumor_MD,Transcriptome
USP30,0.052916013,Mitochondria,Lung_Tumor_MD,Transcriptome
USP33,0.042245,Secretory,Lung_Tumor_MD,Transcriptome
USP36,0.030331565,Nucleus,Lung_Tumor_MD,Transcriptome
USP4,-0.05717834,Cytosol,Lung_Tumor_MD,Transcriptome
USP42,-0.004378698,Nucleus,Lung_Tumor_MD,Transcriptome
USP47,-0.04539428,Cytosol,Lung_Tumor_MD,Transcriptome
USP5,-0.095314205,Cytosol,Lung_Tumor_MD,Transcriptome
USP7,-0.049835544,Nucleus,Lung_Tumor_MD,Transcriptome
USP8,-0.06992075,Cytosol,Lung_Tumor_MD,Transcriptome
USP9X,-0.07633209,Cytosol,Lung_Tumor_MD,Transcriptome
UTP14A,-0.0632896,Nucleus,Lung_Tumor_MD,Transcriptome
UTP15,-0.051371828,Nucleus,Lung_Tumor_MD,Transcriptome
UTP18,-0.047637288,Nucleus,Lung_Tumor_MD,Transcriptome
UTP20,-0.06009146,Nucleus,Lung_Tumor_MD,Transcriptome
UTP23,-0.061477676,Nucleus,Lung_Tumor_MD,Transcriptome
UTP3,-0.040836696,Nucleus,Lung_Tumor_MD,Transcriptome
UTP6,-0.040243134,Nucleus,Lung_Tumor_MD,Transcriptome
UTRN,-0.16384344,Mitochondria,Lung_Tumor_MD,Transcriptome
UXS1,-0.22110917,Secretory,Lung_Tumor_MD,Transcriptome
VAMP3,0.081885375,Secretory,Lung_Tumor_MD,Transcriptome
VAMP4,-0.12767342,Secretory,Lung_Tumor_MD,Transcriptome
VAMP7,0.02181991,Secretory,Lung_Tumor_MD,Transcriptome
VANGL1,-0.099480696,Secretory,Lung_Tumor_MD,Transcriptome
VAPA,-0.0028310937,Secretory,Lung_Tumor_MD,Transcriptome
VAPB,-0.05173253,Secretory,Lung_Tumor_MD,Transcriptome
VASP,-0.08689678,Cytosol,Lung_Tumor_MD,Transcriptome
VBP1,-0.105138525,Cytosol,Lung_Tumor_MD,Transcriptome
VCL,-0.10071411,Cytosol,Lung_Tumor_MD,Transcriptome
VCP,-0.108111,Cytosol,Lung_Tumor_MD,Transcriptome
VCPIP1,-0.04376164,Cytosol,Lung_Tumor_MD,Transcriptome
VDAC1,0.08312635,Mitochondria,Lung_Tumor_MD,Transcriptome
VDAC2,0.08102029,Mitochondria,Lung_Tumor_MD,Transcriptome
VDAC3,0.07548192,Mitochondria,Lung_Tumor_MD,Transcriptome
VEZT,-0.18425846,Secretory,Lung_Tumor_MD,Transcriptome
VIPAS39,-0.05303518,Cytosol,Lung_Tumor_MD,Transcriptome
VMP1,0.090528056,Secretory,Lung_Tumor_MD,Transcriptome
VPS13A,-0.20683703,Secretory,Lung_Tumor_MD,Transcriptome
VPS13C,-0.09867074,Cytosol,Lung_Tumor_MD,Transcriptome
VPS25,-0.1688197,Cytosol,Lung_Tumor_MD,Transcriptome
VPS26A,-0.05595282,Cytosol,Lung_Tumor_MD,Transcriptome
VPS33B,-0.14488229,Cytosol,Lung_Tumor_MD,Transcriptome
VPS35,-0.01649346,Cytosol,Lung_Tumor_MD,Transcriptome
VPS37B,-0.05549596,Cytosol,Lung_Tumor_MD,Transcriptome
VPS4A,-0.07575971,Cytosol,Lung_Tumor_MD,Transcriptome
VPS4B,-0.13298294,Cytosol,Lung_Tumor_MD,Transcriptome
VPS52,-0.038100578,Cytosol,Lung_Tumor_MD,Transcriptome
VTA1,-0.08377015,Cytosol,Lung_Tumor_MD,Transcriptome
VTI1A,0.027897617,Secretory,Lung_Tumor_MD,Transcriptome
VWA8,0.032803193,Mitochondria,Lung_Tumor_MD,Transcriptome
WAC,-0.04872209,Nucleus,Lung_Tumor_MD,Transcriptome
WARS2,0.055295415,Mitochondria,Lung_Tumor_MD,Transcriptome
WBP11,-0.067999944,Nucleus,Lung_Tumor_MD,Transcriptome
WDFY1,0.09349687,Secretory,Lung_Tumor_MD,Transcriptome
WDR1,-0.06771256,Cytosol,Lung_Tumor_MD,Transcriptome
WDR18,0.018683009,Nucleus,Lung_Tumor_MD,Transcriptome
WDR3,-0.05575433,Nucleus,Lung_Tumor_MD,Transcriptome
WDR33,-0.030511053,Nucleus,Lung_Tumor_MD,Transcriptome
WDR36,-0.078746624,Nucleus,Lung_Tumor_MD,Transcriptome
WDR37,-0.09286945,Cytosol,Lung_Tumor_MD,Transcriptome
WDR43,-0.049494956,Nucleus,Lung_Tumor_MD,Transcriptome
WDR44,-0.020943193,Cytosol,Lung_Tumor_MD,Transcriptome
WDR45,-0.059302054,Cytosol,Lung_Tumor_MD,Transcriptome
WDR46,0.002581024,Nucleus,Lung_Tumor_MD,Transcriptome
WDR6,-0.021619134,Cytosol,Lung_Tumor_MD,Transcriptome
WDR7,-0.07560334,Cytosol,Lung_Tumor_MD,Transcriptome
WDR75,-0.0349248,Nucleus,Lung_Tumor_MD,Transcriptome
WDR76,-0.04273543,Nucleus,Lung_Tumor_MD,Transcriptome
WDR77,-0.08373814,Cytosol,Lung_Tumor_MD,Transcriptome
WDR81,-0.05173523,Cytosol,Lung_Tumor_MD,Transcriptome
WDR83,0.02318987,Nucleus,Lung_Tumor_MD,Transcriptome
WDSUB1,-0.15381858,Cytosol,Lung_Tumor_MD,Transcriptome
WDTC1,-0.039123084,Cytosol,Lung_Tumor_MD,Transcriptome
WFS1,0.045018405,Secretory,Lung_Tumor_MD,Transcriptome
WIPI2,-0.12742767,Cytosol,Lung_Tumor_MD,Transcriptome
WIZ,0.029594498,Nucleus,Lung_Tumor_MD,Transcriptome
WLS,0.09168755,Secretory,Lung_Tumor_MD,Transcriptome
WNK1,-0.018263854,Cytosol,Lung_Tumor_MD,Transcriptome
WRN,-0.060713194,Nucleus,Lung_Tumor_MD,Transcriptome
WRNIP1,-0.00463695,Nucleus,Lung_Tumor_MD,Transcriptome
WWC2,-0.103748165,Cytosol,Lung_Tumor_MD,Transcriptome
WWC3,-0.09093954,Cytosol,Lung_Tumor_MD,Transcriptome
WWP1,-0.122204036,Secretory,Lung_Tumor_MD,Transcriptome
WWP2,0.021388423,Secretory,Lung_Tumor_MD,Transcriptome
XIAP,-0.029055499,Cytosol,Lung_Tumor_MD,Transcriptome
XPC,-0.2253277,Nucleus,Lung_Tumor_MD,Transcriptome
XPNPEP1,-0.04579226,Cytosol,Lung_Tumor_MD,Transcriptome
XPO5,-0.08443448,Cytosol,Lung_Tumor_MD,Transcriptome
XRCC1,-0.010451099,Nucleus,Lung_Tumor_MD,Transcriptome
XRCC4,-0.11916597,Nucleus,Lung_Tumor_MD,Transcriptome
YAP1,-0.095502004,Cytosol,Lung_Tumor_MD,Transcriptome
YES1,-0.21992235,Secretory,Lung_Tumor_MD,Transcriptome
YIF1B,-0.18849522,Secretory,Lung_Tumor_MD,Transcriptome
YIPF3,-0.11281982,Secretory,Lung_Tumor_MD,Transcriptome
YIPF4,-0.21297671,Secretory,Lung_Tumor_MD,Transcriptome
YIPF5,0.09747138,Secretory,Lung_Tumor_MD,Transcriptome
YKT6,-0.115859725,Cytosol,Lung_Tumor_MD,Transcriptome
YLPM1,-0.08854134,Nucleus,Lung_Tumor_MD,Transcriptome
YME1L1,0.045135044,Mitochondria,Lung_Tumor_MD,Transcriptome
YTHDC2,-0.1436355,Nucleus,Lung_Tumor_MD,Transcriptome
YWHAB,-0.061562665,Cytosol,Lung_Tumor_MD,Transcriptome
YWHAE,-0.0727855,Cytosol,Lung_Tumor_MD,Transcriptome
YWHAG,-0.15277351,Cytosol,Lung_Tumor_MD,Transcriptome
YWHAH,-0.09734433,Cytosol,Lung_Tumor_MD,Transcriptome
YWHAQ,-0.15745898,Cytosol,Lung_Tumor_MD,Transcriptome
YWHAZ,-0.12314332,Cytosol,Lung_Tumor_MD,Transcriptome
ZBED5,-0.05156972,Secretory,Lung_Tumor_MD,Transcriptome
ZBTB11,-0.031290896,Nucleus,Lung_Tumor_MD,Transcriptome
ZBTB14,-0.041105982,Nucleus,Lung_Tumor_MD,Transcriptome
ZBTB17,-0.10215606,Nucleus,Lung_Tumor_MD,Transcriptome
ZBTB21,-0.055039965,Nucleus,Lung_Tumor_MD,Transcriptome
ZBTB4,-0.17470479,Nucleus,Lung_Tumor_MD,Transcriptome
ZBTB40,-0.15030509,Nucleus,Lung_Tumor_MD,Transcriptome
ZBTB8OS,-0.029329585,Cytosol,Lung_Tumor_MD,Transcriptome
ZC3H11A,-0.039804887,Nucleus,Lung_Tumor_MD,Transcriptome
ZC3H8,-0.043230668,Nucleus,Lung_Tumor_MD,Transcriptome
ZC3HAV1,0.09409209,Secretory,Lung_Tumor_MD,Transcriptome
ZC3HC1,-0.032219157,Nucleus,Lung_Tumor_MD,Transcriptome
ZCCHC7,-0.0037648685,Nucleus,Lung_Tumor_MD,Transcriptome
ZCCHC9,-0.05730874,Nucleus,Lung_Tumor_MD,Transcriptome
ZCRB1,-0.039423455,Nucleus,Lung_Tumor_MD,Transcriptome
ZDHHC13,-0.05313165,Secretory,Lung_Tumor_MD,Transcriptome
ZDHHC17,0.045637224,Secretory,Lung_Tumor_MD,Transcriptome
ZDHHC18,-0.18207017,Secretory,Lung_Tumor_MD,Transcriptome
ZDHHC20,0.018673455,Secretory,Lung_Tumor_MD,Transcriptome
ZDHHC3,-0.22868522,Secretory,Lung_Tumor_MD,Transcriptome
ZDHHC5,-0.08096304,Secretory,Lung_Tumor_MD,Transcriptome
ZDHHC7,0.06699845,Secretory,Lung_Tumor_MD,Transcriptome
ZFAND1,-0.066033445,Cytosol,Lung_Tumor_MD,Transcriptome
ZFAND5,-0.0836528,Cytosol,Lung_Tumor_MD,Transcriptome
ZFC3H1,-0.074437566,Nucleus,Lung_Tumor_MD,Transcriptome
ZFHX3,-0.0018972856,Nucleus,Lung_Tumor_MD,Transcriptome
ZFP64,-0.045032334,Nucleus,Lung_Tumor_MD,Transcriptome
ZFPL1,-0.0017567484,Secretory,Lung_Tumor_MD,Transcriptome
ZFR,-0.052542653,Nucleus,Lung_Tumor_MD,Transcriptome
ZFX,-0.038186017,Nucleus,Lung_Tumor_MD,Transcriptome
ZFYVE1,-0.024594247,Cytosol,Lung_Tumor_MD,Transcriptome
ZFYVE19,-0.055805363,Cytosol,Lung_Tumor_MD,Transcriptome
ZFYVE27,-0.0019864913,Secretory,Lung_Tumor_MD,Transcriptome
ZHX1,-0.06830097,Nucleus,Lung_Tumor_MD,Transcriptome
ZHX2,-0.04018684,Nucleus,Lung_Tumor_MD,Transcriptome
ZMPSTE24,0.035382986,Secretory,Lung_Tumor_MD,Transcriptome
ZMYM2,-0.04215368,Nucleus,Lung_Tumor_MD,Transcriptome
ZMYND11,-0.114636384,Nucleus,Lung_Tumor_MD,Transcriptome
ZNF106,-0.21493584,Nucleus,Lung_Tumor_MD,Transcriptome
ZNF131,-0.05655066,Nucleus,Lung_Tumor_MD,Transcriptome
ZNF143,-0.13197261,Nucleus,Lung_Tumor_MD,Transcriptome
ZNF148,-0.03311339,Nucleus,Lung_Tumor_MD,Transcriptome
ZNF217,-0.05427216,Nucleus,Lung_Tumor_MD,Transcriptome
ZNF280C,-0.034834996,Nucleus,Lung_Tumor_MD,Transcriptome
ZNF292,-0.03455921,Nucleus,Lung_Tumor_MD,Transcriptome
ZNF318,0.0006487208,Nucleus,Lung_Tumor_MD,Transcriptome
ZNF326,-0.03104469,Nucleus,Lung_Tumor_MD,Transcriptome
ZNF346,0.02885837,Nucleus,Lung_Tumor_MD,Transcriptome
ZNF384,-0.004811333,Nucleus,Lung_Tumor_MD,Transcriptome
ZNF512,-0.045853935,Nucleus,Lung_Tumor_MD,Transcriptome
ZNF512B,-0.023227813,Nucleus,Lung_Tumor_MD,Transcriptome
ZNF574,-0.0092863515,Nucleus,Lung_Tumor_MD,Transcriptome
ZNF629,-0.0065903817,Nucleus,Lung_Tumor_MD,Transcriptome
ZNF644,-0.04088722,Nucleus,Lung_Tumor_MD,Transcriptome
ZNF652,-0.037392925,Nucleus,Lung_Tumor_MD,Transcriptome
ZNF668,0.007805102,Nucleus,Lung_Tumor_MD,Transcriptome
ZNF687,-0.02016674,Nucleus,Lung_Tumor_MD,Transcriptome
ZNF768,-0.019138355,Nucleus,Lung_Tumor_MD,Transcriptome
ZNF800,-0.03300007,Nucleus,Lung_Tumor_MD,Transcriptome
ZNHIT6,-0.04312473,Nucleus,Lung_Tumor_MD,Transcriptome
ZYX,-0.07354768,Cytosol,Lung_Tumor_MD,Transcriptome
ZZEF1,-0.044338416,Cytosol,Lung_Tumor_MD,Transcriptome
