,Score,Localization,Dataset_Name,Type
AAAS,-0.39306352,Secretory,Lung_NAT_PD,Proteome
AACS,-0.20360826,Cytosol,Lung_NAT_PD,Proteome
AAK1,-0.2630364,Cytosol,Lung_NAT_PD,Proteome
AASDHPPT,-0.29384273,Cytosol,Lung_NAT_PD,Proteome
AATF,0.29730913,Nucleus,Lung_NAT_PD,Proteome
ABCB10,0.46807727,Mitochondria,Lung_NAT_PD,Proteome
ABCB7,0.4680065,Mitochondria,Lung_NAT_PD,Proteome
ABCB8,0.40166333,Mitochondria,Lung_NAT_PD,Proteome
ABCC1,-0.33172822,Secretory,Lung_NAT_PD,Proteome
ABCC10,-0.41006714,Secretory,Lung_NAT_PD,Proteome
ABCC3,-0.08102113,Secretory,Lung_NAT_PD,Proteome
ABCC4,-0.02761051,Secretory,Lung_NAT_PD,Proteome
ABCC5,-0.3335009,Secretory,Lung_NAT_PD,Proteome
ABCD1,-0.31948045,Secretory,Lung_NAT_PD,Proteome
ABCD3,-0.30477047,Secretory,Lung_NAT_PD,Proteome
ABCD4,0.0031480948,Secretory,Lung_NAT_PD,Proteome
ABHD12,-0.30694842,Secretory,Lung_NAT_PD,Proteome
ABHD14B,0.16780928,Cytosol,Lung_NAT_PD,Proteome
ABHD16A,-0.35329562,Secretory,Lung_NAT_PD,Proteome
ABHD17C,-0.29673353,Secretory,Lung_NAT_PD,Proteome
ABHD6,-0.3333647,Secretory,Lung_NAT_PD,Proteome
ABL1,-0.20143731,Cytosol,Lung_NAT_PD,Proteome
ABL2,0.04283842,Cytosol,Lung_NAT_PD,Proteome
ABR,-0.46318227,Cytosol,Lung_NAT_PD,Proteome
ABRACL,-0.2413825,Cytosol,Lung_NAT_PD,Proteome
ABT1,0.43500122,Nucleus,Lung_NAT_PD,Proteome
ACAD9,0.45263898,Mitochondria,Lung_NAT_PD,Proteome
ACAP2,-0.30643952,Cytosol,Lung_NAT_PD,Proteome
ACAT2,-0.41049117,Cytosol,Lung_NAT_PD,Proteome
ACBD5,-0.2975562,Secretory,Lung_NAT_PD,Proteome
ACBD6,-0.23328876,Cytosol,Lung_NAT_PD,Proteome
ACIN1,0.35513204,Nucleus,Lung_NAT_PD,Proteome
ACLY,-0.41660306,Cytosol,Lung_NAT_PD,Proteome
ACOT11,-0.383707,Cytosol,Lung_NAT_PD,Proteome
ACP1,-0.017838536,Cytosol,Lung_NAT_PD,Proteome
ACSL1,-0.37921077,Secretory,Lung_NAT_PD,Proteome
ACSL3,-0.40665096,Secretory,Lung_NAT_PD,Proteome
ACSL4,-0.34654287,Secretory,Lung_NAT_PD,Proteome
ACSS2,-0.53145564,Cytosol,Lung_NAT_PD,Proteome
ACTR10,0.11464049,Cytosol,Lung_NAT_PD,Proteome
ACVR1,-0.54712564,Secretory,Lung_NAT_PD,Proteome
ACYP1,0.08606605,Cytosol,Lung_NAT_PD,Proteome
ACYP2,-0.011736802,Cytosol,Lung_NAT_PD,Proteome
ADAM10,-0.077795886,Secretory,Lung_NAT_PD,Proteome
ADAM15,-0.04731908,Secretory,Lung_NAT_PD,Proteome
ADAM9,-0.14410232,Secretory,Lung_NAT_PD,Proteome
ADAR,0.45364267,Nucleus,Lung_NAT_PD,Proteome
ADARB1,-0.2941706,Nucleus,Lung_NAT_PD,Proteome
ADAT2,-0.46965763,Cytosol,Lung_NAT_PD,Proteome
ADAT3,-0.18287952,Cytosol,Lung_NAT_PD,Proteome
ADCY3,-0.059332307,Secretory,Lung_NAT_PD,Proteome
ADCY6,-0.13761324,Secretory,Lung_NAT_PD,Proteome
ADCY9,-0.049107946,Secretory,Lung_NAT_PD,Proteome
ADH5,0.18408969,Cytosol,Lung_NAT_PD,Proteome
ADI1,-0.38432315,Cytosol,Lung_NAT_PD,Proteome
ADK,-0.29811186,Cytosol,Lung_NAT_PD,Proteome
ADNP,0.43429917,Nucleus,Lung_NAT_PD,Proteome
ADNP2,0.35234395,Nucleus,Lung_NAT_PD,Proteome
ADO,0.11964567,Cytosol,Lung_NAT_PD,Proteome
ADRM1,-0.44036767,Cytosol,Lung_NAT_PD,Proteome
ADSL,0.026559627,Cytosol,Lung_NAT_PD,Proteome
AFF4,0.3374163,Nucleus,Lung_NAT_PD,Proteome
AFG3L2,0.47425577,Mitochondria,Lung_NAT_PD,Proteome
AGFG1,0.07229824,Cytosol,Lung_NAT_PD,Proteome
AGFG2,-0.2522299,Cytosol,Lung_NAT_PD,Proteome
AGGF1,0.43392935,Nucleus,Lung_NAT_PD,Proteome
AGK,0.46311542,Mitochondria,Lung_NAT_PD,Proteome
AGO2,-0.07165468,Nucleus,Lung_NAT_PD,Proteome
AGPAT3,-0.22393201,Secretory,Lung_NAT_PD,Proteome
AGPAT5,-0.6072757,Mitochondria,Lung_NAT_PD,Proteome
AGRN,-0.075369895,Secretory,Lung_NAT_PD,Proteome
AHCTF1,0.29543206,Nucleus,Lung_NAT_PD,Proteome
AHCY,0.014353905,Cytosol,Lung_NAT_PD,Proteome
AHCYL1,-0.00916312,Cytosol,Lung_NAT_PD,Proteome
AHCYL2,-0.11935277,Cytosol,Lung_NAT_PD,Proteome
AHDC1,0.29043874,Nucleus,Lung_NAT_PD,Proteome
AHSA1,-0.28937528,Cytosol,Lung_NAT_PD,Proteome
AIFM1,0.4737265,Mitochondria,Lung_NAT_PD,Proteome
AIP,-0.22470425,Cytosol,Lung_NAT_PD,Proteome
AJUBA,0.09754829,Cytosol,Lung_NAT_PD,Proteome
AK1,0.16116546,Cytosol,Lung_NAT_PD,Proteome
AK2,-0.63295436,Nucleus,Lung_NAT_PD,Proteome
AKAP1,0.11970684,Mitochondria,Lung_NAT_PD,Proteome
AKAP12,0.21166903,Cytosol,Lung_NAT_PD,Proteome
AKAP17A,0.31937414,Nucleus,Lung_NAT_PD,Proteome
AKAP8L,0.41081,Nucleus,Lung_NAT_PD,Proteome
AKR1A1,-0.12744534,Cytosol,Lung_NAT_PD,Proteome
AKT1,-0.3354018,Cytosol,Lung_NAT_PD,Proteome
AKT2,-0.31306142,Cytosol,Lung_NAT_PD,Proteome
AKTIP,0.11273759,Cytosol,Lung_NAT_PD,Proteome
ALCAM,-0.04457846,Secretory,Lung_NAT_PD,Proteome
ALDH1A3,-0.43468857,Cytosol,Lung_NAT_PD,Proteome
ALDH3A2,-0.2629778,Secretory,Lung_NAT_PD,Proteome
ALDH9A1,0.07431602,Cytosol,Lung_NAT_PD,Proteome
ALDOA,0.010347381,Cytosol,Lung_NAT_PD,Proteome
ALG1,-0.16643675,Secretory,Lung_NAT_PD,Proteome
ALG11,-0.041321088,Secretory,Lung_NAT_PD,Proteome
ALG3,-0.12990946,Secretory,Lung_NAT_PD,Proteome
ALG5,-0.22996017,Secretory,Lung_NAT_PD,Proteome
ALG6,-0.063241765,Secretory,Lung_NAT_PD,Proteome
ALKBH3,0.14574626,Cytosol,Lung_NAT_PD,Proteome
ALKBH8,-0.28062877,Cytosol,Lung_NAT_PD,Proteome
AMDHD2,0.050352894,Cytosol,Lung_NAT_PD,Proteome
AMFR,-0.19750927,Secretory,Lung_NAT_PD,Proteome
AMOTL2,0.19553247,Cytosol,Lung_NAT_PD,Proteome
AMPD2,-0.43157193,Cytosol,Lung_NAT_PD,Proteome
ANKLE2,-0.52281386,Secretory,Lung_NAT_PD,Proteome
ANKMY2,-0.06474713,Cytosol,Lung_NAT_PD,Proteome
ANKRD12,0.3877331,Nucleus,Lung_NAT_PD,Proteome
ANKRD54,-0.21338773,Cytosol,Lung_NAT_PD,Proteome
ANKS1A,0.037564352,Cytosol,Lung_NAT_PD,Proteome
ANO10,-0.26014373,Secretory,Lung_NAT_PD,Proteome
ANO6,-0.07945098,Secretory,Lung_NAT_PD,Proteome
ANXA1,0.11945083,Cytosol,Lung_NAT_PD,Proteome
ANXA11,0.022460489,Cytosol,Lung_NAT_PD,Proteome
ANXA5,-0.006005245,Cytosol,Lung_NAT_PD,Proteome
AP2A1,-0.15231746,Secretory,Lung_NAT_PD,Proteome
AP2A2,-0.03342173,Secretory,Lung_NAT_PD,Proteome
AP2M1,-0.33558574,Secretory,Lung_NAT_PD,Proteome
AP3B1,-0.18783525,Cytosol,Lung_NAT_PD,Proteome
AP3D1,-0.23202538,Cytosol,Lung_NAT_PD,Proteome
AP3M2,0.06388951,Cytosol,Lung_NAT_PD,Proteome
AP4E1,-0.16101092,Cytosol,Lung_NAT_PD,Proteome
APLP2,-0.03776108,Secretory,Lung_NAT_PD,Proteome
APMAP,-0.43040615,Secretory,Lung_NAT_PD,Proteome
APOO,0.45473352,Mitochondria,Lung_NAT_PD,Proteome
APOOL,0.47657812,Mitochondria,Lung_NAT_PD,Proteome
APP,-0.109839976,Secretory,Lung_NAT_PD,Proteome
APPL1,0.13229327,Cytosol,Lung_NAT_PD,Proteome
APRT,0.1459899,Cytosol,Lung_NAT_PD,Proteome
ARAP1,-0.3498509,Cytosol,Lung_NAT_PD,Proteome
ARCN1,-0.31129137,Cytosol,Lung_NAT_PD,Proteome
ARFGEF2,-0.5163689,Cytosol,Lung_NAT_PD,Proteome
ARFRP1,-0.052876808,Secretory,Lung_NAT_PD,Proteome
ARHGAP12,0.08507246,Cytosol,Lung_NAT_PD,Proteome
ARHGAP17,-0.4045179,Cytosol,Lung_NAT_PD,Proteome
ARHGAP35,0.085102275,Cytosol,Lung_NAT_PD,Proteome
ARHGAP5,0.16695257,Cytosol,Lung_NAT_PD,Proteome
ARHGDIA,0.010808588,Cytosol,Lung_NAT_PD,Proteome
ARHGDIB,-0.23248892,Cytosol,Lung_NAT_PD,Proteome
ARHGEF10,0.09484932,Cytosol,Lung_NAT_PD,Proteome
ARHGEF10L,-0.44413775,Cytosol,Lung_NAT_PD,Proteome
ARHGEF40,-0.13077268,Secretory,Lung_NAT_PD,Proteome
ARHGEF7,0.13690709,Cytosol,Lung_NAT_PD,Proteome
ARID1B,0.34805492,Nucleus,Lung_NAT_PD,Proteome
ARIH1,-0.23024777,Cytosol,Lung_NAT_PD,Proteome
ARIH2,-0.5087525,Cytosol,Lung_NAT_PD,Proteome
ARL13B,-0.036099456,Secretory,Lung_NAT_PD,Proteome
ARL15,-0.046096124,Secretory,Lung_NAT_PD,Proteome
ARL6,0.09882885,Cytosol,Lung_NAT_PD,Proteome
ARL6IP5,-0.26136494,Secretory,Lung_NAT_PD,Proteome
ARL8A,-0.3140502,Secretory,Lung_NAT_PD,Proteome
ARL8B,-0.27784112,Secretory,Lung_NAT_PD,Proteome
ARMC10,0.43052775,Mitochondria,Lung_NAT_PD,Proteome
ARMC6,-0.34848678,Cytosol,Lung_NAT_PD,Proteome
ARMCX3,0.2518148,Mitochondria,Lung_NAT_PD,Proteome
ARPC5,-0.20224434,Cytosol,Lung_NAT_PD,Proteome
ARV1,-0.052832294,Secretory,Lung_NAT_PD,Proteome
ASAH1,-0.3233445,Secretory,Lung_NAT_PD,Proteome
ASAP1,-0.021922683,Cytosol,Lung_NAT_PD,Proteome
ASH2L,0.3782251,Nucleus,Lung_NAT_PD,Proteome
ASMTL,0.090825334,Cytosol,Lung_NAT_PD,Proteome
ASPH,-0.22382346,Secretory,Lung_NAT_PD,Proteome
ASPSCR1,0.1937649,Cytosol,Lung_NAT_PD,Proteome
ASS1,-0.32705685,Cytosol,Lung_NAT_PD,Proteome
ATAD1,0.45034462,Mitochondria,Lung_NAT_PD,Proteome
ATAD2,0.30092603,Nucleus,Lung_NAT_PD,Proteome
ATAD2B,0.29264364,Nucleus,Lung_NAT_PD,Proteome
ATAD3A,0.4699189,Mitochondria,Lung_NAT_PD,Proteome
ATE1,0.17905419,Cytosol,Lung_NAT_PD,Proteome
ATF1,0.13331904,Nucleus,Lung_NAT_PD,Proteome
ATF6,-0.5309316,Secretory,Lung_NAT_PD,Proteome
ATG12,-0.21571705,Cytosol,Lung_NAT_PD,Proteome
ATG13,-0.10665133,Cytosol,Lung_NAT_PD,Proteome
ATG16L1,-0.2556278,Cytosol,Lung_NAT_PD,Proteome
ATG2B,-0.09829868,Cytosol,Lung_NAT_PD,Proteome
ATG3,-0.095641516,Cytosol,Lung_NAT_PD,Proteome
ATG4B,-0.08124345,Cytosol,Lung_NAT_PD,Proteome
ATG4C,-0.48618904,Cytosol,Lung_NAT_PD,Proteome
ATG5,-0.30180937,Cytosol,Lung_NAT_PD,Proteome
ATG7,-0.29016215,Cytosol,Lung_NAT_PD,Proteome
ATG9A,-0.29598394,Secretory,Lung_NAT_PD,Proteome
ATIC,-0.014237878,Cytosol,Lung_NAT_PD,Proteome
ATL2,-0.3261808,Secretory,Lung_NAT_PD,Proteome
ATL3,-0.026728718,Secretory,Lung_NAT_PD,Proteome
ATP11A,-0.2832169,Secretory,Lung_NAT_PD,Proteome
ATP11B,-0.0052413805,Secretory,Lung_NAT_PD,Proteome
ATP11C,-0.16717626,Secretory,Lung_NAT_PD,Proteome
ATP13A1,-0.0742023,Secretory,Lung_NAT_PD,Proteome
ATP13A3,-0.36719024,Secretory,Lung_NAT_PD,Proteome
ATP1A1,-0.02220949,Secretory,Lung_NAT_PD,Proteome
ATP1B1,-0.4214353,Secretory,Lung_NAT_PD,Proteome
ATP1B3,-0.095502496,Secretory,Lung_NAT_PD,Proteome
ATP2A2,-0.22684212,Secretory,Lung_NAT_PD,Proteome
ATP2B1,-0.08818059,Secretory,Lung_NAT_PD,Proteome
ATP2B4,-0.06319665,Secretory,Lung_NAT_PD,Proteome
ATP2C1,-0.12182587,Secretory,Lung_NAT_PD,Proteome
ATP6AP1,-0.46856397,Secretory,Lung_NAT_PD,Proteome
ATP6AP2,-0.38170195,Secretory,Lung_NAT_PD,Proteome
ATP6V0A1,-0.36201403,Secretory,Lung_NAT_PD,Proteome
ATP6V0A2,-0.44515726,Secretory,Lung_NAT_PD,Proteome
ATP6V0D1,-0.35799775,Secretory,Lung_NAT_PD,Proteome
ATP7A,-0.26837474,Secretory,Lung_NAT_PD,Proteome
ATP8B1,-0.29038936,Secretory,Lung_NAT_PD,Proteome
ATP9A,-0.07064989,Secretory,Lung_NAT_PD,Proteome
ATP9B,-0.38520113,Secretory,Lung_NAT_PD,Proteome
ATPAF1,-0.4941765,Mitochondria,Lung_NAT_PD,Proteome
ATRN,-0.28364095,Secretory,Lung_NAT_PD,Proteome
ATRX,0.3403337,Nucleus,Lung_NAT_PD,Proteome
ATXN1,0.47941655,Nucleus,Lung_NAT_PD,Proteome
ATXN3,0.12987024,Cytosol,Lung_NAT_PD,Proteome
ATXN7L3B,0.06203544,Cytosol,Lung_NAT_PD,Proteome
AUP1,-0.24783933,Secretory,Lung_NAT_PD,Proteome
AURKB,0.36596248,Nucleus,Lung_NAT_PD,Proteome
AVL9,-0.33918265,Cytosol,Lung_NAT_PD,Proteome
B2M,-0.28758845,Secretory,Lung_NAT_PD,Proteome
B3GAT3,-0.19112691,Secretory,Lung_NAT_PD,Proteome
B3GNT2,-0.32191974,Secretory,Lung_NAT_PD,Proteome
B4GALT1,-0.39609,Secretory,Lung_NAT_PD,Proteome
B4GALT4,-0.5377365,Secretory,Lung_NAT_PD,Proteome
BAG3,0.18855527,Cytosol,Lung_NAT_PD,Proteome
BAG6,-0.0561702,Cytosol,Lung_NAT_PD,Proteome
BAK1,-0.49484485,Mitochondria,Lung_NAT_PD,Proteome
BAX,-0.274955,Cytosol,Lung_NAT_PD,Proteome
BAZ1A,0.49910685,Nucleus,Lung_NAT_PD,Proteome
BAZ1B,0.4945119,Nucleus,Lung_NAT_PD,Proteome
BAZ2A,0.3635497,Nucleus,Lung_NAT_PD,Proteome
BAZ2B,0.45012593,Nucleus,Lung_NAT_PD,Proteome
BCAP29,-0.19458565,Secretory,Lung_NAT_PD,Proteome
BCAP31,-0.21091263,Secretory,Lung_NAT_PD,Proteome
BCAR1,0.11474281,Cytosol,Lung_NAT_PD,Proteome
BCAS3,0.052711934,Cytosol,Lung_NAT_PD,Proteome
BCL10,-0.4700983,Cytosol,Lung_NAT_PD,Proteome
BCL2L1,0.23390745,Mitochondria,Lung_NAT_PD,Proteome
BCL2L11,-0.49761444,Secretory,Lung_NAT_PD,Proteome
BCL2L13,0.39824325,Mitochondria,Lung_NAT_PD,Proteome
BCL9L,0.46321553,Nucleus,Lung_NAT_PD,Proteome
BCOR,0.22156222,Nucleus,Lung_NAT_PD,Proteome
BCS1L,-0.4621653,Mitochondria,Lung_NAT_PD,Proteome
BDH1,0.46107683,Mitochondria,Lung_NAT_PD,Proteome
BDH2,0.19944571,Cytosol,Lung_NAT_PD,Proteome
BEND3,0.29911062,Nucleus,Lung_NAT_PD,Proteome
BET1,-0.1968639,Secretory,Lung_NAT_PD,Proteome
BET1L,-0.5258682,Secretory,Lung_NAT_PD,Proteome
BID,0.009079036,Cytosol,Lung_NAT_PD,Proteome
BIN1,-0.16998136,Cytosol,Lung_NAT_PD,Proteome
BIN3,0.17239578,Cytosol,Lung_NAT_PD,Proteome
BIRC2,-0.27740952,Cytosol,Lung_NAT_PD,Proteome
BIRC6,-0.30502847,Cytosol,Lung_NAT_PD,Proteome
BLM,0.35762912,Nucleus,Lung_NAT_PD,Proteome
BLVRB,0.049876776,Cytosol,Lung_NAT_PD,Proteome
BLZF1,-0.57503724,Secretory,Lung_NAT_PD,Proteome
BMP2K,-0.37898052,Secretory,Lung_NAT_PD,Proteome
BMPR2,-0.03962092,Secretory,Lung_NAT_PD,Proteome
BMS1,0.48368108,Nucleus,Lung_NAT_PD,Proteome
BNIP1,-0.44395685,Secretory,Lung_NAT_PD,Proteome
BNIP3,0.06559531,Mitochondria,Lung_NAT_PD,Proteome
BPNT1,0.018423025,Cytosol,Lung_NAT_PD,Proteome
BRAF,-0.32932347,Cytosol,Lung_NAT_PD,Proteome
BRCC3,0.050360214,Cytosol,Lung_NAT_PD,Proteome
BRD1,0.34994385,Nucleus,Lung_NAT_PD,Proteome
BRD2,0.49353197,Nucleus,Lung_NAT_PD,Proteome
BRD4,0.36000702,Nucleus,Lung_NAT_PD,Proteome
BRIX1,0.46403456,Nucleus,Lung_NAT_PD,Proteome
BROX,0.061599966,Cytosol,Lung_NAT_PD,Proteome
BRPF1,0.21873583,Nucleus,Lung_NAT_PD,Proteome
BRPF3,-0.04435692,Nucleus,Lung_NAT_PD,Proteome
BRWD1,-0.019162701,Nucleus,Lung_NAT_PD,Proteome
BSG,-0.0989732,Secretory,Lung_NAT_PD,Proteome
BTF3,-0.50974315,Cytosol,Lung_NAT_PD,Proteome
BTF3L4,-0.42527038,Cytosol,Lung_NAT_PD,Proteome
BTN2A1,-0.05780689,Secretory,Lung_NAT_PD,Proteome
BUB1B,-0.40307108,Cytosol,Lung_NAT_PD,Proteome
C11orf68,0.21932559,Cytosol,Lung_NAT_PD,Proteome
C12orf57,-0.09463147,Cytosol,Lung_NAT_PD,Proteome
C14orf119,-0.43750846,Cytosol,Lung_NAT_PD,Proteome
C18orf21,0.45171088,Nucleus,Lung_NAT_PD,Proteome
C18orf32,-0.2855134,Secretory,Lung_NAT_PD,Proteome
C1GALT1,-0.08987249,Secretory,Lung_NAT_PD,Proteome
C1QBP,0.4664687,Mitochondria,Lung_NAT_PD,Proteome
C1orf131,0.5044897,Nucleus,Lung_NAT_PD,Proteome
C1orf198,0.13591287,Cytosol,Lung_NAT_PD,Proteome
C1orf50,-0.39767206,Cytosol,Lung_NAT_PD,Proteome
C2CD2,-0.27622798,Secretory,Lung_NAT_PD,Proteome
C2CD2L,-0.35842147,Secretory,Lung_NAT_PD,Proteome
C2orf42,0.24433722,Nucleus,Lung_NAT_PD,Proteome
C2orf49,-0.072483405,Nucleus,Lung_NAT_PD,Proteome
C2orf69,-0.34356412,Cytosol,Lung_NAT_PD,Proteome
C4orf3,-0.19191007,Secretory,Lung_NAT_PD,Proteome
C5orf24,-0.30047417,Nucleus,Lung_NAT_PD,Proteome
C6orf47,-0.059591733,Secretory,Lung_NAT_PD,Proteome
C6orf89,-0.50428665,Secretory,Lung_NAT_PD,Proteome
CABIN1,0.30527678,Nucleus,Lung_NAT_PD,Proteome
CACYBP,-0.33882877,Cytosol,Lung_NAT_PD,Proteome
CAD,-0.23081742,Cytosol,Lung_NAT_PD,Proteome
CADM4,-0.43415526,Secretory,Lung_NAT_PD,Proteome
CALCOCO1,-0.18512258,Cytosol,Lung_NAT_PD,Proteome
CALR,0.22988597,Nucleus,Lung_NAT_PD,Proteome
CALU,0.28907412,Nucleus,Lung_NAT_PD,Proteome
CAMK2D,0.1374942,Cytosol,Lung_NAT_PD,Proteome
CAMK2G,0.20083965,Cytosol,Lung_NAT_PD,Proteome
CAMLG,-0.083046645,Secretory,Lung_NAT_PD,Proteome
CANT1,-0.0376273,Secretory,Lung_NAT_PD,Proteome
CANX,-0.27972,Secretory,Lung_NAT_PD,Proteome
CAPN1,0.22694099,Cytosol,Lung_NAT_PD,Proteome
CAPN2,0.075056605,Cytosol,Lung_NAT_PD,Proteome
CAPN5,-0.27923587,Secretory,Lung_NAT_PD,Proteome
CAPNS1,0.09795865,Cytosol,Lung_NAT_PD,Proteome
CAPS,0.072839275,Cytosol,Lung_NAT_PD,Proteome
CASK,-0.42543292,Mitochondria,Lung_NAT_PD,Proteome
CASP7,-0.07016944,Cytosol,Lung_NAT_PD,Proteome
CAST,0.18542859,Cytosol,Lung_NAT_PD,Proteome
CAV1,-0.07301099,Secretory,Lung_NAT_PD,Proteome
CAV2,-0.082503825,Secretory,Lung_NAT_PD,Proteome
CBFB,-0.43311,Cytosol,Lung_NAT_PD,Proteome
CBL,-0.47913194,Cytosol,Lung_NAT_PD,Proteome
CBR1,-0.23402125,Cytosol,Lung_NAT_PD,Proteome
CBR3,0.2252601,Cytosol,Lung_NAT_PD,Proteome
CBX3,0.49705443,Nucleus,Lung_NAT_PD,Proteome
CBX5,0.4977572,Nucleus,Lung_NAT_PD,Proteome
CBX8,0.4699769,Nucleus,Lung_NAT_PD,Proteome
CC2D1B,0.05789931,Cytosol,Lung_NAT_PD,Proteome
CCAR1,0.38207495,Nucleus,Lung_NAT_PD,Proteome
CCAR2,0.3899636,Nucleus,Lung_NAT_PD,Proteome
CCDC115,-0.5359348,Secretory,Lung_NAT_PD,Proteome
CCDC117,0.48507553,Nucleus,Lung_NAT_PD,Proteome
CCDC127,0.2853076,Mitochondria,Lung_NAT_PD,Proteome
CCDC134,-0.36208868,Secretory,Lung_NAT_PD,Proteome
CCDC22,-0.3073701,Cytosol,Lung_NAT_PD,Proteome
CCDC25,-0.34383047,Cytosol,Lung_NAT_PD,Proteome
CCDC43,0.020525893,Cytosol,Lung_NAT_PD,Proteome
CCDC47,-0.11070192,Secretory,Lung_NAT_PD,Proteome
CCDC50,-0.24261935,Cytosol,Lung_NAT_PD,Proteome
CCDC51,0.4766851,Mitochondria,Lung_NAT_PD,Proteome
CCDC6,-0.074932,Cytosol,Lung_NAT_PD,Proteome
CCDC61,-0.3526798,Secretory,Lung_NAT_PD,Proteome
CCDC85C,-0.38567615,Cytosol,Lung_NAT_PD,Proteome
CCDC86,0.500103,Nucleus,Lung_NAT_PD,Proteome
CCDC90B,0.47042096,Mitochondria,Lung_NAT_PD,Proteome
CCDC91,0.06909079,Cytosol,Lung_NAT_PD,Proteome
CCDC92,0.19016296,Cytosol,Lung_NAT_PD,Proteome
CCDC93,-0.36927795,Cytosol,Lung_NAT_PD,Proteome
CCDC97,-0.3016045,Cytosol,Lung_NAT_PD,Proteome
CCNB1,-0.2932457,Cytosol,Lung_NAT_PD,Proteome
CCNH,0.49089903,Nucleus,Lung_NAT_PD,Proteome
CCNT1,0.46602076,Nucleus,Lung_NAT_PD,Proteome
CCNT2,0.26769608,Nucleus,Lung_NAT_PD,Proteome
CCNYL1,-0.31662968,Secretory,Lung_NAT_PD,Proteome
CCPG1,-0.08497639,Secretory,Lung_NAT_PD,Proteome
CCS,0.05714198,Cytosol,Lung_NAT_PD,Proteome
CCT2,-0.02464521,Cytosol,Lung_NAT_PD,Proteome
CCT3,-0.016943265,Cytosol,Lung_NAT_PD,Proteome
CCT4,-0.04747931,Cytosol,Lung_NAT_PD,Proteome
CCT5,-0.052258633,Cytosol,Lung_NAT_PD,Proteome
CCT6A,-0.016452854,Cytosol,Lung_NAT_PD,Proteome
CCT7,-0.03130716,Cytosol,Lung_NAT_PD,Proteome
CCT8,-0.053263195,Cytosol,Lung_NAT_PD,Proteome
CD109,-0.074103564,Secretory,Lung_NAT_PD,Proteome
CD151,-0.07430904,Secretory,Lung_NAT_PD,Proteome
CD276,-0.2929994,Secretory,Lung_NAT_PD,Proteome
CD2AP,0.06233965,Cytosol,Lung_NAT_PD,Proteome
CD44,-0.2850234,Secretory,Lung_NAT_PD,Proteome
CD46,-0.011734343,Secretory,Lung_NAT_PD,Proteome
CD47,-0.035536524,Secretory,Lung_NAT_PD,Proteome
CD55,-0.025803009,Secretory,Lung_NAT_PD,Proteome
CD58,-0.04049371,Secretory,Lung_NAT_PD,Proteome
CD63,-0.0799918,Secretory,Lung_NAT_PD,Proteome
CD81,-0.032103833,Secretory,Lung_NAT_PD,Proteome
CD99,-0.13173667,Secretory,Lung_NAT_PD,Proteome
CDAN1,-0.23347832,Cytosol,Lung_NAT_PD,Proteome
CDC123,-0.24942496,Cytosol,Lung_NAT_PD,Proteome
CDC34,-0.19096635,Cytosol,Lung_NAT_PD,Proteome
CDC37,-0.107482694,Cytosol,Lung_NAT_PD,Proteome
CDC40,0.42264238,Nucleus,Lung_NAT_PD,Proteome
CDC42,-0.035238247,Cytosol,Lung_NAT_PD,Proteome
CDC42EP4,0.19586946,Cytosol,Lung_NAT_PD,Proteome
CDC5L,0.49736995,Nucleus,Lung_NAT_PD,Proteome
CDC73,0.47165656,Nucleus,Lung_NAT_PD,Proteome
CDCA5,0.25172895,Nucleus,Lung_NAT_PD,Proteome
CDCA7L,0.5017906,Nucleus,Lung_NAT_PD,Proteome
CDK1,-0.32826185,Cytosol,Lung_NAT_PD,Proteome
CDK13,0.470731,Nucleus,Lung_NAT_PD,Proteome
CDK17,-0.13009587,Secretory,Lung_NAT_PD,Proteome
CDK5,-0.48883015,Cytosol,Lung_NAT_PD,Proteome
CDK5RAP3,-0.07943353,Secretory,Lung_NAT_PD,Proteome
CDK6,0.23934726,Cytosol,Lung_NAT_PD,Proteome
CDK9,0.5119532,Nucleus,Lung_NAT_PD,Proteome
CDKAL1,-0.42856026,Secretory,Lung_NAT_PD,Proteome
CDKN2AIPNL,0.47751984,Nucleus,Lung_NAT_PD,Proteome
CDR2L,0.21759577,Cytosol,Lung_NAT_PD,Proteome
CDS2,-0.3603569,Secretory,Lung_NAT_PD,Proteome
CDV3,-0.1480175,Cytosol,Lung_NAT_PD,Proteome
CEBPB,-0.4998277,Nucleus,Lung_NAT_PD,Proteome
CEBPZ,0.44701213,Nucleus,Lung_NAT_PD,Proteome
CELF1,0.48939604,Nucleus,Lung_NAT_PD,Proteome
CENPB,0.3851903,Nucleus,Lung_NAT_PD,Proteome
CENPC,0.41082075,Nucleus,Lung_NAT_PD,Proteome
CENPN,0.09696477,Nucleus,Lung_NAT_PD,Proteome
CEP112,0.20001867,Cytosol,Lung_NAT_PD,Proteome
CEP128,-0.3830762,Mitochondria,Lung_NAT_PD,Proteome
CEP192,-0.27769008,Cytosol,Lung_NAT_PD,Proteome
CEP44,0.23202294,Cytosol,Lung_NAT_PD,Proteome
CEP78,-0.14431772,Cytosol,Lung_NAT_PD,Proteome
CEP85,-0.28553477,Cytosol,Lung_NAT_PD,Proteome
CEP89,-0.21457468,Secretory,Lung_NAT_PD,Proteome
CERS2,-0.25115177,Secretory,Lung_NAT_PD,Proteome
CFL1,-0.29192755,Cytosol,Lung_NAT_PD,Proteome
CHAF1A,0.35597852,Nucleus,Lung_NAT_PD,Proteome
CHCHD3,0.26184303,Mitochondria,Lung_NAT_PD,Proteome
CHCHD6,0.19284742,Mitochondria,Lung_NAT_PD,Proteome
CHD1,0.45320395,Nucleus,Lung_NAT_PD,Proteome
CHD2,0.35843825,Nucleus,Lung_NAT_PD,Proteome
CHD3,0.5111534,Nucleus,Lung_NAT_PD,Proteome
CHD4,0.4413259,Nucleus,Lung_NAT_PD,Proteome
CHD6,0.33522424,Nucleus,Lung_NAT_PD,Proteome
CHD9,0.38158014,Nucleus,Lung_NAT_PD,Proteome
CHDH,0.28602058,Mitochondria,Lung_NAT_PD,Proteome
CHERP,0.4756356,Nucleus,Lung_NAT_PD,Proteome
CHKA,-0.04562595,Cytosol,Lung_NAT_PD,Proteome
CHM,-0.4036597,Cytosol,Lung_NAT_PD,Proteome
CHML,0.06321712,Cytosol,Lung_NAT_PD,Proteome
CHMP2A,0.037981223,Cytosol,Lung_NAT_PD,Proteome
CHMP4B,-0.21236654,Cytosol,Lung_NAT_PD,Proteome
CHMP5,0.23143612,Cytosol,Lung_NAT_PD,Proteome
CHMP6,-0.028717078,Secretory,Lung_NAT_PD,Proteome
CHORDC1,-0.46400604,Cytosol,Lung_NAT_PD,Proteome
CHPF,-0.351035,Secretory,Lung_NAT_PD,Proteome
CHPF2,-0.39705363,Secretory,Lung_NAT_PD,Proteome
CHPT1,-0.2699866,Secretory,Lung_NAT_PD,Proteome
CHST12,-0.2843351,Secretory,Lung_NAT_PD,Proteome
CHST14,-0.16464876,Secretory,Lung_NAT_PD,Proteome
CHSY1,-0.5739856,Secretory,Lung_NAT_PD,Proteome
CHTOP,0.45380747,Nucleus,Lung_NAT_PD,Proteome
CIAO1,-0.16423601,Cytosol,Lung_NAT_PD,Proteome
CIAPIN1,-0.46675408,Cytosol,Lung_NAT_PD,Proteome
CIB1,-0.19953133,Secretory,Lung_NAT_PD,Proteome
CIC,0.40495104,Nucleus,Lung_NAT_PD,Proteome
CISD1,0.45395756,Mitochondria,Lung_NAT_PD,Proteome
CISD2,-0.2083312,Secretory,Lung_NAT_PD,Proteome
CKAP2L,0.30013517,Nucleus,Lung_NAT_PD,Proteome
CKAP4,-0.049523063,Secretory,Lung_NAT_PD,Proteome
CKB,0.18412784,Cytosol,Lung_NAT_PD,Proteome
CLCC1,-0.24024698,Secretory,Lung_NAT_PD,Proteome
CLCN3,-0.3990367,Secretory,Lung_NAT_PD,Proteome
CLCN7,-0.28099307,Secretory,Lung_NAT_PD,Proteome
CLDND1,-0.5365638,Secretory,Lung_NAT_PD,Proteome
CLIC1,-0.05970616,Cytosol,Lung_NAT_PD,Proteome
CLIC4,0.13589367,Cytosol,Lung_NAT_PD,Proteome
CLIP1,0.12499347,Cytosol,Lung_NAT_PD,Proteome
CLPB,0.43957332,Mitochondria,Lung_NAT_PD,Proteome
CLPTM1,-0.119496375,Secretory,Lung_NAT_PD,Proteome
CLPTM1L,-0.5192621,Secretory,Lung_NAT_PD,Proteome
CLUH,-0.32825866,Cytosol,Lung_NAT_PD,Proteome
CMAS,-0.2167205,Nucleus,Lung_NAT_PD,Proteome
CMBL,0.18791923,Cytosol,Lung_NAT_PD,Proteome
CMC2,0.4100655,Mitochondria,Lung_NAT_PD,Proteome
CMPK1,-0.13623789,Cytosol,Lung_NAT_PD,Proteome
CMSS1,0.33755535,Nucleus,Lung_NAT_PD,Proteome
CMTR2,-0.06775584,Cytosol,Lung_NAT_PD,Proteome
CNDP2,-0.19358915,Cytosol,Lung_NAT_PD,Proteome
CNN2,0.169335,Cytosol,Lung_NAT_PD,Proteome
CNNM3,-0.06562369,Secretory,Lung_NAT_PD,Proteome
CNNM4,-0.11689467,Secretory,Lung_NAT_PD,Proteome
CNOT4,-0.46040908,Cytosol,Lung_NAT_PD,Proteome
CNP,-0.19614936,Secretory,Lung_NAT_PD,Proteome
CNPY3,0.10970451,Nucleus,Lung_NAT_PD,Proteome
CNST,-0.2891067,Secretory,Lung_NAT_PD,Proteome
CNTRL,-0.040519807,Cytosol,Lung_NAT_PD,Proteome
COA3,0.47782153,Mitochondria,Lung_NAT_PD,Proteome
COA7,-0.5459763,Nucleus,Lung_NAT_PD,Proteome
COASY,0.2069742,Cytosol,Lung_NAT_PD,Proteome
COG4,-0.20093405,Cytosol,Lung_NAT_PD,Proteome
COMMD4,-0.41206798,Cytosol,Lung_NAT_PD,Proteome
COMMD6,-0.3357882,Cytosol,Lung_NAT_PD,Proteome
COMTD1,0.40136024,Mitochondria,Lung_NAT_PD,Proteome
COPA,-0.27827233,Cytosol,Lung_NAT_PD,Proteome
COPB2,-0.25613695,Cytosol,Lung_NAT_PD,Proteome
COPG1,-0.25967687,Cytosol,Lung_NAT_PD,Proteome
COPS4,0.06377437,Cytosol,Lung_NAT_PD,Proteome
COPS7A,0.23803401,Cytosol,Lung_NAT_PD,Proteome
COPZ1,-0.202206,Cytosol,Lung_NAT_PD,Proteome
COQ3,-0.2888257,Secretory,Lung_NAT_PD,Proteome
COQ7,-0.3771564,Secretory,Lung_NAT_PD,Proteome
COQ9,0.44043124,Mitochondria,Lung_NAT_PD,Proteome
COX11,0.4695868,Mitochondria,Lung_NAT_PD,Proteome
COX15,0.43741694,Mitochondria,Lung_NAT_PD,Proteome
COX17,-0.017695766,Nucleus,Lung_NAT_PD,Proteome
COX20,0.4567439,Mitochondria,Lung_NAT_PD,Proteome
COX4I1,0.4574318,Mitochondria,Lung_NAT_PD,Proteome
COX5B,0.46000788,Mitochondria,Lung_NAT_PD,Proteome
COX6B1,0.3663663,Mitochondria,Lung_NAT_PD,Proteome
COX6C,0.46247736,Mitochondria,Lung_NAT_PD,Proteome
COX7A2,0.47339976,Mitochondria,Lung_NAT_PD,Proteome
COX7A2L,0.47541314,Mitochondria,Lung_NAT_PD,Proteome
COX7C,0.47262833,Mitochondria,Lung_NAT_PD,Proteome
CPD,-0.34040615,Secretory,Lung_NAT_PD,Proteome
CPNE3,0.0615021,Cytosol,Lung_NAT_PD,Proteome
CPOX,-0.5968491,Nucleus,Lung_NAT_PD,Proteome
CPSF6,0.41063693,Nucleus,Lung_NAT_PD,Proteome
CPT1A,0.39754263,Mitochondria,Lung_NAT_PD,Proteome
CPT2,0.46670967,Mitochondria,Lung_NAT_PD,Proteome
CRABP2,-0.22815718,Cytosol,Lung_NAT_PD,Proteome
CRBN,0.18593262,Cytosol,Lung_NAT_PD,Proteome
CREBBP,0.39356112,Nucleus,Lung_NAT_PD,Proteome
CRELD1,-0.10099349,Secretory,Lung_NAT_PD,Proteome
CRIM1,-0.18036959,Secretory,Lung_NAT_PD,Proteome
CRK,0.1343371,Cytosol,Lung_NAT_PD,Proteome
CRKL,0.053702652,Cytosol,Lung_NAT_PD,Proteome
CRLF3,-0.10604508,Cytosol,Lung_NAT_PD,Proteome
CRTAP,-0.50694394,Secretory,Lung_NAT_PD,Proteome
CRTC1,-0.31233045,Cytosol,Lung_NAT_PD,Proteome
CRTC2,-0.2464868,Cytosol,Lung_NAT_PD,Proteome
CRTC3,-0.008374649,Cytosol,Lung_NAT_PD,Proteome
CSE1L,-0.4581864,Cytosol,Lung_NAT_PD,Proteome
CSK,-0.16359255,Cytosol,Lung_NAT_PD,Proteome
CSTB,-0.53034467,Cytosol,Lung_NAT_PD,Proteome
CSTF3,0.5001982,Nucleus,Lung_NAT_PD,Proteome
CTBP1,0.10078093,Nucleus,Lung_NAT_PD,Proteome
CTCF,0.020518973,Nucleus,Lung_NAT_PD,Proteome
CTDP1,0.4313166,Nucleus,Lung_NAT_PD,Proteome
CTH,0.08290604,Cytosol,Lung_NAT_PD,Proteome
CTNNA1,-0.073700614,Secretory,Lung_NAT_PD,Proteome
CTNNB1,-0.1955904,Mitochondria,Lung_NAT_PD,Proteome
CTNNBIP1,0.16479501,Cytosol,Lung_NAT_PD,Proteome
CTNNBL1,0.49137846,Nucleus,Lung_NAT_PD,Proteome
CTNND1,-0.2784742,Mitochondria,Lung_NAT_PD,Proteome
CTPS1,0.08905143,Cytosol,Lung_NAT_PD,Proteome
CTPS2,0.19045357,Cytosol,Lung_NAT_PD,Proteome
CTR9,0.29889268,Nucleus,Lung_NAT_PD,Proteome
CTTNBP2NL,0.09640429,Cytosol,Lung_NAT_PD,Proteome
CTU2,-0.263869,Cytosol,Lung_NAT_PD,Proteome
CUEDC2,-0.44314894,Cytosol,Lung_NAT_PD,Proteome
CUL1,0.02882886,Cytosol,Lung_NAT_PD,Proteome
CUL9,-0.17874585,Cytosol,Lung_NAT_PD,Proteome
CUX1,-0.091985375,Secretory,Lung_NAT_PD,Proteome
CWC22,0.44003683,Nucleus,Lung_NAT_PD,Proteome
CXADR,-0.07901933,Secretory,Lung_NAT_PD,Proteome
CXXC1,0.3087083,Nucleus,Lung_NAT_PD,Proteome
CXorf38,-0.24427761,Cytosol,Lung_NAT_PD,Proteome
CYB5A,-0.29423538,Secretory,Lung_NAT_PD,Proteome
CYB5B,-0.21573007,Secretory,Lung_NAT_PD,Proteome
CYB5R3,-0.022607852,Secretory,Lung_NAT_PD,Proteome
CYB5R4,-0.21564743,Cytosol,Lung_NAT_PD,Proteome
CYC1,0.4769681,Mitochondria,Lung_NAT_PD,Proteome
CYP20A1,-0.22382098,Secretory,Lung_NAT_PD,Proteome
CYP51A1,-0.299673,Secretory,Lung_NAT_PD,Proteome
CYTH1,-0.15916769,Cytosol,Lung_NAT_PD,Proteome
CYTH3,0.15418288,Cytosol,Lung_NAT_PD,Proteome
DAAM1,-0.09363908,Secretory,Lung_NAT_PD,Proteome
DAG1,-0.088060565,Secretory,Lung_NAT_PD,Proteome
DAGLB,-0.0624636,Secretory,Lung_NAT_PD,Proteome
DBI,-0.21638876,Cytosol,Lung_NAT_PD,Proteome
DBNL,-0.2051453,Cytosol,Lung_NAT_PD,Proteome
DCAF13,0.4739395,Nucleus,Lung_NAT_PD,Proteome
DCBLD2,-0.5625615,Secretory,Lung_NAT_PD,Proteome
DCTD,-0.3532969,Cytosol,Lung_NAT_PD,Proteome
DCTN1,0.15699081,Cytosol,Lung_NAT_PD,Proteome
DCTN2,0.1482992,Cytosol,Lung_NAT_PD,Proteome
DCTN4,0.1423178,Cytosol,Lung_NAT_PD,Proteome
DCTN5,0.1751355,Cytosol,Lung_NAT_PD,Proteome
DCTN6,0.1103981,Cytosol,Lung_NAT_PD,Proteome
DCTPP1,-0.38219416,Cytosol,Lung_NAT_PD,Proteome
DCUN1D1,0.012373738,Cytosol,Lung_NAT_PD,Proteome
DCUN1D3,-0.2399979,Secretory,Lung_NAT_PD,Proteome
DDAH1,0.11650147,Cytosol,Lung_NAT_PD,Proteome
DDB2,0.051411748,Nucleus,Lung_NAT_PD,Proteome
DDHD2,0.15660472,Cytosol,Lung_NAT_PD,Proteome
DDI2,0.044318665,Cytosol,Lung_NAT_PD,Proteome
DDOST,-0.0808938,Secretory,Lung_NAT_PD,Proteome
DDR1,-0.2901036,Secretory,Lung_NAT_PD,Proteome
DDRGK1,-0.11363262,Secretory,Lung_NAT_PD,Proteome
DDX10,0.27944174,Nucleus,Lung_NAT_PD,Proteome
DDX18,0.39492783,Nucleus,Lung_NAT_PD,Proteome
DDX20,0.5107214,Nucleus,Lung_NAT_PD,Proteome
DDX24,0.5037206,Nucleus,Lung_NAT_PD,Proteome
DDX28,-0.52379245,Secretory,Lung_NAT_PD,Proteome
DDX31,0.27699247,Nucleus,Lung_NAT_PD,Proteome
DDX39A,0.21189035,Nucleus,Lung_NAT_PD,Proteome
DDX39B,0.39747322,Nucleus,Lung_NAT_PD,Proteome
DDX47,0.30015105,Nucleus,Lung_NAT_PD,Proteome
DDX49,0.27007765,Nucleus,Lung_NAT_PD,Proteome
DDX5,0.5068642,Nucleus,Lung_NAT_PD,Proteome
DDX50,0.45614854,Nucleus,Lung_NAT_PD,Proteome
DDX51,0.19531621,Nucleus,Lung_NAT_PD,Proteome
DDX52,0.3419725,Nucleus,Lung_NAT_PD,Proteome
DDX55,0.47097397,Nucleus,Lung_NAT_PD,Proteome
DDX56,0.39101937,Nucleus,Lung_NAT_PD,Proteome
DEGS1,-0.39616323,Secretory,Lung_NAT_PD,Proteome
DENND4C,-0.30418,Cytosol,Lung_NAT_PD,Proteome
DENR,-0.46012375,Cytosol,Lung_NAT_PD,Proteome
DEPDC5,-0.38173264,Cytosol,Lung_NAT_PD,Proteome
DERL2,-0.13402838,Secretory,Lung_NAT_PD,Proteome
DFFA,0.20475748,Cytosol,Lung_NAT_PD,Proteome
DGCR8,0.33788005,Nucleus,Lung_NAT_PD,Proteome
DHCR24,-0.39762342,Secretory,Lung_NAT_PD,Proteome
DHCR7,-0.37956914,Secretory,Lung_NAT_PD,Proteome
DHFR,-0.39935964,Cytosol,Lung_NAT_PD,Proteome
DHODH,0.45553058,Mitochondria,Lung_NAT_PD,Proteome
DHRS1,0.013689577,Secretory,Lung_NAT_PD,Proteome
DHRS3,-0.38339406,Secretory,Lung_NAT_PD,Proteome
DHRS7,-0.20550297,Secretory,Lung_NAT_PD,Proteome
DHRSX,-0.42575398,Secretory,Lung_NAT_PD,Proteome
DHX16,0.4850216,Nucleus,Lung_NAT_PD,Proteome
DHX30,-0.03901162,Secretory,Lung_NAT_PD,Proteome
DHX33,0.18114564,Nucleus,Lung_NAT_PD,Proteome
DHX36,0.50501347,Nucleus,Lung_NAT_PD,Proteome
DHX37,0.2991988,Nucleus,Lung_NAT_PD,Proteome
DHX40,0.18657626,Nucleus,Lung_NAT_PD,Proteome
DHX9,0.4930873,Nucleus,Lung_NAT_PD,Proteome
DIABLO,-0.62547237,Nucleus,Lung_NAT_PD,Proteome
DIAPH1,-0.42460212,Cytosol,Lung_NAT_PD,Proteome
DIDO1,0.44486025,Nucleus,Lung_NAT_PD,Proteome
DIMT1,0.4966632,Nucleus,Lung_NAT_PD,Proteome
DIP2A,0.1748003,Cytosol,Lung_NAT_PD,Proteome
DIP2B,0.110247195,Cytosol,Lung_NAT_PD,Proteome
DIS3L,-0.13240612,Cytosol,Lung_NAT_PD,Proteome
DIS3L2,-0.3744718,Cytosol,Lung_NAT_PD,Proteome
DKC1,0.43571067,Nucleus,Lung_NAT_PD,Proteome
DLAT,-0.47142428,Secretory,Lung_NAT_PD,Proteome
DLG1,-0.39712763,Mitochondria,Lung_NAT_PD,Proteome
DLG5,-0.3679394,Secretory,Lung_NAT_PD,Proteome
DLGAP5,-0.39893475,Cytosol,Lung_NAT_PD,Proteome
DNAAF2,0.010610055,Cytosol,Lung_NAT_PD,Proteome
DNAJA3,0.45403004,Mitochondria,Lung_NAT_PD,Proteome
DNAJB11,-0.36902916,Secretory,Lung_NAT_PD,Proteome
DNAJB12,-0.339244,Secretory,Lung_NAT_PD,Proteome
DNAJB14,-0.29710788,Secretory,Lung_NAT_PD,Proteome
DNAJB4,0.2127103,Cytosol,Lung_NAT_PD,Proteome
DNAJC1,-0.22249457,Secretory,Lung_NAT_PD,Proteome
DNAJC10,-0.28517324,Secretory,Lung_NAT_PD,Proteome
DNAJC11,0.29179347,Mitochondria,Lung_NAT_PD,Proteome
DNAJC13,-0.11421153,Secretory,Lung_NAT_PD,Proteome
DNAJC16,-0.35452622,Secretory,Lung_NAT_PD,Proteome
DNAJC19,0.045232054,Mitochondria,Lung_NAT_PD,Proteome
DNAJC25,-0.045153376,Secretory,Lung_NAT_PD,Proteome
DNAJC3,-0.21719794,Secretory,Lung_NAT_PD,Proteome
DNAJC5,-0.18494183,Secretory,Lung_NAT_PD,Proteome
DNAJC7,-0.3234702,Cytosol,Lung_NAT_PD,Proteome
DNM2,-0.4040746,Cytosol,Lung_NAT_PD,Proteome
DNMBP,-0.25825956,Cytosol,Lung_NAT_PD,Proteome
DNTTIP1,0.20610441,Nucleus,Lung_NAT_PD,Proteome
DNTTIP2,0.5014798,Nucleus,Lung_NAT_PD,Proteome
DOCK9,-0.11151985,Secretory,Lung_NAT_PD,Proteome
DOHH,-0.10370897,Cytosol,Lung_NAT_PD,Proteome
DPF2,0.38070858,Nucleus,Lung_NAT_PD,Proteome
DPH2,-0.40579608,Cytosol,Lung_NAT_PD,Proteome
DPH3,0.08692792,Cytosol,Lung_NAT_PD,Proteome
DPH5,-0.14824347,Cytosol,Lung_NAT_PD,Proteome
DPH7,-0.030912884,Cytosol,Lung_NAT_PD,Proteome
DPM1,-0.40839085,Secretory,Lung_NAT_PD,Proteome
DPM3,-0.18931404,Secretory,Lung_NAT_PD,Proteome
DPP3,-0.027207235,Cytosol,Lung_NAT_PD,Proteome
DPY19L1,-0.1646219,Secretory,Lung_NAT_PD,Proteome
DPY19L3,-0.44049898,Secretory,Lung_NAT_PD,Proteome
DPYD,-0.3878805,Cytosol,Lung_NAT_PD,Proteome
DRG2,-0.044471364,Cytosol,Lung_NAT_PD,Proteome
DROSHA,0.44993582,Nucleus,Lung_NAT_PD,Proteome
DSTN,0.19211586,Cytosol,Lung_NAT_PD,Proteome
DTD1,0.036876276,Cytosol,Lung_NAT_PD,Proteome
DTNB,-0.21667087,Mitochondria,Lung_NAT_PD,Proteome
DTNBP1,-0.22618014,Cytosol,Lung_NAT_PD,Proteome
DTYMK,-0.105700575,Cytosol,Lung_NAT_PD,Proteome
DUSP12,-0.18014519,Cytosol,Lung_NAT_PD,Proteome
DUSP14,-0.28892586,Cytosol,Lung_NAT_PD,Proteome
DUSP3,0.05702274,Cytosol,Lung_NAT_PD,Proteome
DVL2,0.06434256,Cytosol,Lung_NAT_PD,Proteome
DYNC1H1,0.057009496,Cytosol,Lung_NAT_PD,Proteome
DYNC1I2,0.12805834,Cytosol,Lung_NAT_PD,Proteome
DYNC1LI1,0.05050689,Cytosol,Lung_NAT_PD,Proteome
DYNC1LI2,0.14635466,Cytosol,Lung_NAT_PD,Proteome
DYNLRB1,0.124400586,Cytosol,Lung_NAT_PD,Proteome
DYNLT3,0.1857786,Cytosol,Lung_NAT_PD,Proteome
DYRK1A,-0.16959925,Cytosol,Lung_NAT_PD,Proteome
EBAG9,-0.08765198,Secretory,Lung_NAT_PD,Proteome
EBNA1BP2,0.46554422,Nucleus,Lung_NAT_PD,Proteome
ECD,-0.4616638,Cytosol,Lung_NAT_PD,Proteome
ECE1,-0.06775113,Secretory,Lung_NAT_PD,Proteome
ECI2,-0.47490487,Secretory,Lung_NAT_PD,Proteome
ECSIT,0.44743615,Mitochondria,Lung_NAT_PD,Proteome
ECT2,-0.36662573,Secretory,Lung_NAT_PD,Proteome
EDEM2,-0.42874917,Secretory,Lung_NAT_PD,Proteome
EDEM3,-0.32593325,Secretory,Lung_NAT_PD,Proteome
EDF1,-0.3794994,Cytosol,Lung_NAT_PD,Proteome
EEF1A1,-0.43420383,Cytosol,Lung_NAT_PD,Proteome
EEF1B2,-0.3080845,Cytosol,Lung_NAT_PD,Proteome
EEF1D,-0.30660158,Cytosol,Lung_NAT_PD,Proteome
EEF2,-0.3933842,Cytosol,Lung_NAT_PD,Proteome
EEF2K,-0.2905174,Cytosol,Lung_NAT_PD,Proteome
EFNB1,-0.052743237,Secretory,Lung_NAT_PD,Proteome
EFR3A,-0.25851542,Secretory,Lung_NAT_PD,Proteome
EGFR,-0.17988878,Secretory,Lung_NAT_PD,Proteome
EHBP1,0.14652987,Cytosol,Lung_NAT_PD,Proteome
EIF1AD,-0.12019441,Cytosol,Lung_NAT_PD,Proteome
EIF2AK3,-0.44211298,Secretory,Lung_NAT_PD,Proteome
EIF2AK4,-0.42275506,Cytosol,Lung_NAT_PD,Proteome
EIF2B1,-0.27910087,Cytosol,Lung_NAT_PD,Proteome
EIF4EBP2,-0.19979613,Cytosol,Lung_NAT_PD,Proteome
EIF4H,-0.079356514,Cytosol,Lung_NAT_PD,Proteome
EIF6,-0.14517805,Cytosol,Lung_NAT_PD,Proteome
ELAVL1,0.42721018,Nucleus,Lung_NAT_PD,Proteome
ELMO2,-0.49654904,Cytosol,Lung_NAT_PD,Proteome
ELMOD2,-0.16032098,Secretory,Lung_NAT_PD,Proteome
ELOVL1,-0.30364022,Secretory,Lung_NAT_PD,Proteome
ELP4,-0.085823596,Cytosol,Lung_NAT_PD,Proteome
EMC1,-0.44487405,Secretory,Lung_NAT_PD,Proteome
EMC10,-0.3033476,Secretory,Lung_NAT_PD,Proteome
EMC3,-0.29626554,Secretory,Lung_NAT_PD,Proteome
EMC4,-0.39440826,Secretory,Lung_NAT_PD,Proteome
EMC7,-0.38203508,Secretory,Lung_NAT_PD,Proteome
EMC8,-0.0023142514,Secretory,Lung_NAT_PD,Proteome
EMD,-0.010292825,Secretory,Lung_NAT_PD,Proteome
EML3,0.04755332,Cytosol,Lung_NAT_PD,Proteome
EML4,-0.46573913,Cytosol,Lung_NAT_PD,Proteome
ENAH,0.19850485,Cytosol,Lung_NAT_PD,Proteome
ENDOD1,-0.067594424,Secretory,Lung_NAT_PD,Proteome
ENDOG,0.26429182,Nucleus,Lung_NAT_PD,Proteome
ENO1,-0.3992554,Cytosol,Lung_NAT_PD,Proteome
ENO3,-0.07136678,Cytosol,Lung_NAT_PD,Proteome
ENOPH1,0.013837661,Cytosol,Lung_NAT_PD,Proteome
ENSA,0.097977206,Cytosol,Lung_NAT_PD,Proteome
EPB41,-0.45400843,Mitochondria,Lung_NAT_PD,Proteome
EPB41L5,-0.06688247,Secretory,Lung_NAT_PD,Proteome
EPHA2,-0.29005277,Secretory,Lung_NAT_PD,Proteome
EPHB2,-0.5497609,Secretory,Lung_NAT_PD,Proteome
EPHB4,-0.060993195,Secretory,Lung_NAT_PD,Proteome
EPHX1,0.00076458714,Secretory,Lung_NAT_PD,Proteome
ERAL1,-0.5997215,Mitochondria,Lung_NAT_PD,Proteome
ERBB2,-0.076833926,Secretory,Lung_NAT_PD,Proteome
ERC1,0.21620518,Cytosol,Lung_NAT_PD,Proteome
ERCC6L,-0.2790349,Cytosol,Lung_NAT_PD,Proteome
ERF,-0.15498799,Cytosol,Lung_NAT_PD,Proteome
ERGIC1,-0.27755705,Secretory,Lung_NAT_PD,Proteome
ERGIC2,-0.08735399,Secretory,Lung_NAT_PD,Proteome
ERGIC3,-0.060394008,Secretory,Lung_NAT_PD,Proteome
ERLEC1,-0.2866232,Secretory,Lung_NAT_PD,Proteome
ERLIN1,-0.023439981,Secretory,Lung_NAT_PD,Proteome
ERLIN2,-0.13188651,Secretory,Lung_NAT_PD,Proteome
ERMP1,-0.030239748,Secretory,Lung_NAT_PD,Proteome
ERP29,-0.19640258,Nucleus,Lung_NAT_PD,Proteome
ESCO1,0.51049834,Nucleus,Lung_NAT_PD,Proteome
ESF1,0.24145937,Nucleus,Lung_NAT_PD,Proteome
ESRRA,0.109312475,Nucleus,Lung_NAT_PD,Proteome
ESYT1,-0.29907957,Secretory,Lung_NAT_PD,Proteome
ESYT2,-0.046952154,Secretory,Lung_NAT_PD,Proteome
ETF1,-0.20651421,Cytosol,Lung_NAT_PD,Proteome
ETFA,0.47518325,Mitochondria,Lung_NAT_PD,Proteome
ETFDH,0.4297417,Mitochondria,Lung_NAT_PD,Proteome
EXD2,0.36916882,Mitochondria,Lung_NAT_PD,Proteome
EXOG,0.4780728,Mitochondria,Lung_NAT_PD,Proteome
EXOSC10,0.49642965,Nucleus,Lung_NAT_PD,Proteome
EXOSC3,0.41365436,Nucleus,Lung_NAT_PD,Proteome
EXOSC5,0.104834296,Nucleus,Lung_NAT_PD,Proteome
EXOSC9,0.47821432,Nucleus,Lung_NAT_PD,Proteome
EXT2,-0.37647536,Secretory,Lung_NAT_PD,Proteome
EXTL3,-0.29639795,Secretory,Lung_NAT_PD,Proteome
EZR,0.06532375,Cytosol,Lung_NAT_PD,Proteome
FADS1,-0.4152304,Secretory,Lung_NAT_PD,Proteome
FAF2,-0.19527727,Secretory,Lung_NAT_PD,Proteome
FAH,0.18582873,Cytosol,Lung_NAT_PD,Proteome
FAIM,0.0036648763,Cytosol,Lung_NAT_PD,Proteome
FAM107B,0.07463927,Cytosol,Lung_NAT_PD,Proteome
FAM111A,0.50261194,Nucleus,Lung_NAT_PD,Proteome
FAM114A2,-0.1474145,Cytosol,Lung_NAT_PD,Proteome
FAM120A,0.07108437,Nucleus,Lung_NAT_PD,Proteome
FAM136A,-0.17951676,Nucleus,Lung_NAT_PD,Proteome
FAM162A,0.474294,Mitochondria,Lung_NAT_PD,Proteome
FAM168A,-0.13720414,Cytosol,Lung_NAT_PD,Proteome
FAM177A1,-0.07526331,Secretory,Lung_NAT_PD,Proteome
FAM20B,-0.27028674,Secretory,Lung_NAT_PD,Proteome
FAM210A,0.4254603,Mitochondria,Lung_NAT_PD,Proteome
FAM3C,-0.21029817,Secretory,Lung_NAT_PD,Proteome
FAM76A,0.21804039,Nucleus,Lung_NAT_PD,Proteome
FAM76B,0.46925983,Nucleus,Lung_NAT_PD,Proteome
FAM8A1,-0.15743567,Secretory,Lung_NAT_PD,Proteome
FAR1,-0.4508469,Secretory,Lung_NAT_PD,Proteome
FARP2,-0.4687918,Mitochondria,Lung_NAT_PD,Proteome
FARSA,-0.08489113,Nucleus,Lung_NAT_PD,Proteome
FARSB,-0.19245058,Nucleus,Lung_NAT_PD,Proteome
FAS,-0.017610187,Secretory,Lung_NAT_PD,Proteome
FASTKD1,-0.5728504,Mitochondria,Lung_NAT_PD,Proteome
FASTKD2,-0.5164223,Mitochondria,Lung_NAT_PD,Proteome
FASTKD5,0.4602795,Mitochondria,Lung_NAT_PD,Proteome
FAT1,-0.31515652,Secretory,Lung_NAT_PD,Proteome
FBL,0.49929172,Nucleus,Lung_NAT_PD,Proteome
FBLIM1,0.2210225,Cytosol,Lung_NAT_PD,Proteome
FBRS,0.34772408,Nucleus,Lung_NAT_PD,Proteome
FBXO11,0.49410537,Nucleus,Lung_NAT_PD,Proteome
FBXO28,0.25531167,Nucleus,Lung_NAT_PD,Proteome
FBXO3,0.14780077,Cytosol,Lung_NAT_PD,Proteome
FBXO30,-0.0772625,Cytosol,Lung_NAT_PD,Proteome
FBXW5,-0.038021524,Cytosol,Lung_NAT_PD,Proteome
FCF1,0.35856357,Nucleus,Lung_NAT_PD,Proteome
FCHSD2,-0.4677869,Cytosol,Lung_NAT_PD,Proteome
FDFT1,-0.33269337,Secretory,Lung_NAT_PD,Proteome
FDPS,-0.27649263,Cytosol,Lung_NAT_PD,Proteome
FER,0.19563939,Cytosol,Lung_NAT_PD,Proteome
FHOD1,0.13968515,Cytosol,Lung_NAT_PD,Proteome
FIZ1,0.43546265,Nucleus,Lung_NAT_PD,Proteome
FKBP14,0.4881922,Nucleus,Lung_NAT_PD,Proteome
FKBP3,-0.43764007,Cytosol,Lung_NAT_PD,Proteome
FKBP4,0.06247957,Cytosol,Lung_NAT_PD,Proteome
FKBP8,-0.11079732,Secretory,Lung_NAT_PD,Proteome
FKBPL,-0.3607123,Cytosol,Lung_NAT_PD,Proteome
FLCN,-0.16107087,Cytosol,Lung_NAT_PD,Proteome
FLNA,0.20585844,Cytosol,Lung_NAT_PD,Proteome
FLNB,0.15731427,Cytosol,Lung_NAT_PD,Proteome
FLOT1,-0.2800501,Secretory,Lung_NAT_PD,Proteome
FLOT2,-0.27398354,Secretory,Lung_NAT_PD,Proteome
FLVCR1,-0.36535507,Secretory,Lung_NAT_PD,Proteome
FMNL2,-0.11185472,Secretory,Lung_NAT_PD,Proteome
FNBP1,-0.32866654,Cytosol,Lung_NAT_PD,Proteome
FNBP1L,0.091395065,Cytosol,Lung_NAT_PD,Proteome
FNBP4,0.44256938,Nucleus,Lung_NAT_PD,Proteome
FNDC3A,-0.12670547,Secretory,Lung_NAT_PD,Proteome
FNDC3B,-0.24498872,Secretory,Lung_NAT_PD,Proteome
FNIP1,-0.4821454,Cytosol,Lung_NAT_PD,Proteome
FOXJ2,0.38539442,Nucleus,Lung_NAT_PD,Proteome
FOXK1,0.39854407,Nucleus,Lung_NAT_PD,Proteome
FOXK2,0.20540977,Nucleus,Lung_NAT_PD,Proteome
FOXO3,0.0989082,Cytosol,Lung_NAT_PD,Proteome
FOXRED1,-0.5631837,Mitochondria,Lung_NAT_PD,Proteome
FPGT,-0.027331527,Cytosol,Lung_NAT_PD,Proteome
FRRS1,-0.28703523,Secretory,Lung_NAT_PD,Proteome
FSCN1,0.1470652,Cytosol,Lung_NAT_PD,Proteome
FTSJ1,-0.09859332,Cytosol,Lung_NAT_PD,Proteome
FUNDC2,0.3170293,Mitochondria,Lung_NAT_PD,Proteome
FURIN,-0.34811422,Secretory,Lung_NAT_PD,Proteome
FUT8,-0.19282177,Secretory,Lung_NAT_PD,Proteome
FXR2,-0.21236944,Nucleus,Lung_NAT_PD,Proteome
FYTTD1,0.45848122,Nucleus,Lung_NAT_PD,Proteome
FZD6,-0.118760705,Secretory,Lung_NAT_PD,Proteome
FZD7,-0.20682213,Secretory,Lung_NAT_PD,Proteome
G6PD,-0.4960691,Cytosol,Lung_NAT_PD,Proteome
GABARAP,-0.18994866,Cytosol,Lung_NAT_PD,Proteome
GABPA,0.15432367,Nucleus,Lung_NAT_PD,Proteome
GADD45GIP1,-0.3545163,Secretory,Lung_NAT_PD,Proteome
GALE,-0.28803286,Cytosol,Lung_NAT_PD,Proteome
GALK1,0.06932271,Cytosol,Lung_NAT_PD,Proteome
GALK2,-0.3979983,Cytosol,Lung_NAT_PD,Proteome
GALNT1,-0.24723372,Secretory,Lung_NAT_PD,Proteome
GALNT10,-0.36669475,Secretory,Lung_NAT_PD,Proteome
GALNT2,-0.1525836,Secretory,Lung_NAT_PD,Proteome
GALNT7,-0.07172284,Secretory,Lung_NAT_PD,Proteome
GAPDH,-0.077320985,Cytosol,Lung_NAT_PD,Proteome
GAR1,0.45730564,Nucleus,Lung_NAT_PD,Proteome
GART,-0.38424745,Cytosol,Lung_NAT_PD,Proteome
GATAD1,0.44370982,Nucleus,Lung_NAT_PD,Proteome
GBA2,-0.27313614,Secretory,Lung_NAT_PD,Proteome
GBE1,0.22744593,Cytosol,Lung_NAT_PD,Proteome
GBP2,-0.29453656,Cytosol,Lung_NAT_PD,Proteome
GCLM,0.04197359,Cytosol,Lung_NAT_PD,Proteome
GCSH,0.47362268,Mitochondria,Lung_NAT_PD,Proteome
GDAP1,0.4667253,Mitochondria,Lung_NAT_PD,Proteome
GDE1,-0.20291431,Secretory,Lung_NAT_PD,Proteome
GDI2,0.0049848966,Cytosol,Lung_NAT_PD,Proteome
GDPD1,-0.057507075,Secretory,Lung_NAT_PD,Proteome
GEMIN5,0.11035491,Cytosol,Lung_NAT_PD,Proteome
GGA1,-0.38848737,Cytosol,Lung_NAT_PD,Proteome
GGA3,-0.22808924,Cytosol,Lung_NAT_PD,Proteome
GGCT,-0.026315294,Cytosol,Lung_NAT_PD,Proteome
GGCX,-0.16100836,Secretory,Lung_NAT_PD,Proteome
GIPC1,0.09645697,Cytosol,Lung_NAT_PD,Proteome
GLA,-0.5710066,Nucleus,Lung_NAT_PD,Proteome
GLCE,-0.49270767,Secretory,Lung_NAT_PD,Proteome
GLE1,0.24212785,Nucleus,Lung_NAT_PD,Proteome
GLG1,-0.30250657,Secretory,Lung_NAT_PD,Proteome
GLIPR2,-0.37688982,Secretory,Lung_NAT_PD,Proteome
GLOD4,0.22167766,Cytosol,Lung_NAT_PD,Proteome
GLRX,-0.4644749,Cytosol,Lung_NAT_PD,Proteome
GLRX3,-0.16190347,Cytosol,Lung_NAT_PD,Proteome
GLS,0.47283676,Mitochondria,Lung_NAT_PD,Proteome
GLUL,-0.18595016,Cytosol,Lung_NAT_PD,Proteome
GMFB,-0.31949276,Cytosol,Lung_NAT_PD,Proteome
GMIP,-0.14704221,Cytosol,Lung_NAT_PD,Proteome
GMPPA,-0.31046933,Cytosol,Lung_NAT_PD,Proteome
GMPPB,-0.28040054,Cytosol,Lung_NAT_PD,Proteome
GMPR2,0.18508163,Cytosol,Lung_NAT_PD,Proteome
GNA13,-0.022617549,Secretory,Lung_NAT_PD,Proteome
GNAI1,-0.11832097,Secretory,Lung_NAT_PD,Proteome
GNAI2,-0.035009366,Secretory,Lung_NAT_PD,Proteome
GNAI3,-0.103416525,Secretory,Lung_NAT_PD,Proteome
GNAQ,-0.058167446,Secretory,Lung_NAT_PD,Proteome
GNAS,-0.14010291,Secretory,Lung_NAT_PD,Proteome
GNB1,-0.102760345,Secretory,Lung_NAT_PD,Proteome
GNB1L,-0.083638825,Cytosol,Lung_NAT_PD,Proteome
GNB2,-0.07944538,Secretory,Lung_NAT_PD,Proteome
GNL2,0.48963416,Nucleus,Lung_NAT_PD,Proteome
GNPAT,-0.3086936,Secretory,Lung_NAT_PD,Proteome
GNPDA2,0.2365646,Cytosol,Lung_NAT_PD,Proteome
GNPNAT1,-0.046015143,Cytosol,Lung_NAT_PD,Proteome
GNPTAB,-0.12108325,Secretory,Lung_NAT_PD,Proteome
GOLGA1,-0.2721332,Secretory,Lung_NAT_PD,Proteome
GOLGA2,-0.22926858,Secretory,Lung_NAT_PD,Proteome
GOLGA3,-0.28881624,Cytosol,Lung_NAT_PD,Proteome
GOLGA4,0.2923577,Nucleus,Lung_NAT_PD,Proteome
GOLGA5,-0.10799053,Secretory,Lung_NAT_PD,Proteome
GOLGA7,-0.24288148,Secretory,Lung_NAT_PD,Proteome
GOLGB1,-0.06989724,Secretory,Lung_NAT_PD,Proteome
GOLIM4,-0.3683926,Secretory,Lung_NAT_PD,Proteome
GOLM1,-0.31414646,Secretory,Lung_NAT_PD,Proteome
GOLPH3L,-0.34679794,Cytosol,Lung_NAT_PD,Proteome
GOLT1B,-0.4947945,Secretory,Lung_NAT_PD,Proteome
GORASP1,-0.5824881,Secretory,Lung_NAT_PD,Proteome
GORASP2,-0.10689773,Secretory,Lung_NAT_PD,Proteome
GOSR1,-0.087576285,Secretory,Lung_NAT_PD,Proteome
GPATCH4,0.4873801,Nucleus,Lung_NAT_PD,Proteome
GPATCH8,0.38049415,Nucleus,Lung_NAT_PD,Proteome
GPCPD1,-0.48191637,Cytosol,Lung_NAT_PD,Proteome
GPD1L,0.037006278,Cytosol,Lung_NAT_PD,Proteome
GPD2,0.41067114,Mitochondria,Lung_NAT_PD,Proteome
GPI,-0.08297446,Cytosol,Lung_NAT_PD,Proteome
GPN1,0.021136085,Cytosol,Lung_NAT_PD,Proteome
GPN3,0.014295435,Cytosol,Lung_NAT_PD,Proteome
GPR107,-0.38215765,Secretory,Lung_NAT_PD,Proteome
GPR108,-0.17418818,Secretory,Lung_NAT_PD,Proteome
GPR180,-0.58349174,Secretory,Lung_NAT_PD,Proteome
GPRC5A,-0.063586734,Secretory,Lung_NAT_PD,Proteome
GPSM1,0.1925559,Cytosol,Lung_NAT_PD,Proteome
GPX4,-0.19558187,Cytosol,Lung_NAT_PD,Proteome
GPX8,-0.49342346,Secretory,Lung_NAT_PD,Proteome
GRAMD1A,-0.051888205,Secretory,Lung_NAT_PD,Proteome
GRAMD4,-0.10306557,Secretory,Lung_NAT_PD,Proteome
GRHPR,0.1776282,Cytosol,Lung_NAT_PD,Proteome
GRIPAP1,-0.34030214,Cytosol,Lung_NAT_PD,Proteome
GRSF1,-0.4620606,Secretory,Lung_NAT_PD,Proteome
GSE1,0.29924008,Nucleus,Lung_NAT_PD,Proteome
GSK3A,-0.017341148,Cytosol,Lung_NAT_PD,Proteome
GSK3B,0.08272124,Cytosol,Lung_NAT_PD,Proteome
GSN,-0.39462632,Cytosol,Lung_NAT_PD,Proteome
GSPT1,-0.30707735,Cytosol,Lung_NAT_PD,Proteome
GSR,-0.1875328,Cytosol,Lung_NAT_PD,Proteome
GSS,-0.09331252,Cytosol,Lung_NAT_PD,Proteome
GSTO1,-0.38740748,Cytosol,Lung_NAT_PD,Proteome
GTF3A,-0.37918898,Cytosol,Lung_NAT_PD,Proteome
GTF3C2,0.43132216,Nucleus,Lung_NAT_PD,Proteome
GTPBP10,-0.40786248,Secretory,Lung_NAT_PD,Proteome
GTPBP6,0.4560357,Mitochondria,Lung_NAT_PD,Proteome
GUF1,0.43731377,Mitochondria,Lung_NAT_PD,Proteome
GUK1,0.23673882,Cytosol,Lung_NAT_PD,Proteome
HADHA,0.4624282,Mitochondria,Lung_NAT_PD,Proteome
HADHB,0.47398347,Mitochondria,Lung_NAT_PD,Proteome
HAGH,0.07658229,Cytosol,Lung_NAT_PD,Proteome
HAUS3,0.0033868502,Cytosol,Lung_NAT_PD,Proteome
HAUS8,-0.49734423,Cytosol,Lung_NAT_PD,Proteome
HAX1,0.020966621,Mitochondria,Lung_NAT_PD,Proteome
HCCS,0.45994726,Mitochondria,Lung_NAT_PD,Proteome
HCFC1,0.32579702,Nucleus,Lung_NAT_PD,Proteome
HDAC2,0.2724737,Nucleus,Lung_NAT_PD,Proteome
HDAC4,-0.22296621,Cytosol,Lung_NAT_PD,Proteome
HDAC7,0.13569297,Cytosol,Lung_NAT_PD,Proteome
HDAC8,-0.12192972,Cytosol,Lung_NAT_PD,Proteome
HDDC2,0.048677642,Cytosol,Lung_NAT_PD,Proteome
HDLBP,0.3652293,Nucleus,Lung_NAT_PD,Proteome
HEATR1,0.41844648,Nucleus,Lung_NAT_PD,Proteome
HEBP1,0.09782225,Cytosol,Lung_NAT_PD,Proteome
HECTD4,-0.27077016,Cytosol,Lung_NAT_PD,Proteome
HELZ,0.25001028,Nucleus,Lung_NAT_PD,Proteome
HELZ2,0.24990685,Nucleus,Lung_NAT_PD,Proteome
HERC1,-0.36759284,Cytosol,Lung_NAT_PD,Proteome
HERC2,-0.4607418,Secretory,Lung_NAT_PD,Proteome
HERC5,0.35166505,Nucleus,Lung_NAT_PD,Proteome
HINT3,-0.028870087,Secretory,Lung_NAT_PD,Proteome
HIP1,-0.23037468,Mitochondria,Lung_NAT_PD,Proteome
HIRIP3,-0.01635358,Nucleus,Lung_NAT_PD,Proteome
HLA-A,-0.047528546,Secretory,Lung_NAT_PD,Proteome
HLA-C,-0.010087431,Secretory,Lung_NAT_PD,Proteome
HLA-E,-0.0082722595,Secretory,Lung_NAT_PD,Proteome
HLA-F,-0.032696374,Secretory,Lung_NAT_PD,Proteome
HLTF,0.41928083,Nucleus,Lung_NAT_PD,Proteome
HM13,-0.1583559,Secretory,Lung_NAT_PD,Proteome
HMG20A,0.09227209,Nucleus,Lung_NAT_PD,Proteome
HMGCS1,-0.41475907,Cytosol,Lung_NAT_PD,Proteome
HMGXB4,0.35391408,Nucleus,Lung_NAT_PD,Proteome
HMOX2,-0.4494064,Secretory,Lung_NAT_PD,Proteome
HNRNPA0,0.30738935,Nucleus,Lung_NAT_PD,Proteome
HNRNPA1,0.04304777,Nucleus,Lung_NAT_PD,Proteome
HNRNPA2B1,0.2708993,Nucleus,Lung_NAT_PD,Proteome
HNRNPA3,0.35076502,Nucleus,Lung_NAT_PD,Proteome
HNRNPAB,0.46715412,Nucleus,Lung_NAT_PD,Proteome
HNRNPC,0.37157506,Nucleus,Lung_NAT_PD,Proteome
HNRNPD,0.40270403,Nucleus,Lung_NAT_PD,Proteome
HNRNPDL,0.4216133,Nucleus,Lung_NAT_PD,Proteome
HNRNPH1,0.51113397,Nucleus,Lung_NAT_PD,Proteome
HNRNPH2,0.47791258,Nucleus,Lung_NAT_PD,Proteome
HNRNPH3,0.20178393,Nucleus,Lung_NAT_PD,Proteome
HNRNPK,0.37658414,Nucleus,Lung_NAT_PD,Proteome
HNRNPL,0.41820318,Nucleus,Lung_NAT_PD,Proteome
HNRNPM,0.3903165,Nucleus,Lung_NAT_PD,Proteome
HNRNPR,0.43851033,Nucleus,Lung_NAT_PD,Proteome
HNRNPUL1,0.40863064,Nucleus,Lung_NAT_PD,Proteome
HOOK3,0.15817086,Cytosol,Lung_NAT_PD,Proteome
HP1BP3,0.4771876,Nucleus,Lung_NAT_PD,Proteome
HPSE,-0.40300843,Secretory,Lung_NAT_PD,Proteome
HRAS,-0.033513714,Secretory,Lung_NAT_PD,Proteome
HS1BP3,-0.3404365,Cytosol,Lung_NAT_PD,Proteome
HS2ST1,-0.116123915,Secretory,Lung_NAT_PD,Proteome
HSBP1,0.120004326,Cytosol,Lung_NAT_PD,Proteome
HSD17B11,-0.22047378,Secretory,Lung_NAT_PD,Proteome
HSD17B12,-0.24967957,Secretory,Lung_NAT_PD,Proteome
HSD17B7,-0.41128197,Secretory,Lung_NAT_PD,Proteome
HSDL1,0.39423636,Mitochondria,Lung_NAT_PD,Proteome
HSP90AA1,-0.081156366,Cytosol,Lung_NAT_PD,Proteome
HSP90AB1,-0.42765585,Cytosol,Lung_NAT_PD,Proteome
HSPA14,-0.29192147,Cytosol,Lung_NAT_PD,Proteome
HSPA4,-0.37767538,Cytosol,Lung_NAT_PD,Proteome
HSPA4L,0.16118422,Cytosol,Lung_NAT_PD,Proteome
HSPB1,0.2159791,Cytosol,Lung_NAT_PD,Proteome
HSPB8,0.1638079,Cytosol,Lung_NAT_PD,Proteome
HSPBP1,0.07152399,Cytosol,Lung_NAT_PD,Proteome
HSPH1,-0.33973172,Cytosol,Lung_NAT_PD,Proteome
HTATIP2,-0.3467012,Secretory,Lung_NAT_PD,Proteome
HTT,-0.51256084,Cytosol,Lung_NAT_PD,Proteome
IAH1,0.1881514,Cytosol,Lung_NAT_PD,Proteome
IDE,-0.17321286,Cytosol,Lung_NAT_PD,Proteome
IDH1,-0.27190834,Cytosol,Lung_NAT_PD,Proteome
IDI1,-0.4760094,Cytosol,Lung_NAT_PD,Proteome
IDS,-0.50315934,Nucleus,Lung_NAT_PD,Proteome
IFIT5,-0.20771107,Cytosol,Lung_NAT_PD,Proteome
IFNGR1,-0.029683398,Secretory,Lung_NAT_PD,Proteome
IFT27,0.04435336,Cytosol,Lung_NAT_PD,Proteome
IFT81,0.10756945,Cytosol,Lung_NAT_PD,Proteome
IFT88,0.07283928,Cytosol,Lung_NAT_PD,Proteome
IGF1R,-0.08803353,Secretory,Lung_NAT_PD,Proteome
IGF2BP2,0.41760984,Nucleus,Lung_NAT_PD,Proteome
IGF2R,-0.22171721,Secretory,Lung_NAT_PD,Proteome
IGSF3,-0.29300106,Secretory,Lung_NAT_PD,Proteome
IGSF8,-0.0729836,Secretory,Lung_NAT_PD,Proteome
IK,0.45435524,Nucleus,Lung_NAT_PD,Proteome
IKBIP,-0.2969711,Secretory,Lung_NAT_PD,Proteome
IL1RAP,-0.2918281,Secretory,Lung_NAT_PD,Proteome
IL6ST,-0.09256047,Secretory,Lung_NAT_PD,Proteome
ILF2,0.49628803,Nucleus,Lung_NAT_PD,Proteome
ILF3,0.43028024,Nucleus,Lung_NAT_PD,Proteome
ILVBL,-0.359132,Secretory,Lung_NAT_PD,Proteome
IMMT,0.4594888,Mitochondria,Lung_NAT_PD,Proteome
IMP3,0.058850396,Nucleus,Lung_NAT_PD,Proteome
IMP4,0.43925574,Nucleus,Lung_NAT_PD,Proteome
IMPA1,0.06881834,Cytosol,Lung_NAT_PD,Proteome
IMPACT,0.21178031,Cytosol,Lung_NAT_PD,Proteome
IMPDH1,-0.2783764,Cytosol,Lung_NAT_PD,Proteome
INCENP,0.28876042,Nucleus,Lung_NAT_PD,Proteome
ING1,0.3843193,Nucleus,Lung_NAT_PD,Proteome
ING5,0.41344526,Nucleus,Lung_NAT_PD,Proteome
INO80,0.072471984,Nucleus,Lung_NAT_PD,Proteome
INPP1,0.097334884,Cytosol,Lung_NAT_PD,Proteome
INPP4A,-0.23029436,Cytosol,Lung_NAT_PD,Proteome
INPP5A,-0.06289075,Secretory,Lung_NAT_PD,Proteome
INPP5K,-0.0032826476,Secretory,Lung_NAT_PD,Proteome
INPPL1,-0.3010545,Cytosol,Lung_NAT_PD,Proteome
INSR,-0.16186713,Secretory,Lung_NAT_PD,Proteome
INTS3,0.4898076,Nucleus,Lung_NAT_PD,Proteome
IQSEC2,-0.18081601,Cytosol,Lung_NAT_PD,Proteome
IRAK4,-0.35716486,Cytosol,Lung_NAT_PD,Proteome
IREB2,0.03445445,Cytosol,Lung_NAT_PD,Proteome
IRF2BP1,0.31066865,Nucleus,Lung_NAT_PD,Proteome
IRF2BPL,0.3020254,Nucleus,Lung_NAT_PD,Proteome
IRF3,-0.5059138,Cytosol,Lung_NAT_PD,Proteome
IRF9,-0.19698067,Cytosol,Lung_NAT_PD,Proteome
IRS1,0.124299906,Cytosol,Lung_NAT_PD,Proteome
IRS2,0.026939418,Cytosol,Lung_NAT_PD,Proteome
ISG20L2,0.47409806,Nucleus,Lung_NAT_PD,Proteome
IST1,-0.17965889,Cytosol,Lung_NAT_PD,Proteome
ITFG1,-0.29256943,Secretory,Lung_NAT_PD,Proteome
ITGA2,-0.15733075,Secretory,Lung_NAT_PD,Proteome
ITGA3,-0.059968427,Secretory,Lung_NAT_PD,Proteome
ITGA5,-0.0236003,Secretory,Lung_NAT_PD,Proteome
ITGA6,-0.0778188,Secretory,Lung_NAT_PD,Proteome
ITGAV,-0.24262148,Secretory,Lung_NAT_PD,Proteome
ITGB1,-0.053411897,Secretory,Lung_NAT_PD,Proteome
ITGB4,-0.07875137,Secretory,Lung_NAT_PD,Proteome
ITM2B,-0.057165585,Secretory,Lung_NAT_PD,Proteome
ITPA,0.023643455,Cytosol,Lung_NAT_PD,Proteome
ITPKC,-0.34626606,Cytosol,Lung_NAT_PD,Proteome
ITPR2,-0.28434348,Secretory,Lung_NAT_PD,Proteome
ITPR3,-0.171064,Secretory,Lung_NAT_PD,Proteome
IWS1,0.36382636,Nucleus,Lung_NAT_PD,Proteome
JAGN1,-0.08690653,Secretory,Lung_NAT_PD,Proteome
JAK1,-0.051402677,Secretory,Lung_NAT_PD,Proteome
JAK2,-0.22051048,Secretory,Lung_NAT_PD,Proteome
JMJD1C,0.47793472,Nucleus,Lung_NAT_PD,Proteome
JPH1,-0.04888683,Secretory,Lung_NAT_PD,Proteome
JTB,-0.047966775,Secretory,Lung_NAT_PD,Proteome
JUP,-0.32358247,Mitochondria,Lung_NAT_PD,Proteome
KAT6A,0.17487252,Nucleus,Lung_NAT_PD,Proteome
KAT7,0.45833665,Nucleus,Lung_NAT_PD,Proteome
KCMF1,0.15565716,Cytosol,Lung_NAT_PD,Proteome
KCTD9,-0.24647288,Cytosol,Lung_NAT_PD,Proteome
KDM1A,0.38577917,Nucleus,Lung_NAT_PD,Proteome
KDM2A,0.40749204,Nucleus,Lung_NAT_PD,Proteome
KDM3B,0.43623164,Nucleus,Lung_NAT_PD,Proteome
KDM4A,0.3859076,Nucleus,Lung_NAT_PD,Proteome
KDM5B,0.38761243,Nucleus,Lung_NAT_PD,Proteome
KDSR,0.025918804,Secretory,Lung_NAT_PD,Proteome
KHK,0.029478794,Cytosol,Lung_NAT_PD,Proteome
KIAA0319L,-0.35907152,Secretory,Lung_NAT_PD,Proteome
KIAA0513,-0.4611529,Cytosol,Lung_NAT_PD,Proteome
KIDINS220,-0.46341914,Secretory,Lung_NAT_PD,Proteome
KIF13B,0.11076268,Cytosol,Lung_NAT_PD,Proteome
KIF14,-0.5582613,Secretory,Lung_NAT_PD,Proteome
KIF15,-0.2982878,Cytosol,Lung_NAT_PD,Proteome
KIF21A,0.12290319,Cytosol,Lung_NAT_PD,Proteome
KIF22,0.24061428,Nucleus,Lung_NAT_PD,Proteome
KIF3B,0.20259306,Cytosol,Lung_NAT_PD,Proteome
KIF4A,0.2704649,Nucleus,Lung_NAT_PD,Proteome
KIF5B,0.07060896,Cytosol,Lung_NAT_PD,Proteome
KLC2,-0.012276116,Cytosol,Lung_NAT_PD,Proteome
KLC4,0.06531362,Cytosol,Lung_NAT_PD,Proteome
KLHL11,0.0041073146,Cytosol,Lung_NAT_PD,Proteome
KLHL26,0.03380375,Cytosol,Lung_NAT_PD,Proteome
KLHL36,0.18849435,Cytosol,Lung_NAT_PD,Proteome
KMT2A,0.3871181,Nucleus,Lung_NAT_PD,Proteome
KNTC1,-0.26964307,Cytosol,Lung_NAT_PD,Proteome
KPNA2,-0.36109862,Cytosol,Lung_NAT_PD,Proteome
KPNA4,0.032442607,Cytosol,Lung_NAT_PD,Proteome
KRAS,-0.04551788,Secretory,Lung_NAT_PD,Proteome
KRI1,0.4275337,Nucleus,Lung_NAT_PD,Proteome
KRR1,0.37401095,Nucleus,Lung_NAT_PD,Proteome
KRT80,-0.39430124,Cytosol,Lung_NAT_PD,Proteome
KTN1,-0.026311768,Secretory,Lung_NAT_PD,Proteome
L2HGDH,-0.5766622,Mitochondria,Lung_NAT_PD,Proteome
LACTB,-0.40157607,Secretory,Lung_NAT_PD,Proteome
LAMA5,-0.12957063,Secretory,Lung_NAT_PD,Proteome
LAMB3,-0.09452524,Secretory,Lung_NAT_PD,Proteome
LAMP1,-0.3354933,Secretory,Lung_NAT_PD,Proteome
LAMP2,-0.39034465,Secretory,Lung_NAT_PD,Proteome
LAMTOR1,-0.33507067,Secretory,Lung_NAT_PD,Proteome
LAMTOR3,-0.30060616,Secretory,Lung_NAT_PD,Proteome
LARP1,0.27243894,Nucleus,Lung_NAT_PD,Proteome
LARP1B,0.45667505,Nucleus,Lung_NAT_PD,Proteome
LARP4B,0.15612718,Nucleus,Lung_NAT_PD,Proteome
LARP7,0.501046,Nucleus,Lung_NAT_PD,Proteome
LAS1L,0.49528712,Nucleus,Lung_NAT_PD,Proteome
LASP1,0.19042608,Cytosol,Lung_NAT_PD,Proteome
LBR,-0.2691192,Secretory,Lung_NAT_PD,Proteome
LCLAT1,-0.051833753,Secretory,Lung_NAT_PD,Proteome
LDHB,-0.020539507,Cytosol,Lung_NAT_PD,Proteome
LDLR,-0.1312933,Secretory,Lung_NAT_PD,Proteome
LEMD2,-0.21707384,Mitochondria,Lung_NAT_PD,Proteome
LEMD3,-0.18372862,Nucleus,Lung_NAT_PD,Proteome
LEO1,0.4045115,Nucleus,Lung_NAT_PD,Proteome
LETM1,0.47160113,Mitochondria,Lung_NAT_PD,Proteome
LGALSL,0.1831739,Cytosol,Lung_NAT_PD,Proteome
LIMD1,0.03418419,Cytosol,Lung_NAT_PD,Proteome
LIMS1,0.13276641,Cytosol,Lung_NAT_PD,Proteome
LIN7C,-0.15243751,Secretory,Lung_NAT_PD,Proteome
LLGL2,-0.049455926,Secretory,Lung_NAT_PD,Proteome
LLPH,0.11784006,Nucleus,Lung_NAT_PD,Proteome
LMAN1,-0.10701106,Secretory,Lung_NAT_PD,Proteome
LMAN2,-0.14511238,Secretory,Lung_NAT_PD,Proteome
LMAN2L,-0.09967342,Secretory,Lung_NAT_PD,Proteome
LMBRD1,-0.008886077,Secretory,Lung_NAT_PD,Proteome
LMBRD2,-0.09668614,Secretory,Lung_NAT_PD,Proteome
LMCD1,0.10766878,Cytosol,Lung_NAT_PD,Proteome
LMNA,-0.22003604,Nucleus,Lung_NAT_PD,Proteome
LMNB1,0.41820738,Nucleus,Lung_NAT_PD,Proteome
LMTK2,-0.06872588,Secretory,Lung_NAT_PD,Proteome
LNPEP,-0.3499268,Secretory,Lung_NAT_PD,Proteome
LPCAT1,-0.30810773,Secretory,Lung_NAT_PD,Proteome
LPCAT2,-0.3966916,Secretory,Lung_NAT_PD,Proteome
LPCAT4,-0.46144584,Secretory,Lung_NAT_PD,Proteome
LPGAT1,-0.4112083,Secretory,Lung_NAT_PD,Proteome
LPIN2,-0.00033637768,Cytosol,Lung_NAT_PD,Proteome
LPP,0.21346472,Cytosol,Lung_NAT_PD,Proteome
LRCH4,-0.50639313,Secretory,Lung_NAT_PD,Proteome
LRIF1,0.37939653,Nucleus,Lung_NAT_PD,Proteome
LRP1,-0.094370835,Secretory,Lung_NAT_PD,Proteome
LRP10,-0.5572758,Secretory,Lung_NAT_PD,Proteome
LRPAP1,0.1356293,Nucleus,Lung_NAT_PD,Proteome
LRRC1,-0.33581197,Mitochondria,Lung_NAT_PD,Proteome
LRRC59,-0.25343513,Secretory,Lung_NAT_PD,Proteome
LRRC8A,-0.06908414,Secretory,Lung_NAT_PD,Proteome
LRRC8D,-0.38252714,Secretory,Lung_NAT_PD,Proteome
LRSAM1,0.11737356,Cytosol,Lung_NAT_PD,Proteome
LSM1,-0.2798117,Cytosol,Lung_NAT_PD,Proteome
LSS,-0.28412572,Secretory,Lung_NAT_PD,Proteome
LTA4H,-0.43135604,Cytosol,Lung_NAT_PD,Proteome
LTBR,-0.14219883,Secretory,Lung_NAT_PD,Proteome
LYAR,0.46375638,Nucleus,Lung_NAT_PD,Proteome
LYN,-0.21743514,Secretory,Lung_NAT_PD,Proteome
LYPLA1,0.021789119,Cytosol,Lung_NAT_PD,Proteome
LYRM1,0.45892486,Mitochondria,Lung_NAT_PD,Proteome
LYRM7,0.46378684,Mitochondria,Lung_NAT_PD,Proteome
LYSMD2,-0.16880487,Cytosol,Lung_NAT_PD,Proteome
LZIC,0.23433073,Cytosol,Lung_NAT_PD,Proteome
LZTFL1,0.14007276,Cytosol,Lung_NAT_PD,Proteome
M6PR,-0.40630177,Secretory,Lung_NAT_PD,Proteome
MACROD1,-0.3700102,Mitochondria,Lung_NAT_PD,Proteome
MAD1L1,0.4879781,Nucleus,Lung_NAT_PD,Proteome
MAD2L1,-0.3880925,Cytosol,Lung_NAT_PD,Proteome
MAF1,0.10470648,Cytosol,Lung_NAT_PD,Proteome
MAGI3,0.07014206,Cytosol,Lung_NAT_PD,Proteome
MALT1,-0.3076735,Cytosol,Lung_NAT_PD,Proteome
MAN1A2,-0.21381356,Secretory,Lung_NAT_PD,Proteome
MAN1B1,-0.52483124,Secretory,Lung_NAT_PD,Proteome
MAN2A1,-0.12022938,Secretory,Lung_NAT_PD,Proteome
MAN2A2,-0.288709,Secretory,Lung_NAT_PD,Proteome
MANBAL,-0.12205902,Secretory,Lung_NAT_PD,Proteome
MAP2K1,-0.3007237,Cytosol,Lung_NAT_PD,Proteome
MAP3K7,-0.36778668,Cytosol,Lung_NAT_PD,Proteome
MAP4,0.12065028,Cytosol,Lung_NAT_PD,Proteome
MAP4K2,0.09739377,Cytosol,Lung_NAT_PD,Proteome
MAP4K3,0.20216782,Cytosol,Lung_NAT_PD,Proteome
MAP4K5,0.117055446,Cytosol,Lung_NAT_PD,Proteome
MAPK1,0.08723723,Cytosol,Lung_NAT_PD,Proteome
MAPK12,0.1262794,Cytosol,Lung_NAT_PD,Proteome
MAPK14,-0.25983202,Cytosol,Lung_NAT_PD,Proteome
MAPK8,-0.22523557,Cytosol,Lung_NAT_PD,Proteome
MAPK9,0.16045475,Cytosol,Lung_NAT_PD,Proteome
MAPKAP1,0.1302396,Cytosol,Lung_NAT_PD,Proteome
MAPRE1,-0.24981207,Cytosol,Lung_NAT_PD,Proteome
MAST4,0.117952995,Cytosol,Lung_NAT_PD,Proteome
MAT2A,-0.25215122,Cytosol,Lung_NAT_PD,Proteome
MAT2B,-0.28226754,Cytosol,Lung_NAT_PD,Proteome
MATR3,0.37355855,Nucleus,Lung_NAT_PD,Proteome
MAVS,-0.47432587,Mitochondria,Lung_NAT_PD,Proteome
MAX,0.40873027,Nucleus,Lung_NAT_PD,Proteome
MBD1,0.17532377,Nucleus,Lung_NAT_PD,Proteome
MBD2,0.50438476,Nucleus,Lung_NAT_PD,Proteome
MBLAC2,-0.18656774,Secretory,Lung_NAT_PD,Proteome
MBOAT2,-0.039649207,Secretory,Lung_NAT_PD,Proteome
MBOAT7,-0.034552056,Secretory,Lung_NAT_PD,Proteome
MBTPS1,-0.06598248,Secretory,Lung_NAT_PD,Proteome
MCL1,0.15963338,Mitochondria,Lung_NAT_PD,Proteome
MCM2,0.36451334,Nucleus,Lung_NAT_PD,Proteome
MCM3,0.39692086,Nucleus,Lung_NAT_PD,Proteome
MCM3AP,0.27970216,Nucleus,Lung_NAT_PD,Proteome
MCU,0.47773427,Mitochondria,Lung_NAT_PD,Proteome
MCUR1,0.47282323,Mitochondria,Lung_NAT_PD,Proteome
MDH1,-0.061471026,Cytosol,Lung_NAT_PD,Proteome
MDK,-0.5034304,Secretory,Lung_NAT_PD,Proteome
MDN1,0.34686705,Nucleus,Lung_NAT_PD,Proteome
MECP2,0.24651347,Nucleus,Lung_NAT_PD,Proteome
MEGF9,-0.116361365,Secretory,Lung_NAT_PD,Proteome
MEMO1,-0.20273377,Cytosol,Lung_NAT_PD,Proteome
MEN1,0.36639562,Nucleus,Lung_NAT_PD,Proteome
MEPCE,0.36702976,Nucleus,Lung_NAT_PD,Proteome
MET,-0.29504418,Secretory,Lung_NAT_PD,Proteome
METAP2,-0.1722123,Cytosol,Lung_NAT_PD,Proteome
METTL2B,-0.39443398,Cytosol,Lung_NAT_PD,Proteome
METTL5,-0.089446954,Cytosol,Lung_NAT_PD,Proteome
METTL9,-0.39512926,Secretory,Lung_NAT_PD,Proteome
MFF,0.31727567,Mitochondria,Lung_NAT_PD,Proteome
MFN1,0.2864965,Mitochondria,Lung_NAT_PD,Proteome
MFN2,0.3784092,Mitochondria,Lung_NAT_PD,Proteome
MFSD6,-0.030331608,Secretory,Lung_NAT_PD,Proteome
MGAT1,-0.23040734,Secretory,Lung_NAT_PD,Proteome
MGAT5,-0.47851008,Secretory,Lung_NAT_PD,Proteome
MGME1,-0.616554,Mitochondria,Lung_NAT_PD,Proteome
MGRN1,-0.015448609,Secretory,Lung_NAT_PD,Proteome
MGST3,0.18448593,Mitochondria,Lung_NAT_PD,Proteome
MIA3,-0.19503611,Secretory,Lung_NAT_PD,Proteome
MICAL2,-0.0888535,Secretory,Lung_NAT_PD,Proteome
MICAL3,0.19642894,Cytosol,Lung_NAT_PD,Proteome
MICU1,0.40018243,Mitochondria,Lung_NAT_PD,Proteome
MICU2,0.4352215,Mitochondria,Lung_NAT_PD,Proteome
MIEF1,-0.49412325,Mitochondria,Lung_NAT_PD,Proteome
MIEN1,-0.309121,Cytosol,Lung_NAT_PD,Proteome
MIF4GD,0.0720366,Cytosol,Lung_NAT_PD,Proteome
MIS18BP1,0.38461393,Nucleus,Lung_NAT_PD,Proteome
MKI67,0.35638964,Nucleus,Lung_NAT_PD,Proteome
MKNK1,-0.11339514,Cytosol,Lung_NAT_PD,Proteome
MLEC,-0.049834605,Secretory,Lung_NAT_PD,Proteome
MLKL,-0.27303264,Cytosol,Lung_NAT_PD,Proteome
MLLT1,-0.29217082,Nucleus,Lung_NAT_PD,Proteome
MMAB,0.4629697,Mitochondria,Lung_NAT_PD,Proteome
MMGT1,-0.2619489,Secretory,Lung_NAT_PD,Proteome
MNAT1,0.3687653,Nucleus,Lung_NAT_PD,Proteome
MOB2,0.11815799,Cytosol,Lung_NAT_PD,Proteome
MOCS2,0.20578997,Cytosol,Lung_NAT_PD,Proteome
MORC3,0.34367612,Nucleus,Lung_NAT_PD,Proteome
MORF4L1,0.48481435,Nucleus,Lung_NAT_PD,Proteome
MORF4L2,0.4858723,Nucleus,Lung_NAT_PD,Proteome
MOSPD2,-0.37549347,Secretory,Lung_NAT_PD,Proteome
MOV10,0.506733,Nucleus,Lung_NAT_PD,Proteome
MPHOSPH10,0.42703792,Nucleus,Lung_NAT_PD,Proteome
MPHOSPH8,0.4240578,Nucleus,Lung_NAT_PD,Proteome
MPI,0.13340324,Cytosol,Lung_NAT_PD,Proteome
MPP7,-0.409459,Mitochondria,Lung_NAT_PD,Proteome
MPZL1,-0.1292745,Secretory,Lung_NAT_PD,Proteome
MRI1,0.13142033,Cytosol,Lung_NAT_PD,Proteome
MRM1,-0.46297216,Secretory,Lung_NAT_PD,Proteome
MRPL1,-0.4645481,Secretory,Lung_NAT_PD,Proteome
MRPL11,-0.44610822,Secretory,Lung_NAT_PD,Proteome
MRPL13,-0.46249434,Secretory,Lung_NAT_PD,Proteome
MRPL14,-0.5833454,Mitochondria,Lung_NAT_PD,Proteome
MRPL15,-0.4366262,Secretory,Lung_NAT_PD,Proteome
MRPL16,-0.4391797,Secretory,Lung_NAT_PD,Proteome
MRPL17,-0.4523367,Secretory,Lung_NAT_PD,Proteome
MRPL18,-0.45454133,Secretory,Lung_NAT_PD,Proteome
MRPL19,-0.4636072,Secretory,Lung_NAT_PD,Proteome
MRPL2,-0.39515388,Secretory,Lung_NAT_PD,Proteome
MRPL21,-0.5241968,Secretory,Lung_NAT_PD,Proteome
MRPL22,-0.573527,Secretory,Lung_NAT_PD,Proteome
MRPL24,-0.43154335,Secretory,Lung_NAT_PD,Proteome
MRPL27,-0.47288784,Secretory,Lung_NAT_PD,Proteome
MRPL28,-0.3166662,Secretory,Lung_NAT_PD,Proteome
MRPL3,-0.4407203,Secretory,Lung_NAT_PD,Proteome
MRPL39,-0.4476442,Secretory,Lung_NAT_PD,Proteome
MRPL40,-0.43865743,Secretory,Lung_NAT_PD,Proteome
MRPL41,-0.38788626,Secretory,Lung_NAT_PD,Proteome
MRPL42,-0.46759617,Secretory,Lung_NAT_PD,Proteome
MRPL43,-0.47809693,Secretory,Lung_NAT_PD,Proteome
MRPL45,-0.46567783,Secretory,Lung_NAT_PD,Proteome
MRPL46,-0.4540607,Secretory,Lung_NAT_PD,Proteome
MRPL47,-0.4083194,Secretory,Lung_NAT_PD,Proteome
MRPL48,-0.45369884,Secretory,Lung_NAT_PD,Proteome
MRPL49,-0.45670462,Secretory,Lung_NAT_PD,Proteome
MRPL50,-0.39891765,Secretory,Lung_NAT_PD,Proteome
MRPL54,-0.46808285,Secretory,Lung_NAT_PD,Proteome
MRPL55,-0.4533381,Secretory,Lung_NAT_PD,Proteome
MRPL9,-0.44937348,Secretory,Lung_NAT_PD,Proteome
MRPS10,-0.44130287,Secretory,Lung_NAT_PD,Proteome
MRPS11,-0.45771974,Secretory,Lung_NAT_PD,Proteome
MRPS12,-0.44747436,Secretory,Lung_NAT_PD,Proteome
MRPS14,-0.45943367,Secretory,Lung_NAT_PD,Proteome
MRPS15,-0.45863083,Secretory,Lung_NAT_PD,Proteome
MRPS16,-0.3529577,Secretory,Lung_NAT_PD,Proteome
MRPS18A,-0.4105049,Secretory,Lung_NAT_PD,Proteome
MRPS18B,-0.4450974,Secretory,Lung_NAT_PD,Proteome
MRPS22,-0.46329433,Secretory,Lung_NAT_PD,Proteome
MRPS23,-0.4718875,Secretory,Lung_NAT_PD,Proteome
MRPS25,-0.46858782,Secretory,Lung_NAT_PD,Proteome
MRPS28,-0.39286265,Secretory,Lung_NAT_PD,Proteome
MRPS30,-0.44283977,Secretory,Lung_NAT_PD,Proteome
MRPS31,-0.4777356,Secretory,Lung_NAT_PD,Proteome
MRPS34,-0.4809579,Secretory,Lung_NAT_PD,Proteome
MRPS35,-0.48054087,Secretory,Lung_NAT_PD,Proteome
MRPS5,-0.4576761,Secretory,Lung_NAT_PD,Proteome
MRPS9,-0.46406412,Secretory,Lung_NAT_PD,Proteome
MSH3,0.03914093,Nucleus,Lung_NAT_PD,Proteome
MSI2,-0.07935375,Nucleus,Lung_NAT_PD,Proteome
MSTO1,-0.35848624,Cytosol,Lung_NAT_PD,Proteome
MT-CO1,0.44865808,Mitochondria,Lung_NAT_PD,Proteome
MT-CO2,0.47326732,Mitochondria,Lung_NAT_PD,Proteome
MTA1,0.4003972,Nucleus,Lung_NAT_PD,Proteome
MTCH1,0.14427392,Mitochondria,Lung_NAT_PD,Proteome
MTCH2,0.39088282,Mitochondria,Lung_NAT_PD,Proteome
MTDH,-0.07980988,Secretory,Lung_NAT_PD,Proteome
MTFR1,-0.56321555,Mitochondria,Lung_NAT_PD,Proteome
MTFR1L,-0.36769924,Mitochondria,Lung_NAT_PD,Proteome
MTHFD1L,0.4793243,Mitochondria,Lung_NAT_PD,Proteome
MTMR1,0.15033238,Cytosol,Lung_NAT_PD,Proteome
MTMR12,0.110205695,Cytosol,Lung_NAT_PD,Proteome
MTMR2,0.21031603,Cytosol,Lung_NAT_PD,Proteome
MTMR3,-0.31241083,Cytosol,Lung_NAT_PD,Proteome
MTMR6,-0.1771014,Cytosol,Lung_NAT_PD,Proteome
MTPAP,0.47206733,Mitochondria,Lung_NAT_PD,Proteome
MTR,0.0030882144,Cytosol,Lung_NAT_PD,Proteome
MTX1,0.44025204,Mitochondria,Lung_NAT_PD,Proteome
MTX2,0.227708,Mitochondria,Lung_NAT_PD,Proteome
MTX3,0.20010847,Mitochondria,Lung_NAT_PD,Proteome
MUC1,-0.3751009,Secretory,Lung_NAT_PD,Proteome
MVD,-0.4692638,Cytosol,Lung_NAT_PD,Proteome
MVK,-0.42164046,Cytosol,Lung_NAT_PD,Proteome
MVP,0.14168161,Nucleus,Lung_NAT_PD,Proteome
MXRA7,-0.15489101,Secretory,Lung_NAT_PD,Proteome
MYADM,-0.15721698,Secretory,Lung_NAT_PD,Proteome
MYBBP1A,0.49218634,Nucleus,Lung_NAT_PD,Proteome
MYCBP2,-0.37968466,Secretory,Lung_NAT_PD,Proteome
MYH14,0.052255955,Cytosol,Lung_NAT_PD,Proteome
MYO19,-0.57472026,Mitochondria,Lung_NAT_PD,Proteome
MYO1B,-0.07647952,Secretory,Lung_NAT_PD,Proteome
MYO9A,0.09441078,Cytosol,Lung_NAT_PD,Proteome
MYO9B,-0.51995873,Cytosol,Lung_NAT_PD,Proteome
MYOF,-0.15574878,Secretory,Lung_NAT_PD,Proteome
N4BP1,0.05077052,Cytosol,Lung_NAT_PD,Proteome
N4BP2L2,-0.22850718,Nucleus,Lung_NAT_PD,Proteome
NAA10,-0.46812594,Cytosol,Lung_NAT_PD,Proteome
NAA50,-0.45963705,Cytosol,Lung_NAT_PD,Proteome
NACA,-0.30267784,Cytosol,Lung_NAT_PD,Proteome
NAE1,0.22158214,Cytosol,Lung_NAT_PD,Proteome
NAGK,-0.13681222,Cytosol,Lung_NAT_PD,Proteome
NAMPT,-0.4639471,Cytosol,Lung_NAT_PD,Proteome
NANP,-0.24421687,Cytosol,Lung_NAT_PD,Proteome
NANS,-0.19547477,Cytosol,Lung_NAT_PD,Proteome
NAP1L4,0.046811946,Cytosol,Lung_NAT_PD,Proteome
NAPB,0.034831464,Cytosol,Lung_NAT_PD,Proteome
NASP,0.5096241,Nucleus,Lung_NAT_PD,Proteome
NAT1,-0.21327677,Cytosol,Lung_NAT_PD,Proteome
NAT10,0.4162267,Nucleus,Lung_NAT_PD,Proteome
NBAS,-0.29712802,Secretory,Lung_NAT_PD,Proteome
NBN,0.31061888,Nucleus,Lung_NAT_PD,Proteome
NCAPD3,0.15681726,Nucleus,Lung_NAT_PD,Proteome
NCAPH2,0.32821897,Nucleus,Lung_NAT_PD,Proteome
NCBP1,0.5091307,Nucleus,Lung_NAT_PD,Proteome
NCEH1,-0.3838445,Secretory,Lung_NAT_PD,Proteome
NCK1,0.08060641,Cytosol,Lung_NAT_PD,Proteome
NCK2,0.1554136,Cytosol,Lung_NAT_PD,Proteome
NCL,0.32809585,Nucleus,Lung_NAT_PD,Proteome
NCLN,-0.27827096,Secretory,Lung_NAT_PD,Proteome
NCOA5,0.45112786,Nucleus,Lung_NAT_PD,Proteome
NCOA6,0.21095487,Nucleus,Lung_NAT_PD,Proteome
NCOR1,0.45521975,Nucleus,Lung_NAT_PD,Proteome
NCOR2,0.3820492,Nucleus,Lung_NAT_PD,Proteome
NDC1,-0.40944326,Secretory,Lung_NAT_PD,Proteome
NDC80,-0.24591778,Cytosol,Lung_NAT_PD,Proteome
NDE1,0.19874915,Cytosol,Lung_NAT_PD,Proteome
NDEL1,0.16082066,Cytosol,Lung_NAT_PD,Proteome
NDRG1,0.17280439,Cytosol,Lung_NAT_PD,Proteome
NDRG2,0.16357632,Cytosol,Lung_NAT_PD,Proteome
NDRG3,0.13793468,Cytosol,Lung_NAT_PD,Proteome
NDST1,-0.2710085,Secretory,Lung_NAT_PD,Proteome
NDUFA10,0.24486163,Mitochondria,Lung_NAT_PD,Proteome
NDUFA12,0.21582158,Mitochondria,Lung_NAT_PD,Proteome
NDUFA2,0.23141932,Mitochondria,Lung_NAT_PD,Proteome
NDUFA3,0.40410456,Mitochondria,Lung_NAT_PD,Proteome
NDUFA4,0.46389347,Mitochondria,Lung_NAT_PD,Proteome
NDUFA5,0.15491562,Mitochondria,Lung_NAT_PD,Proteome
NDUFA8,0.21945976,Mitochondria,Lung_NAT_PD,Proteome
NDUFAB1,0.46579888,Mitochondria,Lung_NAT_PD,Proteome
NDUFAF1,0.45386046,Mitochondria,Lung_NAT_PD,Proteome
NDUFAF2,0.40249038,Mitochondria,Lung_NAT_PD,Proteome
NDUFAF3,-0.59740967,Mitochondria,Lung_NAT_PD,Proteome
NDUFAF4,0.3846634,Mitochondria,Lung_NAT_PD,Proteome
NDUFAF7,-0.50627565,Mitochondria,Lung_NAT_PD,Proteome
NDUFB1,0.22167662,Mitochondria,Lung_NAT_PD,Proteome
NDUFB10,0.43230724,Mitochondria,Lung_NAT_PD,Proteome
NDUFB11,0.42489442,Mitochondria,Lung_NAT_PD,Proteome
NDUFB3,0.27639696,Mitochondria,Lung_NAT_PD,Proteome
NDUFB4,0.28493765,Mitochondria,Lung_NAT_PD,Proteome
NDUFB5,0.37131473,Mitochondria,Lung_NAT_PD,Proteome
NDUFB6,0.3534129,Mitochondria,Lung_NAT_PD,Proteome
NDUFB7,0.249033,Mitochondria,Lung_NAT_PD,Proteome
NDUFB8,0.34382385,Mitochondria,Lung_NAT_PD,Proteome
NDUFB9,0.33949357,Mitochondria,Lung_NAT_PD,Proteome
NDUFC2,0.28364837,Mitochondria,Lung_NAT_PD,Proteome
NDUFS1,0.2314179,Mitochondria,Lung_NAT_PD,Proteome
NDUFS2,0.25694728,Mitochondria,Lung_NAT_PD,Proteome
NDUFS3,0.21752876,Mitochondria,Lung_NAT_PD,Proteome
NDUFS4,0.20298529,Mitochondria,Lung_NAT_PD,Proteome
NDUFS5,0.1817528,Mitochondria,Lung_NAT_PD,Proteome
NDUFS6,0.22229297,Mitochondria,Lung_NAT_PD,Proteome
NDUFS7,0.20061198,Mitochondria,Lung_NAT_PD,Proteome
NDUFS8,0.23317415,Mitochondria,Lung_NAT_PD,Proteome
NDUFV1,0.24265058,Mitochondria,Lung_NAT_PD,Proteome
NDUFV2,0.22166525,Mitochondria,Lung_NAT_PD,Proteome
NDUFV3,0.25022298,Mitochondria,Lung_NAT_PD,Proteome
NECAP1,-0.09393063,Cytosol,Lung_NAT_PD,Proteome
NECAP2,-0.15220559,Cytosol,Lung_NAT_PD,Proteome
NEK7,0.12601435,Cytosol,Lung_NAT_PD,Proteome
NELFA,0.3396963,Nucleus,Lung_NAT_PD,Proteome
NELFE,0.3868826,Nucleus,Lung_NAT_PD,Proteome
NEO1,-0.05060754,Secretory,Lung_NAT_PD,Proteome
NEURL4,-0.0006220276,Secretory,Lung_NAT_PD,Proteome
NFKB1,-0.3352421,Cytosol,Lung_NAT_PD,Proteome
NFKB2,-0.29345214,Cytosol,Lung_NAT_PD,Proteome
NFKBIB,-0.31334895,Cytosol,Lung_NAT_PD,Proteome
NFXL1,-0.21852624,Secretory,Lung_NAT_PD,Proteome
NGDN,0.44341013,Nucleus,Lung_NAT_PD,Proteome
NGLY1,-0.49274626,Cytosol,Lung_NAT_PD,Proteome
NIF3L1,0.10945792,Cytosol,Lung_NAT_PD,Proteome
NIFK,0.34641442,Nucleus,Lung_NAT_PD,Proteome
NIP7,0.45630375,Nucleus,Lung_NAT_PD,Proteome
NIPBL,0.47449458,Nucleus,Lung_NAT_PD,Proteome
NIT2,-0.026360705,Cytosol,Lung_NAT_PD,Proteome
NKIRAS1,0.1840127,Cytosol,Lung_NAT_PD,Proteome
NKRF,0.33941188,Nucleus,Lung_NAT_PD,Proteome
NLRX1,0.44638848,Mitochondria,Lung_NAT_PD,Proteome
NME1,-0.05721231,Cytosol,Lung_NAT_PD,Proteome
NME3,0.28744876,Mitochondria,Lung_NAT_PD,Proteome
NMI,-0.19923158,Cytosol,Lung_NAT_PD,Proteome
NMT1,0.31333548,Nucleus,Lung_NAT_PD,Proteome
NMT2,0.22498633,Cytosol,Lung_NAT_PD,Proteome
NNT,0.47554383,Mitochondria,Lung_NAT_PD,Proteome
NOC2L,0.49539638,Nucleus,Lung_NAT_PD,Proteome
NOC4L,0.31089258,Nucleus,Lung_NAT_PD,Proteome
NOL10,0.45947602,Nucleus,Lung_NAT_PD,Proteome
NOL11,0.38522366,Nucleus,Lung_NAT_PD,Proteome
NOL6,0.45390826,Nucleus,Lung_NAT_PD,Proteome
NOL7,0.4621667,Nucleus,Lung_NAT_PD,Proteome
NOL8,0.37020388,Nucleus,Lung_NAT_PD,Proteome
NOL9,0.13372669,Nucleus,Lung_NAT_PD,Proteome
NOLC1,0.4637909,Nucleus,Lung_NAT_PD,Proteome
NOM1,0.47134453,Nucleus,Lung_NAT_PD,Proteome
NOMO1,-0.110481024,Secretory,Lung_NAT_PD,Proteome
NOP14,0.4618085,Nucleus,Lung_NAT_PD,Proteome
NOP16,0.47111923,Nucleus,Lung_NAT_PD,Proteome
NOP2,0.42877918,Nucleus,Lung_NAT_PD,Proteome
NOP56,0.49949187,Nucleus,Lung_NAT_PD,Proteome
NOP58,0.48478737,Nucleus,Lung_NAT_PD,Proteome
NOP9,0.4783226,Nucleus,Lung_NAT_PD,Proteome
NOTCH1,-0.23101275,Secretory,Lung_NAT_PD,Proteome
NOTCH2,-0.4061478,Secretory,Lung_NAT_PD,Proteome
NOTCH3,-0.21960221,Secretory,Lung_NAT_PD,Proteome
NPC1,-0.32285666,Secretory,Lung_NAT_PD,Proteome
NPEPL1,0.07688319,Cytosol,Lung_NAT_PD,Proteome
NPEPPS,0.22362016,Cytosol,Lung_NAT_PD,Proteome
NPM1,0.35751462,Nucleus,Lung_NAT_PD,Proteome
NPM3,0.08398766,Nucleus,Lung_NAT_PD,Proteome
NPTN,0.007783569,Secretory,Lung_NAT_PD,Proteome
NQO1,-0.41966724,Cytosol,Lung_NAT_PD,Proteome
NQO2,-0.28043136,Cytosol,Lung_NAT_PD,Proteome
NR3C1,0.098287664,Cytosol,Lung_NAT_PD,Proteome
NRBP1,-0.029805824,Cytosol,Lung_NAT_PD,Proteome
NRF1,0.346155,Nucleus,Lung_NAT_PD,Proteome
NRP1,-0.1161068,Secretory,Lung_NAT_PD,Proteome
NRP2,-0.17200333,Secretory,Lung_NAT_PD,Proteome
NSDHL,-0.43926665,Secretory,Lung_NAT_PD,Proteome
NSF,0.035827555,Secretory,Lung_NAT_PD,Proteome
NSFL1C,0.14921665,Cytosol,Lung_NAT_PD,Proteome
NSL1,0.30727455,Nucleus,Lung_NAT_PD,Proteome
NSMAF,-0.5934806,Cytosol,Lung_NAT_PD,Proteome
NSUN4,0.45804992,Mitochondria,Lung_NAT_PD,Proteome
NSUN6,-0.20056413,Cytosol,Lung_NAT_PD,Proteome
NT5C,0.17707953,Cytosol,Lung_NAT_PD,Proteome
NT5C2,-0.54499257,Cytosol,Lung_NAT_PD,Proteome
NT5C3B,-0.25968513,Cytosol,Lung_NAT_PD,Proteome
NT5DC1,0.1738087,Cytosol,Lung_NAT_PD,Proteome
NT5E,-0.040196408,Secretory,Lung_NAT_PD,Proteome
NTAN1,-0.03898406,Cytosol,Lung_NAT_PD,Proteome
NTHL1,-0.29148662,Nucleus,Lung_NAT_PD,Proteome
NTN4,-0.13725156,Secretory,Lung_NAT_PD,Proteome
NUB1,-0.23611774,Cytosol,Lung_NAT_PD,Proteome
NUBPL,0.4749666,Mitochondria,Lung_NAT_PD,Proteome
NUDC,-0.15830003,Cytosol,Lung_NAT_PD,Proteome
NUDCD1,-0.11258333,Cytosol,Lung_NAT_PD,Proteome
NUDCD2,0.23700818,Cytosol,Lung_NAT_PD,Proteome
NUDCD3,0.077011846,Cytosol,Lung_NAT_PD,Proteome
NUDT1,0.0030702604,Cytosol,Lung_NAT_PD,Proteome
NUDT14,-0.13317436,Cytosol,Lung_NAT_PD,Proteome
NUDT15,0.18627086,Cytosol,Lung_NAT_PD,Proteome
NUDT16,-0.50234485,Cytosol,Lung_NAT_PD,Proteome
NUDT2,0.024505908,Cytosol,Lung_NAT_PD,Proteome
NUF2,-0.32492465,Cytosol,Lung_NAT_PD,Proteome
NUMB,-0.05873099,Secretory,Lung_NAT_PD,Proteome
NUP107,0.3208084,Nucleus,Lung_NAT_PD,Proteome
NUP133,0.26115656,Nucleus,Lung_NAT_PD,Proteome
NUP153,0.44901413,Nucleus,Lung_NAT_PD,Proteome
NUP155,0.42647696,Nucleus,Lung_NAT_PD,Proteome
NUP205,0.46551856,Nucleus,Lung_NAT_PD,Proteome
NUP210,-0.48903424,Nucleus,Lung_NAT_PD,Proteome
NUP50,0.43804696,Nucleus,Lung_NAT_PD,Proteome
NUP93,0.3316129,Nucleus,Lung_NAT_PD,Proteome
NUP98,0.4940841,Nucleus,Lung_NAT_PD,Proteome
NXF1,0.49185106,Nucleus,Lung_NAT_PD,Proteome
NXT2,0.42166635,Nucleus,Lung_NAT_PD,Proteome
OARD1,0.1566993,Cytosol,Lung_NAT_PD,Proteome
OBSL1,-0.040996306,Cytosol,Lung_NAT_PD,Proteome
OCIAD1,0.44902855,Mitochondria,Lung_NAT_PD,Proteome
OCIAD2,0.08506363,Mitochondria,Lung_NAT_PD,Proteome
OCLN,-0.058208752,Secretory,Lung_NAT_PD,Proteome
ODF2,-0.37813607,Mitochondria,Lung_NAT_PD,Proteome
OGFR,-0.14935076,Cytosol,Lung_NAT_PD,Proteome
OLA1,-0.012011495,Cytosol,Lung_NAT_PD,Proteome
OMA1,0.41928843,Mitochondria,Lung_NAT_PD,Proteome
OPA1,0.44883212,Mitochondria,Lung_NAT_PD,Proteome
OS9,-0.19366074,Secretory,Lung_NAT_PD,Proteome
OSBPL2,-0.21368775,Cytosol,Lung_NAT_PD,Proteome
OSBPL5,-0.09296195,Secretory,Lung_NAT_PD,Proteome
OSBPL8,-0.09445982,Secretory,Lung_NAT_PD,Proteome
OSMR,-0.29725942,Secretory,Lung_NAT_PD,Proteome
OTUB1,-0.1598178,Cytosol,Lung_NAT_PD,Proteome
OTUD5,0.21096015,Nucleus,Lung_NAT_PD,Proteome
OXA1L,0.4784097,Mitochondria,Lung_NAT_PD,Proteome
OXR1,0.18985839,Cytosol,Lung_NAT_PD,Proteome
P2RX4,-0.31900606,Secretory,Lung_NAT_PD,Proteome
P4HB,0.26218158,Nucleus,Lung_NAT_PD,Proteome
PAAF1,-0.48262045,Cytosol,Lung_NAT_PD,Proteome
PABPC1,0.3581161,Nucleus,Lung_NAT_PD,Proteome
PACSIN2,0.019149626,Cytosol,Lung_NAT_PD,Proteome
PAF1,0.49362484,Nucleus,Lung_NAT_PD,Proteome
PAIP1,-0.249516,Cytosol,Lung_NAT_PD,Proteome
PAIP2,-0.20214473,Cytosol,Lung_NAT_PD,Proteome
PAIP2B,-0.41596636,Cytosol,Lung_NAT_PD,Proteome
PAK1,-0.42137295,Cytosol,Lung_NAT_PD,Proteome
PAK1IP1,0.47772422,Nucleus,Lung_NAT_PD,Proteome
PAK2,-0.26083717,Cytosol,Lung_NAT_PD,Proteome
PALLD,0.22649606,Cytosol,Lung_NAT_PD,Proteome
PAM,-0.38363516,Secretory,Lung_NAT_PD,Proteome
PANK2,0.18615302,Cytosol,Lung_NAT_PD,Proteome
PANK3,-0.32359624,Cytosol,Lung_NAT_PD,Proteome
PANK4,0.071950026,Cytosol,Lung_NAT_PD,Proteome
PANX1,-0.49295577,Secretory,Lung_NAT_PD,Proteome
PAPSS2,0.047994506,Cytosol,Lung_NAT_PD,Proteome
PARK7,0.22789164,Cytosol,Lung_NAT_PD,Proteome
PARL,0.39554805,Mitochondria,Lung_NAT_PD,Proteome
PARP16,-0.4108823,Secretory,Lung_NAT_PD,Proteome
PARP2,-0.04295738,Nucleus,Lung_NAT_PD,Proteome
PARP4,-0.21475057,Nucleus,Lung_NAT_PD,Proteome
PARVA,0.1479509,Cytosol,Lung_NAT_PD,Proteome
PATL1,-0.34686062,Cytosol,Lung_NAT_PD,Proteome
PATZ1,0.4366349,Nucleus,Lung_NAT_PD,Proteome
PAXBP1,0.48970842,Nucleus,Lung_NAT_PD,Proteome
PBDC1,0.010270641,Cytosol,Lung_NAT_PD,Proteome
PBK,-0.17200549,Cytosol,Lung_NAT_PD,Proteome
PBX2,0.2434319,Nucleus,Lung_NAT_PD,Proteome
PBXIP1,-0.07307745,Secretory,Lung_NAT_PD,Proteome
PCBP1,-0.10189191,Cytosol,Lung_NAT_PD,Proteome
PCDH1,-0.08766438,Secretory,Lung_NAT_PD,Proteome
PCF11,0.5120473,Nucleus,Lung_NAT_PD,Proteome
PCGF5,0.29234236,Nucleus,Lung_NAT_PD,Proteome
PCID2,-0.26926973,Cytosol,Lung_NAT_PD,Proteome
PCMT1,0.11024207,Cytosol,Lung_NAT_PD,Proteome
PCNA,-0.4287631,Cytosol,Lung_NAT_PD,Proteome
PCYOX1,-0.10358001,Secretory,Lung_NAT_PD,Proteome
PCYT2,0.014367636,Cytosol,Lung_NAT_PD,Proteome
PDAP1,-0.40122712,Cytosol,Lung_NAT_PD,Proteome
PDCD10,-0.0056852894,Cytosol,Lung_NAT_PD,Proteome
PDCD11,0.4740781,Nucleus,Lung_NAT_PD,Proteome
PDCD2,-0.39466244,Cytosol,Lung_NAT_PD,Proteome
PDCD2L,-0.019821698,Cytosol,Lung_NAT_PD,Proteome
PDCL3,-0.4610748,Cytosol,Lung_NAT_PD,Proteome
PDE5A,0.1840585,Cytosol,Lung_NAT_PD,Proteome
PDE6D,-0.1858571,Cytosol,Lung_NAT_PD,Proteome
PDF,-0.46741685,Mitochondria,Lung_NAT_PD,Proteome
PDHX,-0.4708175,Secretory,Lung_NAT_PD,Proteome
PDK1,-0.34254372,Mitochondria,Lung_NAT_PD,Proteome
PDLIM5,0.2125277,Cytosol,Lung_NAT_PD,Proteome
PDS5A,0.45770055,Nucleus,Lung_NAT_PD,Proteome
PDS5B,-0.2850134,Nucleus,Lung_NAT_PD,Proteome
PDSS2,0.42292956,Mitochondria,Lung_NAT_PD,Proteome
PDZD8,-0.09382694,Secretory,Lung_NAT_PD,Proteome
PEBP1,0.16374269,Cytosol,Lung_NAT_PD,Proteome
PEPD,-0.15480928,Cytosol,Lung_NAT_PD,Proteome
PEX11B,-0.44042307,Secretory,Lung_NAT_PD,Proteome
PEX13,-0.42401317,Secretory,Lung_NAT_PD,Proteome
PEX14,-0.30741248,Secretory,Lung_NAT_PD,Proteome
PEX19,-0.006130421,Cytosol,Lung_NAT_PD,Proteome
PEX6,-0.35008132,Secretory,Lung_NAT_PD,Proteome
PFAS,0.018689804,Cytosol,Lung_NAT_PD,Proteome
PFDN1,0.07230115,Cytosol,Lung_NAT_PD,Proteome
PFDN2,-0.35796672,Cytosol,Lung_NAT_PD,Proteome
PFDN5,-0.33887807,Cytosol,Lung_NAT_PD,Proteome
PFDN6,0.026630923,Cytosol,Lung_NAT_PD,Proteome
PFKFB2,-0.21162675,Cytosol,Lung_NAT_PD,Proteome
PFKL,0.061469413,Cytosol,Lung_NAT_PD,Proteome
PFN1,-0.118993886,Cytosol,Lung_NAT_PD,Proteome
PFN2,0.077477865,Cytosol,Lung_NAT_PD,Proteome
PGAM1,0.061054338,Cytosol,Lung_NAT_PD,Proteome
PGAM5,0.45284185,Mitochondria,Lung_NAT_PD,Proteome
PGAP1,-0.20624155,Secretory,Lung_NAT_PD,Proteome
PGK1,0.062050685,Cytosol,Lung_NAT_PD,Proteome
PGM1,0.11227066,Cytosol,Lung_NAT_PD,Proteome
PGM2,-0.054668855,Cytosol,Lung_NAT_PD,Proteome
PGM2L1,0.0118003,Cytosol,Lung_NAT_PD,Proteome
PGM3,-0.2950097,Cytosol,Lung_NAT_PD,Proteome
PGP,0.00460083,Cytosol,Lung_NAT_PD,Proteome
PGRMC1,0.0010044065,Secretory,Lung_NAT_PD,Proteome
PGRMC2,-0.11156411,Secretory,Lung_NAT_PD,Proteome
PGS1,0.13384217,Mitochondria,Lung_NAT_PD,Proteome
PHACTR2,0.062290534,Cytosol,Lung_NAT_PD,Proteome
PHACTR4,0.07763184,Cytosol,Lung_NAT_PD,Proteome
PHB2,0.43101597,Mitochondria,Lung_NAT_PD,Proteome
PHF2,-0.057294354,Nucleus,Lung_NAT_PD,Proteome
PHGDH,0.16998966,Cytosol,Lung_NAT_PD,Proteome
PHIP,0.27990633,Nucleus,Lung_NAT_PD,Proteome
PHKA1,0.06556308,Cytosol,Lung_NAT_PD,Proteome
PHKB,0.030001007,Cytosol,Lung_NAT_PD,Proteome
PHKG2,-0.38176814,Cytosol,Lung_NAT_PD,Proteome
PHPT1,0.027771696,Cytosol,Lung_NAT_PD,Proteome
PHYH,-0.36809936,Secretory,Lung_NAT_PD,Proteome
PHYKPL,0.12590197,Cytosol,Lung_NAT_PD,Proteome
PI4K2A,-0.35729945,Secretory,Lung_NAT_PD,Proteome
PI4K2B,-0.21644294,Secretory,Lung_NAT_PD,Proteome
PI4KB,-0.5132917,Cytosol,Lung_NAT_PD,Proteome
PIGG,-0.15347055,Secretory,Lung_NAT_PD,Proteome
PIGK,-0.27004018,Secretory,Lung_NAT_PD,Proteome
PIGN,-0.49668944,Secretory,Lung_NAT_PD,Proteome
PIGQ,-0.29530504,Secretory,Lung_NAT_PD,Proteome
PIGU,-0.06724117,Secretory,Lung_NAT_PD,Proteome
PIH1D1,-0.31899282,Cytosol,Lung_NAT_PD,Proteome
PIK3CA,0.13978402,Cytosol,Lung_NAT_PD,Proteome
PIN4,0.035668485,Cytosol,Lung_NAT_PD,Proteome
PIP5K1A,-0.26302946,Secretory,Lung_NAT_PD,Proteome
PIR,-0.02644083,Cytosol,Lung_NAT_PD,Proteome
PISD,-0.29915008,Mitochondria,Lung_NAT_PD,Proteome
PITPNA,0.07564351,Cytosol,Lung_NAT_PD,Proteome
PITPNB,0.16874269,Cytosol,Lung_NAT_PD,Proteome
PKD2,-0.20048235,Secretory,Lung_NAT_PD,Proteome
PKM,-0.109834455,Cytosol,Lung_NAT_PD,Proteome
PKNOX1,0.13289791,Nucleus,Lung_NAT_PD,Proteome
PKP2,-0.3487387,Mitochondria,Lung_NAT_PD,Proteome
PKP4,-0.25271133,Mitochondria,Lung_NAT_PD,Proteome
PLA2G12A,-0.40675595,Secretory,Lung_NAT_PD,Proteome
PLAA,-0.2488273,Cytosol,Lung_NAT_PD,Proteome
PLAUR,-0.23520342,Secretory,Lung_NAT_PD,Proteome
PLCB3,0.057559,Cytosol,Lung_NAT_PD,Proteome
PLCD1,-0.15833919,Secretory,Lung_NAT_PD,Proteome
PLCD3,-0.088928685,Secretory,Lung_NAT_PD,Proteome
PLCG1,0.16928314,Cytosol,Lung_NAT_PD,Proteome
PLD1,-0.29704422,Secretory,Lung_NAT_PD,Proteome
PLEKHA2,-0.05264097,Cytosol,Lung_NAT_PD,Proteome
PLGRKT,0.4323057,Mitochondria,Lung_NAT_PD,Proteome
PLRG1,0.51001215,Nucleus,Lung_NAT_PD,Proteome
PLS3,0.15603714,Cytosol,Lung_NAT_PD,Proteome
PLSCR1,-0.13091183,Secretory,Lung_NAT_PD,Proteome
PLXNA1,-0.07247427,Secretory,Lung_NAT_PD,Proteome
PLXNB2,-0.07795425,Secretory,Lung_NAT_PD,Proteome
PLXND1,-0.07625303,Secretory,Lung_NAT_PD,Proteome
PM20D2,-0.19781996,Cytosol,Lung_NAT_PD,Proteome
PMM1,0.10895203,Cytosol,Lung_NAT_PD,Proteome
PMM2,-0.28518242,Cytosol,Lung_NAT_PD,Proteome
PMVK,-0.18151541,Cytosol,Lung_NAT_PD,Proteome
PNKD,0.2788122,Mitochondria,Lung_NAT_PD,Proteome
PNN,0.3489767,Nucleus,Lung_NAT_PD,Proteome
PNPLA6,-0.28987706,Secretory,Lung_NAT_PD,Proteome
PNPLA8,0.44884786,Mitochondria,Lung_NAT_PD,Proteome
PNPO,-0.003952638,Cytosol,Lung_NAT_PD,Proteome
PODXL,-0.05805068,Secretory,Lung_NAT_PD,Proteome
POGZ,0.14798829,Nucleus,Lung_NAT_PD,Proteome
POLR1A,0.2799749,Nucleus,Lung_NAT_PD,Proteome
POLR1E,0.33865723,Nucleus,Lung_NAT_PD,Proteome
POLR2A,0.50006014,Nucleus,Lung_NAT_PD,Proteome
POLR3B,0.48636433,Nucleus,Lung_NAT_PD,Proteome
POLRMT,-0.35621834,Secretory,Lung_NAT_PD,Proteome
POM121C,-0.075839736,Nucleus,Lung_NAT_PD,Proteome
POMK,-0.4672686,Secretory,Lung_NAT_PD,Proteome
PON2,-0.223052,Secretory,Lung_NAT_PD,Proteome
POP1,0.5012534,Nucleus,Lung_NAT_PD,Proteome
POP4,0.485947,Nucleus,Lung_NAT_PD,Proteome
POR,-0.29556602,Secretory,Lung_NAT_PD,Proteome
PPA1,-0.23215164,Cytosol,Lung_NAT_PD,Proteome
PPAT,-0.3007297,Cytosol,Lung_NAT_PD,Proteome
PPCS,-0.34189618,Cytosol,Lung_NAT_PD,Proteome
PPHLN1,0.37773845,Nucleus,Lung_NAT_PD,Proteome
PPIA,0.16335824,Cytosol,Lung_NAT_PD,Proteome
PPID,-0.25174153,Cytosol,Lung_NAT_PD,Proteome
PPIL2,0.51076764,Nucleus,Lung_NAT_PD,Proteome
PPIL3,-0.20681743,Cytosol,Lung_NAT_PD,Proteome
PPIP5K2,-0.46675664,Cytosol,Lung_NAT_PD,Proteome
PPM1A,0.22572745,Cytosol,Lung_NAT_PD,Proteome
PPM1B,-0.5022568,Cytosol,Lung_NAT_PD,Proteome
PPM1F,0.09593591,Cytosol,Lung_NAT_PD,Proteome
PPM1H,0.032528378,Cytosol,Lung_NAT_PD,Proteome
PPM1L,-0.40179273,Secretory,Lung_NAT_PD,Proteome
PPME1,-0.03262726,Cytosol,Lung_NAT_PD,Proteome
PPP1CB,0.14218555,Cytosol,Lung_NAT_PD,Proteome
PPP1R11,-0.2192314,Cytosol,Lung_NAT_PD,Proteome
PPP1R14B,-0.50760895,Cytosol,Lung_NAT_PD,Proteome
PPP1R2,-0.2356983,Cytosol,Lung_NAT_PD,Proteome
PPP1R7,0.21045093,Cytosol,Lung_NAT_PD,Proteome
PPP2R1A,0.18512225,Cytosol,Lung_NAT_PD,Proteome
PPP2R1B,0.002485502,Cytosol,Lung_NAT_PD,Proteome
PPP2R2A,0.13356288,Cytosol,Lung_NAT_PD,Proteome
PPP2R3A,0.09513875,Cytosol,Lung_NAT_PD,Proteome
PPP2R5C,-0.15372379,Cytosol,Lung_NAT_PD,Proteome
PPP2R5D,0.20918453,Cytosol,Lung_NAT_PD,Proteome
PPP3CB,-0.41717857,Cytosol,Lung_NAT_PD,Proteome
PPP4C,-0.11641085,Cytosol,Lung_NAT_PD,Proteome
PPP4R1,-0.26602516,Cytosol,Lung_NAT_PD,Proteome
PPP5C,0.115710355,Cytosol,Lung_NAT_PD,Proteome
PPP6R1,-0.10772857,Cytosol,Lung_NAT_PD,Proteome
PRDM2,0.02886678,Nucleus,Lung_NAT_PD,Proteome
PRDX1,0.20098506,Cytosol,Lung_NAT_PD,Proteome
PRDX6,0.13110933,Cytosol,Lung_NAT_PD,Proteome
PREB,-0.13383389,Secretory,Lung_NAT_PD,Proteome
PREP,-0.2725022,Cytosol,Lung_NAT_PD,Proteome
PREPL,0.23307887,Cytosol,Lung_NAT_PD,Proteome
PRKAB1,-0.10035445,Cytosol,Lung_NAT_PD,Proteome
PRKAB2,0.20033994,Cytosol,Lung_NAT_PD,Proteome
PRKAR1B,-0.13754877,Cytosol,Lung_NAT_PD,Proteome
PRKCA,0.19904147,Cytosol,Lung_NAT_PD,Proteome
PRKD2,-0.34330758,Cytosol,Lung_NAT_PD,Proteome
PRKRA,-0.29064462,Nucleus,Lung_NAT_PD,Proteome
PRMT3,-0.24496473,Cytosol,Lung_NAT_PD,Proteome
PRMT5,-0.002091385,Cytosol,Lung_NAT_PD,Proteome
PRNP,-0.1356419,Secretory,Lung_NAT_PD,Proteome
PRPF19,0.50915545,Nucleus,Lung_NAT_PD,Proteome
PRPF31,0.4443861,Nucleus,Lung_NAT_PD,Proteome
PRPF38A,0.43485472,Nucleus,Lung_NAT_PD,Proteome
PRPF40A,0.5060183,Nucleus,Lung_NAT_PD,Proteome
PRPS2,-0.45443082,Cytosol,Lung_NAT_PD,Proteome
PRTFDC1,-0.43096203,Cytosol,Lung_NAT_PD,Proteome
PSEN1,-0.17843615,Secretory,Lung_NAT_PD,Proteome
PSMA1,-0.027557433,Cytosol,Lung_NAT_PD,Proteome
PSMA3,-0.08226487,Cytosol,Lung_NAT_PD,Proteome
PSMA4,-0.094868556,Cytosol,Lung_NAT_PD,Proteome
PSMA5,-0.011073429,Cytosol,Lung_NAT_PD,Proteome
PSMA6,-0.04108105,Cytosol,Lung_NAT_PD,Proteome
PSMA7,-0.0066592614,Cytosol,Lung_NAT_PD,Proteome
PSMB2,-0.046389252,Cytosol,Lung_NAT_PD,Proteome
PSMB4,-0.13859867,Cytosol,Lung_NAT_PD,Proteome
PSMB5,0.07569443,Cytosol,Lung_NAT_PD,Proteome
PSMB7,0.06953914,Cytosol,Lung_NAT_PD,Proteome
PSMC1,-0.026987046,Cytosol,Lung_NAT_PD,Proteome
PSMC2,-0.029587066,Cytosol,Lung_NAT_PD,Proteome
PSMC3,-0.023818485,Cytosol,Lung_NAT_PD,Proteome
PSMC4,-0.042728685,Cytosol,Lung_NAT_PD,Proteome
PSMC5,-0.050758343,Cytosol,Lung_NAT_PD,Proteome
PSMD1,-0.3204441,Cytosol,Lung_NAT_PD,Proteome
PSMD11,-0.025871284,Cytosol,Lung_NAT_PD,Proteome
PSMD12,-0.059563756,Cytosol,Lung_NAT_PD,Proteome
PSMD13,-0.039284676,Cytosol,Lung_NAT_PD,Proteome
PSMD14,-0.0133179985,Cytosol,Lung_NAT_PD,Proteome
PSMD2,-0.04467784,Cytosol,Lung_NAT_PD,Proteome
PSMD3,-0.07346399,Cytosol,Lung_NAT_PD,Proteome
PSMD7,-0.062346164,Cytosol,Lung_NAT_PD,Proteome
PSMD8,-0.32164422,Cytosol,Lung_NAT_PD,Proteome
PSMD9,0.044333387,Cytosol,Lung_NAT_PD,Proteome
PSME4,-0.21575752,Cytosol,Lung_NAT_PD,Proteome
PSMG1,-0.011606698,Cytosol,Lung_NAT_PD,Proteome
PSMG4,-0.39166412,Cytosol,Lung_NAT_PD,Proteome
PSPC1,0.37825006,Nucleus,Lung_NAT_PD,Proteome
PTDSS1,-0.4046182,Secretory,Lung_NAT_PD,Proteome
PTGES2,0.44743216,Mitochondria,Lung_NAT_PD,Proteome
PTGES3,-0.19121177,Cytosol,Lung_NAT_PD,Proteome
PTGFRN,-0.46920332,Secretory,Lung_NAT_PD,Proteome
PTGR1,0.20168605,Cytosol,Lung_NAT_PD,Proteome
PTK7,-0.28258014,Secretory,Lung_NAT_PD,Proteome
PTP4A2,0.08196698,Cytosol,Lung_NAT_PD,Proteome
PTPMT1,0.4424409,Mitochondria,Lung_NAT_PD,Proteome
PTPN1,-0.34959295,Secretory,Lung_NAT_PD,Proteome
PTPN11,0.18335426,Cytosol,Lung_NAT_PD,Proteome
PTPN12,-0.33245337,Cytosol,Lung_NAT_PD,Proteome
PTPN13,-0.07059965,Secretory,Lung_NAT_PD,Proteome
PTPRA,-0.10021302,Secretory,Lung_NAT_PD,Proteome
PTPRE,-0.4440086,Secretory,Lung_NAT_PD,Proteome
PTPRF,-0.17249006,Secretory,Lung_NAT_PD,Proteome
PTPRJ,-0.3058816,Secretory,Lung_NAT_PD,Proteome
PTPRK,-0.07560211,Secretory,Lung_NAT_PD,Proteome
PTPRS,-0.15039787,Secretory,Lung_NAT_PD,Proteome
PTRH2,-0.1040296,Secretory,Lung_NAT_PD,Proteome
PTRHD1,-0.047187887,Cytosol,Lung_NAT_PD,Proteome
PTTG1IP,-0.27894586,Secretory,Lung_NAT_PD,Proteome
PUS3,0.51183987,Nucleus,Lung_NAT_PD,Proteome
PVR,-0.119111694,Secretory,Lung_NAT_PD,Proteome
PWWP2A,0.42180142,Nucleus,Lung_NAT_PD,Proteome
PXN,0.08657533,Cytosol,Lung_NAT_PD,Proteome
PYCR1,-0.65725094,Mitochondria,Lung_NAT_PD,Proteome
PYCR2,-0.48059455,Mitochondria,Lung_NAT_PD,Proteome
PYGL,0.100509085,Cytosol,Lung_NAT_PD,Proteome
PYGO2,0.2285755,Nucleus,Lung_NAT_PD,Proteome
PYROXD1,0.14519808,Cytosol,Lung_NAT_PD,Proteome
QDPR,0.14718477,Cytosol,Lung_NAT_PD,Proteome
QPCTL,-0.39560032,Secretory,Lung_NAT_PD,Proteome
QSER1,0.18643604,Nucleus,Lung_NAT_PD,Proteome
QSOX1,-0.15169631,Secretory,Lung_NAT_PD,Proteome
QSOX2,-0.48334765,Secretory,Lung_NAT_PD,Proteome
QTRT1,-0.21941906,Cytosol,Lung_NAT_PD,Proteome
R3HCC1,-0.18577397,Cytosol,Lung_NAT_PD,Proteome
R3HDM2,0.16870093,Cytosol,Lung_NAT_PD,Proteome
RAB10,-0.20173313,Secretory,Lung_NAT_PD,Proteome
RAB11FIP5,-0.22813067,Secretory,Lung_NAT_PD,Proteome
RAB12,0.015240037,Secretory,Lung_NAT_PD,Proteome
RAB13,-0.07279055,Secretory,Lung_NAT_PD,Proteome
RAB14,-0.12716535,Secretory,Lung_NAT_PD,Proteome
RAB18,-0.35925898,Secretory,Lung_NAT_PD,Proteome
RAB1A,-0.38501403,Secretory,Lung_NAT_PD,Proteome
RAB1B,0.008145962,Secretory,Lung_NAT_PD,Proteome
RAB20,-0.39395526,Secretory,Lung_NAT_PD,Proteome
RAB21,-0.124709554,Secretory,Lung_NAT_PD,Proteome
RAB22A,-0.07752398,Secretory,Lung_NAT_PD,Proteome
RAB23,-0.20088522,Secretory,Lung_NAT_PD,Proteome
RAB24,-0.09912556,Secretory,Lung_NAT_PD,Proteome
RAB27A,-0.080701165,Secretory,Lung_NAT_PD,Proteome
RAB27B,-0.20994344,Secretory,Lung_NAT_PD,Proteome
RAB2A,0.022052202,Secretory,Lung_NAT_PD,Proteome
RAB2B,-0.043243293,Secretory,Lung_NAT_PD,Proteome
RAB30,-0.50049937,Secretory,Lung_NAT_PD,Proteome
RAB31,-0.31951955,Secretory,Lung_NAT_PD,Proteome
RAB32,-0.23229147,Secretory,Lung_NAT_PD,Proteome
RAB33B,-0.16204262,Secretory,Lung_NAT_PD,Proteome
RAB35,-0.08665714,Secretory,Lung_NAT_PD,Proteome
RAB43,-0.38756216,Secretory,Lung_NAT_PD,Proteome
RAB4A,-0.2359125,Secretory,Lung_NAT_PD,Proteome
RAB5A,-0.055552203,Secretory,Lung_NAT_PD,Proteome
RAB6A,-0.27532253,Secretory,Lung_NAT_PD,Proteome
RAB7A,-0.38331068,Secretory,Lung_NAT_PD,Proteome
RAB8A,-0.031399693,Secretory,Lung_NAT_PD,Proteome
RAB8B,-0.13401271,Secretory,Lung_NAT_PD,Proteome
RAB9A,-0.40469107,Secretory,Lung_NAT_PD,Proteome
RABAC1,-0.07539526,Secretory,Lung_NAT_PD,Proteome
RABEP1,0.040561266,Cytosol,Lung_NAT_PD,Proteome
RABEPK,-0.18537584,Cytosol,Lung_NAT_PD,Proteome
RABGAP1,0.07850478,Cytosol,Lung_NAT_PD,Proteome
RABGAP1L,0.04259236,Cytosol,Lung_NAT_PD,Proteome
RABGGTA,-0.47076446,Cytosol,Lung_NAT_PD,Proteome
RABGGTB,-0.3355581,Cytosol,Lung_NAT_PD,Proteome
RABIF,-0.5096814,Cytosol,Lung_NAT_PD,Proteome
RABL3,-0.14907698,Secretory,Lung_NAT_PD,Proteome
RABL6,0.16914587,Cytosol,Lung_NAT_PD,Proteome
RACGAP1,-0.61921304,Mitochondria,Lung_NAT_PD,Proteome
RAD21,0.22078593,Nucleus,Lung_NAT_PD,Proteome
RAD23A,0.06997623,Cytosol,Lung_NAT_PD,Proteome
RAD23B,0.01563434,Cytosol,Lung_NAT_PD,Proteome
RAI1,0.4400196,Nucleus,Lung_NAT_PD,Proteome
RALA,-0.052881747,Secretory,Lung_NAT_PD,Proteome
RALB,-0.08899911,Secretory,Lung_NAT_PD,Proteome
RALGAPA2,0.021564221,Cytosol,Lung_NAT_PD,Proteome
RALGPS2,-0.006408428,Cytosol,Lung_NAT_PD,Proteome
RALY,0.37870905,Nucleus,Lung_NAT_PD,Proteome
RAN,0.0004002507,Cytosol,Lung_NAT_PD,Proteome
RANBP1,-0.0051367027,Cytosol,Lung_NAT_PD,Proteome
RANBP2,0.35671616,Nucleus,Lung_NAT_PD,Proteome
RANBP3,0.43649176,Nucleus,Lung_NAT_PD,Proteome
RAP1A,-0.08058179,Secretory,Lung_NAT_PD,Proteome
RAP1B,-0.07307789,Secretory,Lung_NAT_PD,Proteome
RAP1GDS1,-0.1668192,Cytosol,Lung_NAT_PD,Proteome
RAP2A,-0.03305183,Secretory,Lung_NAT_PD,Proteome
RAP2B,-0.31014916,Secretory,Lung_NAT_PD,Proteome
RAP2C,-0.4082686,Secretory,Lung_NAT_PD,Proteome
RAPH1,0.12522222,Cytosol,Lung_NAT_PD,Proteome
RASA1,0.13795476,Cytosol,Lung_NAT_PD,Proteome
RBBP5,0.5111359,Nucleus,Lung_NAT_PD,Proteome
RBBP8,0.38359717,Nucleus,Lung_NAT_PD,Proteome
RBBP9,0.16834255,Cytosol,Lung_NAT_PD,Proteome
RBCK1,0.021998463,Cytosol,Lung_NAT_PD,Proteome
RBKS,0.09108379,Cytosol,Lung_NAT_PD,Proteome
RBM12B,0.4500857,Nucleus,Lung_NAT_PD,Proteome
RBM14,0.4771874,Nucleus,Lung_NAT_PD,Proteome
RBM15,0.44608995,Nucleus,Lung_NAT_PD,Proteome
RBM15B,0.26351994,Nucleus,Lung_NAT_PD,Proteome
RBM19,0.45720658,Nucleus,Lung_NAT_PD,Proteome
RBM25,0.37426755,Nucleus,Lung_NAT_PD,Proteome
RBM34,0.48519596,Nucleus,Lung_NAT_PD,Proteome
RBM42,0.13056286,Nucleus,Lung_NAT_PD,Proteome
RBM47,-0.4975537,Nucleus,Lung_NAT_PD,Proteome
RBM5,0.4448619,Nucleus,Lung_NAT_PD,Proteome
RBM6,0.3659253,Nucleus,Lung_NAT_PD,Proteome
RBMS2,-0.27038822,Nucleus,Lung_NAT_PD,Proteome
RBMX,0.34588644,Nucleus,Lung_NAT_PD,Proteome
RBMXL1,0.19098786,Nucleus,Lung_NAT_PD,Proteome
RBPJ,0.36948103,Nucleus,Lung_NAT_PD,Proteome
RBX1,-0.040679038,Cytosol,Lung_NAT_PD,Proteome
RCC1,0.12041894,Nucleus,Lung_NAT_PD,Proteome
RCL1,0.4725489,Nucleus,Lung_NAT_PD,Proteome
RCN1,0.30110767,Nucleus,Lung_NAT_PD,Proteome
RCOR1,0.3886064,Nucleus,Lung_NAT_PD,Proteome
RCOR3,0.23913322,Nucleus,Lung_NAT_PD,Proteome
RDH10,-0.51510787,Secretory,Lung_NAT_PD,Proteome
RDH11,-0.20496896,Secretory,Lung_NAT_PD,Proteome
RDH13,-0.1301478,Mitochondria,Lung_NAT_PD,Proteome
RDH14,-0.17553695,Secretory,Lung_NAT_PD,Proteome
RDX,0.058250315,Cytosol,Lung_NAT_PD,Proteome
RECQL5,0.4016351,Nucleus,Lung_NAT_PD,Proteome
REEP3,-0.21620795,Secretory,Lung_NAT_PD,Proteome
REEP4,-0.21594818,Secretory,Lung_NAT_PD,Proteome
REEP5,-0.12886007,Secretory,Lung_NAT_PD,Proteome
REL,-0.3525338,Cytosol,Lung_NAT_PD,Proteome
RELB,-0.45233548,Cytosol,Lung_NAT_PD,Proteome
RELL1,-0.05230151,Secretory,Lung_NAT_PD,Proteome
RER1,-0.2024196,Secretory,Lung_NAT_PD,Proteome
RETSAT,-0.21780413,Secretory,Lung_NAT_PD,Proteome
REXO2,0.040502388,Cytosol,Lung_NAT_PD,Proteome
REXO4,0.42733902,Nucleus,Lung_NAT_PD,Proteome
RFC1,0.43714768,Nucleus,Lung_NAT_PD,Proteome
RFFL,-0.08361576,Secretory,Lung_NAT_PD,Proteome
RFX1,0.3877354,Nucleus,Lung_NAT_PD,Proteome
RHBDD1,-0.27621242,Secretory,Lung_NAT_PD,Proteome
RHBDD3,-0.48891205,Secretory,Lung_NAT_PD,Proteome
RHBDF1,-0.21481578,Secretory,Lung_NAT_PD,Proteome
RHBDF2,-0.026038628,Secretory,Lung_NAT_PD,Proteome
RHEB,-0.37349296,Cytosol,Lung_NAT_PD,Proteome
RHOB,-0.090749234,Secretory,Lung_NAT_PD,Proteome
RHOG,-0.2773204,Secretory,Lung_NAT_PD,Proteome
RHOT1,0.29480475,Mitochondria,Lung_NAT_PD,Proteome
RHOT2,0.36792892,Mitochondria,Lung_NAT_PD,Proteome
RICTOR,0.09085605,Cytosol,Lung_NAT_PD,Proteome
RIF1,0.45355144,Nucleus,Lung_NAT_PD,Proteome
RIN3,-0.3408932,Cytosol,Lung_NAT_PD,Proteome
RMDN1,-0.60517263,Nucleus,Lung_NAT_PD,Proteome
RMDN2,0.3457983,Mitochondria,Lung_NAT_PD,Proteome
RMDN3,0.35445106,Mitochondria,Lung_NAT_PD,Proteome
RMND1,0.45363075,Mitochondria,Lung_NAT_PD,Proteome
RNF123,0.047030404,Cytosol,Lung_NAT_PD,Proteome
RNF126,-0.53441536,Cytosol,Lung_NAT_PD,Proteome
RNF13,-0.3733739,Secretory,Lung_NAT_PD,Proteome
RNF139,-0.36063537,Secretory,Lung_NAT_PD,Proteome
RNF14,-0.12490293,Cytosol,Lung_NAT_PD,Proteome
RNF146,-0.35691452,Cytosol,Lung_NAT_PD,Proteome
RNF169,0.38498318,Nucleus,Lung_NAT_PD,Proteome
RNF170,-0.032199036,Secretory,Lung_NAT_PD,Proteome
RNF2,0.365447,Nucleus,Lung_NAT_PD,Proteome
RNF20,0.5084296,Nucleus,Lung_NAT_PD,Proteome
RNF25,-0.49506837,Cytosol,Lung_NAT_PD,Proteome
RNF40,0.45179555,Nucleus,Lung_NAT_PD,Proteome
RNF5,-0.0038866978,Secretory,Lung_NAT_PD,Proteome
RNMT,0.47784185,Nucleus,Lung_NAT_PD,Proteome
RNPC3,0.38997424,Nucleus,Lung_NAT_PD,Proteome
RNPEP,-0.14176494,Cytosol,Lung_NAT_PD,Proteome
RNPS1,0.4612581,Nucleus,Lung_NAT_PD,Proteome
ROCK1,0.121409,Cytosol,Lung_NAT_PD,Proteome
ROCK2,0.16402209,Cytosol,Lung_NAT_PD,Proteome
RP2,-0.12362631,Secretory,Lung_NAT_PD,Proteome
RPE,0.04948701,Cytosol,Lung_NAT_PD,Proteome
RPF1,0.45486632,Nucleus,Lung_NAT_PD,Proteome
RPF2,0.4639543,Nucleus,Lung_NAT_PD,Proteome
RPGR,0.19970459,Cytosol,Lung_NAT_PD,Proteome
RPL10,0.45501,Nucleus,Lung_NAT_PD,Proteome
RPL11,0.3776388,Nucleus,Lung_NAT_PD,Proteome
RPL12,0.26722732,Nucleus,Lung_NAT_PD,Proteome
RPL13A,0.4512309,Nucleus,Lung_NAT_PD,Proteome
RPL14,0.46203652,Nucleus,Lung_NAT_PD,Proteome
RPL15,0.4544824,Nucleus,Lung_NAT_PD,Proteome
RPL18,0.4672261,Nucleus,Lung_NAT_PD,Proteome
RPL18A,0.4560297,Nucleus,Lung_NAT_PD,Proteome
RPL21,0.44653824,Nucleus,Lung_NAT_PD,Proteome
RPL23A,0.44389215,Nucleus,Lung_NAT_PD,Proteome
RPL27,0.45568174,Nucleus,Lung_NAT_PD,Proteome
RPL28,0.43700087,Nucleus,Lung_NAT_PD,Proteome
RPL3,0.450683,Nucleus,Lung_NAT_PD,Proteome
RPL30,0.44397703,Nucleus,Lung_NAT_PD,Proteome
RPL34,0.45132706,Nucleus,Lung_NAT_PD,Proteome
RPL35A,0.4585081,Nucleus,Lung_NAT_PD,Proteome
RPL36,0.464338,Nucleus,Lung_NAT_PD,Proteome
RPL37A,0.44813615,Nucleus,Lung_NAT_PD,Proteome
RPL4,0.45204937,Nucleus,Lung_NAT_PD,Proteome
RPL6,0.44152585,Nucleus,Lung_NAT_PD,Proteome
RPL7,0.43949676,Nucleus,Lung_NAT_PD,Proteome
RPL7A,0.4465477,Nucleus,Lung_NAT_PD,Proteome
RPL7L1,0.47753718,Nucleus,Lung_NAT_PD,Proteome
RPL9,0.45589125,Nucleus,Lung_NAT_PD,Proteome
RPLP0,0.38918188,Nucleus,Lung_NAT_PD,Proteome
RPLP2,0.41244936,Nucleus,Lung_NAT_PD,Proteome
RPN1,-0.07595874,Secretory,Lung_NAT_PD,Proteome
RPN2,-0.08123738,Secretory,Lung_NAT_PD,Proteome
RPRD2,0.48292986,Nucleus,Lung_NAT_PD,Proteome
RPS4X,0.45159853,Nucleus,Lung_NAT_PD,Proteome
RPS6KA1,-0.27301994,Cytosol,Lung_NAT_PD,Proteome
RPS6KB1,-0.22719839,Cytosol,Lung_NAT_PD,Proteome
RPS7,0.42892906,Nucleus,Lung_NAT_PD,Proteome
RPS8,0.47366887,Nucleus,Lung_NAT_PD,Proteome
RRAS,-0.07419164,Secretory,Lung_NAT_PD,Proteome
RRAS2,-0.08060441,Secretory,Lung_NAT_PD,Proteome
RRBP1,-0.21189627,Secretory,Lung_NAT_PD,Proteome
RREB1,0.29515347,Nucleus,Lung_NAT_PD,Proteome
RRM2,-0.2996029,Cytosol,Lung_NAT_PD,Proteome
RRM2B,-0.16928355,Cytosol,Lung_NAT_PD,Proteome
RRP12,0.3989647,Nucleus,Lung_NAT_PD,Proteome
RRP36,0.45239326,Nucleus,Lung_NAT_PD,Proteome
RRP7A,0.43388963,Nucleus,Lung_NAT_PD,Proteome
RRS1,0.466966,Nucleus,Lung_NAT_PD,Proteome
RSBN1,0.20878853,Nucleus,Lung_NAT_PD,Proteome
RSBN1L,0.43655327,Nucleus,Lung_NAT_PD,Proteome
RSF1,-0.21483164,Nucleus,Lung_NAT_PD,Proteome
RSL1D1,0.46026015,Nucleus,Lung_NAT_PD,Proteome
RSPRY1,-0.31454843,Secretory,Lung_NAT_PD,Proteome
RTN3,-0.0023249527,Secretory,Lung_NAT_PD,Proteome
RTN4,-0.098646805,Secretory,Lung_NAT_PD,Proteome
RUFY3,-0.02012275,Cytosol,Lung_NAT_PD,Proteome
RWDD1,-0.29514545,Cytosol,Lung_NAT_PD,Proteome
RWDD2B,-0.21003966,Cytosol,Lung_NAT_PD,Proteome
RWDD4,-0.506811,Cytosol,Lung_NAT_PD,Proteome
RYBP,0.21954946,Nucleus,Lung_NAT_PD,Proteome
S100A6,0.07494377,Cytosol,Lung_NAT_PD,Proteome
S1PR2,-0.026534194,Secretory,Lung_NAT_PD,Proteome
SACM1L,-0.18385442,Secretory,Lung_NAT_PD,Proteome
SAFB,0.38552192,Nucleus,Lung_NAT_PD,Proteome
SAFB2,0.4039722,Nucleus,Lung_NAT_PD,Proteome
SAMM50,0.44139948,Mitochondria,Lung_NAT_PD,Proteome
SAP18,0.3740781,Nucleus,Lung_NAT_PD,Proteome
SAR1A,-0.27396718,Cytosol,Lung_NAT_PD,Proteome
SAR1B,-0.23813857,Cytosol,Lung_NAT_PD,Proteome
SART3,0.4302368,Nucleus,Lung_NAT_PD,Proteome
SASH1,0.1146925,Cytosol,Lung_NAT_PD,Proteome
SBDS,0.10667804,Cytosol,Lung_NAT_PD,Proteome
SCAF1,0.30839562,Nucleus,Lung_NAT_PD,Proteome
SCAF4,0.4696457,Nucleus,Lung_NAT_PD,Proteome
SCAF8,0.38509586,Nucleus,Lung_NAT_PD,Proteome
SCAMP1,-0.2523716,Secretory,Lung_NAT_PD,Proteome
SCAMP2,-0.25600082,Secretory,Lung_NAT_PD,Proteome
SCAMP3,-0.3195499,Secretory,Lung_NAT_PD,Proteome
SCAMP4,-0.33569962,Secretory,Lung_NAT_PD,Proteome
SCARB2,-0.1986143,Secretory,Lung_NAT_PD,Proteome
SCCPDH,0.40169427,Mitochondria,Lung_NAT_PD,Proteome
SCD,-0.27089736,Secretory,Lung_NAT_PD,Proteome
SCD5,-0.0718309,Secretory,Lung_NAT_PD,Proteome
SCFD1,-0.15358806,Secretory,Lung_NAT_PD,Proteome
SCFD2,-0.3324296,Secretory,Lung_NAT_PD,Proteome
SCLT1,0.07575146,Cytosol,Lung_NAT_PD,Proteome
SCML2,0.016970223,Nucleus,Lung_NAT_PD,Proteome
SCO1,0.4738111,Mitochondria,Lung_NAT_PD,Proteome
SCO2,0.4525628,Mitochondria,Lung_NAT_PD,Proteome
SCRIB,-0.04211013,Mitochondria,Lung_NAT_PD,Proteome
SCRN1,0.19637306,Cytosol,Lung_NAT_PD,Proteome
SCRN3,0.1729517,Cytosol,Lung_NAT_PD,Proteome
SDAD1,0.38744718,Nucleus,Lung_NAT_PD,Proteome
SDC1,-0.34332657,Secretory,Lung_NAT_PD,Proteome
SDC4,-0.093551755,Secretory,Lung_NAT_PD,Proteome
SDCBP,-0.45352358,Cytosol,Lung_NAT_PD,Proteome
SDF2,-0.48434988,Secretory,Lung_NAT_PD,Proteome
SDHA,0.44553253,Mitochondria,Lung_NAT_PD,Proteome
SDHB,0.34348384,Mitochondria,Lung_NAT_PD,Proteome
SEC11A,-0.16748604,Secretory,Lung_NAT_PD,Proteome
SEC22A,-0.5756407,Secretory,Lung_NAT_PD,Proteome
SEC23IP,-0.26844302,Cytosol,Lung_NAT_PD,Proteome
SEC61B,-0.09454542,Secretory,Lung_NAT_PD,Proteome
SEC62,-0.16502233,Secretory,Lung_NAT_PD,Proteome
SEC63,-0.24670929,Secretory,Lung_NAT_PD,Proteome
SEL1L,-0.071603954,Secretory,Lung_NAT_PD,Proteome
SEMA3C,-0.3917973,Secretory,Lung_NAT_PD,Proteome
SEMA4C,-0.42622364,Secretory,Lung_NAT_PD,Proteome
SEMA4D,-0.5427112,Secretory,Lung_NAT_PD,Proteome
SEMA7A,-0.28963268,Secretory,Lung_NAT_PD,Proteome
SENP3,0.42243275,Nucleus,Lung_NAT_PD,Proteome
SENP5,0.21276374,Nucleus,Lung_NAT_PD,Proteome
SENP7,0.3913994,Nucleus,Lung_NAT_PD,Proteome
SEPSECS,0.2056324,Cytosol,Lung_NAT_PD,Proteome
SERAC1,0.45404148,Mitochondria,Lung_NAT_PD,Proteome
SERINC3,-0.061158944,Secretory,Lung_NAT_PD,Proteome
SERPINB1,-0.023112742,Cytosol,Lung_NAT_PD,Proteome
SESN2,-0.15845485,Cytosol,Lung_NAT_PD,Proteome
SET,0.49894953,Nucleus,Lung_NAT_PD,Proteome
SETD1B,0.31258893,Nucleus,Lung_NAT_PD,Proteome
SETD7,0.20534717,Cytosol,Lung_NAT_PD,Proteome
SF3A1,0.4803593,Nucleus,Lung_NAT_PD,Proteome
SF3A2,0.4560715,Nucleus,Lung_NAT_PD,Proteome
SF3A3,0.5003576,Nucleus,Lung_NAT_PD,Proteome
SF3B1,0.48676914,Nucleus,Lung_NAT_PD,Proteome
SFXN1,-0.5383259,Mitochondria,Lung_NAT_PD,Proteome
SFXN2,0.4594923,Mitochondria,Lung_NAT_PD,Proteome
SFXN3,0.3929664,Mitochondria,Lung_NAT_PD,Proteome
SGPL1,-0.47802684,Secretory,Lung_NAT_PD,Proteome
SGPP1,-0.09966557,Secretory,Lung_NAT_PD,Proteome
SGTA,-0.039394103,Cytosol,Lung_NAT_PD,Proteome
SGTB,-0.48356733,Cytosol,Lung_NAT_PD,Proteome
SH2D4A,0.07305662,Cytosol,Lung_NAT_PD,Proteome
SH3BP2,-0.37447807,Cytosol,Lung_NAT_PD,Proteome
SH3BP4,-0.24097282,Secretory,Lung_NAT_PD,Proteome
SH3BP5L,-0.13378587,Cytosol,Lung_NAT_PD,Proteome
SH3D19,0.21512511,Cytosol,Lung_NAT_PD,Proteome
SH3GL1,-0.25245902,Cytosol,Lung_NAT_PD,Proteome
SH3KBP1,-0.38206947,Cytosol,Lung_NAT_PD,Proteome
SH3PXD2B,-0.35343188,Cytosol,Lung_NAT_PD,Proteome
SH3RF1,0.11792885,Cytosol,Lung_NAT_PD,Proteome
SHCBP1,-0.28016502,Cytosol,Lung_NAT_PD,Proteome
SIDT2,-0.27913833,Secretory,Lung_NAT_PD,Proteome
SIN3A,0.29298103,Nucleus,Lung_NAT_PD,Proteome
SIRT1,0.39820132,Nucleus,Lung_NAT_PD,Proteome
SLC12A2,0.005304962,Secretory,Lung_NAT_PD,Proteome
SLC12A4,-0.07661105,Secretory,Lung_NAT_PD,Proteome
SLC12A6,-0.3818506,Secretory,Lung_NAT_PD,Proteome
SLC12A9,-0.41737276,Secretory,Lung_NAT_PD,Proteome
SLC15A4,-0.2948404,Secretory,Lung_NAT_PD,Proteome
SLC16A1,-0.563357,Secretory,Lung_NAT_PD,Proteome
SLC16A3,-0.42179623,Secretory,Lung_NAT_PD,Proteome
SLC1A4,-0.49117246,Secretory,Lung_NAT_PD,Proteome
SLC1A5,-0.43230987,Secretory,Lung_NAT_PD,Proteome
SLC20A2,-0.39441007,Secretory,Lung_NAT_PD,Proteome
SLC25A1,0.4522062,Mitochondria,Lung_NAT_PD,Proteome
SLC25A12,0.47506958,Mitochondria,Lung_NAT_PD,Proteome
SLC25A13,0.4685592,Mitochondria,Lung_NAT_PD,Proteome
SLC25A19,0.47535482,Mitochondria,Lung_NAT_PD,Proteome
SLC25A22,0.46544987,Mitochondria,Lung_NAT_PD,Proteome
SLC25A24,0.44108272,Mitochondria,Lung_NAT_PD,Proteome
SLC25A25,0.45382965,Mitochondria,Lung_NAT_PD,Proteome
SLC25A3,0.45700964,Mitochondria,Lung_NAT_PD,Proteome
SLC25A35,0.46444252,Mitochondria,Lung_NAT_PD,Proteome
SLC25A46,0.3842376,Mitochondria,Lung_NAT_PD,Proteome
SLC25A5,0.47398016,Mitochondria,Lung_NAT_PD,Proteome
SLC25A6,0.47733504,Mitochondria,Lung_NAT_PD,Proteome
SLC26A2,-0.12123993,Secretory,Lung_NAT_PD,Proteome
SLC26A6,-0.22845444,Secretory,Lung_NAT_PD,Proteome
SLC27A1,-0.4110562,Secretory,Lung_NAT_PD,Proteome
SLC27A4,-0.23565543,Secretory,Lung_NAT_PD,Proteome
SLC2A13,-0.016581582,Secretory,Lung_NAT_PD,Proteome
SLC30A1,-0.13015327,Secretory,Lung_NAT_PD,Proteome
SLC30A5,-0.42717898,Secretory,Lung_NAT_PD,Proteome
SLC30A6,-0.43409014,Secretory,Lung_NAT_PD,Proteome
SLC30A9,0.46728295,Mitochondria,Lung_NAT_PD,Proteome
SLC33A1,-0.14182931,Secretory,Lung_NAT_PD,Proteome
SLC35B2,-0.53824043,Secretory,Lung_NAT_PD,Proteome
SLC35B3,-0.44976857,Secretory,Lung_NAT_PD,Proteome
SLC35E1,-0.12928255,Secretory,Lung_NAT_PD,Proteome
SLC35F6,-0.21997747,Secretory,Lung_NAT_PD,Proteome
SLC37A4,-0.08434514,Secretory,Lung_NAT_PD,Proteome
SLC38A1,-0.51859534,Secretory,Lung_NAT_PD,Proteome
SLC38A10,-0.15083617,Secretory,Lung_NAT_PD,Proteome
SLC38A2,-0.3990038,Secretory,Lung_NAT_PD,Proteome
SLC39A10,-0.54102474,Secretory,Lung_NAT_PD,Proteome
SLC39A11,-0.41268158,Secretory,Lung_NAT_PD,Proteome
SLC39A14,-0.52818865,Secretory,Lung_NAT_PD,Proteome
SLC39A7,-0.17731157,Secretory,Lung_NAT_PD,Proteome
SLC3A2,-0.48009762,Secretory,Lung_NAT_PD,Proteome
SLC44A1,-0.07811268,Secretory,Lung_NAT_PD,Proteome
SLC44A2,-0.04259758,Secretory,Lung_NAT_PD,Proteome
SLC4A1AP,0.4861819,Nucleus,Lung_NAT_PD,Proteome
SLC4A2,-0.320517,Secretory,Lung_NAT_PD,Proteome
SLC4A7,-0.5675917,Secretory,Lung_NAT_PD,Proteome
SLC7A1,-0.29172203,Secretory,Lung_NAT_PD,Proteome
SLC7A5,-0.5392748,Secretory,Lung_NAT_PD,Proteome
SLC9A1,-0.019350035,Secretory,Lung_NAT_PD,Proteome
SLC9A6,-0.41452762,Secretory,Lung_NAT_PD,Proteome
SLC9A7,-0.39988115,Secretory,Lung_NAT_PD,Proteome
SLK,0.07965995,Cytosol,Lung_NAT_PD,Proteome
SLMAP,-0.2127682,Secretory,Lung_NAT_PD,Proteome
SLTM,0.33159494,Nucleus,Lung_NAT_PD,Proteome
SMAD2,0.1289409,Cytosol,Lung_NAT_PD,Proteome
SMAD4,0.13253509,Cytosol,Lung_NAT_PD,Proteome
SMAD5,0.17851958,Cytosol,Lung_NAT_PD,Proteome
SMAP1,-0.1681639,Cytosol,Lung_NAT_PD,Proteome
SMARCA1,0.2842246,Nucleus,Lung_NAT_PD,Proteome
SMARCA5,0.45018396,Nucleus,Lung_NAT_PD,Proteome
SMARCAD1,0.46047917,Nucleus,Lung_NAT_PD,Proteome
SMC1A,0.23768772,Nucleus,Lung_NAT_PD,Proteome
SMC5,0.46410072,Nucleus,Lung_NAT_PD,Proteome
SMC6,0.36400315,Nucleus,Lung_NAT_PD,Proteome
SMCHD1,0.45349368,Nucleus,Lung_NAT_PD,Proteome
SMG8,-0.40959162,Cytosol,Lung_NAT_PD,Proteome
SMIM12,0.452399,Mitochondria,Lung_NAT_PD,Proteome
SMPD1,-0.4588927,Secretory,Lung_NAT_PD,Proteome
SMPD2,-0.21639337,Secretory,Lung_NAT_PD,Proteome
SMPD4,0.03601885,Nucleus,Lung_NAT_PD,Proteome
SMS,-0.036637962,Cytosol,Lung_NAT_PD,Proteome
SMURF2,0.055075556,Cytosol,Lung_NAT_PD,Proteome
SMYD2,0.15180647,Cytosol,Lung_NAT_PD,Proteome
SMYD5,-0.42327136,Cytosol,Lung_NAT_PD,Proteome
SNAP23,-0.029699435,Secretory,Lung_NAT_PD,Proteome
SNAP47,-0.5177222,Secretory,Lung_NAT_PD,Proteome
SNTB2,-0.33140922,Mitochondria,Lung_NAT_PD,Proteome
SNX1,0.051494732,Cytosol,Lung_NAT_PD,Proteome
SNX13,-0.38336968,Secretory,Lung_NAT_PD,Proteome
SNX14,-0.34225515,Secretory,Lung_NAT_PD,Proteome
SNX15,0.08893064,Cytosol,Lung_NAT_PD,Proteome
SNX19,-0.09305897,Secretory,Lung_NAT_PD,Proteome
SNX2,-0.08555647,Cytosol,Lung_NAT_PD,Proteome
SNX25,-0.11690605,Secretory,Lung_NAT_PD,Proteome
SNX5,-0.22754216,Cytosol,Lung_NAT_PD,Proteome
SNX6,-0.20640191,Cytosol,Lung_NAT_PD,Proteome
SNX9,-0.4490433,Cytosol,Lung_NAT_PD,Proteome
SOAT1,-0.42971405,Secretory,Lung_NAT_PD,Proteome
SOD1,0.13739839,Cytosol,Lung_NAT_PD,Proteome
SORBS3,0.14649661,Cytosol,Lung_NAT_PD,Proteome
SORD,0.04373596,Cytosol,Lung_NAT_PD,Proteome
SORT1,-0.14259043,Secretory,Lung_NAT_PD,Proteome
SOS1,-0.2621822,Cytosol,Lung_NAT_PD,Proteome
SOWAHC,0.04124677,Cytosol,Lung_NAT_PD,Proteome
SP1,0.28609678,Nucleus,Lung_NAT_PD,Proteome
SPAG9,0.06943302,Cytosol,Lung_NAT_PD,Proteome
SPC24,-0.316656,Cytosol,Lung_NAT_PD,Proteome
SPCS1,-0.06576352,Secretory,Lung_NAT_PD,Proteome
SPCS2,-0.06355902,Secretory,Lung_NAT_PD,Proteome
SPCS3,-0.14405096,Secretory,Lung_NAT_PD,Proteome
SPECC1,-0.20352729,Secretory,Lung_NAT_PD,Proteome
SPEN,0.40620798,Nucleus,Lung_NAT_PD,Proteome
SPG7,0.46172234,Mitochondria,Lung_NAT_PD,Proteome
SPIN1,0.259005,Nucleus,Lung_NAT_PD,Proteome
SPR,-0.20772158,Cytosol,Lung_NAT_PD,Proteome
SPRED1,-0.0254984,Secretory,Lung_NAT_PD,Proteome
SPRYD3,-0.27523467,Secretory,Lung_NAT_PD,Proteome
SPRYD7,-0.16423534,Secretory,Lung_NAT_PD,Proteome
SPTLC1,-0.21358258,Secretory,Lung_NAT_PD,Proteome
SPTLC2,-0.106411554,Secretory,Lung_NAT_PD,Proteome
SPTY2D1,0.37368804,Nucleus,Lung_NAT_PD,Proteome
SQLE,-0.2872347,Secretory,Lung_NAT_PD,Proteome
SRCAP,0.37503266,Nucleus,Lung_NAT_PD,Proteome
SREBF2,-0.28688154,Secretory,Lung_NAT_PD,Proteome
SRFBP1,0.39028168,Nucleus,Lung_NAT_PD,Proteome
SRGAP1,0.1920976,Cytosol,Lung_NAT_PD,Proteome
SRI,0.19672343,Cytosol,Lung_NAT_PD,Proteome
SRM,-0.38247728,Cytosol,Lung_NAT_PD,Proteome
SRP68,-0.24473512,Cytosol,Lung_NAT_PD,Proteome
SRP72,-0.25968876,Cytosol,Lung_NAT_PD,Proteome
SRPRB,-0.06394634,Secretory,Lung_NAT_PD,Proteome
SRR,-0.4786094,Cytosol,Lung_NAT_PD,Proteome
SRRT,0.41631633,Nucleus,Lung_NAT_PD,Proteome
SRSF1,0.4229057,Nucleus,Lung_NAT_PD,Proteome
SRSF3,0.38978288,Nucleus,Lung_NAT_PD,Proteome
SRSF4,0.2787546,Nucleus,Lung_NAT_PD,Proteome
SRSF5,0.3527096,Nucleus,Lung_NAT_PD,Proteome
SRSF7,0.36881652,Nucleus,Lung_NAT_PD,Proteome
SRSF9,0.47356576,Nucleus,Lung_NAT_PD,Proteome
SSBP1,0.45510477,Mitochondria,Lung_NAT_PD,Proteome
SSH3,0.18852772,Cytosol,Lung_NAT_PD,Proteome
SSNA1,-0.3851734,Cytosol,Lung_NAT_PD,Proteome
SSR1,-0.0694316,Secretory,Lung_NAT_PD,Proteome
SSR3,-0.14595847,Secretory,Lung_NAT_PD,Proteome
SSR4,-0.25006858,Secretory,Lung_NAT_PD,Proteome
SSU72,-0.40394112,Cytosol,Lung_NAT_PD,Proteome
ST13,0.22831883,Cytosol,Lung_NAT_PD,Proteome
ST3GAL1,-0.50981265,Secretory,Lung_NAT_PD,Proteome
ST7,-0.25471464,Secretory,Lung_NAT_PD,Proteome
STAG1,0.23871681,Nucleus,Lung_NAT_PD,Proteome
STAG2,0.2528123,Nucleus,Lung_NAT_PD,Proteome
STAMBP,0.0749872,Cytosol,Lung_NAT_PD,Proteome
STARD3,-0.4645161,Secretory,Lung_NAT_PD,Proteome
STAT1,-0.22823413,Cytosol,Lung_NAT_PD,Proteome
STAT5B,-0.02511668,Cytosol,Lung_NAT_PD,Proteome
STAU1,0.31030026,Nucleus,Lung_NAT_PD,Proteome
STAU2,0.2950865,Nucleus,Lung_NAT_PD,Proteome
STIM1,-0.28454602,Secretory,Lung_NAT_PD,Proteome
STIP1,0.1262995,Cytosol,Lung_NAT_PD,Proteome
STK24,-0.14328963,Cytosol,Lung_NAT_PD,Proteome
STK38,-0.012760537,Cytosol,Lung_NAT_PD,Proteome
STK38L,0.19472334,Cytosol,Lung_NAT_PD,Proteome
STK4,-0.2293989,Cytosol,Lung_NAT_PD,Proteome
STMN1,-0.4972521,Cytosol,Lung_NAT_PD,Proteome
STOM,-0.27830565,Secretory,Lung_NAT_PD,Proteome
STOML2,0.46101817,Mitochondria,Lung_NAT_PD,Proteome
STRAP,-0.29603618,Cytosol,Lung_NAT_PD,Proteome
STRBP,0.495973,Nucleus,Lung_NAT_PD,Proteome
STT3A,-0.09928573,Secretory,Lung_NAT_PD,Proteome
STT3B,-0.122490056,Secretory,Lung_NAT_PD,Proteome
STX10,-0.05297833,Secretory,Lung_NAT_PD,Proteome
STX12,-0.306713,Secretory,Lung_NAT_PD,Proteome
STX16,-0.33369857,Secretory,Lung_NAT_PD,Proteome
STX17,-0.48726153,Secretory,Lung_NAT_PD,Proteome
STX18,-0.31960645,Secretory,Lung_NAT_PD,Proteome
STX3,-0.049016763,Secretory,Lung_NAT_PD,Proteome
STX4,-0.011868019,Secretory,Lung_NAT_PD,Proteome
STX5,-0.16019382,Secretory,Lung_NAT_PD,Proteome
STX6,-0.31582198,Secretory,Lung_NAT_PD,Proteome
STX7,-0.1713468,Secretory,Lung_NAT_PD,Proteome
STX8,-0.4148352,Secretory,Lung_NAT_PD,Proteome
STXBP3,-0.051977616,Secretory,Lung_NAT_PD,Proteome
SUGP1,0.47880816,Nucleus,Lung_NAT_PD,Proteome
SUGP2,0.45232174,Nucleus,Lung_NAT_PD,Proteome
SUGT1,0.13504958,Cytosol,Lung_NAT_PD,Proteome
SUN1,-0.2798496,Nucleus,Lung_NAT_PD,Proteome
SUN2,-0.2871145,Nucleus,Lung_NAT_PD,Proteome
SUOX,-0.46824452,Nucleus,Lung_NAT_PD,Proteome
SUPT16H,0.5050558,Nucleus,Lung_NAT_PD,Proteome
SUPT5H,0.43158254,Nucleus,Lung_NAT_PD,Proteome
SUPT6H,0.49574253,Nucleus,Lung_NAT_PD,Proteome
SUPV3L1,0.45615518,Mitochondria,Lung_NAT_PD,Proteome
SURF1,0.46577856,Mitochondria,Lung_NAT_PD,Proteome
SURF4,-0.40144977,Secretory,Lung_NAT_PD,Proteome
SURF6,0.4637013,Nucleus,Lung_NAT_PD,Proteome
SUV39H2,0.41848654,Nucleus,Lung_NAT_PD,Proteome
SWAP70,0.017049344,Cytosol,Lung_NAT_PD,Proteome
SYMPK,0.50879115,Nucleus,Lung_NAT_PD,Proteome
SYNCRIP,0.3852096,Nucleus,Lung_NAT_PD,Proteome
SYNE2,-0.28738508,Nucleus,Lung_NAT_PD,Proteome
SYNE3,0.0036594514,Nucleus,Lung_NAT_PD,Proteome
SYNGR2,-0.35167205,Secretory,Lung_NAT_PD,Proteome
SYNJ1,0.03593172,Cytosol,Lung_NAT_PD,Proteome
SYNJ2BP,0.06835874,Mitochondria,Lung_NAT_PD,Proteome
SYNRG,-0.33660018,Cytosol,Lung_NAT_PD,Proteome
SYPL1,-0.09310468,Secretory,Lung_NAT_PD,Proteome
SYVN1,-0.072567195,Secretory,Lung_NAT_PD,Proteome
SZRD1,-0.21241449,Cytosol,Lung_NAT_PD,Proteome
TAB1,0.033586986,Cytosol,Lung_NAT_PD,Proteome
TAB2,-0.032073632,Cytosol,Lung_NAT_PD,Proteome
TACC2,0.023282167,Cytosol,Lung_NAT_PD,Proteome
TACC3,-0.3569803,Cytosol,Lung_NAT_PD,Proteome
TAF4,0.34385186,Nucleus,Lung_NAT_PD,Proteome
TAF7,0.18280505,Cytosol,Lung_NAT_PD,Proteome
TAGLN2,0.1403272,Cytosol,Lung_NAT_PD,Proteome
TALDO1,-0.3553333,Cytosol,Lung_NAT_PD,Proteome
TAMM41,-0.14803636,Mitochondria,Lung_NAT_PD,Proteome
TANC1,0.12660478,Cytosol,Lung_NAT_PD,Proteome
TANGO2,0.05925727,Cytosol,Lung_NAT_PD,Proteome
TANK,-0.19608386,Cytosol,Lung_NAT_PD,Proteome
TAP1,-0.07944478,Secretory,Lung_NAT_PD,Proteome
TAP2,-0.04370396,Secretory,Lung_NAT_PD,Proteome
TAPT1,-0.17531252,Secretory,Lung_NAT_PD,Proteome
TARS2,-0.55002105,Mitochondria,Lung_NAT_PD,Proteome
TASP1,-0.04418159,Nucleus,Lung_NAT_PD,Proteome
TATDN1,0.21593297,Cytosol,Lung_NAT_PD,Proteome
TATDN3,-0.0784573,Cytosol,Lung_NAT_PD,Proteome
TAX1BP3,0.23888531,Cytosol,Lung_NAT_PD,Proteome
TBC1D1,-0.20481515,Cytosol,Lung_NAT_PD,Proteome
TBC1D13,0.17848156,Cytosol,Lung_NAT_PD,Proteome
TBC1D2,-0.28750068,Cytosol,Lung_NAT_PD,Proteome
TBC1D20,-0.27450213,Secretory,Lung_NAT_PD,Proteome
TBC1D22A,-0.20453091,Cytosol,Lung_NAT_PD,Proteome
TBC1D2B,-0.43758637,Cytosol,Lung_NAT_PD,Proteome
TBC1D31,-0.46479502,Secretory,Lung_NAT_PD,Proteome
TBC1D5,-0.10235109,Cytosol,Lung_NAT_PD,Proteome
TBCB,-0.02922213,Cytosol,Lung_NAT_PD,Proteome
TBCC,-0.024618268,Cytosol,Lung_NAT_PD,Proteome
TBCE,0.112595476,Cytosol,Lung_NAT_PD,Proteome
TBCEL,0.07493109,Cytosol,Lung_NAT_PD,Proteome
TBK1,-0.2155065,Cytosol,Lung_NAT_PD,Proteome
TBL1XR1,0.37619764,Nucleus,Lung_NAT_PD,Proteome
TBL2,-0.05819167,Secretory,Lung_NAT_PD,Proteome
TBL3,0.3625714,Nucleus,Lung_NAT_PD,Proteome
TBPL1,-0.16956973,Cytosol,Lung_NAT_PD,Proteome
TBRG4,0.44237712,Mitochondria,Lung_NAT_PD,Proteome
TCERG1,0.3719891,Nucleus,Lung_NAT_PD,Proteome
TCF20,0.39273047,Nucleus,Lung_NAT_PD,Proteome
TCF25,-0.44971314,Secretory,Lung_NAT_PD,Proteome
TCIRG1,-0.35473874,Secretory,Lung_NAT_PD,Proteome
TCOF1,0.372474,Nucleus,Lung_NAT_PD,Proteome
TCP1,-0.018988365,Cytosol,Lung_NAT_PD,Proteome
TDRKH,-0.59275645,Mitochondria,Lung_NAT_PD,Proteome
TECPR2,0.11009809,Cytosol,Lung_NAT_PD,Proteome
TECR,-0.30638492,Secretory,Lung_NAT_PD,Proteome
TEP1,0.3895633,Nucleus,Lung_NAT_PD,Proteome
TEX10,0.45792812,Nucleus,Lung_NAT_PD,Proteome
TEX2,-0.18457484,Secretory,Lung_NAT_PD,Proteome
TEX264,-0.2756306,Secretory,Lung_NAT_PD,Proteome
TFAM,0.38403907,Mitochondria,Lung_NAT_PD,Proteome
TFAP2A,0.22217152,Nucleus,Lung_NAT_PD,Proteome
TFB1M,-0.38913068,Secretory,Lung_NAT_PD,Proteome
TFG,-0.12304213,Cytosol,Lung_NAT_PD,Proteome
TFIP11,0.48395124,Nucleus,Lung_NAT_PD,Proteome
TFRC,-0.45000464,Secretory,Lung_NAT_PD,Proteome
TGFBR1,-0.32543516,Secretory,Lung_NAT_PD,Proteome
TGFBR2,-0.09512934,Secretory,Lung_NAT_PD,Proteome
TGFBRAP1,-0.3027354,Cytosol,Lung_NAT_PD,Proteome
TGOLN2,-0.24780352,Secretory,Lung_NAT_PD,Proteome
THADA,-0.29636303,Cytosol,Lung_NAT_PD,Proteome
THAP11,0.49427387,Nucleus,Lung_NAT_PD,Proteome
THAP4,0.1867037,Nucleus,Lung_NAT_PD,Proteome
THEM6,-0.34551787,Secretory,Lung_NAT_PD,Proteome
THG1L,0.031704556,Cytosol,Lung_NAT_PD,Proteome
THOP1,-0.48071066,Cytosol,Lung_NAT_PD,Proteome
THTPA,0.14058918,Cytosol,Lung_NAT_PD,Proteome
THUMPD3,-0.4479676,Cytosol,Lung_NAT_PD,Proteome
TIMM10,0.20379284,Mitochondria,Lung_NAT_PD,Proteome
TIMM21,0.46690232,Mitochondria,Lung_NAT_PD,Proteome
TIMM44,0.46382964,Mitochondria,Lung_NAT_PD,Proteome
TIMM50,0.46459675,Mitochondria,Lung_NAT_PD,Proteome
TIMMDC1,0.43775854,Mitochondria,Lung_NAT_PD,Proteome
TIMP2,-0.22836033,Secretory,Lung_NAT_PD,Proteome
TIPRL,-0.34252056,Cytosol,Lung_NAT_PD,Proteome
TK1,-0.16547735,Cytosol,Lung_NAT_PD,Proteome
TLK1,0.48009259,Nucleus,Lung_NAT_PD,Proteome
TLK2,0.42085564,Nucleus,Lung_NAT_PD,Proteome
TLN1,0.17159916,Cytosol,Lung_NAT_PD,Proteome
TM9SF2,-0.04903871,Secretory,Lung_NAT_PD,Proteome
TM9SF3,-0.05796497,Secretory,Lung_NAT_PD,Proteome
TM9SF4,-0.07477528,Secretory,Lung_NAT_PD,Proteome
TMCC1,-0.42786992,Secretory,Lung_NAT_PD,Proteome
TMCC3,-0.14460617,Secretory,Lung_NAT_PD,Proteome
TMCO1,-0.3827899,Secretory,Lung_NAT_PD,Proteome
TMCO3,-0.061545406,Secretory,Lung_NAT_PD,Proteome
TMED1,-0.13626105,Secretory,Lung_NAT_PD,Proteome
TMED10,-0.1945628,Secretory,Lung_NAT_PD,Proteome
TMED2,-0.14721645,Secretory,Lung_NAT_PD,Proteome
TMED3,-0.5044628,Secretory,Lung_NAT_PD,Proteome
TMED4,-0.17103693,Secretory,Lung_NAT_PD,Proteome
TMED5,-0.15249398,Secretory,Lung_NAT_PD,Proteome
TMED9,-0.17953834,Secretory,Lung_NAT_PD,Proteome
TMEM106B,-0.35094127,Secretory,Lung_NAT_PD,Proteome
TMEM11,0.44104108,Mitochondria,Lung_NAT_PD,Proteome
TMEM115,-0.36976337,Secretory,Lung_NAT_PD,Proteome
TMEM120A,-0.26410538,Secretory,Lung_NAT_PD,Proteome
TMEM126A,0.4701975,Mitochondria,Lung_NAT_PD,Proteome
TMEM128,-0.34180197,Secretory,Lung_NAT_PD,Proteome
TMEM131,-0.41893327,Secretory,Lung_NAT_PD,Proteome
TMEM134,0.0013520373,Secretory,Lung_NAT_PD,Proteome
TMEM141,0.40978265,Mitochondria,Lung_NAT_PD,Proteome
TMEM165,-0.50135154,Secretory,Lung_NAT_PD,Proteome
TMEM168,-0.16226798,Secretory,Lung_NAT_PD,Proteome
TMEM177,-0.65065974,Mitochondria,Lung_NAT_PD,Proteome
TMEM179B,-0.12066254,Secretory,Lung_NAT_PD,Proteome
TMEM181,-0.29949772,Secretory,Lung_NAT_PD,Proteome
TMEM192,-0.3706356,Secretory,Lung_NAT_PD,Proteome
TMEM199,-0.5123583,Secretory,Lung_NAT_PD,Proteome
TMEM201,0.40791455,Nucleus,Lung_NAT_PD,Proteome
TMEM205,-0.16876677,Secretory,Lung_NAT_PD,Proteome
TMEM209,0.20258996,Nucleus,Lung_NAT_PD,Proteome
TMEM214,-0.17835055,Secretory,Lung_NAT_PD,Proteome
TMEM222,-0.17150688,Secretory,Lung_NAT_PD,Proteome
TMEM223,-0.49698704,Mitochondria,Lung_NAT_PD,Proteome
TMEM230,-0.10343801,Secretory,Lung_NAT_PD,Proteome
TMEM245,-0.044111334,Secretory,Lung_NAT_PD,Proteome
TMEM259,-0.43933126,Secretory,Lung_NAT_PD,Proteome
TMEM260,-0.500045,Secretory,Lung_NAT_PD,Proteome
TMEM30A,-0.14670369,Secretory,Lung_NAT_PD,Proteome
TMEM43,-0.03516998,Secretory,Lung_NAT_PD,Proteome
TMEM59,-0.5078892,Secretory,Lung_NAT_PD,Proteome
TMEM63A,-0.2788023,Secretory,Lung_NAT_PD,Proteome
TMEM63B,-0.3534072,Secretory,Lung_NAT_PD,Proteome
TMEM65,-0.10118296,Mitochondria,Lung_NAT_PD,Proteome
TMEM70,0.43580532,Mitochondria,Lung_NAT_PD,Proteome
TMEM87A,0.0055875015,Secretory,Lung_NAT_PD,Proteome
TMEM87B,-0.19546923,Secretory,Lung_NAT_PD,Proteome
TMEM9,-0.48903522,Secretory,Lung_NAT_PD,Proteome
TMEM97,-0.041401137,Secretory,Lung_NAT_PD,Proteome
TMEM9B,-0.23858435,Secretory,Lung_NAT_PD,Proteome
TMPO,0.24074402,Nucleus,Lung_NAT_PD,Proteome
TMTC3,-0.28498363,Secretory,Lung_NAT_PD,Proteome
TMX1,-0.29198968,Secretory,Lung_NAT_PD,Proteome
TMX2,-0.08514249,Secretory,Lung_NAT_PD,Proteome
TMX3,-0.19664167,Secretory,Lung_NAT_PD,Proteome
TNIP1,-0.43782207,Cytosol,Lung_NAT_PD,Proteome
TNKS,0.092559,Cytosol,Lung_NAT_PD,Proteome
TOE1,0.47080553,Nucleus,Lung_NAT_PD,Proteome
TOM1L1,0.16932249,Cytosol,Lung_NAT_PD,Proteome
TOMM20,-0.65860766,Mitochondria,Lung_NAT_PD,Proteome
TOMM22,0.47246826,Mitochondria,Lung_NAT_PD,Proteome
TOMM34,-0.12356629,Cytosol,Lung_NAT_PD,Proteome
TOMM40,0.44619426,Mitochondria,Lung_NAT_PD,Proteome
TOMM5,0.3845518,Mitochondria,Lung_NAT_PD,Proteome
TOP2A,0.34508887,Nucleus,Lung_NAT_PD,Proteome
TOP2B,0.47983655,Nucleus,Lung_NAT_PD,Proteome
TOR1AIP1,-0.4780271,Nucleus,Lung_NAT_PD,Proteome
TOR1AIP2,-0.23499641,Secretory,Lung_NAT_PD,Proteome
TP53I3,-0.309816,Cytosol,Lung_NAT_PD,Proteome
TPCN1,-0.021946283,Secretory,Lung_NAT_PD,Proteome
TPD52,-0.35103053,Cytosol,Lung_NAT_PD,Proteome
TPI1,-0.2788656,Cytosol,Lung_NAT_PD,Proteome
TPM1,0.21035706,Cytosol,Lung_NAT_PD,Proteome
TPM2,0.21704447,Cytosol,Lung_NAT_PD,Proteome
TPM3,0.099095404,Cytosol,Lung_NAT_PD,Proteome
TPM4,0.18983668,Cytosol,Lung_NAT_PD,Proteome
TPMT,-0.21581247,Cytosol,Lung_NAT_PD,Proteome
TPP2,-0.0011428468,Nucleus,Lung_NAT_PD,Proteome
TPRG1L,0.028830884,Secretory,Lung_NAT_PD,Proteome
TPST1,-0.54261935,Secretory,Lung_NAT_PD,Proteome
TPT1,-0.3780209,Cytosol,Lung_NAT_PD,Proteome
TRA2A,0.34240118,Nucleus,Lung_NAT_PD,Proteome
TRA2B,0.2895564,Nucleus,Lung_NAT_PD,Proteome
TRABD,-0.67535025,Mitochondria,Lung_NAT_PD,Proteome
TRAF2,0.17921205,Cytosol,Lung_NAT_PD,Proteome
TRAF3IP1,0.086664386,Cytosol,Lung_NAT_PD,Proteome
TRAFD1,-0.24327216,Cytosol,Lung_NAT_PD,Proteome
TRAM1,-0.10259965,Secretory,Lung_NAT_PD,Proteome
TRAP1,0.45681554,Mitochondria,Lung_NAT_PD,Proteome
TRAPPC3,-0.19377604,Cytosol,Lung_NAT_PD,Proteome
TRIAP1,0.16012286,Nucleus,Lung_NAT_PD,Proteome
TRIM21,-0.23844573,Cytosol,Lung_NAT_PD,Proteome
TRIM24,0.4585683,Nucleus,Lung_NAT_PD,Proteome
TRIM26,-0.37384063,Cytosol,Lung_NAT_PD,Proteome
TRIM28,0.50123703,Nucleus,Lung_NAT_PD,Proteome
TRIM33,0.19639112,Nucleus,Lung_NAT_PD,Proteome
TRIM36,-0.35723656,Cytosol,Lung_NAT_PD,Proteome
TRIM4,-0.3148992,Secretory,Lung_NAT_PD,Proteome
TRIM47,-0.3893989,Cytosol,Lung_NAT_PD,Proteome
TRIM5,-0.083522215,Cytosol,Lung_NAT_PD,Proteome
TRIM56,-0.27625847,Nucleus,Lung_NAT_PD,Proteome
TRIM65,0.22843619,Cytosol,Lung_NAT_PD,Proteome
TRIP10,0.11217132,Cytosol,Lung_NAT_PD,Proteome
TRIP11,-0.15215963,Secretory,Lung_NAT_PD,Proteome
TRIP12,0.47966188,Nucleus,Lung_NAT_PD,Proteome
TRIP6,0.13063164,Cytosol,Lung_NAT_PD,Proteome
TRMT10C,0.45080176,Mitochondria,Lung_NAT_PD,Proteome
TRMT1L,0.3116845,Nucleus,Lung_NAT_PD,Proteome
TRMT6,0.38104007,Nucleus,Lung_NAT_PD,Proteome
TRPM7,-0.3752578,Secretory,Lung_NAT_PD,Proteome
TSC1,-0.1876711,Cytosol,Lung_NAT_PD,Proteome
TSC22D1,0.1827328,Cytosol,Lung_NAT_PD,Proteome
TSC22D2,-0.20851268,Cytosol,Lung_NAT_PD,Proteome
TSPAN14,1.7370447e-06,Secretory,Lung_NAT_PD,Proteome
TSPAN4,-0.06465397,Secretory,Lung_NAT_PD,Proteome
TSPO,0.019930854,Mitochondria,Lung_NAT_PD,Proteome
TSTD1,0.0485201,Cytosol,Lung_NAT_PD,Proteome
TSTD2,-0.36004016,Cytosol,Lung_NAT_PD,Proteome
TTC1,-0.29199752,Cytosol,Lung_NAT_PD,Proteome
TTC13,-0.4007895,Secretory,Lung_NAT_PD,Proteome
TTC17,-0.55676126,Secretory,Lung_NAT_PD,Proteome
TTC3,-0.024033941,Secretory,Lung_NAT_PD,Proteome
TTC4,-0.47276187,Cytosol,Lung_NAT_PD,Proteome
TTC5,0.08527683,Cytosol,Lung_NAT_PD,Proteome
TTF1,0.4482696,Nucleus,Lung_NAT_PD,Proteome
TTI2,-0.4386904,Cytosol,Lung_NAT_PD,Proteome
TTL,-0.48886392,Cytosol,Lung_NAT_PD,Proteome
TTLL12,0.075685844,Cytosol,Lung_NAT_PD,Proteome
TTYH3,-0.38518542,Secretory,Lung_NAT_PD,Proteome
TUBA4A,0.10701657,Cytosol,Lung_NAT_PD,Proteome
TUBB,0.1325948,Cytosol,Lung_NAT_PD,Proteome
TUBB4B,0.19343317,Cytosol,Lung_NAT_PD,Proteome
TUBB6,0.18654355,Cytosol,Lung_NAT_PD,Proteome
TUBGCP6,0.054120462,Cytosol,Lung_NAT_PD,Proteome
TUFM,0.46670362,Mitochondria,Lung_NAT_PD,Proteome
TUFT1,0.16162011,Cytosol,Lung_NAT_PD,Proteome
TUT1,0.09532671,Nucleus,Lung_NAT_PD,Proteome
TWF2,-0.16871631,Cytosol,Lung_NAT_PD,Proteome
TXLNA,-0.3212689,Cytosol,Lung_NAT_PD,Proteome
TXLNG,-0.46445438,Cytosol,Lung_NAT_PD,Proteome
TXNDC11,-0.23042582,Secretory,Lung_NAT_PD,Proteome
TXNDC15,-0.47049525,Secretory,Lung_NAT_PD,Proteome
TXNDC5,0.25213993,Nucleus,Lung_NAT_PD,Proteome
TXNDC9,-0.14827682,Cytosol,Lung_NAT_PD,Proteome
TXNL1,-0.043533433,Cytosol,Lung_NAT_PD,Proteome
TXNL4B,-0.097595416,Cytosol,Lung_NAT_PD,Proteome
TXNRD1,-0.47596776,Cytosol,Lung_NAT_PD,Proteome
TYW1,-0.41568545,Secretory,Lung_NAT_PD,Proteome
TYW5,-0.0070451587,Cytosol,Lung_NAT_PD,Proteome
U2AF1,0.4326808,Nucleus,Lung_NAT_PD,Proteome
U2AF2,0.486339,Nucleus,Lung_NAT_PD,Proteome
UAP1,-0.44109634,Cytosol,Lung_NAT_PD,Proteome
UAP1L1,-0.30302194,Cytosol,Lung_NAT_PD,Proteome
UBA1,0.18787067,Cytosol,Lung_NAT_PD,Proteome
UBA6,-0.04711856,Cytosol,Lung_NAT_PD,Proteome
UBAC1,0.03731271,Cytosol,Lung_NAT_PD,Proteome
UBAC2,-0.5055842,Secretory,Lung_NAT_PD,Proteome
UBAP1,-0.4382711,Cytosol,Lung_NAT_PD,Proteome
UBE2A,-0.24858376,Cytosol,Lung_NAT_PD,Proteome
UBE2B,-0.10261411,Cytosol,Lung_NAT_PD,Proteome
UBE2C,-0.31892878,Cytosol,Lung_NAT_PD,Proteome
UBE2D2,-0.20447825,Cytosol,Lung_NAT_PD,Proteome
UBE2G1,-0.12916586,Cytosol,Lung_NAT_PD,Proteome
UBE2G2,-0.36103213,Secretory,Lung_NAT_PD,Proteome
UBE2H,0.13015325,Cytosol,Lung_NAT_PD,Proteome
UBE2J1,-0.15327561,Secretory,Lung_NAT_PD,Proteome
UBE2K,0.029201573,Cytosol,Lung_NAT_PD,Proteome
UBE2L3,-0.28979078,Cytosol,Lung_NAT_PD,Proteome
UBE2L6,-0.2093877,Cytosol,Lung_NAT_PD,Proteome
UBE2M,0.21055299,Cytosol,Lung_NAT_PD,Proteome
UBE2O,0.028974079,Cytosol,Lung_NAT_PD,Proteome
UBE2R2,-0.45545757,Cytosol,Lung_NAT_PD,Proteome
UBE2Z,-0.28560653,Cytosol,Lung_NAT_PD,Proteome
UBFD1,-0.016758924,Cytosol,Lung_NAT_PD,Proteome
UBL7,-0.01798507,Cytosol,Lung_NAT_PD,Proteome
UBN1,0.49751085,Nucleus,Lung_NAT_PD,Proteome
UBN2,0.37539163,Nucleus,Lung_NAT_PD,Proteome
UBP1,-0.3944387,Cytosol,Lung_NAT_PD,Proteome
UBQLN1,-0.09641424,Cytosol,Lung_NAT_PD,Proteome
UBR1,-0.070230626,Cytosol,Lung_NAT_PD,Proteome
UBR3,0.13583317,Cytosol,Lung_NAT_PD,Proteome
UBR4,0.055140827,Cytosol,Lung_NAT_PD,Proteome
UBR5,0.23608747,Nucleus,Lung_NAT_PD,Proteome
UBXN1,0.20163693,Cytosol,Lung_NAT_PD,Proteome
UBXN2B,0.0986764,Cytosol,Lung_NAT_PD,Proteome
UBXN4,-0.101064414,Secretory,Lung_NAT_PD,Proteome
UCHL5,-0.0070084957,Cytosol,Lung_NAT_PD,Proteome
UCK2,-0.20041643,Cytosol,Lung_NAT_PD,Proteome
UEVLD,-0.33422858,Cytosol,Lung_NAT_PD,Proteome
UFL1,-0.06273263,Secretory,Lung_NAT_PD,Proteome
UGDH,-0.015392498,Cytosol,Lung_NAT_PD,Proteome
UHRF2,-0.284561,Nucleus,Lung_NAT_PD,Proteome
UNC119,-0.42651603,Cytosol,Lung_NAT_PD,Proteome
UNC119B,0.15187262,Cytosol,Lung_NAT_PD,Proteome
UNC13B,0.017268788,Cytosol,Lung_NAT_PD,Proteome
UNC13D,0.2272215,Cytosol,Lung_NAT_PD,Proteome
UNC93B1,-0.16975665,Secretory,Lung_NAT_PD,Proteome
UPRT,-0.18802942,Cytosol,Lung_NAT_PD,Proteome
UQCC1,0.47842357,Mitochondria,Lung_NAT_PD,Proteome
UQCR10,0.4525867,Mitochondria,Lung_NAT_PD,Proteome
UQCRB,0.45607364,Mitochondria,Lung_NAT_PD,Proteome
UQCRC1,0.46577328,Mitochondria,Lung_NAT_PD,Proteome
UQCRC2,0.45469198,Mitochondria,Lung_NAT_PD,Proteome
UQCRFS1,0.4642592,Mitochondria,Lung_NAT_PD,Proteome
UQCRH,0.43617138,Mitochondria,Lung_NAT_PD,Proteome
UQCRQ,0.46789885,Mitochondria,Lung_NAT_PD,Proteome
URB1,0.26998258,Nucleus,Lung_NAT_PD,Proteome
URB2,0.30931383,Nucleus,Lung_NAT_PD,Proteome
UROD,0.011194809,Cytosol,Lung_NAT_PD,Proteome
UROS,0.021691918,Cytosol,Lung_NAT_PD,Proteome
USE1,-0.21634749,Secretory,Lung_NAT_PD,Proteome
USP11,-0.025090147,Nucleus,Lung_NAT_PD,Proteome
USP12,-0.026674518,Secretory,Lung_NAT_PD,Proteome
USP13,0.19306818,Cytosol,Lung_NAT_PD,Proteome
USP15,0.015969258,Cytosol,Lung_NAT_PD,Proteome
USP20,-0.27049616,Secretory,Lung_NAT_PD,Proteome
USP24,-0.32322162,Cytosol,Lung_NAT_PD,Proteome
USP25,-0.28530958,Cytosol,Lung_NAT_PD,Proteome
USP30,0.42129275,Mitochondria,Lung_NAT_PD,Proteome
USP33,-0.16159597,Secretory,Lung_NAT_PD,Proteome
USP36,0.39283606,Nucleus,Lung_NAT_PD,Proteome
USP4,-0.41654342,Cytosol,Lung_NAT_PD,Proteome
USP42,0.35962936,Nucleus,Lung_NAT_PD,Proteome
USP47,0.19328447,Cytosol,Lung_NAT_PD,Proteome
USP5,0.035404112,Cytosol,Lung_NAT_PD,Proteome
USP7,0.43832317,Nucleus,Lung_NAT_PD,Proteome
USP8,-0.30900428,Cytosol,Lung_NAT_PD,Proteome
USP9X,-0.028195372,Cytosol,Lung_NAT_PD,Proteome
UTP14A,0.31282586,Nucleus,Lung_NAT_PD,Proteome
UTP15,0.47804958,Nucleus,Lung_NAT_PD,Proteome
UTP18,0.3725361,Nucleus,Lung_NAT_PD,Proteome
UTP20,0.34141,Nucleus,Lung_NAT_PD,Proteome
UTP23,0.4747808,Nucleus,Lung_NAT_PD,Proteome
UTP3,0.5002484,Nucleus,Lung_NAT_PD,Proteome
UTP6,0.4864273,Nucleus,Lung_NAT_PD,Proteome
UTRN,-0.24613458,Mitochondria,Lung_NAT_PD,Proteome
UXS1,-0.27503955,Secretory,Lung_NAT_PD,Proteome
VAMP3,-0.018037127,Secretory,Lung_NAT_PD,Proteome
VAMP4,-0.38147962,Secretory,Lung_NAT_PD,Proteome
VAMP7,-0.3444347,Secretory,Lung_NAT_PD,Proteome
VANGL1,-0.302035,Secretory,Lung_NAT_PD,Proteome
VAPA,-0.21327755,Secretory,Lung_NAT_PD,Proteome
VAPB,-0.03158513,Secretory,Lung_NAT_PD,Proteome
VASP,-0.4260197,Cytosol,Lung_NAT_PD,Proteome
VBP1,-0.007164162,Cytosol,Lung_NAT_PD,Proteome
VCL,0.20640825,Cytosol,Lung_NAT_PD,Proteome
VCP,0.028389864,Cytosol,Lung_NAT_PD,Proteome
VCPIP1,-0.11930984,Cytosol,Lung_NAT_PD,Proteome
VDAC1,0.4304417,Mitochondria,Lung_NAT_PD,Proteome
VDAC2,0.4215611,Mitochondria,Lung_NAT_PD,Proteome
VDAC3,0.4476797,Mitochondria,Lung_NAT_PD,Proteome
VEZT,-0.33489555,Secretory,Lung_NAT_PD,Proteome
VIPAS39,-0.17232408,Cytosol,Lung_NAT_PD,Proteome
VMP1,-0.1159314,Secretory,Lung_NAT_PD,Proteome
VPS13A,-0.27774966,Secretory,Lung_NAT_PD,Proteome
VPS13C,-0.19111253,Cytosol,Lung_NAT_PD,Proteome
VPS25,0.20208266,Cytosol,Lung_NAT_PD,Proteome
VPS26A,-0.32412162,Cytosol,Lung_NAT_PD,Proteome
VPS33B,-0.17462449,Cytosol,Lung_NAT_PD,Proteome
VPS35,-0.2434352,Cytosol,Lung_NAT_PD,Proteome
VPS37B,0.08024449,Cytosol,Lung_NAT_PD,Proteome
VPS4A,-0.47944117,Cytosol,Lung_NAT_PD,Proteome
VPS4B,-0.055686936,Cytosol,Lung_NAT_PD,Proteome
VPS52,0.027399853,Cytosol,Lung_NAT_PD,Proteome
VTA1,-0.4553501,Cytosol,Lung_NAT_PD,Proteome
VTI1A,-0.18073115,Secretory,Lung_NAT_PD,Proteome
VWA8,0.45203567,Mitochondria,Lung_NAT_PD,Proteome
WAC,0.2488303,Nucleus,Lung_NAT_PD,Proteome
WARS2,0.45815066,Mitochondria,Lung_NAT_PD,Proteome
WBP11,0.4543717,Nucleus,Lung_NAT_PD,Proteome
WDFY1,-0.0041977754,Secretory,Lung_NAT_PD,Proteome
WDR1,0.0085035255,Cytosol,Lung_NAT_PD,Proteome
WDR18,0.4586829,Nucleus,Lung_NAT_PD,Proteome
WDR3,0.24239196,Nucleus,Lung_NAT_PD,Proteome
WDR33,0.48425475,Nucleus,Lung_NAT_PD,Proteome
WDR36,0.4357274,Nucleus,Lung_NAT_PD,Proteome
WDR37,0.0124083785,Cytosol,Lung_NAT_PD,Proteome
WDR43,0.49886015,Nucleus,Lung_NAT_PD,Proteome
WDR44,-0.0005052141,Cytosol,Lung_NAT_PD,Proteome
WDR45,-0.15658575,Cytosol,Lung_NAT_PD,Proteome
WDR46,0.39967138,Nucleus,Lung_NAT_PD,Proteome
WDR6,-0.41443026,Cytosol,Lung_NAT_PD,Proteome
WDR7,-0.4806868,Cytosol,Lung_NAT_PD,Proteome
WDR75,0.32784465,Nucleus,Lung_NAT_PD,Proteome
WDR76,0.47661492,Nucleus,Lung_NAT_PD,Proteome
WDR77,0.039132457,Cytosol,Lung_NAT_PD,Proteome
WDR81,-0.06269508,Cytosol,Lung_NAT_PD,Proteome
WDR83,0.49921006,Nucleus,Lung_NAT_PD,Proteome
WDSUB1,0.028815567,Cytosol,Lung_NAT_PD,Proteome
WDTC1,-0.24775624,Cytosol,Lung_NAT_PD,Proteome
WFS1,-0.05015925,Secretory,Lung_NAT_PD,Proteome
WIPI2,0.07166677,Cytosol,Lung_NAT_PD,Proteome
WIZ,0.38365373,Nucleus,Lung_NAT_PD,Proteome
WLS,-0.26759943,Secretory,Lung_NAT_PD,Proteome
WNK1,0.09824771,Cytosol,Lung_NAT_PD,Proteome
WRN,0.19960918,Nucleus,Lung_NAT_PD,Proteome
WRNIP1,-0.24588513,Nucleus,Lung_NAT_PD,Proteome
WWC2,0.098915644,Cytosol,Lung_NAT_PD,Proteome
WWC3,0.0533024,Cytosol,Lung_NAT_PD,Proteome
WWP1,-0.36742884,Secretory,Lung_NAT_PD,Proteome
WWP2,-0.056521326,Secretory,Lung_NAT_PD,Proteome
XIAP,-0.28734294,Cytosol,Lung_NAT_PD,Proteome
XPC,0.16577938,Nucleus,Lung_NAT_PD,Proteome
XPNPEP1,-0.075152405,Cytosol,Lung_NAT_PD,Proteome
XPO5,-0.34800646,Cytosol,Lung_NAT_PD,Proteome
XRCC1,0.46575645,Nucleus,Lung_NAT_PD,Proteome
XRCC4,0.20587315,Nucleus,Lung_NAT_PD,Proteome
YAP1,0.15741777,Cytosol,Lung_NAT_PD,Proteome
YES1,-0.076867566,Secretory,Lung_NAT_PD,Proteome
YIF1B,-0.4621305,Secretory,Lung_NAT_PD,Proteome
YIPF2,-0.32658246,Secretory,Lung_NAT_PD,Proteome
YIPF3,-0.0879027,Secretory,Lung_NAT_PD,Proteome
YIPF4,-0.34119543,Secretory,Lung_NAT_PD,Proteome
YIPF5,-0.14739747,Secretory,Lung_NAT_PD,Proteome
YKT6,-0.01149827,Cytosol,Lung_NAT_PD,Proteome
YLPM1,0.45419762,Nucleus,Lung_NAT_PD,Proteome
YME1L1,0.4591272,Mitochondria,Lung_NAT_PD,Proteome
YTHDC2,0.29879388,Nucleus,Lung_NAT_PD,Proteome
YWHAB,-0.028954564,Cytosol,Lung_NAT_PD,Proteome
YWHAE,0.16511503,Cytosol,Lung_NAT_PD,Proteome
YWHAG,0.00991167,Cytosol,Lung_NAT_PD,Proteome
YWHAH,-0.012192367,Cytosol,Lung_NAT_PD,Proteome
YWHAQ,0.044715546,Cytosol,Lung_NAT_PD,Proteome
YWHAZ,0.14854252,Cytosol,Lung_NAT_PD,Proteome
ZBED5,-0.25942004,Secretory,Lung_NAT_PD,Proteome
ZBTB11,0.5104574,Nucleus,Lung_NAT_PD,Proteome
ZBTB14,0.39460254,Nucleus,Lung_NAT_PD,Proteome
ZBTB17,0.4699478,Nucleus,Lung_NAT_PD,Proteome
ZBTB21,-0.21766804,Nucleus,Lung_NAT_PD,Proteome
ZBTB4,-0.22576332,Nucleus,Lung_NAT_PD,Proteome
ZBTB40,0.12909494,Nucleus,Lung_NAT_PD,Proteome
ZBTB8OS,-0.36521846,Cytosol,Lung_NAT_PD,Proteome
ZC3H11A,0.44396093,Nucleus,Lung_NAT_PD,Proteome
ZC3H8,0.47957328,Nucleus,Lung_NAT_PD,Proteome
ZC3HAV1,-0.40912867,Secretory,Lung_NAT_PD,Proteome
ZC3HC1,0.4412716,Nucleus,Lung_NAT_PD,Proteome
ZCCHC7,0.17563845,Nucleus,Lung_NAT_PD,Proteome
ZCCHC9,0.47880647,Nucleus,Lung_NAT_PD,Proteome
ZCRB1,0.37137195,Nucleus,Lung_NAT_PD,Proteome
ZDHHC13,-0.3859192,Secretory,Lung_NAT_PD,Proteome
ZDHHC17,-0.44257894,Secretory,Lung_NAT_PD,Proteome
ZDHHC18,0.0019213828,Secretory,Lung_NAT_PD,Proteome
ZDHHC20,-0.2356659,Secretory,Lung_NAT_PD,Proteome
ZDHHC3,-0.050868984,Secretory,Lung_NAT_PD,Proteome
ZDHHC5,-0.11365406,Secretory,Lung_NAT_PD,Proteome
ZDHHC7,-0.08234186,Secretory,Lung_NAT_PD,Proteome
ZFAND1,-0.5043845,Cytosol,Lung_NAT_PD,Proteome
ZFAND5,-0.2685441,Cytosol,Lung_NAT_PD,Proteome
ZFC3H1,0.24942243,Nucleus,Lung_NAT_PD,Proteome
ZFHX3,0.20716967,Nucleus,Lung_NAT_PD,Proteome
ZFP64,0.16447426,Nucleus,Lung_NAT_PD,Proteome
ZFPL1,-0.090103686,Secretory,Lung_NAT_PD,Proteome
ZFR,0.42759013,Nucleus,Lung_NAT_PD,Proteome
ZFX,0.23546867,Nucleus,Lung_NAT_PD,Proteome
ZFYVE1,-0.28674275,Cytosol,Lung_NAT_PD,Proteome
ZFYVE19,-0.2422821,Cytosol,Lung_NAT_PD,Proteome
ZFYVE27,0.011073669,Secretory,Lung_NAT_PD,Proteome
ZHX1,0.17023525,Nucleus,Lung_NAT_PD,Proteome
ZHX2,0.46962208,Nucleus,Lung_NAT_PD,Proteome
ZMPSTE24,-0.19674808,Secretory,Lung_NAT_PD,Proteome
ZMYM2,0.50432754,Nucleus,Lung_NAT_PD,Proteome
ZMYND11,-0.2575333,Nucleus,Lung_NAT_PD,Proteome
ZNF106,0.39898604,Nucleus,Lung_NAT_PD,Proteome
ZNF131,0.41293418,Nucleus,Lung_NAT_PD,Proteome
ZNF143,0.18238918,Nucleus,Lung_NAT_PD,Proteome
ZNF148,0.30097955,Nucleus,Lung_NAT_PD,Proteome
ZNF217,0.46377835,Nucleus,Lung_NAT_PD,Proteome
ZNF280C,-0.017855844,Nucleus,Lung_NAT_PD,Proteome
ZNF292,0.4137076,Nucleus,Lung_NAT_PD,Proteome
ZNF318,0.44293618,Nucleus,Lung_NAT_PD,Proteome
ZNF326,0.39728564,Nucleus,Lung_NAT_PD,Proteome
ZNF346,-0.024618251,Nucleus,Lung_NAT_PD,Proteome
ZNF384,0.36682644,Nucleus,Lung_NAT_PD,Proteome
ZNF512,0.4671081,Nucleus,Lung_NAT_PD,Proteome
ZNF512B,0.41311023,Nucleus,Lung_NAT_PD,Proteome
ZNF574,0.35726964,Nucleus,Lung_NAT_PD,Proteome
ZNF629,0.48560113,Nucleus,Lung_NAT_PD,Proteome
ZNF644,0.34169325,Nucleus,Lung_NAT_PD,Proteome
ZNF652,0.2946934,Nucleus,Lung_NAT_PD,Proteome
ZNF668,0.022633702,Nucleus,Lung_NAT_PD,Proteome
ZNF687,0.411637,Nucleus,Lung_NAT_PD,Proteome
ZNF768,0.24756648,Nucleus,Lung_NAT_PD,Proteome
ZNF800,0.4636714,Nucleus,Lung_NAT_PD,Proteome
ZNHIT6,0.39191294,Nucleus,Lung_NAT_PD,Proteome
ZYX,0.17491072,Cytosol,Lung_NAT_PD,Proteome
ZZEF1,-0.2254935,Cytosol,Lung_NAT_PD,Proteome
AAAS,-0.1377386,Secretory,Lung_NAT_MD,Transcriptome
AACS,-0.1168223,Cytosol,Lung_NAT_MD,Transcriptome
AAK1,-0.050873622,Cytosol,Lung_NAT_MD,Transcriptome
AASDHPPT,-0.024626698,Cytosol,Lung_NAT_MD,Transcriptome
AATF,-0.070993654,Nucleus,Lung_NAT_MD,Transcriptome
ABCB10,-0.10200511,Mitochondria,Lung_NAT_MD,Transcriptome
ABCB7,-0.08296909,Mitochondria,Lung_NAT_MD,Transcriptome
ABCB8,0.10841763,Mitochondria,Lung_NAT_MD,Transcriptome
ABCC1,-0.022470294,Secretory,Lung_NAT_MD,Transcriptome
ABCC10,-0.11654379,Secretory,Lung_NAT_MD,Transcriptome
ABCC3,-0.116484754,Secretory,Lung_NAT_MD,Transcriptome
ABCC4,-0.023082968,Secretory,Lung_NAT_MD,Transcriptome
ABCC5,-0.16593856,Secretory,Lung_NAT_MD,Transcriptome
ABCD1,-0.07814729,Secretory,Lung_NAT_MD,Transcriptome
ABCD3,-0.018359128,Secretory,Lung_NAT_MD,Transcriptome
ABCD4,-0.086964086,Secretory,Lung_NAT_MD,Transcriptome
ABHD12,-0.104048744,Secretory,Lung_NAT_MD,Transcriptome
ABHD14B,-0.14046213,Cytosol,Lung_NAT_MD,Transcriptome
ABHD16A,-0.038206246,Secretory,Lung_NAT_MD,Transcriptome
ABHD17C,-0.026371565,Secretory,Lung_NAT_MD,Transcriptome
ABHD6,-0.09188681,Secretory,Lung_NAT_MD,Transcriptome
ABL1,-0.015581479,Cytosol,Lung_NAT_MD,Transcriptome
ABL2,-0.021745088,Cytosol,Lung_NAT_MD,Transcriptome
ABR,-0.053187817,Cytosol,Lung_NAT_MD,Transcriptome
ABRACL,-0.038361434,Cytosol,Lung_NAT_MD,Transcriptome
ABT1,-0.04853773,Nucleus,Lung_NAT_MD,Transcriptome
ACAD9,0.037947226,Mitochondria,Lung_NAT_MD,Transcriptome
ACAP2,-0.048612833,Cytosol,Lung_NAT_MD,Transcriptome
ACAT2,-0.03564588,Cytosol,Lung_NAT_MD,Transcriptome
ACBD5,-0.02223566,Secretory,Lung_NAT_MD,Transcriptome
ACBD6,-0.1338031,Cytosol,Lung_NAT_MD,Transcriptome
ACIN1,-0.206739,Nucleus,Lung_NAT_MD,Transcriptome
ACLY,-0.0894308,Cytosol,Lung_NAT_MD,Transcriptome
ACOT11,-0.09123039,Cytosol,Lung_NAT_MD,Transcriptome
ACP1,-0.008622303,Cytosol,Lung_NAT_MD,Transcriptome
ACSL1,-0.009891816,Secretory,Lung_NAT_MD,Transcriptome
ACSL3,-0.030739477,Secretory,Lung_NAT_MD,Transcriptome
ACSL4,-0.03455913,Secretory,Lung_NAT_MD,Transcriptome
ACSS2,-0.05864081,Cytosol,Lung_NAT_MD,Transcriptome
ACTR10,-0.033195112,Cytosol,Lung_NAT_MD,Transcriptome
ACVR1,-0.006126734,Secretory,Lung_NAT_MD,Transcriptome
ACYP1,-0.042176004,Cytosol,Lung_NAT_MD,Transcriptome
ACYP2,-0.02486603,Cytosol,Lung_NAT_MD,Transcriptome
ADAM10,-0.011870983,Secretory,Lung_NAT_MD,Transcriptome
ADAM15,-0.08864992,Secretory,Lung_NAT_MD,Transcriptome
ADAM9,-0.017344235,Secretory,Lung_NAT_MD,Transcriptome
ADAR,-0.17900914,Nucleus,Lung_NAT_MD,Transcriptome
ADARB1,0.023897836,Nucleus,Lung_NAT_MD,Transcriptome
ADAT2,-0.032063816,Cytosol,Lung_NAT_MD,Transcriptome
ADAT3,-0.09507911,Cytosol,Lung_NAT_MD,Transcriptome
ADCY3,-0.12040881,Secretory,Lung_NAT_MD,Transcriptome
ADCY6,-0.05026823,Secretory,Lung_NAT_MD,Transcriptome
ADCY9,-0.0128337415,Secretory,Lung_NAT_MD,Transcriptome
ADH5,-0.02344107,Cytosol,Lung_NAT_MD,Transcriptome
ADI1,-0.010032749,Cytosol,Lung_NAT_MD,Transcriptome
ADK,-0.045097582,Cytosol,Lung_NAT_MD,Transcriptome
ADNP,0.022531545,Nucleus,Lung_NAT_MD,Transcriptome
ADNP2,0.023170589,Nucleus,Lung_NAT_MD,Transcriptome
ADO,-0.02014659,Cytosol,Lung_NAT_MD,Transcriptome
ADRM1,-0.07753294,Cytosol,Lung_NAT_MD,Transcriptome
ADSL,-0.0019727573,Cytosol,Lung_NAT_MD,Transcriptome
AFF4,0.03649053,Nucleus,Lung_NAT_MD,Transcriptome
AFG3L2,-0.16170639,Mitochondria,Lung_NAT_MD,Transcriptome
AGFG1,-0.0485715,Cytosol,Lung_NAT_MD,Transcriptome
AGFG2,-0.14111662,Cytosol,Lung_NAT_MD,Transcriptome
AGGF1,0.015519667,Nucleus,Lung_NAT_MD,Transcriptome
AGK,-0.07746985,Mitochondria,Lung_NAT_MD,Transcriptome
AGO2,0.01849454,Nucleus,Lung_NAT_MD,Transcriptome
AGPAT3,-0.08041345,Secretory,Lung_NAT_MD,Transcriptome
AGPAT5,-0.110527985,Mitochondria,Lung_NAT_MD,Transcriptome
AGRN,-0.063604,Secretory,Lung_NAT_MD,Transcriptome
AHCTF1,0.03400393,Nucleus,Lung_NAT_MD,Transcriptome
AHCY,-0.1251006,Cytosol,Lung_NAT_MD,Transcriptome
AHCYL1,-0.0386095,Cytosol,Lung_NAT_MD,Transcriptome
AHCYL2,-0.021031722,Cytosol,Lung_NAT_MD,Transcriptome
AHDC1,-0.086801976,Nucleus,Lung_NAT_MD,Transcriptome
AHSA1,0.008600658,Cytosol,Lung_NAT_MD,Transcriptome
AIFM1,0.113415204,Mitochondria,Lung_NAT_MD,Transcriptome
AIP,-0.12881298,Cytosol,Lung_NAT_MD,Transcriptome
AJUBA,-0.01552897,Cytosol,Lung_NAT_MD,Transcriptome
AK1,-0.045993228,Cytosol,Lung_NAT_MD,Transcriptome
AK2,-0.13131432,Nucleus,Lung_NAT_MD,Transcriptome
AKAP1,0.13754547,Mitochondria,Lung_NAT_MD,Transcriptome
AKAP12,-0.033033073,Cytosol,Lung_NAT_MD,Transcriptome
AKAP17A,-0.11497357,Nucleus,Lung_NAT_MD,Transcriptome
AKAP8L,-0.13268033,Nucleus,Lung_NAT_MD,Transcriptome
AKR1A1,-0.13154344,Cytosol,Lung_NAT_MD,Transcriptome
AKT1,-0.0745751,Cytosol,Lung_NAT_MD,Transcriptome
AKT2,-0.095350094,Cytosol,Lung_NAT_MD,Transcriptome
AKTIP,-0.028072184,Cytosol,Lung_NAT_MD,Transcriptome
ALCAM,-0.02540253,Secretory,Lung_NAT_MD,Transcriptome
ALDH1A3,0.009093253,Cytosol,Lung_NAT_MD,Transcriptome
ALDH3A2,-0.032336637,Secretory,Lung_NAT_MD,Transcriptome
ALDH9A1,-0.14425476,Cytosol,Lung_NAT_MD,Transcriptome
ALDOA,-0.0101606725,Cytosol,Lung_NAT_MD,Transcriptome
ALG1,-0.16104928,Secretory,Lung_NAT_MD,Transcriptome
ALG11,-0.013514073,Secretory,Lung_NAT_MD,Transcriptome
ALG3,-0.1505521,Secretory,Lung_NAT_MD,Transcriptome
ALG5,-0.052627787,Secretory,Lung_NAT_MD,Transcriptome
ALG6,-0.02392952,Secretory,Lung_NAT_MD,Transcriptome
ALKBH3,-0.025452029,Cytosol,Lung_NAT_MD,Transcriptome
ALKBH8,-0.02364277,Cytosol,Lung_NAT_MD,Transcriptome
AMDHD2,-0.11168103,Cytosol,Lung_NAT_MD,Transcriptome
AMFR,-0.071644366,Secretory,Lung_NAT_MD,Transcriptome
AMOTL2,-0.030565668,Cytosol,Lung_NAT_MD,Transcriptome
AMPD2,0.006612645,Cytosol,Lung_NAT_MD,Transcriptome
ANKLE2,-0.020505104,Secretory,Lung_NAT_MD,Transcriptome
ANKMY2,-0.017034369,Cytosol,Lung_NAT_MD,Transcriptome
ANKRD12,0.02753685,Nucleus,Lung_NAT_MD,Transcriptome
ANKRD54,-0.14008458,Cytosol,Lung_NAT_MD,Transcriptome
ANKS1A,0.0022274805,Cytosol,Lung_NAT_MD,Transcriptome
ANO10,-0.04798348,Secretory,Lung_NAT_MD,Transcriptome
ANO6,-0.022180734,Secretory,Lung_NAT_MD,Transcriptome
ANXA1,-0.045196455,Cytosol,Lung_NAT_MD,Transcriptome
ANXA11,0.0073338593,Cytosol,Lung_NAT_MD,Transcriptome
ANXA5,0.007807082,Cytosol,Lung_NAT_MD,Transcriptome
AP2A1,-0.088686146,Secretory,Lung_NAT_MD,Transcriptome
AP2A2,-0.05703675,Secretory,Lung_NAT_MD,Transcriptome
AP2M1,-0.15456118,Secretory,Lung_NAT_MD,Transcriptome
AP3B1,-0.008370505,Cytosol,Lung_NAT_MD,Transcriptome
AP3D1,-0.053480245,Cytosol,Lung_NAT_MD,Transcriptome
AP3M2,-0.039841525,Cytosol,Lung_NAT_MD,Transcriptome
AP4E1,-0.045401927,Cytosol,Lung_NAT_MD,Transcriptome
APLP2,-0.026256416,Secretory,Lung_NAT_MD,Transcriptome
APMAP,-0.074228294,Secretory,Lung_NAT_MD,Transcriptome
APOO,0.14189516,Mitochondria,Lung_NAT_MD,Transcriptome
APOOL,-0.12572592,Mitochondria,Lung_NAT_MD,Transcriptome
APP,-0.022991523,Secretory,Lung_NAT_MD,Transcriptome
APPL1,-0.043231796,Cytosol,Lung_NAT_MD,Transcriptome
APRT,-0.12995943,Cytosol,Lung_NAT_MD,Transcriptome
ARAP1,-0.08444523,Cytosol,Lung_NAT_MD,Transcriptome
ARCN1,-0.012700686,Cytosol,Lung_NAT_MD,Transcriptome
ARFGEF2,0.0029124708,Cytosol,Lung_NAT_MD,Transcriptome
ARFRP1,-0.05828152,Secretory,Lung_NAT_MD,Transcriptome
ARHGAP12,-0.047294784,Cytosol,Lung_NAT_MD,Transcriptome
ARHGAP17,0.0030040403,Cytosol,Lung_NAT_MD,Transcriptome
ARHGAP35,-0.028341867,Cytosol,Lung_NAT_MD,Transcriptome
ARHGAP5,-0.046472967,Cytosol,Lung_NAT_MD,Transcriptome
ARHGDIA,-0.011843677,Cytosol,Lung_NAT_MD,Transcriptome
ARHGDIB,-0.11370209,Cytosol,Lung_NAT_MD,Transcriptome
ARHGEF10,-0.046261154,Cytosol,Lung_NAT_MD,Transcriptome
ARHGEF10L,-0.10031983,Cytosol,Lung_NAT_MD,Transcriptome
ARHGEF40,-0.015647978,Secretory,Lung_NAT_MD,Transcriptome
ARHGEF7,-0.036575466,Cytosol,Lung_NAT_MD,Transcriptome
ARID1B,0.023004035,Nucleus,Lung_NAT_MD,Transcriptome
ARIH1,-0.045794602,Cytosol,Lung_NAT_MD,Transcriptome
ARIH2,0.005861914,Cytosol,Lung_NAT_MD,Transcriptome
ARL13B,-0.035277363,Secretory,Lung_NAT_MD,Transcriptome
ARL15,-0.020575443,Secretory,Lung_NAT_MD,Transcriptome
ARL6,-0.04127816,Cytosol,Lung_NAT_MD,Transcriptome
ARL6IP5,-0.0036596872,Secretory,Lung_NAT_MD,Transcriptome
ARL8A,-0.04393634,Secretory,Lung_NAT_MD,Transcriptome
ARL8B,-0.02303572,Secretory,Lung_NAT_MD,Transcriptome
ARMC10,-0.09695668,Mitochondria,Lung_NAT_MD,Transcriptome
ARMC6,-0.135215,Cytosol,Lung_NAT_MD,Transcriptome
ARMCX3,-0.13876939,Mitochondria,Lung_NAT_MD,Transcriptome
ARPC5,-0.018243529,Cytosol,Lung_NAT_MD,Transcriptome
ARV1,-0.0107494695,Secretory,Lung_NAT_MD,Transcriptome
ASAH1,-0.0108304275,Secretory,Lung_NAT_MD,Transcriptome
ASAP1,-0.034136456,Cytosol,Lung_NAT_MD,Transcriptome
ASH2L,0.019416947,Nucleus,Lung_NAT_MD,Transcriptome
ASMTL,-0.05748994,Cytosol,Lung_NAT_MD,Transcriptome
ASPH,-0.022390183,Secretory,Lung_NAT_MD,Transcriptome
ASPSCR1,-0.077744015,Cytosol,Lung_NAT_MD,Transcriptome
ASS1,-0.085956454,Cytosol,Lung_NAT_MD,Transcriptome
ATAD1,-0.1373517,Mitochondria,Lung_NAT_MD,Transcriptome
ATAD2,-0.13061541,Nucleus,Lung_NAT_MD,Transcriptome
ATAD2B,0.022334142,Nucleus,Lung_NAT_MD,Transcriptome
ATAD3A,0.07971289,Mitochondria,Lung_NAT_MD,Transcriptome
ATE1,-0.04658436,Cytosol,Lung_NAT_MD,Transcriptome
ATF1,0.026209027,Nucleus,Lung_NAT_MD,Transcriptome
ATF6,-0.039153837,Secretory,Lung_NAT_MD,Transcriptome
ATG12,-0.047035478,Cytosol,Lung_NAT_MD,Transcriptome
ATG13,-0.14157298,Cytosol,Lung_NAT_MD,Transcriptome
ATG16L1,-0.021001125,Cytosol,Lung_NAT_MD,Transcriptome
ATG2B,-0.043666366,Cytosol,Lung_NAT_MD,Transcriptome
ATG3,0.00019666876,Cytosol,Lung_NAT_MD,Transcriptome
ATG4B,-0.070465386,Cytosol,Lung_NAT_MD,Transcriptome
ATG4C,-0.030896029,Cytosol,Lung_NAT_MD,Transcriptome
ATG5,-0.04061169,Cytosol,Lung_NAT_MD,Transcriptome
ATG7,-0.04978149,Cytosol,Lung_NAT_MD,Transcriptome
ATG9A,-0.10054034,Secretory,Lung_NAT_MD,Transcriptome
ATIC,-0.038850076,Cytosol,Lung_NAT_MD,Transcriptome
ATL2,-0.028957466,Secretory,Lung_NAT_MD,Transcriptome
ATL3,-0.018568864,Secretory,Lung_NAT_MD,Transcriptome
ATP11A,-0.014525985,Secretory,Lung_NAT_MD,Transcriptome
ATP11B,-0.027998414,Secretory,Lung_NAT_MD,Transcriptome
ATP11C,-0.022434648,Secretory,Lung_NAT_MD,Transcriptome
ATP13A1,-0.072868146,Secretory,Lung_NAT_MD,Transcriptome
ATP13A3,-0.032577906,Secretory,Lung_NAT_MD,Transcriptome
ATP1A1,-0.010171698,Secretory,Lung_NAT_MD,Transcriptome
ATP1B1,-0.025748586,Secretory,Lung_NAT_MD,Transcriptome
ATP1B3,-0.029291226,Secretory,Lung_NAT_MD,Transcriptome
ATP2A2,-0.018018791,Secretory,Lung_NAT_MD,Transcriptome
ATP2B1,-0.038289227,Secretory,Lung_NAT_MD,Transcriptome
ATP2B4,-0.039409816,Secretory,Lung_NAT_MD,Transcriptome
ATP2C1,-0.0022348023,Secretory,Lung_NAT_MD,Transcriptome
ATP6AP1,-0.080595486,Secretory,Lung_NAT_MD,Transcriptome
ATP6AP2,0.0018830661,Secretory,Lung_NAT_MD,Transcriptome
ATP6V0A1,-0.007557754,Secretory,Lung_NAT_MD,Transcriptome
ATP6V0A2,-0.015955877,Secretory,Lung_NAT_MD,Transcriptome
ATP6V0D1,-0.08234626,Secretory,Lung_NAT_MD,Transcriptome
ATP7A,-0.02209297,Secretory,Lung_NAT_MD,Transcriptome
ATP8B1,-0.029424379,Secretory,Lung_NAT_MD,Transcriptome
ATP9A,-0.0046484866,Secretory,Lung_NAT_MD,Transcriptome
ATP9B,-0.0155660305,Secretory,Lung_NAT_MD,Transcriptome
ATPAF1,-0.0021440892,Mitochondria,Lung_NAT_MD,Transcriptome
ATRN,-0.13821399,Secretory,Lung_NAT_MD,Transcriptome
ATRX,0.020910941,Nucleus,Lung_NAT_MD,Transcriptome
ATXN1,0.029986076,Nucleus,Lung_NAT_MD,Transcriptome
ATXN3,-0.044866074,Cytosol,Lung_NAT_MD,Transcriptome
ATXN7L3B,-0.019337894,Cytosol,Lung_NAT_MD,Transcriptome
AUP1,-0.071951,Secretory,Lung_NAT_MD,Transcriptome
AURKB,-0.14693588,Nucleus,Lung_NAT_MD,Transcriptome
AVL9,-0.03011017,Cytosol,Lung_NAT_MD,Transcriptome
B2M,-0.114987195,Secretory,Lung_NAT_MD,Transcriptome
B3GAT3,-0.13795443,Secretory,Lung_NAT_MD,Transcriptome
B3GNT2,-0.021411883,Secretory,Lung_NAT_MD,Transcriptome
B4GALT1,-0.018658632,Secretory,Lung_NAT_MD,Transcriptome
B4GALT4,-0.03770963,Secretory,Lung_NAT_MD,Transcriptome
BAG3,-0.022161184,Cytosol,Lung_NAT_MD,Transcriptome
BAG6,-0.019511933,Cytosol,Lung_NAT_MD,Transcriptome
BAK1,0.07247542,Mitochondria,Lung_NAT_MD,Transcriptome
BAX,-0.12107976,Cytosol,Lung_NAT_MD,Transcriptome
BAZ1A,0.026782885,Nucleus,Lung_NAT_MD,Transcriptome
BAZ1B,0.01549779,Nucleus,Lung_NAT_MD,Transcriptome
BAZ2A,-0.030778438,Nucleus,Lung_NAT_MD,Transcriptome
BAZ2B,0.023545876,Nucleus,Lung_NAT_MD,Transcriptome
BCAP29,-0.019154204,Secretory,Lung_NAT_MD,Transcriptome
BCAP31,-0.071140885,Secretory,Lung_NAT_MD,Transcriptome
BCAR1,-0.052400827,Cytosol,Lung_NAT_MD,Transcriptome
BCAS3,-0.017099118,Cytosol,Lung_NAT_MD,Transcriptome
BCL10,-0.038649607,Cytosol,Lung_NAT_MD,Transcriptome
BCL2L1,-0.013481196,Mitochondria,Lung_NAT_MD,Transcriptome
BCL2L11,-0.023338012,Secretory,Lung_NAT_MD,Transcriptome
BCL2L13,-0.17232385,Mitochondria,Lung_NAT_MD,Transcriptome
BCL9L,-0.040962275,Nucleus,Lung_NAT_MD,Transcriptome
BCOR,-0.024326133,Nucleus,Lung_NAT_MD,Transcriptome
BCS1L,0.11464002,Mitochondria,Lung_NAT_MD,Transcriptome
BDH1,0.13365977,Mitochondria,Lung_NAT_MD,Transcriptome
BDH2,-0.037465177,Cytosol,Lung_NAT_MD,Transcriptome
BEND3,-0.15301998,Nucleus,Lung_NAT_MD,Transcriptome
BET1,-0.018319322,Secretory,Lung_NAT_MD,Transcriptome
BET1L,-0.0880723,Secretory,Lung_NAT_MD,Transcriptome
BID,-0.055470824,Cytosol,Lung_NAT_MD,Transcriptome
BIN1,-0.0700334,Cytosol,Lung_NAT_MD,Transcriptome
BIN3,-0.022213338,Cytosol,Lung_NAT_MD,Transcriptome
BIRC2,-0.051155172,Cytosol,Lung_NAT_MD,Transcriptome
BIRC6,-0.05077427,Cytosol,Lung_NAT_MD,Transcriptome
BLM,-0.14493832,Nucleus,Lung_NAT_MD,Transcriptome
BLVRB,-0.12470986,Cytosol,Lung_NAT_MD,Transcriptome
BLZF1,-0.022367092,Secretory,Lung_NAT_MD,Transcriptome
BMP2K,-0.023860661,Secretory,Lung_NAT_MD,Transcriptome
BMPR2,-0.022114124,Secretory,Lung_NAT_MD,Transcriptome
BMS1,0.017322334,Nucleus,Lung_NAT_MD,Transcriptome
BNIP1,-0.02682349,Secretory,Lung_NAT_MD,Transcriptome
BNIP3,-0.12525545,Mitochondria,Lung_NAT_MD,Transcriptome
BPNT1,-0.034231942,Cytosol,Lung_NAT_MD,Transcriptome
BRAF,-0.05196938,Cytosol,Lung_NAT_MD,Transcriptome
BRCC3,-0.01474936,Cytosol,Lung_NAT_MD,Transcriptome
BRD1,-0.029568944,Nucleus,Lung_NAT_MD,Transcriptome
BRD2,0.028241532,Nucleus,Lung_NAT_MD,Transcriptome
BRD4,-0.02812074,Nucleus,Lung_NAT_MD,Transcriptome
BRIX1,0.02054175,Nucleus,Lung_NAT_MD,Transcriptome
BROX,-0.0407164,Cytosol,Lung_NAT_MD,Transcriptome
BRPF1,-0.066194706,Nucleus,Lung_NAT_MD,Transcriptome
BRPF3,-0.025559876,Nucleus,Lung_NAT_MD,Transcriptome
BRWD1,0.023344802,Nucleus,Lung_NAT_MD,Transcriptome
BSG,-0.072499,Secretory,Lung_NAT_MD,Transcriptome
BTF3,-0.030861713,Cytosol,Lung_NAT_MD,Transcriptome
BTF3L4,-0.040575787,Cytosol,Lung_NAT_MD,Transcriptome
BTN2A1,-0.09411443,Secretory,Lung_NAT_MD,Transcriptome
BUB1B,-0.08995697,Cytosol,Lung_NAT_MD,Transcriptome
C11orf68,-0.11995393,Cytosol,Lung_NAT_MD,Transcriptome
C12orf57,-0.09877181,Cytosol,Lung_NAT_MD,Transcriptome
C14orf119,-0.065830335,Cytosol,Lung_NAT_MD,Transcriptome
C18orf21,0.008728083,Nucleus,Lung_NAT_MD,Transcriptome
C18orf32,-0.008415554,Secretory,Lung_NAT_MD,Transcriptome
C1GALT1,-0.021018926,Secretory,Lung_NAT_MD,Transcriptome
C1QBP,0.10724564,Mitochondria,Lung_NAT_MD,Transcriptome
C1orf131,-0.053287834,Nucleus,Lung_NAT_MD,Transcriptome
C1orf198,-0.045393363,Cytosol,Lung_NAT_MD,Transcriptome
C1orf50,-0.13216232,Cytosol,Lung_NAT_MD,Transcriptome
C2CD2,-0.026338797,Secretory,Lung_NAT_MD,Transcriptome
C2CD2L,-0.08861397,Secretory,Lung_NAT_MD,Transcriptome
C2orf42,-0.17947362,Nucleus,Lung_NAT_MD,Transcriptome
C2orf49,0.02007071,Nucleus,Lung_NAT_MD,Transcriptome
C2orf69,-0.046459474,Cytosol,Lung_NAT_MD,Transcriptome
C4orf3,-0.021015866,Secretory,Lung_NAT_MD,Transcriptome
C5orf24,0.02061549,Nucleus,Lung_NAT_MD,Transcriptome
C6orf47,-0.10535984,Secretory,Lung_NAT_MD,Transcriptome
C6orf89,-0.010017588,Secretory,Lung_NAT_MD,Transcriptome
CABIN1,-0.1614239,Nucleus,Lung_NAT_MD,Transcriptome
CACYBP,-0.04525277,Cytosol,Lung_NAT_MD,Transcriptome
CAD,-0.11259168,Cytosol,Lung_NAT_MD,Transcriptome
CADM4,-0.14115213,Secretory,Lung_NAT_MD,Transcriptome
CALCOCO1,-0.037280526,Cytosol,Lung_NAT_MD,Transcriptome
CALR,-0.18660493,Nucleus,Lung_NAT_MD,Transcriptome
CALU,0.0037195948,Nucleus,Lung_NAT_MD,Transcriptome
CAMK2D,-0.043789037,Cytosol,Lung_NAT_MD,Transcriptome
CAMK2G,-0.059969522,Cytosol,Lung_NAT_MD,Transcriptome
CAMLG,-0.01270253,Secretory,Lung_NAT_MD,Transcriptome
CANT1,-0.051909644,Secretory,Lung_NAT_MD,Transcriptome
CANX,-0.010891144,Secretory,Lung_NAT_MD,Transcriptome
CAPN1,-0.111224055,Cytosol,Lung_NAT_MD,Transcriptome
CAPN2,-0.04940281,Cytosol,Lung_NAT_MD,Transcriptome
CAPN5,-0.058152344,Secretory,Lung_NAT_MD,Transcriptome
CAPNS1,-0.10018967,Cytosol,Lung_NAT_MD,Transcriptome
CAPS,-0.14275138,Cytosol,Lung_NAT_MD,Transcriptome
CASK,-0.0911847,Mitochondria,Lung_NAT_MD,Transcriptome
CASP7,-0.004711836,Cytosol,Lung_NAT_MD,Transcriptome
CAST,-0.051699318,Cytosol,Lung_NAT_MD,Transcriptome
CAV1,-0.022077898,Secretory,Lung_NAT_MD,Transcriptome
CAV2,-0.022062106,Secretory,Lung_NAT_MD,Transcriptome
CBFB,-0.041002978,Cytosol,Lung_NAT_MD,Transcriptome
CBL,-0.027686574,Cytosol,Lung_NAT_MD,Transcriptome
CBR1,-0.069193125,Cytosol,Lung_NAT_MD,Transcriptome
CBR3,-0.027433086,Cytosol,Lung_NAT_MD,Transcriptome
CBX3,0.0086100595,Nucleus,Lung_NAT_MD,Transcriptome
CBX5,0.023245454,Nucleus,Lung_NAT_MD,Transcriptome
CBX8,-0.196868,Nucleus,Lung_NAT_MD,Transcriptome
CC2D1B,0.0045406553,Cytosol,Lung_NAT_MD,Transcriptome
CCAR1,0.0190666,Nucleus,Lung_NAT_MD,Transcriptome
CCAR2,-0.05340814,Nucleus,Lung_NAT_MD,Transcriptome
CCDC115,-0.14202711,Secretory,Lung_NAT_MD,Transcriptome
CCDC117,0.017946599,Nucleus,Lung_NAT_MD,Transcriptome
CCDC127,-0.02125272,Mitochondria,Lung_NAT_MD,Transcriptome
CCDC134,-0.120820686,Secretory,Lung_NAT_MD,Transcriptome
CCDC22,-0.057177592,Cytosol,Lung_NAT_MD,Transcriptome
CCDC25,-0.019967012,Cytosol,Lung_NAT_MD,Transcriptome
CCDC43,-0.033642292,Cytosol,Lung_NAT_MD,Transcriptome
CCDC47,-0.034189977,Secretory,Lung_NAT_MD,Transcriptome
CCDC50,-0.048003107,Cytosol,Lung_NAT_MD,Transcriptome
CCDC51,0.01898988,Mitochondria,Lung_NAT_MD,Transcriptome
CCDC6,-0.051682267,Cytosol,Lung_NAT_MD,Transcriptome
CCDC61,-0.10191377,Secretory,Lung_NAT_MD,Transcriptome
CCDC85C,-0.015112339,Cytosol,Lung_NAT_MD,Transcriptome
CCDC86,-0.021614932,Nucleus,Lung_NAT_MD,Transcriptome
CCDC90B,-0.08128796,Mitochondria,Lung_NAT_MD,Transcriptome
CCDC91,-0.048552096,Cytosol,Lung_NAT_MD,Transcriptome
CCDC92,-0.029186929,Cytosol,Lung_NAT_MD,Transcriptome
CCDC93,0.008625984,Cytosol,Lung_NAT_MD,Transcriptome
CCDC97,-0.026527263,Cytosol,Lung_NAT_MD,Transcriptome
CCNB1,-0.08784002,Cytosol,Lung_NAT_MD,Transcriptome
CCNH,0.03687178,Nucleus,Lung_NAT_MD,Transcriptome
CCNT1,0.036492124,Nucleus,Lung_NAT_MD,Transcriptome
CCNT2,0.01865768,Nucleus,Lung_NAT_MD,Transcriptome
CCNYL1,-0.036668565,Secretory,Lung_NAT_MD,Transcriptome
CCPG1,-0.020141844,Secretory,Lung_NAT_MD,Transcriptome
CCS,-0.1443544,Cytosol,Lung_NAT_MD,Transcriptome
CCT2,-0.016076468,Cytosol,Lung_NAT_MD,Transcriptome
CCT3,-0.052121487,Cytosol,Lung_NAT_MD,Transcriptome
CCT4,0.010225929,Cytosol,Lung_NAT_MD,Transcriptome
CCT5,0.00989906,Cytosol,Lung_NAT_MD,Transcriptome
CCT6A,0.00010222615,Cytosol,Lung_NAT_MD,Transcriptome
CCT7,-0.109052345,Cytosol,Lung_NAT_MD,Transcriptome
CCT8,-0.027654056,Cytosol,Lung_NAT_MD,Transcriptome
CD109,-0.02486289,Secretory,Lung_NAT_MD,Transcriptome
CD151,-0.1230708,Secretory,Lung_NAT_MD,Transcriptome
CD276,-0.060441487,Secretory,Lung_NAT_MD,Transcriptome
CD2AP,-0.048732795,Cytosol,Lung_NAT_MD,Transcriptome
CD44,-0.013701891,Secretory,Lung_NAT_MD,Transcriptome
CD46,-0.026433973,Secretory,Lung_NAT_MD,Transcriptome
CD47,-0.022773374,Secretory,Lung_NAT_MD,Transcriptome
CD55,-0.035960093,Secretory,Lung_NAT_MD,Transcriptome
CD58,-0.024449492,Secretory,Lung_NAT_MD,Transcriptome
CD63,-0.12014348,Secretory,Lung_NAT_MD,Transcriptome
CD81,-0.07759927,Secretory,Lung_NAT_MD,Transcriptome
CD99,-0.008270086,Secretory,Lung_NAT_MD,Transcriptome
CDAN1,-0.026680421,Cytosol,Lung_NAT_MD,Transcriptome
CDC123,-0.019533891,Cytosol,Lung_NAT_MD,Transcriptome
CDC34,-0.08566489,Cytosol,Lung_NAT_MD,Transcriptome
CDC37,-0.010978213,Cytosol,Lung_NAT_MD,Transcriptome
CDC40,0.012719552,Nucleus,Lung_NAT_MD,Transcriptome
CDC42,-0.043761645,Cytosol,Lung_NAT_MD,Transcriptome
CDC42EP4,-0.008022961,Cytosol,Lung_NAT_MD,Transcriptome
CDC5L,0.019785644,Nucleus,Lung_NAT_MD,Transcriptome
CDC73,0.020619633,Nucleus,Lung_NAT_MD,Transcriptome
CDCA5,-0.14389178,Nucleus,Lung_NAT_MD,Transcriptome
CDCA7L,0.019537132,Nucleus,Lung_NAT_MD,Transcriptome
CDK1,-0.0839824,Cytosol,Lung_NAT_MD,Transcriptome
CDK13,0.022746488,Nucleus,Lung_NAT_MD,Transcriptome
CDK17,-0.0373777,Secretory,Lung_NAT_MD,Transcriptome
CDK5,-0.12044216,Cytosol,Lung_NAT_MD,Transcriptome
CDK5RAP3,-0.09952648,Secretory,Lung_NAT_MD,Transcriptome
CDK6,-0.04684491,Cytosol,Lung_NAT_MD,Transcriptome
CDK9,-0.07364911,Nucleus,Lung_NAT_MD,Transcriptome
CDKAL1,-0.02253383,Secretory,Lung_NAT_MD,Transcriptome
CDKN2AIPNL,0.018313058,Nucleus,Lung_NAT_MD,Transcriptome
CDR2L,-0.024493838,Cytosol,Lung_NAT_MD,Transcriptome
CDS2,-0.0074760523,Secretory,Lung_NAT_MD,Transcriptome
CDV3,-0.04424648,Cytosol,Lung_NAT_MD,Transcriptome
CEBPB,-0.028923795,Nucleus,Lung_NAT_MD,Transcriptome
CEBPZ,0.03184696,Nucleus,Lung_NAT_MD,Transcriptome
CELF1,-0.011454097,Nucleus,Lung_NAT_MD,Transcriptome
CENPB,-0.16413197,Nucleus,Lung_NAT_MD,Transcriptome
CENPC,0.022897184,Nucleus,Lung_NAT_MD,Transcriptome
CENPN,0.0048099053,Nucleus,Lung_NAT_MD,Transcriptome
CEP112,-0.04537232,Cytosol,Lung_NAT_MD,Transcriptome
CEP128,0.106480524,Mitochondria,Lung_NAT_MD,Transcriptome
CEP192,-0.026828056,Cytosol,Lung_NAT_MD,Transcriptome
CEP44,-0.036238164,Cytosol,Lung_NAT_MD,Transcriptome
CEP78,-0.034681384,Cytosol,Lung_NAT_MD,Transcriptome
CEP85,-0.13111015,Cytosol,Lung_NAT_MD,Transcriptome
CEP89,-0.008861419,Secretory,Lung_NAT_MD,Transcriptome
CERS2,-0.06628239,Secretory,Lung_NAT_MD,Transcriptome
CFL1,-0.068445094,Cytosol,Lung_NAT_MD,Transcriptome
CHAF1A,-0.21181813,Nucleus,Lung_NAT_MD,Transcriptome
CHCHD3,-0.09511603,Mitochondria,Lung_NAT_MD,Transcriptome
CHCHD6,-0.007505332,Mitochondria,Lung_NAT_MD,Transcriptome
CHD1,0.03541501,Nucleus,Lung_NAT_MD,Transcriptome
CHD2,0.03559184,Nucleus,Lung_NAT_MD,Transcriptome
CHD3,-0.20775318,Nucleus,Lung_NAT_MD,Transcriptome
CHD4,0.018713703,Nucleus,Lung_NAT_MD,Transcriptome
CHD6,0.022971157,Nucleus,Lung_NAT_MD,Transcriptome
CHD9,0.022755018,Nucleus,Lung_NAT_MD,Transcriptome
CHDH,0.101011,Mitochondria,Lung_NAT_MD,Transcriptome
CHERP,-0.08212892,Nucleus,Lung_NAT_MD,Transcriptome
CHKA,0.009565693,Cytosol,Lung_NAT_MD,Transcriptome
CHM,-0.046954513,Cytosol,Lung_NAT_MD,Transcriptome
CHML,-0.05084581,Cytosol,Lung_NAT_MD,Transcriptome
CHMP2A,-0.1466623,Cytosol,Lung_NAT_MD,Transcriptome
CHMP4B,0.0039746203,Cytosol,Lung_NAT_MD,Transcriptome
CHMP5,-0.042651515,Cytosol,Lung_NAT_MD,Transcriptome
CHMP6,-0.13946468,Secretory,Lung_NAT_MD,Transcriptome
CHORDC1,-0.047037255,Cytosol,Lung_NAT_MD,Transcriptome
CHPF,-0.10542894,Secretory,Lung_NAT_MD,Transcriptome
CHPF2,-0.105456136,Secretory,Lung_NAT_MD,Transcriptome
CHPT1,-0.022918394,Secretory,Lung_NAT_MD,Transcriptome
CHST12,-0.097108416,Secretory,Lung_NAT_MD,Transcriptome
CHST14,-0.065209806,Secretory,Lung_NAT_MD,Transcriptome
CHSY1,-0.03562371,Secretory,Lung_NAT_MD,Transcriptome
CHTOP,0.019615153,Nucleus,Lung_NAT_MD,Transcriptome
CIAO1,-0.09219674,Cytosol,Lung_NAT_MD,Transcriptome
CIAPIN1,-0.11273658,Cytosol,Lung_NAT_MD,Transcriptome
CIB1,-0.12743859,Secretory,Lung_NAT_MD,Transcriptome
CIC,-0.067379184,Nucleus,Lung_NAT_MD,Transcriptome
CISD1,-0.10768559,Mitochondria,Lung_NAT_MD,Transcriptome
CISD2,-0.012303526,Secretory,Lung_NAT_MD,Transcriptome
CKAP2L,-0.13987221,Nucleus,Lung_NAT_MD,Transcriptome
CKAP4,-0.1276263,Secretory,Lung_NAT_MD,Transcriptome
CKB,-0.08824144,Cytosol,Lung_NAT_MD,Transcriptome
CLCC1,-0.02322185,Secretory,Lung_NAT_MD,Transcriptome
CLCN3,-0.019360824,Secretory,Lung_NAT_MD,Transcriptome
CLCN7,-0.07767744,Secretory,Lung_NAT_MD,Transcriptome
CLDND1,-0.03402847,Secretory,Lung_NAT_MD,Transcriptome
CLIC1,-0.050736275,Cytosol,Lung_NAT_MD,Transcriptome
CLIC4,-0.0507324,Cytosol,Lung_NAT_MD,Transcriptome
CLIP1,-0.03549103,Cytosol,Lung_NAT_MD,Transcriptome
CLPB,0.09557053,Mitochondria,Lung_NAT_MD,Transcriptome
CLPTM1,-0.074078746,Secretory,Lung_NAT_MD,Transcriptome
CLPTM1L,-0.11718996,Secretory,Lung_NAT_MD,Transcriptome
CLUH,-0.026069319,Cytosol,Lung_NAT_MD,Transcriptome
CMAS,-0.0022155985,Nucleus,Lung_NAT_MD,Transcriptome
CMBL,-0.12211303,Cytosol,Lung_NAT_MD,Transcriptome
CMC2,-0.14959231,Mitochondria,Lung_NAT_MD,Transcriptome
CMPK1,-0.049016308,Cytosol,Lung_NAT_MD,Transcriptome
CMSS1,0.023761023,Nucleus,Lung_NAT_MD,Transcriptome
CMTR2,-0.02689078,Cytosol,Lung_NAT_MD,Transcriptome
CNDP2,-0.07813071,Cytosol,Lung_NAT_MD,Transcriptome
CNN2,-0.0451892,Cytosol,Lung_NAT_MD,Transcriptome
CNNM3,-0.06872901,Secretory,Lung_NAT_MD,Transcriptome
CNNM4,-0.025204606,Secretory,Lung_NAT_MD,Transcriptome
CNOT4,-0.05162882,Cytosol,Lung_NAT_MD,Transcriptome
CNP,-0.11052684,Secretory,Lung_NAT_MD,Transcriptome
CNPY3,-0.19724916,Nucleus,Lung_NAT_MD,Transcriptome
CNST,-0.035617854,Secretory,Lung_NAT_MD,Transcriptome
CNTRL,-0.05162048,Cytosol,Lung_NAT_MD,Transcriptome
COA3,0.13126965,Mitochondria,Lung_NAT_MD,Transcriptome
COA7,-0.007630752,Nucleus,Lung_NAT_MD,Transcriptome
COASY,-0.1080899,Cytosol,Lung_NAT_MD,Transcriptome
COG4,-0.13365334,Cytosol,Lung_NAT_MD,Transcriptome
COMMD4,-0.14292713,Cytosol,Lung_NAT_MD,Transcriptome
COMMD6,-0.029505005,Cytosol,Lung_NAT_MD,Transcriptome
COMTD1,0.07902438,Mitochondria,Lung_NAT_MD,Transcriptome
COPA,-0.0056100935,Cytosol,Lung_NAT_MD,Transcriptome
COPB2,-0.019475963,Cytosol,Lung_NAT_MD,Transcriptome
COPG1,-0.11996545,Cytosol,Lung_NAT_MD,Transcriptome
COPS4,-0.027341343,Cytosol,Lung_NAT_MD,Transcriptome
COPS7A,-0.14047295,Cytosol,Lung_NAT_MD,Transcriptome
COPZ1,-0.13020442,Cytosol,Lung_NAT_MD,Transcriptome
COQ3,-0.014612916,Secretory,Lung_NAT_MD,Transcriptome
COQ7,-0.023776542,Secretory,Lung_NAT_MD,Transcriptome
COQ9,0.13302357,Mitochondria,Lung_NAT_MD,Transcriptome
COX11,-0.08172478,Mitochondria,Lung_NAT_MD,Transcriptome
COX15,-0.066372745,Mitochondria,Lung_NAT_MD,Transcriptome
COX17,0.035575785,Nucleus,Lung_NAT_MD,Transcriptome
COX20,-0.16644885,Mitochondria,Lung_NAT_MD,Transcriptome
COX4I1,0.14156154,Mitochondria,Lung_NAT_MD,Transcriptome
COX5B,0.13698569,Mitochondria,Lung_NAT_MD,Transcriptome
COX6B1,0.14032207,Mitochondria,Lung_NAT_MD,Transcriptome
COX6C,0.032904297,Mitochondria,Lung_NAT_MD,Transcriptome
COX7A2,0.083560005,Mitochondria,Lung_NAT_MD,Transcriptome
COX7A2L,-0.07527033,Mitochondria,Lung_NAT_MD,Transcriptome
COX7C,0.14243318,Mitochondria,Lung_NAT_MD,Transcriptome
CPD,-0.03864972,Secretory,Lung_NAT_MD,Transcriptome
CPNE3,-0.048621524,Cytosol,Lung_NAT_MD,Transcriptome
CPOX,0.0075311325,Nucleus,Lung_NAT_MD,Transcriptome
CPSF6,0.019474713,Nucleus,Lung_NAT_MD,Transcriptome
CPT1A,0.020339211,Mitochondria,Lung_NAT_MD,Transcriptome
CPT2,0.13076407,Mitochondria,Lung_NAT_MD,Transcriptome
CRABP2,-0.12421319,Cytosol,Lung_NAT_MD,Transcriptome
CRBN,-0.034608416,Cytosol,Lung_NAT_MD,Transcriptome
CREBBP,-0.027656807,Nucleus,Lung_NAT_MD,Transcriptome
CRELD1,-0.1360934,Secretory,Lung_NAT_MD,Transcriptome
CRIM1,-0.023483558,Secretory,Lung_NAT_MD,Transcriptome
CRK,-0.046070002,Cytosol,Lung_NAT_MD,Transcriptome
CRKL,-0.08466796,Cytosol,Lung_NAT_MD,Transcriptome
CRLF3,-0.025970886,Cytosol,Lung_NAT_MD,Transcriptome
CRTAP,-0.11657452,Secretory,Lung_NAT_MD,Transcriptome
CRTC1,-0.06674828,Cytosol,Lung_NAT_MD,Transcriptome
CRTC2,-0.04852738,Cytosol,Lung_NAT_MD,Transcriptome
CRTC3,0.002515195,Cytosol,Lung_NAT_MD,Transcriptome
CSE1L,-0.036244065,Cytosol,Lung_NAT_MD,Transcriptome
CSK,-0.07574599,Cytosol,Lung_NAT_MD,Transcriptome
CSTB,-0.056886334,Cytosol,Lung_NAT_MD,Transcriptome
CSTF3,0.015221184,Nucleus,Lung_NAT_MD,Transcriptome
CTBP1,-0.14902021,Nucleus,Lung_NAT_MD,Transcriptome
CTCF,0.02013926,Nucleus,Lung_NAT_MD,Transcriptome
CTDP1,-0.084499404,Nucleus,Lung_NAT_MD,Transcriptome
CTH,-0.048231415,Cytosol,Lung_NAT_MD,Transcriptome
CTNNA1,-0.03372234,Secretory,Lung_NAT_MD,Transcriptome
CTNNB1,-0.14293955,Mitochondria,Lung_NAT_MD,Transcriptome
CTNNBIP1,-0.007650702,Cytosol,Lung_NAT_MD,Transcriptome
CTNNBL1,-0.051481884,Nucleus,Lung_NAT_MD,Transcriptome
CTNND1,-0.113622546,Mitochondria,Lung_NAT_MD,Transcriptome
CTPS1,-0.015296263,Cytosol,Lung_NAT_MD,Transcriptome
CTPS2,-0.038582284,Cytosol,Lung_NAT_MD,Transcriptome
CTR9,0.011499367,Nucleus,Lung_NAT_MD,Transcriptome
CTTNBP2NL,-0.047560453,Cytosol,Lung_NAT_MD,Transcriptome
CTU2,-0.06800887,Cytosol,Lung_NAT_MD,Transcriptome
CUEDC2,-0.14367443,Cytosol,Lung_NAT_MD,Transcriptome
CUL1,-0.046894066,Cytosol,Lung_NAT_MD,Transcriptome
CUL9,-0.067235015,Cytosol,Lung_NAT_MD,Transcriptome
CUX1,-0.0052589076,Secretory,Lung_NAT_MD,Transcriptome
CWC22,0.019788537,Nucleus,Lung_NAT_MD,Transcriptome
CXADR,-0.022298189,Secretory,Lung_NAT_MD,Transcriptome
CXXC1,-0.17282559,Nucleus,Lung_NAT_MD,Transcriptome
CXorf38,-0.023871861,Cytosol,Lung_NAT_MD,Transcriptome
CYB5A,-0.07000839,Secretory,Lung_NAT_MD,Transcriptome
CYB5B,-0.0013125234,Secretory,Lung_NAT_MD,Transcriptome
CYB5R3,-0.090249956,Secretory,Lung_NAT_MD,Transcriptome
CYB5R4,-0.03967357,Cytosol,Lung_NAT_MD,Transcriptome
CYC1,0.102749854,Mitochondria,Lung_NAT_MD,Transcriptome
CYP20A1,-0.022700628,Secretory,Lung_NAT_MD,Transcriptome
CYP51A1,-0.032967523,Secretory,Lung_NAT_MD,Transcriptome
CYTH1,0.0063288556,Cytosol,Lung_NAT_MD,Transcriptome
CYTH3,-0.04456928,Cytosol,Lung_NAT_MD,Transcriptome
DAAM1,-0.026954383,Secretory,Lung_NAT_MD,Transcriptome
DAG1,-0.018098364,Secretory,Lung_NAT_MD,Transcriptome
DAGLB,-0.07034151,Secretory,Lung_NAT_MD,Transcriptome
DBI,-0.035607453,Cytosol,Lung_NAT_MD,Transcriptome
DBNL,-0.098576345,Cytosol,Lung_NAT_MD,Transcriptome
DCAF13,0.015864924,Nucleus,Lung_NAT_MD,Transcriptome
DCBLD2,-0.017577862,Secretory,Lung_NAT_MD,Transcriptome
DCTD,-0.14680682,Cytosol,Lung_NAT_MD,Transcriptome
DCTN1,-0.06547376,Cytosol,Lung_NAT_MD,Transcriptome
DCTN2,-0.028320579,Cytosol,Lung_NAT_MD,Transcriptome
DCTN4,-0.047833323,Cytosol,Lung_NAT_MD,Transcriptome
DCTN5,-0.13909213,Cytosol,Lung_NAT_MD,Transcriptome
DCTN6,-0.050288327,Cytosol,Lung_NAT_MD,Transcriptome
DCTPP1,-0.13193426,Cytosol,Lung_NAT_MD,Transcriptome
DCUN1D1,-0.049416162,Cytosol,Lung_NAT_MD,Transcriptome
DCUN1D3,-0.03408429,Secretory,Lung_NAT_MD,Transcriptome
DDAH1,-0.048128247,Cytosol,Lung_NAT_MD,Transcriptome
DDB2,-0.2098804,Nucleus,Lung_NAT_MD,Transcriptome
DDHD2,-0.041104384,Cytosol,Lung_NAT_MD,Transcriptome
DDI2,-0.030661684,Cytosol,Lung_NAT_MD,Transcriptome
DDOST,-0.16079405,Secretory,Lung_NAT_MD,Transcriptome
DDR1,-0.04113431,Secretory,Lung_NAT_MD,Transcriptome
DDRGK1,-0.1383257,Secretory,Lung_NAT_MD,Transcriptome
DDX10,0.018407483,Nucleus,Lung_NAT_MD,Transcriptome
DDX18,0.028967194,Nucleus,Lung_NAT_MD,Transcriptome
DDX20,0.011251232,Nucleus,Lung_NAT_MD,Transcriptome
DDX24,0.019311467,Nucleus,Lung_NAT_MD,Transcriptome
DDX28,-0.12520511,Secretory,Lung_NAT_MD,Transcriptome
DDX31,-0.0424169,Nucleus,Lung_NAT_MD,Transcriptome
DDX39A,-0.0078541115,Nucleus,Lung_NAT_MD,Transcriptome
DDX39B,-0.037225403,Nucleus,Lung_NAT_MD,Transcriptome
DDX47,0.03429611,Nucleus,Lung_NAT_MD,Transcriptome
DDX49,-0.20531267,Nucleus,Lung_NAT_MD,Transcriptome
DDX5,0.036224887,Nucleus,Lung_NAT_MD,Transcriptome
DDX50,0.010444568,Nucleus,Lung_NAT_MD,Transcriptome
DDX51,-0.092348166,Nucleus,Lung_NAT_MD,Transcriptome
DDX52,0.01837638,Nucleus,Lung_NAT_MD,Transcriptome
DDX55,-0.18425556,Nucleus,Lung_NAT_MD,Transcriptome
DDX56,-0.16165872,Nucleus,Lung_NAT_MD,Transcriptome
DEGS1,-0.008851885,Secretory,Lung_NAT_MD,Transcriptome
DENND4C,0.0012229226,Cytosol,Lung_NAT_MD,Transcriptome
DENR,-0.02886216,Cytosol,Lung_NAT_MD,Transcriptome
DEPDC5,-0.0823089,Cytosol,Lung_NAT_MD,Transcriptome
DERL2,-0.009631913,Secretory,Lung_NAT_MD,Transcriptome
DFFA,-0.019592388,Cytosol,Lung_NAT_MD,Transcriptome
DGCR8,-0.08932668,Nucleus,Lung_NAT_MD,Transcriptome
DHCR24,-0.052595425,Secretory,Lung_NAT_MD,Transcriptome
DHCR7,-0.054573987,Secretory,Lung_NAT_MD,Transcriptome
DHFR,-0.01878562,Cytosol,Lung_NAT_MD,Transcriptome
DHODH,0.10919059,Mitochondria,Lung_NAT_MD,Transcriptome
DHRS1,-0.115815476,Secretory,Lung_NAT_MD,Transcriptome
DHRS3,-0.12895758,Secretory,Lung_NAT_MD,Transcriptome
DHRS7,-0.09780715,Secretory,Lung_NAT_MD,Transcriptome
DHRSX,-0.08479814,Secretory,Lung_NAT_MD,Transcriptome
DHX16,-0.14441767,Nucleus,Lung_NAT_MD,Transcriptome
DHX30,-0.09777366,Secretory,Lung_NAT_MD,Transcriptome
DHX33,-0.038623605,Nucleus,Lung_NAT_MD,Transcriptome
DHX36,0.027510177,Nucleus,Lung_NAT_MD,Transcriptome
DHX37,-0.14013538,Nucleus,Lung_NAT_MD,Transcriptome
DHX40,0.020362282,Nucleus,Lung_NAT_MD,Transcriptome
DHX9,0.032601595,Nucleus,Lung_NAT_MD,Transcriptome
DIABLO,0.007236908,Nucleus,Lung_NAT_MD,Transcriptome
DIAPH1,-0.0056358613,Cytosol,Lung_NAT_MD,Transcriptome
DIDO1,-0.03771486,Nucleus,Lung_NAT_MD,Transcriptome
DIMT1,0.00773591,Nucleus,Lung_NAT_MD,Transcriptome
DIP2A,-0.051809173,Cytosol,Lung_NAT_MD,Transcriptome
DIP2B,-0.047272567,Cytosol,Lung_NAT_MD,Transcriptome
DIS3L,-0.025249016,Cytosol,Lung_NAT_MD,Transcriptome
DIS3L2,0.0039603,Cytosol,Lung_NAT_MD,Transcriptome
DKC1,-0.007365729,Nucleus,Lung_NAT_MD,Transcriptome
DLAT,0.002035,Secretory,Lung_NAT_MD,Transcriptome
DLG1,-0.12486825,Mitochondria,Lung_NAT_MD,Transcriptome
DLG5,-0.033219635,Secretory,Lung_NAT_MD,Transcriptome
DLGAP5,-0.09060264,Cytosol,Lung_NAT_MD,Transcriptome
DNAAF2,-0.14000182,Cytosol,Lung_NAT_MD,Transcriptome
DNAJA3,0.13320872,Mitochondria,Lung_NAT_MD,Transcriptome
DNAJB11,-0.01706247,Secretory,Lung_NAT_MD,Transcriptome
DNAJB12,-0.038255807,Secretory,Lung_NAT_MD,Transcriptome
DNAJB14,-0.021284336,Secretory,Lung_NAT_MD,Transcriptome
DNAJB4,-0.05037552,Cytosol,Lung_NAT_MD,Transcriptome
DNAJC1,-0.030120041,Secretory,Lung_NAT_MD,Transcriptome
DNAJC10,-0.013471092,Secretory,Lung_NAT_MD,Transcriptome
DNAJC11,0.06691135,Mitochondria,Lung_NAT_MD,Transcriptome
DNAJC13,-0.015710887,Secretory,Lung_NAT_MD,Transcriptome
DNAJC16,-0.017291337,Secretory,Lung_NAT_MD,Transcriptome
DNAJC19,-0.052555967,Mitochondria,Lung_NAT_MD,Transcriptome
DNAJC25,-0.02916427,Secretory,Lung_NAT_MD,Transcriptome
DNAJC3,-0.021948857,Secretory,Lung_NAT_MD,Transcriptome
DNAJC5,-0.10597904,Secretory,Lung_NAT_MD,Transcriptome
DNAJC7,0.0074701286,Cytosol,Lung_NAT_MD,Transcriptome
DNM2,-0.0036753456,Cytosol,Lung_NAT_MD,Transcriptome
DNMBP,-0.00951878,Cytosol,Lung_NAT_MD,Transcriptome
DNTTIP1,-0.05108897,Nucleus,Lung_NAT_MD,Transcriptome
DNTTIP2,0.029664382,Nucleus,Lung_NAT_MD,Transcriptome
DOCK9,-0.027324393,Secretory,Lung_NAT_MD,Transcriptome
DOHH,-0.102582775,Cytosol,Lung_NAT_MD,Transcriptome
DPF2,-0.16592392,Nucleus,Lung_NAT_MD,Transcriptome
DPH2,-0.09272902,Cytosol,Lung_NAT_MD,Transcriptome
DPH3,-0.043957323,Cytosol,Lung_NAT_MD,Transcriptome
DPH5,-0.02542599,Cytosol,Lung_NAT_MD,Transcriptome
DPH7,-0.09808876,Cytosol,Lung_NAT_MD,Transcriptome
DPM1,-0.03481672,Secretory,Lung_NAT_MD,Transcriptome
DPM3,-0.13117485,Secretory,Lung_NAT_MD,Transcriptome
DPP3,-0.09075766,Cytosol,Lung_NAT_MD,Transcriptome
DPY19L1,-0.034824274,Secretory,Lung_NAT_MD,Transcriptome
DPY19L3,-0.023066247,Secretory,Lung_NAT_MD,Transcriptome
DPYD,-0.019034859,Cytosol,Lung_NAT_MD,Transcriptome
DRG2,-0.10086576,Cytosol,Lung_NAT_MD,Transcriptome
DROSHA,0.023598023,Nucleus,Lung_NAT_MD,Transcriptome
DSTN,-0.050848935,Cytosol,Lung_NAT_MD,Transcriptome
DTD1,-0.13960071,Cytosol,Lung_NAT_MD,Transcriptome
DTNB,0.13201593,Mitochondria,Lung_NAT_MD,Transcriptome
DTNBP1,-0.002924784,Cytosol,Lung_NAT_MD,Transcriptome
DTYMK,-0.13829035,Cytosol,Lung_NAT_MD,Transcriptome
DUSP12,-0.026496647,Cytosol,Lung_NAT_MD,Transcriptome
DUSP14,-0.028382977,Cytosol,Lung_NAT_MD,Transcriptome
DUSP3,-0.04151238,Cytosol,Lung_NAT_MD,Transcriptome
DVL2,-0.08906782,Cytosol,Lung_NAT_MD,Transcriptome
DYNC1H1,0.0040222905,Cytosol,Lung_NAT_MD,Transcriptome
DYNC1I2,-0.04540955,Cytosol,Lung_NAT_MD,Transcriptome
DYNC1LI1,-0.045100946,Cytosol,Lung_NAT_MD,Transcriptome
DYNC1LI2,-0.045742005,Cytosol,Lung_NAT_MD,Transcriptome
DYNLRB1,-0.11206821,Cytosol,Lung_NAT_MD,Transcriptome
DYNLT3,-0.05113179,Cytosol,Lung_NAT_MD,Transcriptome
DYRK1A,-0.051964927,Cytosol,Lung_NAT_MD,Transcriptome
EBAG9,-0.01691205,Secretory,Lung_NAT_MD,Transcriptome
EBNA1BP2,0.009104258,Nucleus,Lung_NAT_MD,Transcriptome
ECD,-0.03719972,Cytosol,Lung_NAT_MD,Transcriptome
ECE1,-0.014514944,Secretory,Lung_NAT_MD,Transcriptome
ECI2,-0.006516699,Secretory,Lung_NAT_MD,Transcriptome
ECSIT,0.09977057,Mitochondria,Lung_NAT_MD,Transcriptome
ECT2,-0.012681351,Secretory,Lung_NAT_MD,Transcriptome
EDEM2,-0.10817475,Secretory,Lung_NAT_MD,Transcriptome
EDEM3,-0.021063501,Secretory,Lung_NAT_MD,Transcriptome
EDF1,-0.1446179,Cytosol,Lung_NAT_MD,Transcriptome
EEF1A1,-0.1367195,Cytosol,Lung_NAT_MD,Transcriptome
EEF1B2,-0.13652812,Cytosol,Lung_NAT_MD,Transcriptome
EEF1D,-0.025905645,Cytosol,Lung_NAT_MD,Transcriptome
EEF2,-0.1439833,Cytosol,Lung_NAT_MD,Transcriptome
EEF2K,-0.049078435,Cytosol,Lung_NAT_MD,Transcriptome
EFNB1,-0.013128716,Secretory,Lung_NAT_MD,Transcriptome
EFR3A,-0.019172072,Secretory,Lung_NAT_MD,Transcriptome
EGFR,-0.03406854,Secretory,Lung_NAT_MD,Transcriptome
EHBP1,-0.046371687,Cytosol,Lung_NAT_MD,Transcriptome
EIF1AD,0.008334906,Cytosol,Lung_NAT_MD,Transcriptome
EIF2AK3,-0.024068456,Secretory,Lung_NAT_MD,Transcriptome
EIF2AK4,-0.005570601,Cytosol,Lung_NAT_MD,Transcriptome
EIF2B1,-0.01776591,Cytosol,Lung_NAT_MD,Transcriptome
EIF4EBP2,-0.03450866,Cytosol,Lung_NAT_MD,Transcriptome
EIF4H,-0.0165626,Cytosol,Lung_NAT_MD,Transcriptome
EIF6,-0.116466545,Cytosol,Lung_NAT_MD,Transcriptome
ELAVL1,0.013844367,Nucleus,Lung_NAT_MD,Transcriptome
ELMO2,-0.11298442,Cytosol,Lung_NAT_MD,Transcriptome
ELMOD2,-0.018105522,Secretory,Lung_NAT_MD,Transcriptome
ELOVL1,-0.14779368,Secretory,Lung_NAT_MD,Transcriptome
ELP4,-0.04361859,Cytosol,Lung_NAT_MD,Transcriptome
EMC1,-0.011756859,Secretory,Lung_NAT_MD,Transcriptome
EMC10,-0.1413584,Secretory,Lung_NAT_MD,Transcriptome
EMC3,-0.06767305,Secretory,Lung_NAT_MD,Transcriptome
EMC4,-0.13670455,Secretory,Lung_NAT_MD,Transcriptome
EMC7,-0.0031062895,Secretory,Lung_NAT_MD,Transcriptome
EMC8,-0.102438815,Secretory,Lung_NAT_MD,Transcriptome
EMD,-0.008019639,Secretory,Lung_NAT_MD,Transcriptome
EML3,-0.04349882,Cytosol,Lung_NAT_MD,Transcriptome
EML4,0.008906084,Cytosol,Lung_NAT_MD,Transcriptome
ENAH,-0.047803257,Cytosol,Lung_NAT_MD,Transcriptome
ENDOD1,-0.018350314,Secretory,Lung_NAT_MD,Transcriptome
ENDOG,-0.16849028,Nucleus,Lung_NAT_MD,Transcriptome
ENO1,-0.08030361,Cytosol,Lung_NAT_MD,Transcriptome
ENO3,-0.117863774,Cytosol,Lung_NAT_MD,Transcriptome
ENOPH1,4.771494e-05,Cytosol,Lung_NAT_MD,Transcriptome
ENSA,-0.022779543,Cytosol,Lung_NAT_MD,Transcriptome
EPB41,-0.15966128,Mitochondria,Lung_NAT_MD,Transcriptome
EPB41L5,-0.022193596,Secretory,Lung_NAT_MD,Transcriptome
EPHA2,-0.02638403,Secretory,Lung_NAT_MD,Transcriptome
EPHB2,-0.1508633,Secretory,Lung_NAT_MD,Transcriptome
EPHB4,-0.037418306,Secretory,Lung_NAT_MD,Transcriptome
EPHX1,-0.07039816,Secretory,Lung_NAT_MD,Transcriptome
ERAL1,0.12999733,Mitochondria,Lung_NAT_MD,Transcriptome
ERBB2,-0.059117056,Secretory,Lung_NAT_MD,Transcriptome
ERC1,0.003833444,Cytosol,Lung_NAT_MD,Transcriptome
ERCC6L,-0.020688403,Cytosol,Lung_NAT_MD,Transcriptome
ERF,-0.014806124,Cytosol,Lung_NAT_MD,Transcriptome
ERGIC1,-0.04580325,Secretory,Lung_NAT_MD,Transcriptome
ERGIC2,-0.0196397,Secretory,Lung_NAT_MD,Transcriptome
ERGIC3,-0.15453677,Secretory,Lung_NAT_MD,Transcriptome
ERLEC1,-0.011684091,Secretory,Lung_NAT_MD,Transcriptome
ERLIN1,-0.015919816,Secretory,Lung_NAT_MD,Transcriptome
ERLIN2,-0.014443565,Secretory,Lung_NAT_MD,Transcriptome
ERMP1,-0.023146559,Secretory,Lung_NAT_MD,Transcriptome
ERP29,-0.1131054,Nucleus,Lung_NAT_MD,Transcriptome
ESCO1,0.017855186,Nucleus,Lung_NAT_MD,Transcriptome
ESF1,0.01534282,Nucleus,Lung_NAT_MD,Transcriptome
ESRRA,-0.18053754,Nucleus,Lung_NAT_MD,Transcriptome
ESYT1,-0.106333606,Secretory,Lung_NAT_MD,Transcriptome
ESYT2,-0.0338522,Secretory,Lung_NAT_MD,Transcriptome
ETF1,-0.037550557,Cytosol,Lung_NAT_MD,Transcriptome
ETFA,-0.03545263,Mitochondria,Lung_NAT_MD,Transcriptome
ETFDH,-0.12212812,Mitochondria,Lung_NAT_MD,Transcriptome
EXD2,-0.06216702,Mitochondria,Lung_NAT_MD,Transcriptome
EXOG,-0.09683864,Mitochondria,Lung_NAT_MD,Transcriptome
EXOSC10,-0.13053365,Nucleus,Lung_NAT_MD,Transcriptome
EXOSC3,0.012348264,Nucleus,Lung_NAT_MD,Transcriptome
EXOSC5,-0.21371979,Nucleus,Lung_NAT_MD,Transcriptome
EXOSC9,0.012327619,Nucleus,Lung_NAT_MD,Transcriptome
EXT2,-0.09178375,Secretory,Lung_NAT_MD,Transcriptome
EXTL3,-0.06961449,Secretory,Lung_NAT_MD,Transcriptome
EZR,-0.03072074,Cytosol,Lung_NAT_MD,Transcriptome
FADS1,-0.030583432,Secretory,Lung_NAT_MD,Transcriptome
FAF2,-0.029212432,Secretory,Lung_NAT_MD,Transcriptome
FAH,-0.11045397,Cytosol,Lung_NAT_MD,Transcriptome
FAIM,-0.0012721362,Cytosol,Lung_NAT_MD,Transcriptome
FAM107B,-0.04943132,Cytosol,Lung_NAT_MD,Transcriptome
FAM111A,0.013046199,Nucleus,Lung_NAT_MD,Transcriptome
FAM114A2,-0.035184592,Cytosol,Lung_NAT_MD,Transcriptome
FAM120A,-0.002511788,Nucleus,Lung_NAT_MD,Transcriptome
FAM136A,-0.09863047,Nucleus,Lung_NAT_MD,Transcriptome
FAM162A,-0.0068378593,Mitochondria,Lung_NAT_MD,Transcriptome
FAM168A,-0.09946993,Cytosol,Lung_NAT_MD,Transcriptome
FAM177A1,-0.038995918,Secretory,Lung_NAT_MD,Transcriptome
FAM20B,-0.022221824,Secretory,Lung_NAT_MD,Transcriptome
FAM210A,-0.1384512,Mitochondria,Lung_NAT_MD,Transcriptome
FAM3C,-0.022521792,Secretory,Lung_NAT_MD,Transcriptome
FAM76A,0.030543268,Nucleus,Lung_NAT_MD,Transcriptome
FAM76B,0.021439444,Nucleus,Lung_NAT_MD,Transcriptome
FAM8A1,-0.022116967,Secretory,Lung_NAT_MD,Transcriptome
FAR1,-0.021441296,Secretory,Lung_NAT_MD,Transcriptome
FARP2,-0.14083207,Mitochondria,Lung_NAT_MD,Transcriptome
FARSA,-0.1936292,Nucleus,Lung_NAT_MD,Transcriptome
FARSB,0.019929258,Nucleus,Lung_NAT_MD,Transcriptome
FAS,-0.02522275,Secretory,Lung_NAT_MD,Transcriptome
FASTKD1,-0.07722333,Mitochondria,Lung_NAT_MD,Transcriptome
FASTKD2,-0.14376603,Mitochondria,Lung_NAT_MD,Transcriptome
FASTKD5,-0.13576527,Mitochondria,Lung_NAT_MD,Transcriptome
FAT1,-0.0009414819,Secretory,Lung_NAT_MD,Transcriptome
FBL,-0.19958378,Nucleus,Lung_NAT_MD,Transcriptome
FBLIM1,-0.04066826,Cytosol,Lung_NAT_MD,Transcriptome
FBRS,-0.05413959,Nucleus,Lung_NAT_MD,Transcriptome
FBXO11,0.03687028,Nucleus,Lung_NAT_MD,Transcriptome
FBXO28,0.01844191,Nucleus,Lung_NAT_MD,Transcriptome
FBXO3,-0.039768025,Cytosol,Lung_NAT_MD,Transcriptome
FBXO30,-0.051207643,Cytosol,Lung_NAT_MD,Transcriptome
FBXW5,-0.1052187,Cytosol,Lung_NAT_MD,Transcriptome
FCF1,0.012255607,Nucleus,Lung_NAT_MD,Transcriptome
FCHSD2,0.004292619,Cytosol,Lung_NAT_MD,Transcriptome
FDFT1,-0.05657531,Secretory,Lung_NAT_MD,Transcriptome
FDPS,-0.036513895,Cytosol,Lung_NAT_MD,Transcriptome
FER,-0.04877292,Cytosol,Lung_NAT_MD,Transcriptome
FHOD1,-0.038857207,Cytosol,Lung_NAT_MD,Transcriptome
FIZ1,-0.16417873,Nucleus,Lung_NAT_MD,Transcriptome
FKBP14,0.0019909819,Nucleus,Lung_NAT_MD,Transcriptome
FKBP3,-0.029133156,Cytosol,Lung_NAT_MD,Transcriptome
FKBP4,-0.009140532,Cytosol,Lung_NAT_MD,Transcriptome
FKBP8,-0.1027013,Secretory,Lung_NAT_MD,Transcriptome
FKBPL,-0.029599838,Cytosol,Lung_NAT_MD,Transcriptome
FLCN,-0.011034773,Cytosol,Lung_NAT_MD,Transcriptome
FLNA,-0.053532068,Cytosol,Lung_NAT_MD,Transcriptome
FLNB,-0.012577244,Cytosol,Lung_NAT_MD,Transcriptome
FLOT1,-0.007771409,Secretory,Lung_NAT_MD,Transcriptome
FLOT2,-0.10399563,Secretory,Lung_NAT_MD,Transcriptome
FLVCR1,-0.03796719,Secretory,Lung_NAT_MD,Transcriptome
FMNL2,-0.015234655,Secretory,Lung_NAT_MD,Transcriptome
FNBP1,-0.04848618,Cytosol,Lung_NAT_MD,Transcriptome
FNBP1L,-0.04634577,Cytosol,Lung_NAT_MD,Transcriptome
FNBP4,0.0308124,Nucleus,Lung_NAT_MD,Transcriptome
FNDC3A,-0.02582111,Secretory,Lung_NAT_MD,Transcriptome
FNDC3B,-0.035688415,Secretory,Lung_NAT_MD,Transcriptome
FNIP1,-0.05083237,Cytosol,Lung_NAT_MD,Transcriptome
FOXJ2,-0.04443796,Nucleus,Lung_NAT_MD,Transcriptome
FOXK1,-0.11194735,Nucleus,Lung_NAT_MD,Transcriptome
FOXK2,-0.018385826,Nucleus,Lung_NAT_MD,Transcriptome
FOXO3,-0.043540556,Cytosol,Lung_NAT_MD,Transcriptome
FOXRED1,0.09737136,Mitochondria,Lung_NAT_MD,Transcriptome
FPGT,-0.034263115,Cytosol,Lung_NAT_MD,Transcriptome
FRRS1,-0.0060413373,Secretory,Lung_NAT_MD,Transcriptome
FSCN1,-0.037923817,Cytosol,Lung_NAT_MD,Transcriptome
FTSJ1,-0.13545057,Cytosol,Lung_NAT_MD,Transcriptome
FUNDC2,-0.14688738,Mitochondria,Lung_NAT_MD,Transcriptome
FURIN,-0.005824111,Secretory,Lung_NAT_MD,Transcriptome
FUT8,-0.14828731,Secretory,Lung_NAT_MD,Transcriptome
FXR2,0.005013695,Nucleus,Lung_NAT_MD,Transcriptome
FYTTD1,0.0238768,Nucleus,Lung_NAT_MD,Transcriptome
FZD6,-0.023474546,Secretory,Lung_NAT_MD,Transcriptome
FZD7,-0.09218945,Secretory,Lung_NAT_MD,Transcriptome
G6PD,-0.03892159,Cytosol,Lung_NAT_MD,Transcriptome
GABARAP,-0.14132194,Cytosol,Lung_NAT_MD,Transcriptome
GABPA,0.018902756,Nucleus,Lung_NAT_MD,Transcriptome
GADD45GIP1,-0.14516659,Secretory,Lung_NAT_MD,Transcriptome
GALE,-0.05999414,Cytosol,Lung_NAT_MD,Transcriptome
GALK1,-0.086636,Cytosol,Lung_NAT_MD,Transcriptome
GALK2,-0.027299104,Cytosol,Lung_NAT_MD,Transcriptome
GALNT1,-0.010884643,Secretory,Lung_NAT_MD,Transcriptome
GALNT10,-0.1271064,Secretory,Lung_NAT_MD,Transcriptome
GALNT2,-0.030139556,Secretory,Lung_NAT_MD,Transcriptome
GALNT7,-0.012698053,Secretory,Lung_NAT_MD,Transcriptome
GAPDH,-0.12910928,Cytosol,Lung_NAT_MD,Transcriptome
GAR1,0.014929633,Nucleus,Lung_NAT_MD,Transcriptome
GART,0.00768993,Cytosol,Lung_NAT_MD,Transcriptome
GATAD1,0.01755492,Nucleus,Lung_NAT_MD,Transcriptome
GBA2,-0.016663441,Secretory,Lung_NAT_MD,Transcriptome
GBE1,-0.043011244,Cytosol,Lung_NAT_MD,Transcriptome
GBP2,-0.09514312,Cytosol,Lung_NAT_MD,Transcriptome
GCLM,-0.043995406,Cytosol,Lung_NAT_MD,Transcriptome
GCSH,-0.07892818,Mitochondria,Lung_NAT_MD,Transcriptome
GDAP1,-0.07524026,Mitochondria,Lung_NAT_MD,Transcriptome
GDE1,-0.10443662,Secretory,Lung_NAT_MD,Transcriptome
GDI2,-0.029286763,Cytosol,Lung_NAT_MD,Transcriptome
GDPD1,-0.017946804,Secretory,Lung_NAT_MD,Transcriptome
GEMIN5,-0.043167416,Cytosol,Lung_NAT_MD,Transcriptome
GGA1,-0.06984433,Cytosol,Lung_NAT_MD,Transcriptome
GGA3,-0.06901911,Cytosol,Lung_NAT_MD,Transcriptome
GGCT,-0.016328791,Cytosol,Lung_NAT_MD,Transcriptome
GGCX,-0.010577492,Secretory,Lung_NAT_MD,Transcriptome
GIPC1,-0.07158375,Cytosol,Lung_NAT_MD,Transcriptome
GLA,-0.009975552,Nucleus,Lung_NAT_MD,Transcriptome
GLCE,-0.015692633,Secretory,Lung_NAT_MD,Transcriptome
GLE1,-0.026214069,Nucleus,Lung_NAT_MD,Transcriptome
GLG1,-0.072838895,Secretory,Lung_NAT_MD,Transcriptome
GLIPR2,-0.079553925,Secretory,Lung_NAT_MD,Transcriptome
GLOD4,-0.041063365,Cytosol,Lung_NAT_MD,Transcriptome
GLRX,-0.03950509,Cytosol,Lung_NAT_MD,Transcriptome
GLRX3,-0.02039005,Cytosol,Lung_NAT_MD,Transcriptome
GLS,-0.1551621,Mitochondria,Lung_NAT_MD,Transcriptome
GLUL,-0.015189142,Cytosol,Lung_NAT_MD,Transcriptome
GMFB,-0.050790705,Cytosol,Lung_NAT_MD,Transcriptome
GMIP,-0.053988006,Cytosol,Lung_NAT_MD,Transcriptome
GMPPA,-0.13668835,Cytosol,Lung_NAT_MD,Transcriptome
GMPPB,-0.12547885,Cytosol,Lung_NAT_MD,Transcriptome
GMPR2,-0.136644,Cytosol,Lung_NAT_MD,Transcriptome
GNA13,-0.038805548,Secretory,Lung_NAT_MD,Transcriptome
GNAI1,-0.023286168,Secretory,Lung_NAT_MD,Transcriptome
GNAI2,-0.0950343,Secretory,Lung_NAT_MD,Transcriptome
GNAI3,-0.03539571,Secretory,Lung_NAT_MD,Transcriptome
GNAQ,-0.023485092,Secretory,Lung_NAT_MD,Transcriptome
GNAS,-0.0060835117,Secretory,Lung_NAT_MD,Transcriptome
GNB1,-0.005009385,Secretory,Lung_NAT_MD,Transcriptome
GNB1L,-0.086388655,Cytosol,Lung_NAT_MD,Transcriptome
GNB2,-0.07711068,Secretory,Lung_NAT_MD,Transcriptome
GNL2,0.02257612,Nucleus,Lung_NAT_MD,Transcriptome
GNPAT,-0.018380085,Secretory,Lung_NAT_MD,Transcriptome
GNPDA2,-0.04237059,Cytosol,Lung_NAT_MD,Transcriptome
GNPNAT1,-0.04344719,Cytosol,Lung_NAT_MD,Transcriptome
GNPTAB,-0.021238549,Secretory,Lung_NAT_MD,Transcriptome
GOLGA1,-0.020299975,Secretory,Lung_NAT_MD,Transcriptome
GOLGA2,-0.03442028,Secretory,Lung_NAT_MD,Transcriptome
GOLGA3,-0.06416651,Cytosol,Lung_NAT_MD,Transcriptome
GOLGA4,0.022964058,Nucleus,Lung_NAT_MD,Transcriptome
GOLGA5,-0.0073254565,Secretory,Lung_NAT_MD,Transcriptome
GOLGA7,-0.16769958,Secretory,Lung_NAT_MD,Transcriptome
GOLGB1,-0.030836165,Secretory,Lung_NAT_MD,Transcriptome
GOLIM4,-0.024318047,Secretory,Lung_NAT_MD,Transcriptome
GOLM1,-0.12159354,Secretory,Lung_NAT_MD,Transcriptome
GOLPH3L,-0.036400784,Cytosol,Lung_NAT_MD,Transcriptome
GOLT1B,-0.01930607,Secretory,Lung_NAT_MD,Transcriptome
GORASP1,-0.06620819,Secretory,Lung_NAT_MD,Transcriptome
GORASP2,-0.13330312,Secretory,Lung_NAT_MD,Transcriptome
GOSR1,-0.036536645,Secretory,Lung_NAT_MD,Transcriptome
GPATCH4,-0.0065164953,Nucleus,Lung_NAT_MD,Transcriptome
GPATCH8,0.02214429,Nucleus,Lung_NAT_MD,Transcriptome
GPCPD1,-0.00072667055,Cytosol,Lung_NAT_MD,Transcriptome
GPD1L,-0.046256594,Cytosol,Lung_NAT_MD,Transcriptome
GPD2,-0.03555785,Mitochondria,Lung_NAT_MD,Transcriptome
GPI,-0.102119654,Cytosol,Lung_NAT_MD,Transcriptome
GPN1,-0.007762318,Cytosol,Lung_NAT_MD,Transcriptome
GPN3,-0.020647839,Cytosol,Lung_NAT_MD,Transcriptome
GPR107,-0.03141676,Secretory,Lung_NAT_MD,Transcriptome
GPR108,-0.1152133,Secretory,Lung_NAT_MD,Transcriptome
GPR180,-0.017682442,Secretory,Lung_NAT_MD,Transcriptome
GPRC5A,-0.03751148,Secretory,Lung_NAT_MD,Transcriptome
GPSM1,-0.03383452,Cytosol,Lung_NAT_MD,Transcriptome
GPX4,-0.11191564,Cytosol,Lung_NAT_MD,Transcriptome
GPX8,-0.0034390786,Secretory,Lung_NAT_MD,Transcriptome
GRAMD1A,-0.046744447,Secretory,Lung_NAT_MD,Transcriptome
GRAMD4,-0.12344717,Secretory,Lung_NAT_MD,Transcriptome
GRHPR,-0.14410403,Cytosol,Lung_NAT_MD,Transcriptome
GRIPAP1,-0.01664508,Cytosol,Lung_NAT_MD,Transcriptome
GRSF1,-0.0038699685,Secretory,Lung_NAT_MD,Transcriptome
GSE1,-0.025288014,Nucleus,Lung_NAT_MD,Transcriptome
GSK3A,-0.028485581,Cytosol,Lung_NAT_MD,Transcriptome
GSK3B,-0.045459587,Cytosol,Lung_NAT_MD,Transcriptome
GSN,-0.121083,Cytosol,Lung_NAT_MD,Transcriptome
GSPT1,-0.04191869,Cytosol,Lung_NAT_MD,Transcriptome
GSR,-0.052113596,Cytosol,Lung_NAT_MD,Transcriptome
GSS,-0.121535,Cytosol,Lung_NAT_MD,Transcriptome
GSTO1,-0.04471369,Cytosol,Lung_NAT_MD,Transcriptome
GTF3A,-0.12471862,Cytosol,Lung_NAT_MD,Transcriptome
GTF3C2,-0.15272346,Nucleus,Lung_NAT_MD,Transcriptome
GTPBP10,-0.020802572,Secretory,Lung_NAT_MD,Transcriptome
GTPBP6,0.08577498,Mitochondria,Lung_NAT_MD,Transcriptome
GUF1,-0.07463668,Mitochondria,Lung_NAT_MD,Transcriptome
GUK1,-0.06372069,Cytosol,Lung_NAT_MD,Transcriptome
HADHA,0.05909233,Mitochondria,Lung_NAT_MD,Transcriptome
HADHB,-0.016817216,Mitochondria,Lung_NAT_MD,Transcriptome
HAGH,-0.084829316,Cytosol,Lung_NAT_MD,Transcriptome
HAUS3,-0.04353316,Cytosol,Lung_NAT_MD,Transcriptome
HAUS8,-0.09951365,Cytosol,Lung_NAT_MD,Transcriptome
HAX1,0.13334252,Mitochondria,Lung_NAT_MD,Transcriptome
HCCS,-0.048705965,Mitochondria,Lung_NAT_MD,Transcriptome
HCFC1,-0.06315291,Nucleus,Lung_NAT_MD,Transcriptome
HDAC2,0.0026435452,Nucleus,Lung_NAT_MD,Transcriptome
HDAC4,-0.009701124,Cytosol,Lung_NAT_MD,Transcriptome
HDAC7,-0.02601893,Cytosol,Lung_NAT_MD,Transcriptome
HDAC8,-0.031732034,Cytosol,Lung_NAT_MD,Transcriptome
HDDC2,-0.0444893,Cytosol,Lung_NAT_MD,Transcriptome
HDLBP,-0.17281964,Nucleus,Lung_NAT_MD,Transcriptome
HEATR1,0.0122489,Nucleus,Lung_NAT_MD,Transcriptome
HEBP1,-0.049756493,Cytosol,Lung_NAT_MD,Transcriptome
HECTD4,0.0015241939,Cytosol,Lung_NAT_MD,Transcriptome
HELZ,0.023120098,Nucleus,Lung_NAT_MD,Transcriptome
HELZ2,-0.07593615,Nucleus,Lung_NAT_MD,Transcriptome
HERC1,-0.04930834,Cytosol,Lung_NAT_MD,Transcriptome
HERC2,-0.07749931,Secretory,Lung_NAT_MD,Transcriptome
HERC5,-0.050249603,Nucleus,Lung_NAT_MD,Transcriptome
HINT3,-0.022147886,Secretory,Lung_NAT_MD,Transcriptome
HIP1,-0.0069707027,Mitochondria,Lung_NAT_MD,Transcriptome
HIRIP3,0.011113921,Nucleus,Lung_NAT_MD,Transcriptome
HLA-A,-0.10382858,Secretory,Lung_NAT_MD,Transcriptome
HLA-C,-0.10022574,Secretory,Lung_NAT_MD,Transcriptome
HLA-E,-0.0042472663,Secretory,Lung_NAT_MD,Transcriptome
HLA-F,-0.079165824,Secretory,Lung_NAT_MD,Transcriptome
HLTF,0.01567938,Nucleus,Lung_NAT_MD,Transcriptome
HM13,-0.07740811,Secretory,Lung_NAT_MD,Transcriptome
HMG20A,0.022050226,Nucleus,Lung_NAT_MD,Transcriptome
HMGCS1,-0.0049538855,Cytosol,Lung_NAT_MD,Transcriptome
HMGXB4,0.035734754,Nucleus,Lung_NAT_MD,Transcriptome
HMOX2,-0.04446752,Secretory,Lung_NAT_MD,Transcriptome
HNRNPA0,0.026361572,Nucleus,Lung_NAT_MD,Transcriptome
HNRNPA1,0.021381289,Nucleus,Lung_NAT_MD,Transcriptome
HNRNPA2B1,0.034139972,Nucleus,Lung_NAT_MD,Transcriptome
HNRNPA3,0.022382855,Nucleus,Lung_NAT_MD,Transcriptome
HNRNPAB,-0.009115303,Nucleus,Lung_NAT_MD,Transcriptome
HNRNPC,0.03578841,Nucleus,Lung_NAT_MD,Transcriptome
HNRNPD,0.020398436,Nucleus,Lung_NAT_MD,Transcriptome
HNRNPDL,0.023972332,Nucleus,Lung_NAT_MD,Transcriptome
HNRNPH1,0.027462797,Nucleus,Lung_NAT_MD,Transcriptome
HNRNPH2,0.024340719,Nucleus,Lung_NAT_MD,Transcriptome
HNRNPH3,0.022845773,Nucleus,Lung_NAT_MD,Transcriptome
HNRNPK,0.03010212,Nucleus,Lung_NAT_MD,Transcriptome
HNRNPL,-0.022114182,Nucleus,Lung_NAT_MD,Transcriptome
HNRNPM,0.008005809,Nucleus,Lung_NAT_MD,Transcriptome
HNRNPR,0.015606598,Nucleus,Lung_NAT_MD,Transcriptome
HNRNPUL1,-0.09733869,Nucleus,Lung_NAT_MD,Transcriptome
HOOK3,-0.05112189,Cytosol,Lung_NAT_MD,Transcriptome
HP1BP3,0.023488123,Nucleus,Lung_NAT_MD,Transcriptome
HPSE,-0.15052477,Secretory,Lung_NAT_MD,Transcriptome
HRAS,-0.10701229,Secretory,Lung_NAT_MD,Transcriptome
HS1BP3,-0.08694194,Cytosol,Lung_NAT_MD,Transcriptome
HS2ST1,-0.018730931,Secretory,Lung_NAT_MD,Transcriptome
HSBP1,-0.01596913,Cytosol,Lung_NAT_MD,Transcriptome
HSD17B11,-0.007881707,Secretory,Lung_NAT_MD,Transcriptome
HSD17B12,-0.02213277,Secretory,Lung_NAT_MD,Transcriptome
HSD17B7,-0.016648985,Secretory,Lung_NAT_MD,Transcriptome
HSDL1,-0.07613107,Mitochondria,Lung_NAT_MD,Transcriptome
HSP90AA1,-0.040144872,Cytosol,Lung_NAT_MD,Transcriptome
HSP90AB1,-0.021754034,Cytosol,Lung_NAT_MD,Transcriptome
HSPA14,-0.048575345,Cytosol,Lung_NAT_MD,Transcriptome
HSPA4,0.0009879892,Cytosol,Lung_NAT_MD,Transcriptome
HSPA4L,-0.041652575,Cytosol,Lung_NAT_MD,Transcriptome
HSPB1,-0.09088684,Cytosol,Lung_NAT_MD,Transcriptome
HSPB8,-0.028844122,Cytosol,Lung_NAT_MD,Transcriptome
HSPBP1,-0.12103845,Cytosol,Lung_NAT_MD,Transcriptome
HSPH1,-0.035035465,Cytosol,Lung_NAT_MD,Transcriptome
HTATIP2,-0.06781447,Secretory,Lung_NAT_MD,Transcriptome
HTT,-0.018274486,Cytosol,Lung_NAT_MD,Transcriptome
IAH1,-0.021488557,Cytosol,Lung_NAT_MD,Transcriptome
IDE,-0.03571999,Cytosol,Lung_NAT_MD,Transcriptome
IDH1,-0.044832487,Cytosol,Lung_NAT_MD,Transcriptome
IDI1,-0.051635575,Cytosol,Lung_NAT_MD,Transcriptome
IDS,-0.017593883,Nucleus,Lung_NAT_MD,Transcriptome
IFIT5,-0.026558878,Cytosol,Lung_NAT_MD,Transcriptome
IFNGR1,-0.037432306,Secretory,Lung_NAT_MD,Transcriptome
IFT27,-0.10966814,Cytosol,Lung_NAT_MD,Transcriptome
IFT81,-0.0109322015,Cytosol,Lung_NAT_MD,Transcriptome
IFT88,-0.03209919,Cytosol,Lung_NAT_MD,Transcriptome
IGF1R,-0.0027212524,Secretory,Lung_NAT_MD,Transcriptome
IGF2BP2,0.035031963,Nucleus,Lung_NAT_MD,Transcriptome
IGF2R,-0.026163958,Secretory,Lung_NAT_MD,Transcriptome
IGSF3,-0.02683924,Secretory,Lung_NAT_MD,Transcriptome
IGSF8,-0.07291773,Secretory,Lung_NAT_MD,Transcriptome
IK,0.0003150053,Nucleus,Lung_NAT_MD,Transcriptome
IKBIP,-0.01569892,Secretory,Lung_NAT_MD,Transcriptome
IL1RAP,-0.036411207,Secretory,Lung_NAT_MD,Transcriptome
IL6ST,-0.031078273,Secretory,Lung_NAT_MD,Transcriptome
ILF2,-0.007461319,Nucleus,Lung_NAT_MD,Transcriptome
ILF3,-0.009931553,Nucleus,Lung_NAT_MD,Transcriptome
ILVBL,-0.13304172,Secretory,Lung_NAT_MD,Transcriptome
IMMT,0.07806841,Mitochondria,Lung_NAT_MD,Transcriptome
IMP3,-0.20153597,Nucleus,Lung_NAT_MD,Transcriptome
IMP4,-0.1930874,Nucleus,Lung_NAT_MD,Transcriptome
IMPA1,-0.04876727,Cytosol,Lung_NAT_MD,Transcriptome
IMPACT,-0.03833114,Cytosol,Lung_NAT_MD,Transcriptome
IMPDH1,-0.08477581,Cytosol,Lung_NAT_MD,Transcriptome
INCENP,-0.2085015,Nucleus,Lung_NAT_MD,Transcriptome
ING1,0.019349081,Nucleus,Lung_NAT_MD,Transcriptome
ING5,-0.11281002,Nucleus,Lung_NAT_MD,Transcriptome
INO80,0.033295315,Nucleus,Lung_NAT_MD,Transcriptome
INPP1,-0.04612922,Cytosol,Lung_NAT_MD,Transcriptome
INPP4A,-0.10673987,Cytosol,Lung_NAT_MD,Transcriptome
INPP5A,-0.025872419,Secretory,Lung_NAT_MD,Transcriptome
INPP5K,-0.014227966,Secretory,Lung_NAT_MD,Transcriptome
INPPL1,-0.083609335,Cytosol,Lung_NAT_MD,Transcriptome
INSR,-0.033238966,Secretory,Lung_NAT_MD,Transcriptome
INTS3,-0.01846731,Nucleus,Lung_NAT_MD,Transcriptome
IQSEC2,-0.07722555,Cytosol,Lung_NAT_MD,Transcriptome
IRAK4,-0.022765627,Cytosol,Lung_NAT_MD,Transcriptome
IREB2,-0.044975046,Cytosol,Lung_NAT_MD,Transcriptome
IRF2BP1,-0.15547486,Nucleus,Lung_NAT_MD,Transcriptome
IRF2BPL,-0.110608615,Nucleus,Lung_NAT_MD,Transcriptome
IRF3,-0.09075506,Cytosol,Lung_NAT_MD,Transcriptome
IRF9,-0.06997139,Cytosol,Lung_NAT_MD,Transcriptome
IRS1,-0.032774013,Cytosol,Lung_NAT_MD,Transcriptome
IRS2,0.0065297615,Cytosol,Lung_NAT_MD,Transcriptome
ISG20L2,0.01384778,Nucleus,Lung_NAT_MD,Transcriptome
IST1,0.0076613906,Cytosol,Lung_NAT_MD,Transcriptome
ITFG1,-0.0039022285,Secretory,Lung_NAT_MD,Transcriptome
ITGA2,-0.03154468,Secretory,Lung_NAT_MD,Transcriptome
ITGA3,-0.013723999,Secretory,Lung_NAT_MD,Transcriptome
ITGA5,-0.028779015,Secretory,Lung_NAT_MD,Transcriptome
ITGA6,-0.021630554,Secretory,Lung_NAT_MD,Transcriptome
ITGAV,-0.03317113,Secretory,Lung_NAT_MD,Transcriptome
ITGB1,-0.024875278,Secretory,Lung_NAT_MD,Transcriptome
ITGB4,-0.04693921,Secretory,Lung_NAT_MD,Transcriptome
ITM2B,-0.025605194,Secretory,Lung_NAT_MD,Transcriptome
ITPA,-0.1371783,Cytosol,Lung_NAT_MD,Transcriptome
ITPKC,-0.022180349,Cytosol,Lung_NAT_MD,Transcriptome
ITPR2,-0.027150046,Secretory,Lung_NAT_MD,Transcriptome
ITPR3,-0.018614111,Secretory,Lung_NAT_MD,Transcriptome
IWS1,0.033815507,Nucleus,Lung_NAT_MD,Transcriptome
JAGN1,-0.12649974,Secretory,Lung_NAT_MD,Transcriptome
JAK1,-0.037214726,Secretory,Lung_NAT_MD,Transcriptome
JAK2,-0.025705198,Secretory,Lung_NAT_MD,Transcriptome
JMJD1C,0.034641363,Nucleus,Lung_NAT_MD,Transcriptome
JPH1,-0.022846218,Secretory,Lung_NAT_MD,Transcriptome
JTB,-0.16753994,Secretory,Lung_NAT_MD,Transcriptome
JUP,0.02141307,Mitochondria,Lung_NAT_MD,Transcriptome
KAT6A,0.033147685,Nucleus,Lung_NAT_MD,Transcriptome
KAT7,-0.10515553,Nucleus,Lung_NAT_MD,Transcriptome
KCMF1,-0.04341459,Cytosol,Lung_NAT_MD,Transcriptome
KCTD9,-0.051310923,Cytosol,Lung_NAT_MD,Transcriptome
KDM1A,0.020002572,Nucleus,Lung_NAT_MD,Transcriptome
KDM2A,0.0015324247,Nucleus,Lung_NAT_MD,Transcriptome
KDM3B,-0.031914342,Nucleus,Lung_NAT_MD,Transcriptome
KDM4A,-0.031756558,Nucleus,Lung_NAT_MD,Transcriptome
KDM5B,0.030677397,Nucleus,Lung_NAT_MD,Transcriptome
KDSR,-0.029043559,Secretory,Lung_NAT_MD,Transcriptome
KHK,-0.018189646,Cytosol,Lung_NAT_MD,Transcriptome
KIAA0319L,-0.1442716,Secretory,Lung_NAT_MD,Transcriptome
KIAA0513,-0.046699792,Cytosol,Lung_NAT_MD,Transcriptome
KIDINS220,-0.036754284,Secretory,Lung_NAT_MD,Transcriptome
KIF13B,0.009160351,Cytosol,Lung_NAT_MD,Transcriptome
KIF14,-0.11357799,Secretory,Lung_NAT_MD,Transcriptome
KIF15,-0.08893116,Cytosol,Lung_NAT_MD,Transcriptome
KIF21A,-0.0067782947,Cytosol,Lung_NAT_MD,Transcriptome
KIF22,-0.20581004,Nucleus,Lung_NAT_MD,Transcriptome
KIF3B,-0.0105727045,Cytosol,Lung_NAT_MD,Transcriptome
KIF4A,-0.14304422,Nucleus,Lung_NAT_MD,Transcriptome
KIF5B,-0.05106543,Cytosol,Lung_NAT_MD,Transcriptome
KLC2,-0.04235278,Cytosol,Lung_NAT_MD,Transcriptome
KLC4,-0.049734548,Cytosol,Lung_NAT_MD,Transcriptome
KLHL11,-0.02538838,Cytosol,Lung_NAT_MD,Transcriptome
KLHL26,-0.05544221,Cytosol,Lung_NAT_MD,Transcriptome
KLHL36,-0.06640431,Cytosol,Lung_NAT_MD,Transcriptome
KMT2A,-0.013068537,Nucleus,Lung_NAT_MD,Transcriptome
KNTC1,-0.08492643,Cytosol,Lung_NAT_MD,Transcriptome
KPNA2,0.00474753,Cytosol,Lung_NAT_MD,Transcriptome
KPNA4,-0.049419463,Cytosol,Lung_NAT_MD,Transcriptome
KRAS,-0.027484946,Secretory,Lung_NAT_MD,Transcriptome
KRI1,-0.14486066,Nucleus,Lung_NAT_MD,Transcriptome
KRR1,0.015583297,Nucleus,Lung_NAT_MD,Transcriptome
KRT80,-0.020805655,Cytosol,Lung_NAT_MD,Transcriptome
KTN1,-0.02320613,Secretory,Lung_NAT_MD,Transcriptome
L2HGDH,-0.059098605,Mitochondria,Lung_NAT_MD,Transcriptome
LACTB,-0.026119476,Secretory,Lung_NAT_MD,Transcriptome
LAMA5,-0.04194589,Secretory,Lung_NAT_MD,Transcriptome
LAMB3,-0.027627967,Secretory,Lung_NAT_MD,Transcriptome
LAMP1,-0.078646556,Secretory,Lung_NAT_MD,Transcriptome
LAMP2,-0.0069476115,Secretory,Lung_NAT_MD,Transcriptome
LAMTOR1,-0.148231,Secretory,Lung_NAT_MD,Transcriptome
LAMTOR3,-0.0075477865,Secretory,Lung_NAT_MD,Transcriptome
LARP1,-0.052903738,Nucleus,Lung_NAT_MD,Transcriptome
LARP1B,0.030200975,Nucleus,Lung_NAT_MD,Transcriptome
LARP4B,0.033528395,Nucleus,Lung_NAT_MD,Transcriptome
LARP7,0.015245353,Nucleus,Lung_NAT_MD,Transcriptome
LAS1L,-0.14343886,Nucleus,Lung_NAT_MD,Transcriptome
LASP1,-0.059681654,Cytosol,Lung_NAT_MD,Transcriptome
LBR,-0.02351682,Secretory,Lung_NAT_MD,Transcriptome
LCLAT1,-0.022831943,Secretory,Lung_NAT_MD,Transcriptome
LDHB,-0.0485298,Cytosol,Lung_NAT_MD,Transcriptome
LDLR,-0.028800322,Secretory,Lung_NAT_MD,Transcriptome
LEMD2,0.07252852,Mitochondria,Lung_NAT_MD,Transcriptome
LEMD3,0.031118255,Nucleus,Lung_NAT_MD,Transcriptome
LEO1,0.014996191,Nucleus,Lung_NAT_MD,Transcriptome
LETM1,0.024970094,Mitochondria,Lung_NAT_MD,Transcriptome
LGALSL,-0.051030405,Cytosol,Lung_NAT_MD,Transcriptome
LIMD1,-0.04237966,Cytosol,Lung_NAT_MD,Transcriptome
LIMS1,-0.049557745,Cytosol,Lung_NAT_MD,Transcriptome
LIN7C,-0.020416357,Secretory,Lung_NAT_MD,Transcriptome
LLGL2,-0.025190065,Secretory,Lung_NAT_MD,Transcriptome
LLPH,0.014445589,Nucleus,Lung_NAT_MD,Transcriptome
LMAN1,-0.017788956,Secretory,Lung_NAT_MD,Transcriptome
LMAN2,-0.15201463,Secretory,Lung_NAT_MD,Transcriptome
LMAN2L,-0.1311378,Secretory,Lung_NAT_MD,Transcriptome
LMBRD1,-0.02303452,Secretory,Lung_NAT_MD,Transcriptome
LMBRD2,-0.01970815,Secretory,Lung_NAT_MD,Transcriptome
LMCD1,-0.04752079,Cytosol,Lung_NAT_MD,Transcriptome
LMNA,0.024502816,Nucleus,Lung_NAT_MD,Transcriptome
LMNB1,-0.015885783,Nucleus,Lung_NAT_MD,Transcriptome
LMTK2,-0.032639764,Secretory,Lung_NAT_MD,Transcriptome
LNPEP,-0.024645342,Secretory,Lung_NAT_MD,Transcriptome
LPCAT1,-0.08337744,Secretory,Lung_NAT_MD,Transcriptome
LPCAT2,0.0010580685,Secretory,Lung_NAT_MD,Transcriptome
LPCAT4,-0.12721658,Secretory,Lung_NAT_MD,Transcriptome
LPGAT1,-0.023082532,Secretory,Lung_NAT_MD,Transcriptome
LPIN2,-0.030982507,Cytosol,Lung_NAT_MD,Transcriptome
LPP,-0.046569653,Cytosol,Lung_NAT_MD,Transcriptome
LRCH4,-0.06451931,Secretory,Lung_NAT_MD,Transcriptome
LRIF1,0.017508226,Nucleus,Lung_NAT_MD,Transcriptome
LRP1,-0.018073808,Secretory,Lung_NAT_MD,Transcriptome
LRP10,-0.043607567,Secretory,Lung_NAT_MD,Transcriptome
LRPAP1,-0.14011523,Nucleus,Lung_NAT_MD,Transcriptome
LRRC1,-0.14276983,Mitochondria,Lung_NAT_MD,Transcriptome
LRRC59,-0.010389631,Secretory,Lung_NAT_MD,Transcriptome
LRRC8A,-0.005240341,Secretory,Lung_NAT_MD,Transcriptome
LRRC8D,-0.03128959,Secretory,Lung_NAT_MD,Transcriptome
LRSAM1,-0.033946868,Cytosol,Lung_NAT_MD,Transcriptome
LSM1,-0.07462393,Cytosol,Lung_NAT_MD,Transcriptome
LSS,-0.025092946,Secretory,Lung_NAT_MD,Transcriptome
LTA4H,-0.03748002,Cytosol,Lung_NAT_MD,Transcriptome
LTBR,-0.029952887,Secretory,Lung_NAT_MD,Transcriptome
LYAR,0.012526606,Nucleus,Lung_NAT_MD,Transcriptome
LYN,-0.009684967,Secretory,Lung_NAT_MD,Transcriptome
LYPLA1,-0.038110334,Cytosol,Lung_NAT_MD,Transcriptome
LYRM1,-0.16508035,Mitochondria,Lung_NAT_MD,Transcriptome
LYRM7,-0.092684716,Mitochondria,Lung_NAT_MD,Transcriptome
LYSMD2,-0.037397534,Cytosol,Lung_NAT_MD,Transcriptome
LZIC,-0.042108536,Cytosol,Lung_NAT_MD,Transcriptome
LZTFL1,-0.03560821,Cytosol,Lung_NAT_MD,Transcriptome
M6PR,-0.085630216,Secretory,Lung_NAT_MD,Transcriptome
MACROD1,0.09713276,Mitochondria,Lung_NAT_MD,Transcriptome
MAD1L1,-0.1067697,Nucleus,Lung_NAT_MD,Transcriptome
MAD2L1,-0.083703995,Cytosol,Lung_NAT_MD,Transcriptome
MAF1,-0.10891997,Cytosol,Lung_NAT_MD,Transcriptome
MAGI3,-0.046524882,Cytosol,Lung_NAT_MD,Transcriptome
MALT1,-0.047936786,Cytosol,Lung_NAT_MD,Transcriptome
MAN1A2,-0.017312784,Secretory,Lung_NAT_MD,Transcriptome
MAN1B1,-0.12586604,Secretory,Lung_NAT_MD,Transcriptome
MAN2A1,-0.022134718,Secretory,Lung_NAT_MD,Transcriptome
MAN2A2,-0.013704701,Secretory,Lung_NAT_MD,Transcriptome
MANBAL,-0.11266974,Secretory,Lung_NAT_MD,Transcriptome
MAP2K1,0.0083776135,Cytosol,Lung_NAT_MD,Transcriptome
MAP3K7,-0.047489446,Cytosol,Lung_NAT_MD,Transcriptome
MAP4,0.0018210844,Cytosol,Lung_NAT_MD,Transcriptome
MAP4K2,-0.01246242,Cytosol,Lung_NAT_MD,Transcriptome
MAP4K3,-0.049999855,Cytosol,Lung_NAT_MD,Transcriptome
MAP4K5,-0.048548635,Cytosol,Lung_NAT_MD,Transcriptome
MAPK1,-0.03195574,Cytosol,Lung_NAT_MD,Transcriptome
MAPK12,-0.08889337,Cytosol,Lung_NAT_MD,Transcriptome
MAPK14,-0.02950342,Cytosol,Lung_NAT_MD,Transcriptome
MAPK8,-0.05056963,Cytosol,Lung_NAT_MD,Transcriptome
MAPK9,-0.045052107,Cytosol,Lung_NAT_MD,Transcriptome
MAPKAP1,-0.08314072,Cytosol,Lung_NAT_MD,Transcriptome
MAPRE1,-0.034724437,Cytosol,Lung_NAT_MD,Transcriptome
MAST4,-0.02594873,Cytosol,Lung_NAT_MD,Transcriptome
MAT2A,-0.017586336,Cytosol,Lung_NAT_MD,Transcriptome
MAT2B,-0.037576117,Cytosol,Lung_NAT_MD,Transcriptome
MATR3,0.020247312,Nucleus,Lung_NAT_MD,Transcriptome
MAVS,0.1193321,Mitochondria,Lung_NAT_MD,Transcriptome
MAX,-0.13297145,Nucleus,Lung_NAT_MD,Transcriptome
MBD1,-0.11462074,Nucleus,Lung_NAT_MD,Transcriptome
MBD2,0.024947552,Nucleus,Lung_NAT_MD,Transcriptome
MBLAC2,-0.017306974,Secretory,Lung_NAT_MD,Transcriptome
MBOAT2,-0.022291062,Secretory,Lung_NAT_MD,Transcriptome
MBOAT7,-0.034304075,Secretory,Lung_NAT_MD,Transcriptome
MBTPS1,-0.0150163835,Secretory,Lung_NAT_MD,Transcriptome
MCL1,-0.15071008,Mitochondria,Lung_NAT_MD,Transcriptome
MCM2,-0.21345578,Nucleus,Lung_NAT_MD,Transcriptome
MCM3,-0.18721522,Nucleus,Lung_NAT_MD,Transcriptome
MCM3AP,-0.11533839,Nucleus,Lung_NAT_MD,Transcriptome
MCU,-0.13841532,Mitochondria,Lung_NAT_MD,Transcriptome
MCUR1,-0.08102762,Mitochondria,Lung_NAT_MD,Transcriptome
MDH1,-0.06412862,Cytosol,Lung_NAT_MD,Transcriptome
MDK,-0.16542794,Secretory,Lung_NAT_MD,Transcriptome
MDN1,0.0203975,Nucleus,Lung_NAT_MD,Transcriptome
MECP2,-0.023512766,Nucleus,Lung_NAT_MD,Transcriptome
MEGF9,-0.026635341,Secretory,Lung_NAT_MD,Transcriptome
MEMO1,-0.0510868,Cytosol,Lung_NAT_MD,Transcriptome
MEN1,-0.16036716,Nucleus,Lung_NAT_MD,Transcriptome
MEPCE,0.019258004,Nucleus,Lung_NAT_MD,Transcriptome
MET,-0.03172449,Secretory,Lung_NAT_MD,Transcriptome
METAP2,-0.045770075,Cytosol,Lung_NAT_MD,Transcriptome
METTL2B,-0.0076482906,Cytosol,Lung_NAT_MD,Transcriptome
METTL5,-0.017047774,Cytosol,Lung_NAT_MD,Transcriptome
METTL9,-0.0077595985,Secretory,Lung_NAT_MD,Transcriptome
MFF,-0.066696584,Mitochondria,Lung_NAT_MD,Transcriptome
MFN1,-0.13086922,Mitochondria,Lung_NAT_MD,Transcriptome
MFN2,-0.03821144,Mitochondria,Lung_NAT_MD,Transcriptome
MFSD6,-0.022595862,Secretory,Lung_NAT_MD,Transcriptome
MGAT1,-0.08591712,Secretory,Lung_NAT_MD,Transcriptome
MGAT5,-0.030863231,Secretory,Lung_NAT_MD,Transcriptome
MGME1,0.14030923,Mitochondria,Lung_NAT_MD,Transcriptome
MGRN1,-0.026975775,Secretory,Lung_NAT_MD,Transcriptome
MGST3,0.04342356,Mitochondria,Lung_NAT_MD,Transcriptome
MIA3,-0.022245947,Secretory,Lung_NAT_MD,Transcriptome
MICAL2,-0.020295408,Secretory,Lung_NAT_MD,Transcriptome
MICAL3,-0.036626566,Cytosol,Lung_NAT_MD,Transcriptome
MICU1,0.02175842,Mitochondria,Lung_NAT_MD,Transcriptome
MICU2,-0.123107985,Mitochondria,Lung_NAT_MD,Transcriptome
MIEF1,0.11256117,Mitochondria,Lung_NAT_MD,Transcriptome
MIEN1,-0.14431733,Cytosol,Lung_NAT_MD,Transcriptome
MIF4GD,-0.12634942,Cytosol,Lung_NAT_MD,Transcriptome
MIS18BP1,0.0026175615,Nucleus,Lung_NAT_MD,Transcriptome
MKI67,-0.14337237,Nucleus,Lung_NAT_MD,Transcriptome
MKNK1,-0.03887466,Cytosol,Lung_NAT_MD,Transcriptome
MLEC,-0.15700255,Secretory,Lung_NAT_MD,Transcriptome
MLKL,0.0011600625,Cytosol,Lung_NAT_MD,Transcriptome
MLLT1,-0.07398172,Nucleus,Lung_NAT_MD,Transcriptome
MMAB,0.033936046,Mitochondria,Lung_NAT_MD,Transcriptome
MMGT1,-0.025298733,Secretory,Lung_NAT_MD,Transcriptome
MNAT1,0.017701298,Nucleus,Lung_NAT_MD,Transcriptome
MOB2,-0.039678935,Cytosol,Lung_NAT_MD,Transcriptome
MOCS2,-0.039296806,Cytosol,Lung_NAT_MD,Transcriptome
MORC3,0.02034327,Nucleus,Lung_NAT_MD,Transcriptome
MORF4L1,0.02437732,Nucleus,Lung_NAT_MD,Transcriptome
MORF4L2,0.033546504,Nucleus,Lung_NAT_MD,Transcriptome
MOSPD2,-0.012186773,Secretory,Lung_NAT_MD,Transcriptome
MOV10,-0.15511021,Nucleus,Lung_NAT_MD,Transcriptome
MPHOSPH10,0.012730893,Nucleus,Lung_NAT_MD,Transcriptome
MPHOSPH8,0.020130126,Nucleus,Lung_NAT_MD,Transcriptome
MPI,-0.1306293,Cytosol,Lung_NAT_MD,Transcriptome
MPP7,-0.15775734,Mitochondria,Lung_NAT_MD,Transcriptome
MPZL1,-0.010015116,Secretory,Lung_NAT_MD,Transcriptome
MRI1,-0.11975665,Cytosol,Lung_NAT_MD,Transcriptome
MRM1,-0.13749126,Secretory,Lung_NAT_MD,Transcriptome
MRPL1,-0.011708992,Secretory,Lung_NAT_MD,Transcriptome
MRPL11,-0.16759558,Secretory,Lung_NAT_MD,Transcriptome
MRPL13,-0.035569597,Secretory,Lung_NAT_MD,Transcriptome
MRPL14,0.018947298,Mitochondria,Lung_NAT_MD,Transcriptome
MRPL15,-0.082975544,Secretory,Lung_NAT_MD,Transcriptome
MRPL16,-0.021377433,Secretory,Lung_NAT_MD,Transcriptome
MRPL17,-0.13603383,Secretory,Lung_NAT_MD,Transcriptome
MRPL18,-0.009204148,Secretory,Lung_NAT_MD,Transcriptome
MRPL19,-0.025274301,Secretory,Lung_NAT_MD,Transcriptome
MRPL2,-0.14013395,Secretory,Lung_NAT_MD,Transcriptome
MRPL21,-0.16760029,Secretory,Lung_NAT_MD,Transcriptome
MRPL22,-0.010842389,Secretory,Lung_NAT_MD,Transcriptome
MRPL24,-0.014928553,Secretory,Lung_NAT_MD,Transcriptome
MRPL27,-0.071864195,Secretory,Lung_NAT_MD,Transcriptome
MRPL28,-0.13259184,Secretory,Lung_NAT_MD,Transcriptome
MRPL3,-0.014083014,Secretory,Lung_NAT_MD,Transcriptome
MRPL39,-0.019212086,Secretory,Lung_NAT_MD,Transcriptome
MRPL40,-0.15987055,Secretory,Lung_NAT_MD,Transcriptome
MRPL41,-0.13158438,Secretory,Lung_NAT_MD,Transcriptome
MRPL42,-0.021008343,Secretory,Lung_NAT_MD,Transcriptome
MRPL43,-0.15270342,Secretory,Lung_NAT_MD,Transcriptome
MRPL45,-0.16426095,Secretory,Lung_NAT_MD,Transcriptome
MRPL46,-0.13749543,Secretory,Lung_NAT_MD,Transcriptome
MRPL47,-0.022561492,Secretory,Lung_NAT_MD,Transcriptome
MRPL48,-0.14323545,Secretory,Lung_NAT_MD,Transcriptome
MRPL49,-0.14544612,Secretory,Lung_NAT_MD,Transcriptome
MRPL50,-0.019521384,Secretory,Lung_NAT_MD,Transcriptome
MRPL54,-0.10925215,Secretory,Lung_NAT_MD,Transcriptome
MRPL55,-0.12833318,Secretory,Lung_NAT_MD,Transcriptome
MRPL9,-0.1491842,Secretory,Lung_NAT_MD,Transcriptome
MRPS10,-0.010867881,Secretory,Lung_NAT_MD,Transcriptome
MRPS11,-0.14799792,Secretory,Lung_NAT_MD,Transcriptome
MRPS12,-0.15385707,Secretory,Lung_NAT_MD,Transcriptome
MRPS14,-0.019047273,Secretory,Lung_NAT_MD,Transcriptome
MRPS15,-0.09081467,Secretory,Lung_NAT_MD,Transcriptome
MRPS16,-0.15224467,Secretory,Lung_NAT_MD,Transcriptome
MRPS18A,-0.093375675,Secretory,Lung_NAT_MD,Transcriptome
MRPS18B,-0.02347001,Secretory,Lung_NAT_MD,Transcriptome
MRPS22,-0.004120939,Secretory,Lung_NAT_MD,Transcriptome
MRPS23,-0.011422799,Secretory,Lung_NAT_MD,Transcriptome
MRPS25,-0.14711861,Secretory,Lung_NAT_MD,Transcriptome
MRPS28,-0.008265142,Secretory,Lung_NAT_MD,Transcriptome
MRPS30,-0.018743552,Secretory,Lung_NAT_MD,Transcriptome
MRPS31,-0.016560577,Secretory,Lung_NAT_MD,Transcriptome
MRPS34,-0.15583073,Secretory,Lung_NAT_MD,Transcriptome
MRPS35,0.0015717495,Secretory,Lung_NAT_MD,Transcriptome
MRPS5,-0.002211237,Secretory,Lung_NAT_MD,Transcriptome
MRPS9,-0.01778568,Secretory,Lung_NAT_MD,Transcriptome
MSH3,0.020638099,Nucleus,Lung_NAT_MD,Transcriptome
MSI2,-0.006817369,Nucleus,Lung_NAT_MD,Transcriptome
MSTO1,-0.12100336,Cytosol,Lung_NAT_MD,Transcriptome
MT-CO1,0.025123274,Mitochondria,Lung_NAT_MD,Transcriptome
MT-CO2,0.037142396,Mitochondria,Lung_NAT_MD,Transcriptome
MTA1,-0.12862046,Nucleus,Lung_NAT_MD,Transcriptome
MTCH1,-0.008356172,Mitochondria,Lung_NAT_MD,Transcriptome
MTCH2,0.05209627,Mitochondria,Lung_NAT_MD,Transcriptome
MTDH,-0.01621613,Secretory,Lung_NAT_MD,Transcriptome
MTFR1,-0.09469327,Mitochondria,Lung_NAT_MD,Transcriptome
MTFR1L,0.10812059,Mitochondria,Lung_NAT_MD,Transcriptome
MTHFD1L,-0.109303646,Mitochondria,Lung_NAT_MD,Transcriptome
MTMR1,-0.039882455,Cytosol,Lung_NAT_MD,Transcriptome
MTMR12,-0.051449478,Cytosol,Lung_NAT_MD,Transcriptome
MTMR2,-0.046123814,Cytosol,Lung_NAT_MD,Transcriptome
MTMR3,-0.07886187,Cytosol,Lung_NAT_MD,Transcriptome
MTMR6,-0.045607217,Cytosol,Lung_NAT_MD,Transcriptome
MTPAP,-0.11059715,Mitochondria,Lung_NAT_MD,Transcriptome
MTR,-0.03392233,Cytosol,Lung_NAT_MD,Transcriptome
MTX1,0.025879037,Mitochondria,Lung_NAT_MD,Transcriptome
MTX2,0.006430254,Mitochondria,Lung_NAT_MD,Transcriptome
MTX3,-0.07840588,Mitochondria,Lung_NAT_MD,Transcriptome
MUC1,-0.032307263,Secretory,Lung_NAT_MD,Transcriptome
MVD,-0.087542914,Cytosol,Lung_NAT_MD,Transcriptome
MVK,-0.12335328,Cytosol,Lung_NAT_MD,Transcriptome
MVP,-0.14140539,Nucleus,Lung_NAT_MD,Transcriptome
MXRA7,-0.022148063,Secretory,Lung_NAT_MD,Transcriptome
MYADM,-0.02749787,Secretory,Lung_NAT_MD,Transcriptome
MYBBP1A,-0.11191463,Nucleus,Lung_NAT_MD,Transcriptome
MYCBP2,-0.14208168,Secretory,Lung_NAT_MD,Transcriptome
MYH14,-0.002352213,Cytosol,Lung_NAT_MD,Transcriptome
MYO19,0.111015536,Mitochondria,Lung_NAT_MD,Transcriptome
MYO1B,-0.023822134,Secretory,Lung_NAT_MD,Transcriptome
MYO9A,-0.046544034,Cytosol,Lung_NAT_MD,Transcriptome
MYO9B,-0.051892065,Cytosol,Lung_NAT_MD,Transcriptome
MYOF,-0.0098640565,Secretory,Lung_NAT_MD,Transcriptome
N4BP1,-0.046174597,Cytosol,Lung_NAT_MD,Transcriptome
N4BP2L2,0.021470895,Nucleus,Lung_NAT_MD,Transcriptome
NAA10,-0.08405174,Cytosol,Lung_NAT_MD,Transcriptome
NAA50,-0.04637581,Cytosol,Lung_NAT_MD,Transcriptome
NACA,-0.13345014,Cytosol,Lung_NAT_MD,Transcriptome
NAE1,-0.044621155,Cytosol,Lung_NAT_MD,Transcriptome
NAGK,-0.13555402,Cytosol,Lung_NAT_MD,Transcriptome
NAMPT,-0.035401408,Cytosol,Lung_NAT_MD,Transcriptome
NANP,-0.0061069382,Cytosol,Lung_NAT_MD,Transcriptome
NANS,-0.049665455,Cytosol,Lung_NAT_MD,Transcriptome
NAP1L4,-0.0089483345,Cytosol,Lung_NAT_MD,Transcriptome
NAPB,-0.036777917,Cytosol,Lung_NAT_MD,Transcriptome
NASP,0.036683455,Nucleus,Lung_NAT_MD,Transcriptome
NAT1,-0.14374265,Cytosol,Lung_NAT_MD,Transcriptome
NAT10,-0.054592982,Nucleus,Lung_NAT_MD,Transcriptome
NBAS,-0.017367326,Secretory,Lung_NAT_MD,Transcriptome
NBN,0.018827826,Nucleus,Lung_NAT_MD,Transcriptome
NCAPD3,-0.14308293,Nucleus,Lung_NAT_MD,Transcriptome
NCAPH2,-0.024346871,Nucleus,Lung_NAT_MD,Transcriptome
NCBP1,0.018109987,Nucleus,Lung_NAT_MD,Transcriptome
NCEH1,-0.016047074,Secretory,Lung_NAT_MD,Transcriptome
NCK1,-0.026122727,Cytosol,Lung_NAT_MD,Transcriptome
NCK2,-0.04217304,Cytosol,Lung_NAT_MD,Transcriptome
NCL,0.013496383,Nucleus,Lung_NAT_MD,Transcriptome
NCLN,-0.08933272,Secretory,Lung_NAT_MD,Transcriptome
NCOA5,0.034690145,Nucleus,Lung_NAT_MD,Transcriptome
NCOA6,-0.03706879,Nucleus,Lung_NAT_MD,Transcriptome
NCOR1,0.02278519,Nucleus,Lung_NAT_MD,Transcriptome
NCOR2,-0.03436314,Nucleus,Lung_NAT_MD,Transcriptome
NDC1,-0.009278478,Secretory,Lung_NAT_MD,Transcriptome
NDC80,-0.08984221,Cytosol,Lung_NAT_MD,Transcriptome
NDE1,-0.025602339,Cytosol,Lung_NAT_MD,Transcriptome
NDEL1,-0.042339798,Cytosol,Lung_NAT_MD,Transcriptome
NDRG1,-0.025514899,Cytosol,Lung_NAT_MD,Transcriptome
NDRG2,-0.017188607,Cytosol,Lung_NAT_MD,Transcriptome
NDRG3,-0.10804924,Cytosol,Lung_NAT_MD,Transcriptome
NDST1,-0.027925296,Secretory,Lung_NAT_MD,Transcriptome
NDUFA10,-0.041651905,Mitochondria,Lung_NAT_MD,Transcriptome
NDUFA12,0.13870892,Mitochondria,Lung_NAT_MD,Transcriptome
NDUFA2,0.13305655,Mitochondria,Lung_NAT_MD,Transcriptome
NDUFA3,0.12610435,Mitochondria,Lung_NAT_MD,Transcriptome
NDUFA4,0.13648468,Mitochondria,Lung_NAT_MD,Transcriptome
NDUFA5,-0.11340471,Mitochondria,Lung_NAT_MD,Transcriptome
NDUFA8,0.14330298,Mitochondria,Lung_NAT_MD,Transcriptome
NDUFAB1,0.13336629,Mitochondria,Lung_NAT_MD,Transcriptome
NDUFAF1,0.064053,Mitochondria,Lung_NAT_MD,Transcriptome
NDUFAF2,-0.12684661,Mitochondria,Lung_NAT_MD,Transcriptome
NDUFAF3,0.110776804,Mitochondria,Lung_NAT_MD,Transcriptome
NDUFAF4,-0.12554966,Mitochondria,Lung_NAT_MD,Transcriptome
NDUFAF7,-0.09871787,Mitochondria,Lung_NAT_MD,Transcriptome
NDUFB1,0.14116855,Mitochondria,Lung_NAT_MD,Transcriptome
NDUFB10,0.12796202,Mitochondria,Lung_NAT_MD,Transcriptome
NDUFB11,0.14187331,Mitochondria,Lung_NAT_MD,Transcriptome
NDUFB3,0.1325045,Mitochondria,Lung_NAT_MD,Transcriptome
NDUFB4,0.14052781,Mitochondria,Lung_NAT_MD,Transcriptome
NDUFB5,-0.049182825,Mitochondria,Lung_NAT_MD,Transcriptome
NDUFB6,0.021469565,Mitochondria,Lung_NAT_MD,Transcriptome
NDUFB7,0.13240567,Mitochondria,Lung_NAT_MD,Transcriptome
NDUFB8,0.108636096,Mitochondria,Lung_NAT_MD,Transcriptome
NDUFB9,0.0007777737,Mitochondria,Lung_NAT_MD,Transcriptome
NDUFC2,-0.11469396,Mitochondria,Lung_NAT_MD,Transcriptome
NDUFS1,-0.08745321,Mitochondria,Lung_NAT_MD,Transcriptome
NDUFS2,-0.038253747,Mitochondria,Lung_NAT_MD,Transcriptome
NDUFS3,0.1383723,Mitochondria,Lung_NAT_MD,Transcriptome
NDUFS4,-0.058699418,Mitochondria,Lung_NAT_MD,Transcriptome
NDUFS5,0.14250506,Mitochondria,Lung_NAT_MD,Transcriptome
NDUFS6,0.14156541,Mitochondria,Lung_NAT_MD,Transcriptome
NDUFS7,0.0966264,Mitochondria,Lung_NAT_MD,Transcriptome
NDUFS8,0.12897494,Mitochondria,Lung_NAT_MD,Transcriptome
NDUFV1,0.11071236,Mitochondria,Lung_NAT_MD,Transcriptome
NDUFV2,-0.14494018,Mitochondria,Lung_NAT_MD,Transcriptome
NDUFV3,0.138314,Mitochondria,Lung_NAT_MD,Transcriptome
NECAP1,-0.042223442,Cytosol,Lung_NAT_MD,Transcriptome
NECAP2,-0.11609697,Cytosol,Lung_NAT_MD,Transcriptome
NEK7,-0.047852322,Cytosol,Lung_NAT_MD,Transcriptome
NELFA,-0.1349153,Nucleus,Lung_NAT_MD,Transcriptome
NELFE,-0.19573706,Nucleus,Lung_NAT_MD,Transcriptome
NEO1,-0.0073160427,Secretory,Lung_NAT_MD,Transcriptome
NEURL4,-0.08595279,Secretory,Lung_NAT_MD,Transcriptome
NFKB1,-0.028127935,Cytosol,Lung_NAT_MD,Transcriptome
NFKB2,-0.025251789,Cytosol,Lung_NAT_MD,Transcriptome
NFKBIB,0.006155253,Cytosol,Lung_NAT_MD,Transcriptome
NFXL1,-0.02070561,Secretory,Lung_NAT_MD,Transcriptome
NGDN,0.033131834,Nucleus,Lung_NAT_MD,Transcriptome
NGLY1,-0.045788627,Cytosol,Lung_NAT_MD,Transcriptome
NIF3L1,-0.012825648,Cytosol,Lung_NAT_MD,Transcriptome
NIFK,0.0010957101,Nucleus,Lung_NAT_MD,Transcriptome
NIP7,0.018078616,Nucleus,Lung_NAT_MD,Transcriptome
NIPBL,0.029382592,Nucleus,Lung_NAT_MD,Transcriptome
NIT2,-0.021501865,Cytosol,Lung_NAT_MD,Transcriptome
NKIRAS1,-0.05022655,Cytosol,Lung_NAT_MD,Transcriptome
NKRF,0.030880863,Nucleus,Lung_NAT_MD,Transcriptome
NLRX1,0.12641655,Mitochondria,Lung_NAT_MD,Transcriptome
NME1,-0.11100709,Cytosol,Lung_NAT_MD,Transcriptome
NME3,0.093503125,Mitochondria,Lung_NAT_MD,Transcriptome
NMI,-0.046547145,Cytosol,Lung_NAT_MD,Transcriptome
NMT1,-0.21103345,Nucleus,Lung_NAT_MD,Transcriptome
NMT2,-0.034823585,Cytosol,Lung_NAT_MD,Transcriptome
NNT,0.032565426,Mitochondria,Lung_NAT_MD,Transcriptome
NOC2L,-0.11687969,Nucleus,Lung_NAT_MD,Transcriptome
NOC4L,-0.1109205,Nucleus,Lung_NAT_MD,Transcriptome
NOL10,0.028957594,Nucleus,Lung_NAT_MD,Transcriptome
NOL11,0.008987081,Nucleus,Lung_NAT_MD,Transcriptome
NOL6,-0.1341859,Nucleus,Lung_NAT_MD,Transcriptome
NOL7,0.0045141806,Nucleus,Lung_NAT_MD,Transcriptome
NOL8,0.01004296,Nucleus,Lung_NAT_MD,Transcriptome
NOL9,-0.02662985,Nucleus,Lung_NAT_MD,Transcriptome
NOLC1,0.01986729,Nucleus,Lung_NAT_MD,Transcriptome
NOM1,-0.016293867,Nucleus,Lung_NAT_MD,Transcriptome
NOMO1,-0.06874678,Secretory,Lung_NAT_MD,Transcriptome
NOP14,-0.038398586,Nucleus,Lung_NAT_MD,Transcriptome
NOP16,0.005570634,Nucleus,Lung_NAT_MD,Transcriptome
NOP2,0.024471432,Nucleus,Lung_NAT_MD,Transcriptome
NOP56,-0.031096146,Nucleus,Lung_NAT_MD,Transcriptome
NOP58,0.033054028,Nucleus,Lung_NAT_MD,Transcriptome
NOP9,-0.18505451,Nucleus,Lung_NAT_MD,Transcriptome
NOTCH1,-0.045466244,Secretory,Lung_NAT_MD,Transcriptome
NOTCH2,-0.064680085,Secretory,Lung_NAT_MD,Transcriptome
NOTCH3,-0.048072957,Secretory,Lung_NAT_MD,Transcriptome
NPC1,-0.008375955,Secretory,Lung_NAT_MD,Transcriptome
NPEPL1,-0.0736866,Cytosol,Lung_NAT_MD,Transcriptome
NPEPPS,-0.045535635,Cytosol,Lung_NAT_MD,Transcriptome
NPM1,0.01840162,Nucleus,Lung_NAT_MD,Transcriptome
NPM3,-0.19475934,Nucleus,Lung_NAT_MD,Transcriptome
NPTN,-0.03594135,Secretory,Lung_NAT_MD,Transcriptome
NQO1,-0.03829734,Cytosol,Lung_NAT_MD,Transcriptome
NQO2,-0.08499701,Cytosol,Lung_NAT_MD,Transcriptome
NR3C1,-0.04578141,Cytosol,Lung_NAT_MD,Transcriptome
NRBP1,-0.08065638,Cytosol,Lung_NAT_MD,Transcriptome
NRF1,-0.11515384,Nucleus,Lung_NAT_MD,Transcriptome
NRP1,-0.025465561,Secretory,Lung_NAT_MD,Transcriptome
NRP2,-0.04489258,Secretory,Lung_NAT_MD,Transcriptome
NSDHL,-0.052842855,Secretory,Lung_NAT_MD,Transcriptome
NSF,-0.1457633,Secretory,Lung_NAT_MD,Transcriptome
NSFL1C,-0.00020291132,Cytosol,Lung_NAT_MD,Transcriptome
NSL1,0.014019631,Nucleus,Lung_NAT_MD,Transcriptome
NSMAF,0.01028614,Cytosol,Lung_NAT_MD,Transcriptome
NSUN4,-0.12070043,Mitochondria,Lung_NAT_MD,Transcriptome
NSUN6,-0.04405612,Cytosol,Lung_NAT_MD,Transcriptome
NT5C,-0.115554936,Cytosol,Lung_NAT_MD,Transcriptome
NT5C2,-0.051827375,Cytosol,Lung_NAT_MD,Transcriptome
NT5C3B,-0.13285471,Cytosol,Lung_NAT_MD,Transcriptome
NT5DC1,-0.047299255,Cytosol,Lung_NAT_MD,Transcriptome
NT5E,-0.022946516,Secretory,Lung_NAT_MD,Transcriptome
NTAN1,-0.13238168,Cytosol,Lung_NAT_MD,Transcriptome
NTHL1,-0.09835161,Nucleus,Lung_NAT_MD,Transcriptome
NTN4,-0.013789335,Secretory,Lung_NAT_MD,Transcriptome
NUB1,-0.095104456,Cytosol,Lung_NAT_MD,Transcriptome
NUBPL,-0.11459833,Mitochondria,Lung_NAT_MD,Transcriptome
NUDC,-0.14453816,Cytosol,Lung_NAT_MD,Transcriptome
NUDCD1,-0.04939422,Cytosol,Lung_NAT_MD,Transcriptome
NUDCD2,-0.03418498,Cytosol,Lung_NAT_MD,Transcriptome
NUDCD3,-0.08516599,Cytosol,Lung_NAT_MD,Transcriptome
NUDT1,-0.14036657,Cytosol,Lung_NAT_MD,Transcriptome
NUDT14,-0.1293832,Cytosol,Lung_NAT_MD,Transcriptome
NUDT15,-0.047896188,Cytosol,Lung_NAT_MD,Transcriptome
NUDT16,0.010477832,Cytosol,Lung_NAT_MD,Transcriptome
NUDT2,-0.12546803,Cytosol,Lung_NAT_MD,Transcriptome
NUF2,-0.08578585,Cytosol,Lung_NAT_MD,Transcriptome
NUMB,-0.024294462,Secretory,Lung_NAT_MD,Transcriptome
NUP107,0.014348471,Nucleus,Lung_NAT_MD,Transcriptome
NUP133,0.010586959,Nucleus,Lung_NAT_MD,Transcriptome
NUP153,0.035434652,Nucleus,Lung_NAT_MD,Transcriptome
NUP155,0.01860357,Nucleus,Lung_NAT_MD,Transcriptome
NUP205,0.003097921,Nucleus,Lung_NAT_MD,Transcriptome
NUP210,-0.17205295,Nucleus,Lung_NAT_MD,Transcriptome
NUP50,0.009648459,Nucleus,Lung_NAT_MD,Transcriptome
NUP93,-0.17111443,Nucleus,Lung_NAT_MD,Transcriptome
NUP98,0.026846925,Nucleus,Lung_NAT_MD,Transcriptome
NXF1,0.0074982652,Nucleus,Lung_NAT_MD,Transcriptome
NXT2,0.016648853,Nucleus,Lung_NAT_MD,Transcriptome
OARD1,-0.022476112,Cytosol,Lung_NAT_MD,Transcriptome
OBSL1,-0.082366236,Cytosol,Lung_NAT_MD,Transcriptome
OCIAD1,-0.09343809,Mitochondria,Lung_NAT_MD,Transcriptome
OCIAD2,0.13124491,Mitochondria,Lung_NAT_MD,Transcriptome
OCLN,-0.022557981,Secretory,Lung_NAT_MD,Transcriptome
ODF2,0.14098504,Mitochondria,Lung_NAT_MD,Transcriptome
OGFR,-0.08743931,Cytosol,Lung_NAT_MD,Transcriptome
OLA1,-0.027682433,Cytosol,Lung_NAT_MD,Transcriptome
OMA1,-0.09189793,Mitochondria,Lung_NAT_MD,Transcriptome
OPA1,-0.13627669,Mitochondria,Lung_NAT_MD,Transcriptome
OS9,-0.11537493,Secretory,Lung_NAT_MD,Transcriptome
OSBPL2,0.0006159384,Cytosol,Lung_NAT_MD,Transcriptome
OSBPL5,-0.02492216,Secretory,Lung_NAT_MD,Transcriptome
OSBPL8,-0.023970148,Secretory,Lung_NAT_MD,Transcriptome
OSMR,-0.0327216,Secretory,Lung_NAT_MD,Transcriptome
OTUB1,-0.099500395,Cytosol,Lung_NAT_MD,Transcriptome
OTUD5,-0.11884244,Nucleus,Lung_NAT_MD,Transcriptome
OXA1L,0.13298497,Mitochondria,Lung_NAT_MD,Transcriptome
OXR1,-0.03788334,Cytosol,Lung_NAT_MD,Transcriptome
P2RX4,-0.09341647,Secretory,Lung_NAT_MD,Transcriptome
P4HB,-0.19645809,Nucleus,Lung_NAT_MD,Transcriptome
PAAF1,-0.021756196,Cytosol,Lung_NAT_MD,Transcriptome
PABPC1,-0.0037950769,Nucleus,Lung_NAT_MD,Transcriptome
PACSIN2,-0.021820022,Cytosol,Lung_NAT_MD,Transcriptome
PAF1,0.021451782,Nucleus,Lung_NAT_MD,Transcriptome
PAIP1,-0.02141812,Cytosol,Lung_NAT_MD,Transcriptome
PAIP2,0.00079175853,Cytosol,Lung_NAT_MD,Transcriptome
PAIP2B,-0.022215752,Cytosol,Lung_NAT_MD,Transcriptome
PAK1,-0.13341612,Cytosol,Lung_NAT_MD,Transcriptome
PAK1IP1,0.00040792624,Nucleus,Lung_NAT_MD,Transcriptome
PAK2,-0.05049418,Cytosol,Lung_NAT_MD,Transcriptome
PALLD,-0.046991184,Cytosol,Lung_NAT_MD,Transcriptome
PAM,-0.002146347,Secretory,Lung_NAT_MD,Transcriptome
PANK2,-0.01649214,Cytosol,Lung_NAT_MD,Transcriptome
PANK3,-0.050982647,Cytosol,Lung_NAT_MD,Transcriptome
PANK4,-0.106420025,Cytosol,Lung_NAT_MD,Transcriptome
PANX1,-0.022306958,Secretory,Lung_NAT_MD,Transcriptome
PAPSS2,-0.047155038,Cytosol,Lung_NAT_MD,Transcriptome
PARK7,-0.14580978,Cytosol,Lung_NAT_MD,Transcriptome
PARL,0.11401837,Mitochondria,Lung_NAT_MD,Transcriptome
PARP16,-0.11331997,Secretory,Lung_NAT_MD,Transcriptome
PARP2,0.016263831,Nucleus,Lung_NAT_MD,Transcriptome
PARP4,-0.033621963,Nucleus,Lung_NAT_MD,Transcriptome
PARVA,-0.045815095,Cytosol,Lung_NAT_MD,Transcriptome
PATL1,0.00078216783,Cytosol,Lung_NAT_MD,Transcriptome
PATZ1,-0.14242323,Nucleus,Lung_NAT_MD,Transcriptome
PAXBP1,0.02039186,Nucleus,Lung_NAT_MD,Transcriptome
PBDC1,-0.022494601,Cytosol,Lung_NAT_MD,Transcriptome
PBK,-0.08633984,Cytosol,Lung_NAT_MD,Transcriptome
PBX2,-0.0323303,Nucleus,Lung_NAT_MD,Transcriptome
PBXIP1,-0.16225928,Secretory,Lung_NAT_MD,Transcriptome
PCBP1,-0.10549579,Cytosol,Lung_NAT_MD,Transcriptome
PCDH1,-0.0025375858,Secretory,Lung_NAT_MD,Transcriptome
PCF11,0.03580783,Nucleus,Lung_NAT_MD,Transcriptome
PCGF5,0.019194705,Nucleus,Lung_NAT_MD,Transcriptome
PCID2,0.009922647,Cytosol,Lung_NAT_MD,Transcriptome
PCMT1,-0.040639993,Cytosol,Lung_NAT_MD,Transcriptome
PCNA,-0.09369068,Cytosol,Lung_NAT_MD,Transcriptome
PCYOX1,-0.022096604,Secretory,Lung_NAT_MD,Transcriptome
PCYT2,-0.1257321,Cytosol,Lung_NAT_MD,Transcriptome
PDAP1,-0.115243256,Cytosol,Lung_NAT_MD,Transcriptome
PDCD10,-0.041453484,Cytosol,Lung_NAT_MD,Transcriptome
PDCD11,-0.1726844,Nucleus,Lung_NAT_MD,Transcriptome
PDCD2,-0.017119134,Cytosol,Lung_NAT_MD,Transcriptome
PDCD2L,-0.13186389,Cytosol,Lung_NAT_MD,Transcriptome
PDCL3,0.008885882,Cytosol,Lung_NAT_MD,Transcriptome
PDE5A,-0.04498846,Cytosol,Lung_NAT_MD,Transcriptome
PDE6D,-0.08493928,Cytosol,Lung_NAT_MD,Transcriptome
PDF,0.09786001,Mitochondria,Lung_NAT_MD,Transcriptome
PDHX,-0.021198686,Secretory,Lung_NAT_MD,Transcriptome
PDK1,0.115250364,Mitochondria,Lung_NAT_MD,Transcriptome
PDLIM5,-0.051721774,Cytosol,Lung_NAT_MD,Transcriptome
PDS5A,0.025612764,Nucleus,Lung_NAT_MD,Transcriptome
PDS5B,0.023521466,Nucleus,Lung_NAT_MD,Transcriptome
PDSS2,-0.024881158,Mitochondria,Lung_NAT_MD,Transcriptome
PDZD8,-0.03948017,Secretory,Lung_NAT_MD,Transcriptome
PEBP1,-0.063325115,Cytosol,Lung_NAT_MD,Transcriptome
PEPD,-0.09845288,Cytosol,Lung_NAT_MD,Transcriptome
PEX11B,-0.15038112,Secretory,Lung_NAT_MD,Transcriptome
PEX13,-0.03277829,Secretory,Lung_NAT_MD,Transcriptome
PEX14,-0.078981064,Secretory,Lung_NAT_MD,Transcriptome
PEX19,-0.07224826,Cytosol,Lung_NAT_MD,Transcriptome
PEX6,-0.092568055,Secretory,Lung_NAT_MD,Transcriptome
PFAS,-0.124655604,Cytosol,Lung_NAT_MD,Transcriptome
PFDN1,-0.028862366,Cytosol,Lung_NAT_MD,Transcriptome
PFDN2,0.009957683,Cytosol,Lung_NAT_MD,Transcriptome
PFDN5,-0.031345982,Cytosol,Lung_NAT_MD,Transcriptome
PFDN6,-0.1234321,Cytosol,Lung_NAT_MD,Transcriptome
PFKFB2,-0.038697634,Cytosol,Lung_NAT_MD,Transcriptome
PFKL,-0.08287167,Cytosol,Lung_NAT_MD,Transcriptome
PFN1,-0.121295035,Cytosol,Lung_NAT_MD,Transcriptome
PFN2,-0.01060498,Cytosol,Lung_NAT_MD,Transcriptome
PGAM1,-0.11782407,Cytosol,Lung_NAT_MD,Transcriptome
PGAM5,0.037312333,Mitochondria,Lung_NAT_MD,Transcriptome
PGAP1,-0.029501129,Secretory,Lung_NAT_MD,Transcriptome
PGK1,0.0040385313,Cytosol,Lung_NAT_MD,Transcriptome
PGM1,-0.045947976,Cytosol,Lung_NAT_MD,Transcriptome
PGM2,-0.019820454,Cytosol,Lung_NAT_MD,Transcriptome
PGM2L1,-0.03586139,Cytosol,Lung_NAT_MD,Transcriptome
PGM3,-0.047293857,Cytosol,Lung_NAT_MD,Transcriptome
PGP,-0.116493955,Cytosol,Lung_NAT_MD,Transcriptome
PGRMC1,-0.02615148,Secretory,Lung_NAT_MD,Transcriptome
PGRMC2,-0.021799348,Secretory,Lung_NAT_MD,Transcriptome
PGS1,-0.00084207964,Mitochondria,Lung_NAT_MD,Transcriptome
PHACTR2,-0.044870168,Cytosol,Lung_NAT_MD,Transcriptome
PHACTR4,-0.0445029,Cytosol,Lung_NAT_MD,Transcriptome
PHB2,0.14123783,Mitochondria,Lung_NAT_MD,Transcriptome
PHF2,-0.02493183,Nucleus,Lung_NAT_MD,Transcriptome
PHGDH,-0.070606954,Cytosol,Lung_NAT_MD,Transcriptome
PHIP,0.022174288,Nucleus,Lung_NAT_MD,Transcriptome
PHKA1,-0.006587865,Cytosol,Lung_NAT_MD,Transcriptome
PHKB,-0.04293133,Cytosol,Lung_NAT_MD,Transcriptome
PHKG2,0.007696511,Cytosol,Lung_NAT_MD,Transcriptome
PHPT1,-0.14569385,Cytosol,Lung_NAT_MD,Transcriptome
PHYH,0.0008845425,Secretory,Lung_NAT_MD,Transcriptome
PHYKPL,-0.026135277,Cytosol,Lung_NAT_MD,Transcriptome
PI4K2A,-0.095709234,Secretory,Lung_NAT_MD,Transcriptome
PI4K2B,-0.01935159,Secretory,Lung_NAT_MD,Transcriptome
PI4KB,3.5348287e-07,Cytosol,Lung_NAT_MD,Transcriptome
PIGG,-0.092569746,Secretory,Lung_NAT_MD,Transcriptome
PIGK,-0.015607885,Secretory,Lung_NAT_MD,Transcriptome
PIGN,-0.023068223,Secretory,Lung_NAT_MD,Transcriptome
PIGQ,-0.084226735,Secretory,Lung_NAT_MD,Transcriptome
PIGU,-0.15769453,Secretory,Lung_NAT_MD,Transcriptome
PIH1D1,-0.12831084,Cytosol,Lung_NAT_MD,Transcriptome
PIK3CA,-0.04847087,Cytosol,Lung_NAT_MD,Transcriptome
PIN4,-0.02398032,Cytosol,Lung_NAT_MD,Transcriptome
PIP5K1A,-0.028333616,Secretory,Lung_NAT_MD,Transcriptome
PIR,-0.017701268,Cytosol,Lung_NAT_MD,Transcriptome
PISD,-0.055253725,Mitochondria,Lung_NAT_MD,Transcriptome
PITPNA,0.001634051,Cytosol,Lung_NAT_MD,Transcriptome
PITPNB,-0.042426907,Cytosol,Lung_NAT_MD,Transcriptome
PKD2,-0.025367444,Secretory,Lung_NAT_MD,Transcriptome
PKM,-0.09890369,Cytosol,Lung_NAT_MD,Transcriptome
PKNOX1,0.03108301,Nucleus,Lung_NAT_MD,Transcriptome
PKP2,-0.04841704,Mitochondria,Lung_NAT_MD,Transcriptome
PKP4,-0.110311784,Mitochondria,Lung_NAT_MD,Transcriptome
PLA2G12A,-0.022987591,Secretory,Lung_NAT_MD,Transcriptome
PLAA,-0.041935083,Cytosol,Lung_NAT_MD,Transcriptome
PLAUR,-0.009631071,Secretory,Lung_NAT_MD,Transcriptome
PLCB3,-0.09554791,Cytosol,Lung_NAT_MD,Transcriptome
PLCD1,-0.098001905,Secretory,Lung_NAT_MD,Transcriptome
PLCD3,-0.04460321,Secretory,Lung_NAT_MD,Transcriptome
PLCG1,-0.037206005,Cytosol,Lung_NAT_MD,Transcriptome
PLD1,-0.014096543,Secretory,Lung_NAT_MD,Transcriptome
PLEKHA2,-0.123069085,Cytosol,Lung_NAT_MD,Transcriptome
PLGRKT,0.054731704,Mitochondria,Lung_NAT_MD,Transcriptome
PLRG1,0.004577691,Nucleus,Lung_NAT_MD,Transcriptome
PLS3,-0.045680974,Cytosol,Lung_NAT_MD,Transcriptome
PLSCR1,-0.032188293,Secretory,Lung_NAT_MD,Transcriptome
PLXNA1,-0.06106321,Secretory,Lung_NAT_MD,Transcriptome
PLXNB2,-0.08447016,Secretory,Lung_NAT_MD,Transcriptome
PLXND1,-0.053744495,Secretory,Lung_NAT_MD,Transcriptome
PM20D2,-0.049000423,Cytosol,Lung_NAT_MD,Transcriptome
PMM1,-0.05768697,Cytosol,Lung_NAT_MD,Transcriptome
PMM2,-0.009402431,Cytosol,Lung_NAT_MD,Transcriptome
PMVK,-0.14408933,Cytosol,Lung_NAT_MD,Transcriptome
PNKD,0.044408455,Mitochondria,Lung_NAT_MD,Transcriptome
PNN,0.022929918,Nucleus,Lung_NAT_MD,Transcriptome
PNPLA6,-0.08401737,Secretory,Lung_NAT_MD,Transcriptome
PNPLA8,-0.15542795,Mitochondria,Lung_NAT_MD,Transcriptome
PNPO,-0.1395393,Cytosol,Lung_NAT_MD,Transcriptome
PODXL,-0.025318168,Secretory,Lung_NAT_MD,Transcriptome
POGZ,-0.009620853,Nucleus,Lung_NAT_MD,Transcriptome
POLR1A,-0.1017345,Nucleus,Lung_NAT_MD,Transcriptome
POLR1E,-0.18803795,Nucleus,Lung_NAT_MD,Transcriptome
POLR2A,-0.028399058,Nucleus,Lung_NAT_MD,Transcriptome
POLR3B,-0.00083881855,Nucleus,Lung_NAT_MD,Transcriptome
POLRMT,-0.10607189,Secretory,Lung_NAT_MD,Transcriptome
POM121C,-0.028868642,Nucleus,Lung_NAT_MD,Transcriptome
POMK,-0.018343713,Secretory,Lung_NAT_MD,Transcriptome
PON2,-0.022282451,Secretory,Lung_NAT_MD,Transcriptome
POP1,-0.00036220092,Nucleus,Lung_NAT_MD,Transcriptome
POP4,-0.2108697,Nucleus,Lung_NAT_MD,Transcriptome
POR,-0.03426346,Secretory,Lung_NAT_MD,Transcriptome
PPA1,-0.04106839,Cytosol,Lung_NAT_MD,Transcriptome
PPAT,-0.02108704,Cytosol,Lung_NAT_MD,Transcriptome
PPCS,-0.020198585,Cytosol,Lung_NAT_MD,Transcriptome
PPHLN1,0.008275616,Nucleus,Lung_NAT_MD,Transcriptome
PPIA,-0.05876539,Cytosol,Lung_NAT_MD,Transcriptome
PPID,-0.03064228,Cytosol,Lung_NAT_MD,Transcriptome
PPIL2,-0.14730513,Nucleus,Lung_NAT_MD,Transcriptome
PPIL3,-0.014524377,Cytosol,Lung_NAT_MD,Transcriptome
PPIP5K2,-0.03686537,Cytosol,Lung_NAT_MD,Transcriptome
PPM1A,-0.04550234,Cytosol,Lung_NAT_MD,Transcriptome
PPM1B,-0.04777087,Cytosol,Lung_NAT_MD,Transcriptome
PPM1F,-0.05084537,Cytosol,Lung_NAT_MD,Transcriptome
PPM1H,-0.146002,Cytosol,Lung_NAT_MD,Transcriptome
PPM1L,-0.02238689,Secretory,Lung_NAT_MD,Transcriptome
PPME1,-0.072827674,Cytosol,Lung_NAT_MD,Transcriptome
PPP1CB,-0.051386464,Cytosol,Lung_NAT_MD,Transcriptome
PPP1R11,-0.00046153794,Cytosol,Lung_NAT_MD,Transcriptome
PPP1R14B,-0.12635146,Cytosol,Lung_NAT_MD,Transcriptome
PPP1R2,-0.050820235,Cytosol,Lung_NAT_MD,Transcriptome
PPP1R7,-0.092833765,Cytosol,Lung_NAT_MD,Transcriptome
PPP2R1A,-0.113131344,Cytosol,Lung_NAT_MD,Transcriptome
PPP2R1B,-0.044638973,Cytosol,Lung_NAT_MD,Transcriptome
PPP2R2A,-0.05182283,Cytosol,Lung_NAT_MD,Transcriptome
PPP2R3A,-0.049158484,Cytosol,Lung_NAT_MD,Transcriptome
PPP2R5C,-0.05122928,Cytosol,Lung_NAT_MD,Transcriptome
PPP2R5D,-0.12937073,Cytosol,Lung_NAT_MD,Transcriptome
PPP3CB,-0.04764844,Cytosol,Lung_NAT_MD,Transcriptome
PPP4C,-0.08486613,Cytosol,Lung_NAT_MD,Transcriptome
PPP4R1,-0.03487085,Cytosol,Lung_NAT_MD,Transcriptome
PPP5C,-0.105119914,Cytosol,Lung_NAT_MD,Transcriptome
PPP6R1,-0.06716212,Cytosol,Lung_NAT_MD,Transcriptome
PRDM2,0.030202636,Nucleus,Lung_NAT_MD,Transcriptome
PRDX1,-0.053581607,Cytosol,Lung_NAT_MD,Transcriptome
PRDX6,-0.017682223,Cytosol,Lung_NAT_MD,Transcriptome
PREB,-0.14440146,Secretory,Lung_NAT_MD,Transcriptome
PREP,0.012228915,Cytosol,Lung_NAT_MD,Transcriptome
PREPL,-0.041169252,Cytosol,Lung_NAT_MD,Transcriptome
PRKAB1,-0.056357134,Cytosol,Lung_NAT_MD,Transcriptome
PRKAB2,-0.021833522,Cytosol,Lung_NAT_MD,Transcriptome
PRKAR1B,0.002471027,Cytosol,Lung_NAT_MD,Transcriptome
PRKCA,-0.046643924,Cytosol,Lung_NAT_MD,Transcriptome
PRKD2,-0.029845873,Cytosol,Lung_NAT_MD,Transcriptome
PRKRA,0.016291436,Nucleus,Lung_NAT_MD,Transcriptome
PRMT3,-0.026654225,Cytosol,Lung_NAT_MD,Transcriptome
PRMT5,-0.12981889,Cytosol,Lung_NAT_MD,Transcriptome
PRNP,-0.028510194,Secretory,Lung_NAT_MD,Transcriptome
PRPF19,-0.18211237,Nucleus,Lung_NAT_MD,Transcriptome
PRPF31,-0.19914465,Nucleus,Lung_NAT_MD,Transcriptome
PRPF38A,0.020334221,Nucleus,Lung_NAT_MD,Transcriptome
PRPF40A,0.020904368,Nucleus,Lung_NAT_MD,Transcriptome
PRPS2,-0.029228462,Cytosol,Lung_NAT_MD,Transcriptome
PRTFDC1,-0.016666971,Cytosol,Lung_NAT_MD,Transcriptome
PSEN1,-0.027437784,Secretory,Lung_NAT_MD,Transcriptome
PSMA1,-0.050661463,Cytosol,Lung_NAT_MD,Transcriptome
PSMA3,-0.047467377,Cytosol,Lung_NAT_MD,Transcriptome
PSMA4,-0.051549338,Cytosol,Lung_NAT_MD,Transcriptome
PSMA5,-0.06095597,Cytosol,Lung_NAT_MD,Transcriptome
PSMA6,-0.02583778,Cytosol,Lung_NAT_MD,Transcriptome
PSMA7,-0.06753522,Cytosol,Lung_NAT_MD,Transcriptome
PSMB2,-0.09362788,Cytosol,Lung_NAT_MD,Transcriptome
PSMB4,-0.1359036,Cytosol,Lung_NAT_MD,Transcriptome
PSMB5,-0.13004634,Cytosol,Lung_NAT_MD,Transcriptome
PSMB7,-0.14145741,Cytosol,Lung_NAT_MD,Transcriptome
PSMC1,-0.048474208,Cytosol,Lung_NAT_MD,Transcriptome
PSMC2,-0.05599595,Cytosol,Lung_NAT_MD,Transcriptome
PSMC3,-0.08231251,Cytosol,Lung_NAT_MD,Transcriptome
PSMC4,-0.0100801205,Cytosol,Lung_NAT_MD,Transcriptome
PSMC5,-0.12307717,Cytosol,Lung_NAT_MD,Transcriptome
PSMD1,0.008880186,Cytosol,Lung_NAT_MD,Transcriptome
PSMD11,-0.011792914,Cytosol,Lung_NAT_MD,Transcriptome
PSMD12,-0.05170809,Cytosol,Lung_NAT_MD,Transcriptome
PSMD13,-0.06169139,Cytosol,Lung_NAT_MD,Transcriptome
PSMD14,0.007206319,Cytosol,Lung_NAT_MD,Transcriptome
PSMD2,-0.05291059,Cytosol,Lung_NAT_MD,Transcriptome
PSMD3,-0.042591527,Cytosol,Lung_NAT_MD,Transcriptome
PSMD7,-0.03699504,Cytosol,Lung_NAT_MD,Transcriptome
PSMD8,-0.092742704,Cytosol,Lung_NAT_MD,Transcriptome
PSMD9,-0.10211258,Cytosol,Lung_NAT_MD,Transcriptome
PSME4,-0.034436896,Cytosol,Lung_NAT_MD,Transcriptome
PSMG1,-0.027492983,Cytosol,Lung_NAT_MD,Transcriptome
PSMG4,0.009138973,Cytosol,Lung_NAT_MD,Transcriptome
PSPC1,-0.013932632,Nucleus,Lung_NAT_MD,Transcriptome
PTDSS1,-0.11087453,Secretory,Lung_NAT_MD,Transcriptome
PTGES2,0.108787954,Mitochondria,Lung_NAT_MD,Transcriptome
PTGES3,-0.051149487,Cytosol,Lung_NAT_MD,Transcriptome
PTGFRN,-0.15051441,Secretory,Lung_NAT_MD,Transcriptome
PTGR1,0.0019233612,Cytosol,Lung_NAT_MD,Transcriptome
PTK7,-0.14612077,Secretory,Lung_NAT_MD,Transcriptome
PTP4A2,-0.051148485,Cytosol,Lung_NAT_MD,Transcriptome
PTPMT1,0.08288467,Mitochondria,Lung_NAT_MD,Transcriptome
PTPN1,-0.018085096,Secretory,Lung_NAT_MD,Transcriptome
PTPN11,-0.05043407,Cytosol,Lung_NAT_MD,Transcriptome
PTPN12,-0.051365834,Cytosol,Lung_NAT_MD,Transcriptome
PTPN13,-0.026986975,Secretory,Lung_NAT_MD,Transcriptome
PTPRA,-0.028133247,Secretory,Lung_NAT_MD,Transcriptome
PTPRE,-0.026912114,Secretory,Lung_NAT_MD,Transcriptome
PTPRF,-0.044818576,Secretory,Lung_NAT_MD,Transcriptome
PTPRJ,-0.1307521,Secretory,Lung_NAT_MD,Transcriptome
PTPRK,-0.028054912,Secretory,Lung_NAT_MD,Transcriptome
PTPRS,-0.061113052,Secretory,Lung_NAT_MD,Transcriptome
PTRH2,-0.02721998,Secretory,Lung_NAT_MD,Transcriptome
PTRHD1,-0.14695874,Cytosol,Lung_NAT_MD,Transcriptome
PTTG1IP,-0.009010157,Secretory,Lung_NAT_MD,Transcriptome
PUS3,0.010422467,Nucleus,Lung_NAT_MD,Transcriptome
PVR,-0.029414326,Secretory,Lung_NAT_MD,Transcriptome
PWWP2A,0.018958732,Nucleus,Lung_NAT_MD,Transcriptome
PXN,0.0017806778,Cytosol,Lung_NAT_MD,Transcriptome
PYCR1,0.12483737,Mitochondria,Lung_NAT_MD,Transcriptome
PYCR2,0.12651451,Mitochondria,Lung_NAT_MD,Transcriptome
PYGL,0.0015029971,Cytosol,Lung_NAT_MD,Transcriptome
PYGO2,-0.1569603,Nucleus,Lung_NAT_MD,Transcriptome
PYROXD1,-0.047935627,Cytosol,Lung_NAT_MD,Transcriptome
QDPR,-0.052080322,Cytosol,Lung_NAT_MD,Transcriptome
QPCTL,-0.06949922,Secretory,Lung_NAT_MD,Transcriptome
QSER1,0.02271534,Nucleus,Lung_NAT_MD,Transcriptome
QSOX1,-0.076972015,Secretory,Lung_NAT_MD,Transcriptome
QSOX2,-0.013263415,Secretory,Lung_NAT_MD,Transcriptome
QTRT1,-0.1013827,Cytosol,Lung_NAT_MD,Transcriptome
R3HCC1,-0.11355403,Cytosol,Lung_NAT_MD,Transcriptome
R3HDM2,0.0039670835,Cytosol,Lung_NAT_MD,Transcriptome
RAB10,-0.013113487,Secretory,Lung_NAT_MD,Transcriptome
RAB11FIP5,-0.03429531,Secretory,Lung_NAT_MD,Transcriptome
RAB12,-0.024251651,Secretory,Lung_NAT_MD,Transcriptome
RAB13,0.0032865726,Secretory,Lung_NAT_MD,Transcriptome
RAB14,-0.022061331,Secretory,Lung_NAT_MD,Transcriptome
RAB18,-0.021055445,Secretory,Lung_NAT_MD,Transcriptome
RAB1A,-0.03150847,Secretory,Lung_NAT_MD,Transcriptome
RAB1B,-0.09484564,Secretory,Lung_NAT_MD,Transcriptome
RAB20,-0.011411506,Secretory,Lung_NAT_MD,Transcriptome
RAB21,-0.03030342,Secretory,Lung_NAT_MD,Transcriptome
RAB22A,-0.019286336,Secretory,Lung_NAT_MD,Transcriptome
RAB23,-0.026121136,Secretory,Lung_NAT_MD,Transcriptome
RAB24,-0.10188519,Secretory,Lung_NAT_MD,Transcriptome
RAB27A,-0.03687397,Secretory,Lung_NAT_MD,Transcriptome
RAB27B,-0.009721428,Secretory,Lung_NAT_MD,Transcriptome
RAB2A,-0.020858765,Secretory,Lung_NAT_MD,Transcriptome
RAB2B,-0.038714312,Secretory,Lung_NAT_MD,Transcriptome
RAB30,-0.024279648,Secretory,Lung_NAT_MD,Transcriptome
RAB31,-0.011051887,Secretory,Lung_NAT_MD,Transcriptome
RAB32,-0.021949673,Secretory,Lung_NAT_MD,Transcriptome
RAB33B,-0.022519527,Secretory,Lung_NAT_MD,Transcriptome
RAB35,-0.041725658,Secretory,Lung_NAT_MD,Transcriptome
RAB43,-0.108444646,Secretory,Lung_NAT_MD,Transcriptome
RAB4A,-0.020118332,Secretory,Lung_NAT_MD,Transcriptome
RAB5A,-0.036280543,Secretory,Lung_NAT_MD,Transcriptome
RAB6A,-0.022606248,Secretory,Lung_NAT_MD,Transcriptome
RAB7A,-0.01383823,Secretory,Lung_NAT_MD,Transcriptome
RAB8A,-0.09849662,Secretory,Lung_NAT_MD,Transcriptome
RAB8B,-0.02404825,Secretory,Lung_NAT_MD,Transcriptome
RAB9A,0.0005344924,Secretory,Lung_NAT_MD,Transcriptome
RABAC1,-0.11638208,Secretory,Lung_NAT_MD,Transcriptome
RABEP1,-0.047091544,Cytosol,Lung_NAT_MD,Transcriptome
RABEPK,-0.1422729,Cytosol,Lung_NAT_MD,Transcriptome
RABGAP1,-0.04644214,Cytosol,Lung_NAT_MD,Transcriptome
RABGAP1L,-0.04492138,Cytosol,Lung_NAT_MD,Transcriptome
RABGGTA,-0.08750371,Cytosol,Lung_NAT_MD,Transcriptome
RABGGTB,-0.020328676,Cytosol,Lung_NAT_MD,Transcriptome
RABIF,-0.027153889,Cytosol,Lung_NAT_MD,Transcriptome
RABL3,-0.0202616,Secretory,Lung_NAT_MD,Transcriptome
RABL6,-0.08033336,Cytosol,Lung_NAT_MD,Transcriptome
RACGAP1,0.08294923,Mitochondria,Lung_NAT_MD,Transcriptome
RAD21,0.02073366,Nucleus,Lung_NAT_MD,Transcriptome
RAD23A,-0.021377765,Cytosol,Lung_NAT_MD,Transcriptome
RAD23B,-0.041010436,Cytosol,Lung_NAT_MD,Transcriptome
RAI1,-0.092114076,Nucleus,Lung_NAT_MD,Transcriptome
RALA,-0.022577172,Secretory,Lung_NAT_MD,Transcriptome
RALB,-0.02025925,Secretory,Lung_NAT_MD,Transcriptome
RALGAPA2,-0.05056848,Cytosol,Lung_NAT_MD,Transcriptome
RALGPS2,-0.032859832,Cytosol,Lung_NAT_MD,Transcriptome
RALY,-0.033159558,Nucleus,Lung_NAT_MD,Transcriptome
RAN,0.0072839186,Cytosol,Lung_NAT_MD,Transcriptome
RANBP1,-0.13053997,Cytosol,Lung_NAT_MD,Transcriptome
RANBP2,0.036447488,Nucleus,Lung_NAT_MD,Transcriptome
RANBP3,-0.12646472,Nucleus,Lung_NAT_MD,Transcriptome
RAP1A,-0.023064017,Secretory,Lung_NAT_MD,Transcriptome
RAP1B,-0.032382343,Secretory,Lung_NAT_MD,Transcriptome
RAP1GDS1,-0.0035391867,Cytosol,Lung_NAT_MD,Transcriptome
RAP2A,-0.01846832,Secretory,Lung_NAT_MD,Transcriptome
RAP2B,-0.13829169,Secretory,Lung_NAT_MD,Transcriptome
RAP2C,-0.020782167,Secretory,Lung_NAT_MD,Transcriptome
RAPH1,-0.048683684,Cytosol,Lung_NAT_MD,Transcriptome
RASA1,-0.051619843,Cytosol,Lung_NAT_MD,Transcriptome
RBBP5,0.013481957,Nucleus,Lung_NAT_MD,Transcriptome
RBBP8,0.02959427,Nucleus,Lung_NAT_MD,Transcriptome
RBBP9,-0.047039267,Cytosol,Lung_NAT_MD,Transcriptome
RBCK1,-0.08532252,Cytosol,Lung_NAT_MD,Transcriptome
RBKS,-0.01948817,Cytosol,Lung_NAT_MD,Transcriptome
RBM12B,0.020283751,Nucleus,Lung_NAT_MD,Transcriptome
RBM14,-0.1379131,Nucleus,Lung_NAT_MD,Transcriptome
RBM15,-0.06622208,Nucleus,Lung_NAT_MD,Transcriptome
RBM15B,-0.04971062,Nucleus,Lung_NAT_MD,Transcriptome
RBM19,-0.069054104,Nucleus,Lung_NAT_MD,Transcriptome
RBM25,0.022819523,Nucleus,Lung_NAT_MD,Transcriptome
RBM34,0.03113676,Nucleus,Lung_NAT_MD,Transcriptome
RBM42,-0.15566066,Nucleus,Lung_NAT_MD,Transcriptome
RBM47,-0.075753964,Nucleus,Lung_NAT_MD,Transcriptome
RBM5,0.020014057,Nucleus,Lung_NAT_MD,Transcriptome
RBM6,0.011055072,Nucleus,Lung_NAT_MD,Transcriptome
RBMS2,-0.022687098,Nucleus,Lung_NAT_MD,Transcriptome
RBMX,0.025722597,Nucleus,Lung_NAT_MD,Transcriptome
RBMXL1,0.036056563,Nucleus,Lung_NAT_MD,Transcriptome
RBPJ,0.0120880725,Nucleus,Lung_NAT_MD,Transcriptome
RBX1,-0.104686245,Cytosol,Lung_NAT_MD,Transcriptome
RCC1,-0.15265895,Nucleus,Lung_NAT_MD,Transcriptome
RCL1,0.033767886,Nucleus,Lung_NAT_MD,Transcriptome
RCN1,0.001185611,Nucleus,Lung_NAT_MD,Transcriptome
RCOR1,0.036551666,Nucleus,Lung_NAT_MD,Transcriptome
RCOR3,0.01848904,Nucleus,Lung_NAT_MD,Transcriptome
RDH10,-0.031037115,Secretory,Lung_NAT_MD,Transcriptome
RDH11,-0.013359311,Secretory,Lung_NAT_MD,Transcriptome
RDH13,0.07006675,Mitochondria,Lung_NAT_MD,Transcriptome
RDH14,-0.014896763,Secretory,Lung_NAT_MD,Transcriptome
RDX,-0.04614627,Cytosol,Lung_NAT_MD,Transcriptome
RECQL5,-0.1616702,Nucleus,Lung_NAT_MD,Transcriptome
REEP3,-0.030401923,Secretory,Lung_NAT_MD,Transcriptome
REEP4,-0.13167346,Secretory,Lung_NAT_MD,Transcriptome
REEP5,-0.016925717,Secretory,Lung_NAT_MD,Transcriptome
REL,-0.022570975,Cytosol,Lung_NAT_MD,Transcriptome
RELB,-0.012439508,Cytosol,Lung_NAT_MD,Transcriptome
RELL1,-0.02544891,Secretory,Lung_NAT_MD,Transcriptome
RER1,-0.12897217,Secretory,Lung_NAT_MD,Transcriptome
RETSAT,-0.1391345,Secretory,Lung_NAT_MD,Transcriptome
REXO2,-0.037058786,Cytosol,Lung_NAT_MD,Transcriptome
REXO4,-0.18156649,Nucleus,Lung_NAT_MD,Transcriptome
RFC1,0.02128668,Nucleus,Lung_NAT_MD,Transcriptome
RFFL,-0.0116201965,Secretory,Lung_NAT_MD,Transcriptome
RFX1,-0.020977223,Nucleus,Lung_NAT_MD,Transcriptome
RHBDD1,-0.14415605,Secretory,Lung_NAT_MD,Transcriptome
RHBDD3,-0.15070029,Secretory,Lung_NAT_MD,Transcriptome
RHBDF1,-0.024952317,Secretory,Lung_NAT_MD,Transcriptome
RHBDF2,-0.03222046,Secretory,Lung_NAT_MD,Transcriptome
RHEB,-0.03133679,Cytosol,Lung_NAT_MD,Transcriptome
RHOB,-0.031084923,Secretory,Lung_NAT_MD,Transcriptome
RHOG,-0.107143395,Secretory,Lung_NAT_MD,Transcriptome
RHOT1,-0.093466625,Mitochondria,Lung_NAT_MD,Transcriptome
RHOT2,0.06382592,Mitochondria,Lung_NAT_MD,Transcriptome
RICTOR,-0.047801603,Cytosol,Lung_NAT_MD,Transcriptome
RIF1,0.01972619,Nucleus,Lung_NAT_MD,Transcriptome
RIN3,-0.050072618,Cytosol,Lung_NAT_MD,Transcriptome
RMDN1,0.015865436,Nucleus,Lung_NAT_MD,Transcriptome
RMDN2,-0.11395948,Mitochondria,Lung_NAT_MD,Transcriptome
RMDN3,0.04901871,Mitochondria,Lung_NAT_MD,Transcriptome
RMND1,-0.04322328,Mitochondria,Lung_NAT_MD,Transcriptome
RNF123,-0.028099405,Cytosol,Lung_NAT_MD,Transcriptome
RNF126,-0.080262005,Cytosol,Lung_NAT_MD,Transcriptome
RNF13,-0.0020553118,Secretory,Lung_NAT_MD,Transcriptome
RNF139,-0.0382197,Secretory,Lung_NAT_MD,Transcriptome
RNF14,-0.04036046,Cytosol,Lung_NAT_MD,Transcriptome
RNF146,-0.024423376,Cytosol,Lung_NAT_MD,Transcriptome
RNF169,0.022083838,Nucleus,Lung_NAT_MD,Transcriptome
RNF170,-0.017334368,Secretory,Lung_NAT_MD,Transcriptome
RNF2,0.015404389,Nucleus,Lung_NAT_MD,Transcriptome
RNF20,0.011466413,Nucleus,Lung_NAT_MD,Transcriptome
RNF25,-0.13642745,Cytosol,Lung_NAT_MD,Transcriptome
RNF40,-0.06263152,Nucleus,Lung_NAT_MD,Transcriptome
RNF5,-0.16619377,Secretory,Lung_NAT_MD,Transcriptome
RNMT,0.017753595,Nucleus,Lung_NAT_MD,Transcriptome
RNPC3,0.019696437,Nucleus,Lung_NAT_MD,Transcriptome
RNPEP,-0.089574665,Cytosol,Lung_NAT_MD,Transcriptome
RNPS1,-0.08966216,Nucleus,Lung_NAT_MD,Transcriptome
ROCK1,-0.051630918,Cytosol,Lung_NAT_MD,Transcriptome
ROCK2,-0.050577603,Cytosol,Lung_NAT_MD,Transcriptome
RP2,-0.025667237,Secretory,Lung_NAT_MD,Transcriptome
RPE,-0.030617554,Cytosol,Lung_NAT_MD,Transcriptome
RPF1,0.0100098355,Nucleus,Lung_NAT_MD,Transcriptome
RPF2,0.016289249,Nucleus,Lung_NAT_MD,Transcriptome
RPGR,-0.049220584,Cytosol,Lung_NAT_MD,Transcriptome
RPL10,-0.19713831,Nucleus,Lung_NAT_MD,Transcriptome
RPL11,-0.18424687,Nucleus,Lung_NAT_MD,Transcriptome
RPL12,-0.19021617,Nucleus,Lung_NAT_MD,Transcriptome
RPL13A,-0.18979573,Nucleus,Lung_NAT_MD,Transcriptome
RPL14,-0.1869012,Nucleus,Lung_NAT_MD,Transcriptome
RPL15,-0.18215977,Nucleus,Lung_NAT_MD,Transcriptome
RPL18,-0.1903657,Nucleus,Lung_NAT_MD,Transcriptome
RPL18A,-0.1983164,Nucleus,Lung_NAT_MD,Transcriptome
RPL21,-0.18560854,Nucleus,Lung_NAT_MD,Transcriptome
RPL23A,-0.2027534,Nucleus,Lung_NAT_MD,Transcriptome
RPL27,-0.19977097,Nucleus,Lung_NAT_MD,Transcriptome
RPL28,-0.2031168,Nucleus,Lung_NAT_MD,Transcriptome
RPL3,-0.18550636,Nucleus,Lung_NAT_MD,Transcriptome
RPL30,-0.2047642,Nucleus,Lung_NAT_MD,Transcriptome
RPL34,-0.18608363,Nucleus,Lung_NAT_MD,Transcriptome
RPL35A,-0.1849508,Nucleus,Lung_NAT_MD,Transcriptome
RPL36,-0.18931405,Nucleus,Lung_NAT_MD,Transcriptome
RPL37A,-0.18654715,Nucleus,Lung_NAT_MD,Transcriptome
RPL4,-0.18553998,Nucleus,Lung_NAT_MD,Transcriptome
RPL6,-0.18338165,Nucleus,Lung_NAT_MD,Transcriptome
RPL7,-0.18336199,Nucleus,Lung_NAT_MD,Transcriptome
RPL7A,-0.18509112,Nucleus,Lung_NAT_MD,Transcriptome
RPL7L1,0.0014191765,Nucleus,Lung_NAT_MD,Transcriptome
RPL9,-0.18376806,Nucleus,Lung_NAT_MD,Transcriptome
RPLP0,-0.19915012,Nucleus,Lung_NAT_MD,Transcriptome
RPLP2,-0.19286701,Nucleus,Lung_NAT_MD,Transcriptome
RPN1,-0.11930951,Secretory,Lung_NAT_MD,Transcriptome
RPN2,-0.13044974,Secretory,Lung_NAT_MD,Transcriptome
RPRD2,0.020467343,Nucleus,Lung_NAT_MD,Transcriptome
RPS4X,-0.1830566,Nucleus,Lung_NAT_MD,Transcriptome
RPS6KA1,-0.078191586,Cytosol,Lung_NAT_MD,Transcriptome
RPS6KB1,-0.051994354,Cytosol,Lung_NAT_MD,Transcriptome
RPS7,-0.18293338,Nucleus,Lung_NAT_MD,Transcriptome
RPS8,-0.18279666,Nucleus,Lung_NAT_MD,Transcriptome
RRAS,-0.017833285,Secretory,Lung_NAT_MD,Transcriptome
RRAS2,-0.034836087,Secretory,Lung_NAT_MD,Transcriptome
RRBP1,-0.009580957,Secretory,Lung_NAT_MD,Transcriptome
RREB1,-0.069629274,Nucleus,Lung_NAT_MD,Transcriptome
RRM2,-0.08725265,Cytosol,Lung_NAT_MD,Transcriptome
RRM2B,-0.034399837,Cytosol,Lung_NAT_MD,Transcriptome
RRP12,0.018170219,Nucleus,Lung_NAT_MD,Transcriptome
RRP36,-0.028898632,Nucleus,Lung_NAT_MD,Transcriptome
RRP7A,-0.13281617,Nucleus,Lung_NAT_MD,Transcriptome
RRS1,-0.050286885,Nucleus,Lung_NAT_MD,Transcriptome
RSBN1,0.020144416,Nucleus,Lung_NAT_MD,Transcriptome
RSBN1L,0.022548852,Nucleus,Lung_NAT_MD,Transcriptome
RSF1,0.023662958,Nucleus,Lung_NAT_MD,Transcriptome
RSL1D1,0.013148609,Nucleus,Lung_NAT_MD,Transcriptome
RSPRY1,-0.029844249,Secretory,Lung_NAT_MD,Transcriptome
RTN3,-0.00894356,Secretory,Lung_NAT_MD,Transcriptome
RTN4,-0.0356396,Secretory,Lung_NAT_MD,Transcriptome
RUFY3,-0.051248938,Cytosol,Lung_NAT_MD,Transcriptome
RWDD1,-0.05096341,Cytosol,Lung_NAT_MD,Transcriptome
RWDD2B,-0.0042974157,Cytosol,Lung_NAT_MD,Transcriptome
RWDD4,-0.04862141,Cytosol,Lung_NAT_MD,Transcriptome
RYBP,0.03428486,Nucleus,Lung_NAT_MD,Transcriptome
S100A6,-0.040989194,Cytosol,Lung_NAT_MD,Transcriptome
S1PR2,-0.008136165,Secretory,Lung_NAT_MD,Transcriptome
SACM1L,-0.021285526,Secretory,Lung_NAT_MD,Transcriptome
SAFB,-0.034246027,Nucleus,Lung_NAT_MD,Transcriptome
SAFB2,-0.03229416,Nucleus,Lung_NAT_MD,Transcriptome
SAMM50,0.14034475,Mitochondria,Lung_NAT_MD,Transcriptome
SAP18,0.00724583,Nucleus,Lung_NAT_MD,Transcriptome
SAR1A,-0.047774225,Cytosol,Lung_NAT_MD,Transcriptome
SAR1B,-0.04856307,Cytosol,Lung_NAT_MD,Transcriptome
SART3,-0.023696156,Nucleus,Lung_NAT_MD,Transcriptome
SASH1,-0.045964014,Cytosol,Lung_NAT_MD,Transcriptome
SBDS,-0.050343618,Cytosol,Lung_NAT_MD,Transcriptome
SCAF1,-0.08373064,Nucleus,Lung_NAT_MD,Transcriptome
SCAF4,0.025720572,Nucleus,Lung_NAT_MD,Transcriptome
SCAF8,0.019865496,Nucleus,Lung_NAT_MD,Transcriptome
SCAMP1,-0.022009661,Secretory,Lung_NAT_MD,Transcriptome
SCAMP2,-0.06272913,Secretory,Lung_NAT_MD,Transcriptome
SCAMP3,-0.13843155,Secretory,Lung_NAT_MD,Transcriptome
SCAMP4,-0.061141063,Secretory,Lung_NAT_MD,Transcriptome
SCARB2,-0.017991504,Secretory,Lung_NAT_MD,Transcriptome
SCCPDH,0.050743558,Mitochondria,Lung_NAT_MD,Transcriptome
SCD,-0.022541916,Secretory,Lung_NAT_MD,Transcriptome
SCD5,-0.025196351,Secretory,Lung_NAT_MD,Transcriptome
SCFD1,-0.021571888,Secretory,Lung_NAT_MD,Transcriptome
SCFD2,-0.13414879,Secretory,Lung_NAT_MD,Transcriptome
SCLT1,-0.051791165,Cytosol,Lung_NAT_MD,Transcriptome
SCML2,0.0064018103,Nucleus,Lung_NAT_MD,Transcriptome
SCO1,-0.045518234,Mitochondria,Lung_NAT_MD,Transcriptome
SCO2,0.096085384,Mitochondria,Lung_NAT_MD,Transcriptome
SCRIB,0.04583485,Mitochondria,Lung_NAT_MD,Transcriptome
SCRN1,-0.005591493,Cytosol,Lung_NAT_MD,Transcriptome
SCRN3,-0.037794713,Cytosol,Lung_NAT_MD,Transcriptome
SDAD1,0.011254783,Nucleus,Lung_NAT_MD,Transcriptome
SDC1,-0.14208867,Secretory,Lung_NAT_MD,Transcriptome
SDC4,-0.022930134,Secretory,Lung_NAT_MD,Transcriptome
SDCBP,-0.03503732,Cytosol,Lung_NAT_MD,Transcriptome
SDF2,-0.109774806,Secretory,Lung_NAT_MD,Transcriptome
SDHA,0.03779972,Mitochondria,Lung_NAT_MD,Transcriptome
SDHB,0.07585394,Mitochondria,Lung_NAT_MD,Transcriptome
SEC11A,-0.006769543,Secretory,Lung_NAT_MD,Transcriptome
SEC22A,-0.024149574,Secretory,Lung_NAT_MD,Transcriptome
SEC23IP,-0.021399584,Cytosol,Lung_NAT_MD,Transcriptome
SEC61B,-0.0871574,Secretory,Lung_NAT_MD,Transcriptome
SEC62,-0.022012986,Secretory,Lung_NAT_MD,Transcriptome
SEC63,-0.02471557,Secretory,Lung_NAT_MD,Transcriptome
SEL1L,-0.012982562,Secretory,Lung_NAT_MD,Transcriptome
SEMA3C,-0.020460287,Secretory,Lung_NAT_MD,Transcriptome
SEMA4C,-0.047971454,Secretory,Lung_NAT_MD,Transcriptome
SEMA4D,-0.04446644,Secretory,Lung_NAT_MD,Transcriptome
SEMA7A,-0.005380887,Secretory,Lung_NAT_MD,Transcriptome
SENP3,-0.17954214,Nucleus,Lung_NAT_MD,Transcriptome
SENP5,0.03570199,Nucleus,Lung_NAT_MD,Transcriptome
SENP7,0.022701705,Nucleus,Lung_NAT_MD,Transcriptome
SEPSECS,-0.02482432,Cytosol,Lung_NAT_MD,Transcriptome
SERAC1,-0.1060076,Mitochondria,Lung_NAT_MD,Transcriptome
SERINC3,-0.023340922,Secretory,Lung_NAT_MD,Transcriptome
SERPINB1,-0.025732467,Cytosol,Lung_NAT_MD,Transcriptome
SESN2,-0.03359773,Cytosol,Lung_NAT_MD,Transcriptome
SET,0.014628759,Nucleus,Lung_NAT_MD,Transcriptome
SETD1B,-0.08857546,Nucleus,Lung_NAT_MD,Transcriptome
SETD7,-0.041065067,Cytosol,Lung_NAT_MD,Transcriptome
SF3A1,-0.025312316,Nucleus,Lung_NAT_MD,Transcriptome
SF3A2,-0.097832,Nucleus,Lung_NAT_MD,Transcriptome
SF3A3,-0.048298545,Nucleus,Lung_NAT_MD,Transcriptome
SF3B1,0.02340937,Nucleus,Lung_NAT_MD,Transcriptome
SFXN1,0.11341955,Mitochondria,Lung_NAT_MD,Transcriptome
SFXN2,0.122296855,Mitochondria,Lung_NAT_MD,Transcriptome
SFXN3,0.09109956,Mitochondria,Lung_NAT_MD,Transcriptome
SGPL1,-0.15035234,Secretory,Lung_NAT_MD,Transcriptome
SGPP1,-0.011422996,Secretory,Lung_NAT_MD,Transcriptome
SGTA,-0.041175418,Cytosol,Lung_NAT_MD,Transcriptome
SGTB,-0.04959129,Cytosol,Lung_NAT_MD,Transcriptome
SH2D4A,-0.046413675,Cytosol,Lung_NAT_MD,Transcriptome
SH3BP2,-0.044802938,Cytosol,Lung_NAT_MD,Transcriptome
SH3BP4,-0.034629382,Secretory,Lung_NAT_MD,Transcriptome
SH3BP5L,-0.13457173,Cytosol,Lung_NAT_MD,Transcriptome
SH3D19,-0.045754235,Cytosol,Lung_NAT_MD,Transcriptome
SH3GL1,-0.052689314,Cytosol,Lung_NAT_MD,Transcriptome
SH3KBP1,-0.008487791,Cytosol,Lung_NAT_MD,Transcriptome
SH3PXD2B,0.0064751734,Cytosol,Lung_NAT_MD,Transcriptome
SH3RF1,-0.04483077,Cytosol,Lung_NAT_MD,Transcriptome
SHCBP1,-0.08996273,Cytosol,Lung_NAT_MD,Transcriptome
SIDT2,-0.07608744,Secretory,Lung_NAT_MD,Transcriptome
SIN3A,0.022308841,Nucleus,Lung_NAT_MD,Transcriptome
SIRT1,0.031722564,Nucleus,Lung_NAT_MD,Transcriptome
SLC12A2,-0.022388771,Secretory,Lung_NAT_MD,Transcriptome
SLC12A4,-0.027567942,Secretory,Lung_NAT_MD,Transcriptome
SLC12A6,-0.008946657,Secretory,Lung_NAT_MD,Transcriptome
SLC12A9,-0.087928176,Secretory,Lung_NAT_MD,Transcriptome
SLC15A4,-0.06551566,Secretory,Lung_NAT_MD,Transcriptome
SLC16A1,-0.015795924,Secretory,Lung_NAT_MD,Transcriptome
SLC16A3,-0.038070135,Secretory,Lung_NAT_MD,Transcriptome
SLC1A4,-0.16649541,Secretory,Lung_NAT_MD,Transcriptome
SLC1A5,-0.008672294,Secretory,Lung_NAT_MD,Transcriptome
SLC20A2,-0.032671835,Secretory,Lung_NAT_MD,Transcriptome
SLC25A1,0.10232211,Mitochondria,Lung_NAT_MD,Transcriptome
SLC25A12,-0.018642394,Mitochondria,Lung_NAT_MD,Transcriptome
SLC25A13,-0.11505283,Mitochondria,Lung_NAT_MD,Transcriptome
SLC25A19,0.0629972,Mitochondria,Lung_NAT_MD,Transcriptome
SLC25A22,0.05577141,Mitochondria,Lung_NAT_MD,Transcriptome
SLC25A24,-0.10995214,Mitochondria,Lung_NAT_MD,Transcriptome
SLC25A25,-0.14239955,Mitochondria,Lung_NAT_MD,Transcriptome
SLC25A3,-0.026699292,Mitochondria,Lung_NAT_MD,Transcriptome
SLC25A35,0.11991773,Mitochondria,Lung_NAT_MD,Transcriptome
SLC25A46,-0.10143571,Mitochondria,Lung_NAT_MD,Transcriptome
SLC25A5,0.06202637,Mitochondria,Lung_NAT_MD,Transcriptome
SLC25A6,0.1255851,Mitochondria,Lung_NAT_MD,Transcriptome
SLC26A2,-0.03924292,Secretory,Lung_NAT_MD,Transcriptome
SLC26A6,-0.111755885,Secretory,Lung_NAT_MD,Transcriptome
SLC27A1,-0.10460911,Secretory,Lung_NAT_MD,Transcriptome
SLC27A4,-0.10296817,Secretory,Lung_NAT_MD,Transcriptome
SLC2A13,-0.022552619,Secretory,Lung_NAT_MD,Transcriptome
SLC30A1,-0.036233157,Secretory,Lung_NAT_MD,Transcriptome
SLC30A5,-0.014089622,Secretory,Lung_NAT_MD,Transcriptome
SLC30A6,-0.014604495,Secretory,Lung_NAT_MD,Transcriptome
SLC30A9,-0.13204102,Mitochondria,Lung_NAT_MD,Transcriptome
SLC33A1,-0.020075828,Secretory,Lung_NAT_MD,Transcriptome
SLC35B2,-0.1169171,Secretory,Lung_NAT_MD,Transcriptome
SLC35B3,-0.018834023,Secretory,Lung_NAT_MD,Transcriptome
SLC35E1,-0.0056059514,Secretory,Lung_NAT_MD,Transcriptome
SLC35F6,-0.082642466,Secretory,Lung_NAT_MD,Transcriptome
SLC37A4,-0.14105211,Secretory,Lung_NAT_MD,Transcriptome
SLC38A1,-0.038670883,Secretory,Lung_NAT_MD,Transcriptome
SLC38A10,-0.051938795,Secretory,Lung_NAT_MD,Transcriptome
SLC38A2,-0.03851954,Secretory,Lung_NAT_MD,Transcriptome
SLC39A10,-0.0012519478,Secretory,Lung_NAT_MD,Transcriptome
SLC39A11,-0.14265321,Secretory,Lung_NAT_MD,Transcriptome
SLC39A14,-0.009484431,Secretory,Lung_NAT_MD,Transcriptome
SLC39A7,-0.1396067,Secretory,Lung_NAT_MD,Transcriptome
SLC3A2,-0.007769572,Secretory,Lung_NAT_MD,Transcriptome
SLC44A1,-0.023606792,Secretory,Lung_NAT_MD,Transcriptome
SLC44A2,-0.0122385705,Secretory,Lung_NAT_MD,Transcriptome
SLC4A1AP,0.0020084009,Nucleus,Lung_NAT_MD,Transcriptome
SLC4A2,-0.09034078,Secretory,Lung_NAT_MD,Transcriptome
SLC4A7,-0.036040306,Secretory,Lung_NAT_MD,Transcriptome
SLC7A1,-0.010112342,Secretory,Lung_NAT_MD,Transcriptome
SLC7A5,-0.009273993,Secretory,Lung_NAT_MD,Transcriptome
SLC9A1,-0.017218668,Secretory,Lung_NAT_MD,Transcriptome
SLC9A6,-0.0021075686,Secretory,Lung_NAT_MD,Transcriptome
SLC9A7,-0.0749607,Secretory,Lung_NAT_MD,Transcriptome
SLK,-0.051453065,Cytosol,Lung_NAT_MD,Transcriptome
SLMAP,-0.02746697,Secretory,Lung_NAT_MD,Transcriptome
SLTM,0.021045618,Nucleus,Lung_NAT_MD,Transcriptome
SMAD2,-0.036963683,Cytosol,Lung_NAT_MD,Transcriptome
SMAD4,-0.04714784,Cytosol,Lung_NAT_MD,Transcriptome
SMAD5,-0.043227874,Cytosol,Lung_NAT_MD,Transcriptome
SMAP1,-0.045541577,Cytosol,Lung_NAT_MD,Transcriptome
SMARCA1,0.027479084,Nucleus,Lung_NAT_MD,Transcriptome
SMARCA5,0.015509312,Nucleus,Lung_NAT_MD,Transcriptome
SMARCAD1,0.013637391,Nucleus,Lung_NAT_MD,Transcriptome
SMC1A,0.016173348,Nucleus,Lung_NAT_MD,Transcriptome
SMC5,0.03288044,Nucleus,Lung_NAT_MD,Transcriptome
SMC6,0.010995401,Nucleus,Lung_NAT_MD,Transcriptome
SMCHD1,0.031171849,Nucleus,Lung_NAT_MD,Transcriptome
SMG8,-0.032122273,Cytosol,Lung_NAT_MD,Transcriptome
SMIM12,-0.051629476,Mitochondria,Lung_NAT_MD,Transcriptome
SMPD1,-0.13451034,Secretory,Lung_NAT_MD,Transcriptome
SMPD2,-0.15427782,Secretory,Lung_NAT_MD,Transcriptome
SMPD4,-0.06765582,Nucleus,Lung_NAT_MD,Transcriptome
SMS,-0.004243179,Cytosol,Lung_NAT_MD,Transcriptome
SMURF2,-0.050659567,Cytosol,Lung_NAT_MD,Transcriptome
SMYD2,-0.04383749,Cytosol,Lung_NAT_MD,Transcriptome
SMYD5,-0.11783217,Cytosol,Lung_NAT_MD,Transcriptome
SNAP23,-0.035646442,Secretory,Lung_NAT_MD,Transcriptome
SNAP47,-0.13058367,Secretory,Lung_NAT_MD,Transcriptome
SNTB2,-0.16883731,Mitochondria,Lung_NAT_MD,Transcriptome
SNX1,-0.045350425,Cytosol,Lung_NAT_MD,Transcriptome
SNX13,-0.021588145,Secretory,Lung_NAT_MD,Transcriptome
SNX14,-0.020994587,Secretory,Lung_NAT_MD,Transcriptome
SNX15,-0.13044716,Cytosol,Lung_NAT_MD,Transcriptome
SNX19,-0.016414113,Secretory,Lung_NAT_MD,Transcriptome
SNX2,0.004425513,Cytosol,Lung_NAT_MD,Transcriptome
SNX25,-0.028013442,Secretory,Lung_NAT_MD,Transcriptome
SNX5,-0.027565662,Cytosol,Lung_NAT_MD,Transcriptome
SNX6,-0.023259372,Cytosol,Lung_NAT_MD,Transcriptome
SNX9,-0.016809527,Cytosol,Lung_NAT_MD,Transcriptome
SOAT1,-0.047482535,Secretory,Lung_NAT_MD,Transcriptome
SOD1,-0.14629698,Cytosol,Lung_NAT_MD,Transcriptome
SORBS3,-0.04023519,Cytosol,Lung_NAT_MD,Transcriptome
SORD,-0.14733775,Cytosol,Lung_NAT_MD,Transcriptome
SORT1,-0.0118210595,Secretory,Lung_NAT_MD,Transcriptome
SOS1,-0.04498349,Cytosol,Lung_NAT_MD,Transcriptome
SOWAHC,-0.051039312,Cytosol,Lung_NAT_MD,Transcriptome
SP1,0.021309998,Nucleus,Lung_NAT_MD,Transcriptome
SPAG9,-0.05010848,Cytosol,Lung_NAT_MD,Transcriptome
SPC24,-0.09049644,Cytosol,Lung_NAT_MD,Transcriptome
SPCS1,-0.16380118,Secretory,Lung_NAT_MD,Transcriptome
SPCS2,-0.014361544,Secretory,Lung_NAT_MD,Transcriptome
SPCS3,-0.016350282,Secretory,Lung_NAT_MD,Transcriptome
SPECC1,-0.03516816,Secretory,Lung_NAT_MD,Transcriptome
SPEN,0.034757636,Nucleus,Lung_NAT_MD,Transcriptome
SPG7,0.061588928,Mitochondria,Lung_NAT_MD,Transcriptome
SPIN1,0.021441974,Nucleus,Lung_NAT_MD,Transcriptome
SPR,-0.1026551,Cytosol,Lung_NAT_MD,Transcriptome
SPRED1,-0.02203575,Secretory,Lung_NAT_MD,Transcriptome
SPRYD3,-0.110783786,Secretory,Lung_NAT_MD,Transcriptome
SPRYD7,-0.022867665,Secretory,Lung_NAT_MD,Transcriptome
SPTLC1,-0.018455727,Secretory,Lung_NAT_MD,Transcriptome
SPTLC2,-0.0174924,Secretory,Lung_NAT_MD,Transcriptome
SPTY2D1,0.034784086,Nucleus,Lung_NAT_MD,Transcriptome
SQLE,-0.026594847,Secretory,Lung_NAT_MD,Transcriptome
SRCAP,-0.048126988,Nucleus,Lung_NAT_MD,Transcriptome
SREBF2,-0.005968975,Secretory,Lung_NAT_MD,Transcriptome
SRFBP1,0.017458921,Nucleus,Lung_NAT_MD,Transcriptome
SRGAP1,-0.04800386,Cytosol,Lung_NAT_MD,Transcriptome
SRI,-0.01356031,Cytosol,Lung_NAT_MD,Transcriptome
SRM,-0.13187096,Cytosol,Lung_NAT_MD,Transcriptome
SRP68,0.004655534,Cytosol,Lung_NAT_MD,Transcriptome
SRP72,-0.032529306,Cytosol,Lung_NAT_MD,Transcriptome
SRPRB,-0.13306539,Secretory,Lung_NAT_MD,Transcriptome
SRR,-0.022782236,Cytosol,Lung_NAT_MD,Transcriptome
SRRT,-0.02040291,Nucleus,Lung_NAT_MD,Transcriptome
SRSF1,0.016575139,Nucleus,Lung_NAT_MD,Transcriptome
SRSF3,0.03523818,Nucleus,Lung_NAT_MD,Transcriptome
SRSF4,0.036247548,Nucleus,Lung_NAT_MD,Transcriptome
SRSF5,0.035287086,Nucleus,Lung_NAT_MD,Transcriptome
SRSF7,0.036114506,Nucleus,Lung_NAT_MD,Transcriptome
SRSF9,-0.21329124,Nucleus,Lung_NAT_MD,Transcriptome
SSBP1,-0.002546378,Mitochondria,Lung_NAT_MD,Transcriptome
SSH3,-0.076271914,Cytosol,Lung_NAT_MD,Transcriptome
SSNA1,-0.14244579,Cytosol,Lung_NAT_MD,Transcriptome
SSR1,-0.01807822,Secretory,Lung_NAT_MD,Transcriptome
SSR3,-0.013896046,Secretory,Lung_NAT_MD,Transcriptome
SSR4,-0.1657067,Secretory,Lung_NAT_MD,Transcriptome
SSU72,-0.10289301,Cytosol,Lung_NAT_MD,Transcriptome
ST13,-0.03568263,Cytosol,Lung_NAT_MD,Transcriptome
ST3GAL1,-0.010009987,Secretory,Lung_NAT_MD,Transcriptome
ST7,-0.03368108,Secretory,Lung_NAT_MD,Transcriptome
STAG1,0.022508834,Nucleus,Lung_NAT_MD,Transcriptome
STAG2,0.019947063,Nucleus,Lung_NAT_MD,Transcriptome
STAMBP,-0.0199372,Cytosol,Lung_NAT_MD,Transcriptome
STARD3,-0.019078953,Secretory,Lung_NAT_MD,Transcriptome
STAT1,-0.08825007,Cytosol,Lung_NAT_MD,Transcriptome
STAT5B,-0.047465626,Cytosol,Lung_NAT_MD,Transcriptome
STAU1,0.01433486,Nucleus,Lung_NAT_MD,Transcriptome
STAU2,0.020092301,Nucleus,Lung_NAT_MD,Transcriptome
STIM1,-0.045466065,Secretory,Lung_NAT_MD,Transcriptome
STIP1,0.00096753676,Cytosol,Lung_NAT_MD,Transcriptome
STK24,-0.020520959,Cytosol,Lung_NAT_MD,Transcriptome
STK38,-0.077937506,Cytosol,Lung_NAT_MD,Transcriptome
STK38L,-0.050516862,Cytosol,Lung_NAT_MD,Transcriptome
STK4,-0.04999372,Cytosol,Lung_NAT_MD,Transcriptome
STMN1,-0.059617706,Cytosol,Lung_NAT_MD,Transcriptome
STOM,-0.037881635,Secretory,Lung_NAT_MD,Transcriptome
STOML2,0.14046852,Mitochondria,Lung_NAT_MD,Transcriptome
STRAP,-0.039082445,Cytosol,Lung_NAT_MD,Transcriptome
STRBP,0.01996166,Nucleus,Lung_NAT_MD,Transcriptome
STT3A,-0.15343425,Secretory,Lung_NAT_MD,Transcriptome
STT3B,-0.0068591493,Secretory,Lung_NAT_MD,Transcriptome
STX10,-0.15288687,Secretory,Lung_NAT_MD,Transcriptome
STX12,-0.03910656,Secretory,Lung_NAT_MD,Transcriptome
STX16,-0.025762578,Secretory,Lung_NAT_MD,Transcriptome
STX17,-0.020789878,Secretory,Lung_NAT_MD,Transcriptome
STX18,-0.08927387,Secretory,Lung_NAT_MD,Transcriptome
STX3,-0.033431627,Secretory,Lung_NAT_MD,Transcriptome
STX4,-0.009989497,Secretory,Lung_NAT_MD,Transcriptome
STX5,-0.02121304,Secretory,Lung_NAT_MD,Transcriptome
STX6,-0.011637659,Secretory,Lung_NAT_MD,Transcriptome
STX7,-0.023745492,Secretory,Lung_NAT_MD,Transcriptome
STX8,-0.08461826,Secretory,Lung_NAT_MD,Transcriptome
STXBP3,-0.0189858,Secretory,Lung_NAT_MD,Transcriptome
SUGP1,-0.1788731,Nucleus,Lung_NAT_MD,Transcriptome
SUGP2,-0.051834904,Nucleus,Lung_NAT_MD,Transcriptome
SUGT1,-0.047345947,Cytosol,Lung_NAT_MD,Transcriptome
SUN1,0.026817895,Nucleus,Lung_NAT_MD,Transcriptome
SUN2,-0.03923995,Nucleus,Lung_NAT_MD,Transcriptome
SUOX,-0.20455956,Nucleus,Lung_NAT_MD,Transcriptome
SUPT16H,0.0075621363,Nucleus,Lung_NAT_MD,Transcriptome
SUPT5H,-0.08881672,Nucleus,Lung_NAT_MD,Transcriptome
SUPT6H,0.010521046,Nucleus,Lung_NAT_MD,Transcriptome
SUPV3L1,-0.12511426,Mitochondria,Lung_NAT_MD,Transcriptome
SURF1,0.1309001,Mitochondria,Lung_NAT_MD,Transcriptome
SURF4,-0.090069406,Secretory,Lung_NAT_MD,Transcriptome
SURF6,-0.18333262,Nucleus,Lung_NAT_MD,Transcriptome
SUV39H2,0.009105413,Nucleus,Lung_NAT_MD,Transcriptome
SWAP70,-0.045811262,Cytosol,Lung_NAT_MD,Transcriptome
SYMPK,-0.09994198,Nucleus,Lung_NAT_MD,Transcriptome
SYNCRIP,0.021105595,Nucleus,Lung_NAT_MD,Transcriptome
SYNE2,0.021628482,Nucleus,Lung_NAT_MD,Transcriptome
SYNE3,-0.010399992,Nucleus,Lung_NAT_MD,Transcriptome
SYNGR2,-0.103936374,Secretory,Lung_NAT_MD,Transcriptome
SYNJ1,-0.049990844,Cytosol,Lung_NAT_MD,Transcriptome
SYNJ2BP,-0.11470363,Mitochondria,Lung_NAT_MD,Transcriptome
SYNRG,0.0003944473,Cytosol,Lung_NAT_MD,Transcriptome
SYPL1,-0.02289112,Secretory,Lung_NAT_MD,Transcriptome
SYVN1,-0.036332417,Secretory,Lung_NAT_MD,Transcriptome
SZRD1,-0.03931429,Cytosol,Lung_NAT_MD,Transcriptome
TAB1,-0.10772761,Cytosol,Lung_NAT_MD,Transcriptome
TAB2,-0.049823333,Cytosol,Lung_NAT_MD,Transcriptome
TACC2,-0.020144876,Cytosol,Lung_NAT_MD,Transcriptome
TACC3,-0.09294018,Cytosol,Lung_NAT_MD,Transcriptome
TAF4,-0.032258008,Nucleus,Lung_NAT_MD,Transcriptome
TAF7,-0.050632816,Cytosol,Lung_NAT_MD,Transcriptome
TAGLN2,0.0011796183,Cytosol,Lung_NAT_MD,Transcriptome
TALDO1,-0.051519353,Cytosol,Lung_NAT_MD,Transcriptome
TAMM41,-0.029908145,Mitochondria,Lung_NAT_MD,Transcriptome
TANC1,-0.045441125,Cytosol,Lung_NAT_MD,Transcriptome
TANGO2,-0.095335364,Cytosol,Lung_NAT_MD,Transcriptome
TANK,-0.046291064,Cytosol,Lung_NAT_MD,Transcriptome
TAP1,-0.0966428,Secretory,Lung_NAT_MD,Transcriptome
TAP2,-0.08996641,Secretory,Lung_NAT_MD,Transcriptome
TAPT1,-0.02788072,Secretory,Lung_NAT_MD,Transcriptome
TARS2,0.12197416,Mitochondria,Lung_NAT_MD,Transcriptome
TASP1,0.019932423,Nucleus,Lung_NAT_MD,Transcriptome
TATDN1,-0.045160722,Cytosol,Lung_NAT_MD,Transcriptome
TATDN3,-0.019638702,Cytosol,Lung_NAT_MD,Transcriptome
TAX1BP3,-0.036601827,Cytosol,Lung_NAT_MD,Transcriptome
TBC1D1,0.0057583707,Cytosol,Lung_NAT_MD,Transcriptome
TBC1D13,-0.11034958,Cytosol,Lung_NAT_MD,Transcriptome
TBC1D2,-0.066054575,Cytosol,Lung_NAT_MD,Transcriptome
TBC1D20,-0.039812963,Secretory,Lung_NAT_MD,Transcriptome
TBC1D22A,-0.07755679,Cytosol,Lung_NAT_MD,Transcriptome
TBC1D2B,-0.096939504,Cytosol,Lung_NAT_MD,Transcriptome
TBC1D31,-0.0019926687,Secretory,Lung_NAT_MD,Transcriptome
TBC1D5,-0.04162874,Cytosol,Lung_NAT_MD,Transcriptome
TBCB,-0.12078198,Cytosol,Lung_NAT_MD,Transcriptome
TBCC,-0.13683523,Cytosol,Lung_NAT_MD,Transcriptome
TBCE,-0.039068215,Cytosol,Lung_NAT_MD,Transcriptome
TBCEL,-0.047814995,Cytosol,Lung_NAT_MD,Transcriptome
TBK1,-0.051953044,Cytosol,Lung_NAT_MD,Transcriptome
TBL1XR1,0.020637399,Nucleus,Lung_NAT_MD,Transcriptome
TBL2,-0.15501869,Secretory,Lung_NAT_MD,Transcriptome
TBL3,-0.13687931,Nucleus,Lung_NAT_MD,Transcriptome
TBPL1,-0.050530378,Cytosol,Lung_NAT_MD,Transcriptome
TBRG4,0.109611504,Mitochondria,Lung_NAT_MD,Transcriptome
TCERG1,0.026206693,Nucleus,Lung_NAT_MD,Transcriptome
TCF20,-0.12904428,Nucleus,Lung_NAT_MD,Transcriptome
TCF25,-0.05819022,Secretory,Lung_NAT_MD,Transcriptome
TCIRG1,-0.0972368,Secretory,Lung_NAT_MD,Transcriptome
TCOF1,-0.056319024,Nucleus,Lung_NAT_MD,Transcriptome
TCP1,-0.022302167,Cytosol,Lung_NAT_MD,Transcriptome
TDRKH,0.12067849,Mitochondria,Lung_NAT_MD,Transcriptome
TECPR2,-0.018609941,Cytosol,Lung_NAT_MD,Transcriptome
TECR,-0.13526724,Secretory,Lung_NAT_MD,Transcriptome
TEP1,-0.14365186,Nucleus,Lung_NAT_MD,Transcriptome
TEX10,0.02547406,Nucleus,Lung_NAT_MD,Transcriptome
TEX2,-0.014902264,Secretory,Lung_NAT_MD,Transcriptome
TEX264,-0.15571935,Secretory,Lung_NAT_MD,Transcriptome
TFAM,-0.09989827,Mitochondria,Lung_NAT_MD,Transcriptome
TFAP2A,-0.20155731,Nucleus,Lung_NAT_MD,Transcriptome
TFB1M,-0.011800271,Secretory,Lung_NAT_MD,Transcriptome
TFG,-0.048719525,Cytosol,Lung_NAT_MD,Transcriptome
TFIP11,-0.06915311,Nucleus,Lung_NAT_MD,Transcriptome
TFRC,-0.010480598,Secretory,Lung_NAT_MD,Transcriptome
TGFBR1,-0.0071323724,Secretory,Lung_NAT_MD,Transcriptome
TGFBR2,-0.024060456,Secretory,Lung_NAT_MD,Transcriptome
TGFBRAP1,-0.07698548,Cytosol,Lung_NAT_MD,Transcriptome
TGOLN2,-0.017904427,Secretory,Lung_NAT_MD,Transcriptome
THADA,-0.033453763,Cytosol,Lung_NAT_MD,Transcriptome
THAP11,-0.17313677,Nucleus,Lung_NAT_MD,Transcriptome
THAP4,-0.16513574,Nucleus,Lung_NAT_MD,Transcriptome
THEM6,-0.14862695,Secretory,Lung_NAT_MD,Transcriptome
THG1L,-0.019685045,Cytosol,Lung_NAT_MD,Transcriptome
THOP1,-0.11248292,Cytosol,Lung_NAT_MD,Transcriptome
THTPA,-0.12916084,Cytosol,Lung_NAT_MD,Transcriptome
THUMPD3,-0.043790363,Cytosol,Lung_NAT_MD,Transcriptome
TIMM10,0.13977537,Mitochondria,Lung_NAT_MD,Transcriptome
TIMM21,-0.045011375,Mitochondria,Lung_NAT_MD,Transcriptome
TIMM44,0.06821938,Mitochondria,Lung_NAT_MD,Transcriptome
TIMM50,0.04968124,Mitochondria,Lung_NAT_MD,Transcriptome
TIMMDC1,0.015058605,Mitochondria,Lung_NAT_MD,Transcriptome
TIMP2,-0.005793808,Secretory,Lung_NAT_MD,Transcriptome
TIPRL,-0.040181283,Cytosol,Lung_NAT_MD,Transcriptome
TK1,-0.09481455,Cytosol,Lung_NAT_MD,Transcriptome
TLK1,0.017519634,Nucleus,Lung_NAT_MD,Transcriptome
TLK2,0.029371873,Nucleus,Lung_NAT_MD,Transcriptome
TLN1,-0.012428166,Cytosol,Lung_NAT_MD,Transcriptome
TM9SF2,-0.0049828105,Secretory,Lung_NAT_MD,Transcriptome
TM9SF3,-0.0232678,Secretory,Lung_NAT_MD,Transcriptome
TM9SF4,-0.022237204,Secretory,Lung_NAT_MD,Transcriptome
TMCC1,-0.022714864,Secretory,Lung_NAT_MD,Transcriptome
TMCC3,-0.037092764,Secretory,Lung_NAT_MD,Transcriptome
TMCO1,-0.0076095634,Secretory,Lung_NAT_MD,Transcriptome
TMCO3,-0.10162482,Secretory,Lung_NAT_MD,Transcriptome
TMED1,-0.12819785,Secretory,Lung_NAT_MD,Transcriptome
TMED10,-0.012279368,Secretory,Lung_NAT_MD,Transcriptome
TMED2,-0.012951063,Secretory,Lung_NAT_MD,Transcriptome
TMED3,-0.15082453,Secretory,Lung_NAT_MD,Transcriptome
TMED4,-0.14445913,Secretory,Lung_NAT_MD,Transcriptome
TMED5,-0.019041438,Secretory,Lung_NAT_MD,Transcriptome
TMED9,-0.14426209,Secretory,Lung_NAT_MD,Transcriptome
TMEM106B,-0.022906296,Secretory,Lung_NAT_MD,Transcriptome
TMEM11,0.09879956,Mitochondria,Lung_NAT_MD,Transcriptome
TMEM115,-0.102116756,Secretory,Lung_NAT_MD,Transcriptome
TMEM120A,-0.035186037,Secretory,Lung_NAT_MD,Transcriptome
TMEM126A,-0.10024913,Mitochondria,Lung_NAT_MD,Transcriptome
TMEM128,-0.018291436,Secretory,Lung_NAT_MD,Transcriptome
TMEM131,-0.023351911,Secretory,Lung_NAT_MD,Transcriptome
TMEM134,-0.12483723,Secretory,Lung_NAT_MD,Transcriptome
TMEM141,0.1220916,Mitochondria,Lung_NAT_MD,Transcriptome
TMEM165,-0.030411733,Secretory,Lung_NAT_MD,Transcriptome
TMEM168,-0.02296132,Secretory,Lung_NAT_MD,Transcriptome
TMEM177,0.12773354,Mitochondria,Lung_NAT_MD,Transcriptome
TMEM179B,-0.1500162,Secretory,Lung_NAT_MD,Transcriptome
TMEM181,-0.022695245,Secretory,Lung_NAT_MD,Transcriptome
TMEM192,-0.009104088,Secretory,Lung_NAT_MD,Transcriptome
TMEM199,-0.15146199,Secretory,Lung_NAT_MD,Transcriptome
TMEM201,-0.09822604,Nucleus,Lung_NAT_MD,Transcriptome
TMEM205,-0.12280371,Secretory,Lung_NAT_MD,Transcriptome
TMEM209,0.015633708,Nucleus,Lung_NAT_MD,Transcriptome
TMEM214,-0.043107636,Secretory,Lung_NAT_MD,Transcriptome
TMEM222,-0.112746865,Secretory,Lung_NAT_MD,Transcriptome
TMEM223,0.111455,Mitochondria,Lung_NAT_MD,Transcriptome
TMEM230,-0.0063727368,Secretory,Lung_NAT_MD,Transcriptome
TMEM245,-0.022239944,Secretory,Lung_NAT_MD,Transcriptome
TMEM259,-0.07721946,Secretory,Lung_NAT_MD,Transcriptome
TMEM260,-0.018330233,Secretory,Lung_NAT_MD,Transcriptome
TMEM30A,-0.01257875,Secretory,Lung_NAT_MD,Transcriptome
TMEM43,-0.0354604,Secretory,Lung_NAT_MD,Transcriptome
TMEM59,-0.003597578,Secretory,Lung_NAT_MD,Transcriptome
TMEM63A,-0.0823588,Secretory,Lung_NAT_MD,Transcriptome
TMEM63B,-0.058349736,Secretory,Lung_NAT_MD,Transcriptome
TMEM65,-0.11722295,Mitochondria,Lung_NAT_MD,Transcriptome
TMEM70,-0.11504189,Mitochondria,Lung_NAT_MD,Transcriptome
TMEM87A,-0.03265384,Secretory,Lung_NAT_MD,Transcriptome
TMEM87B,-0.018327698,Secretory,Lung_NAT_MD,Transcriptome
TMEM9,-0.1419958,Secretory,Lung_NAT_MD,Transcriptome
TMEM97,-0.038327727,Secretory,Lung_NAT_MD,Transcriptome
TMEM9B,-0.007821974,Secretory,Lung_NAT_MD,Transcriptome
TMPO,0.0195114,Nucleus,Lung_NAT_MD,Transcriptome
TMTC3,-0.021611944,Secretory,Lung_NAT_MD,Transcriptome
TMX1,-0.014966431,Secretory,Lung_NAT_MD,Transcriptome
TMX2,-0.007316169,Secretory,Lung_NAT_MD,Transcriptome
TMX3,-0.014511657,Secretory,Lung_NAT_MD,Transcriptome
TNIP1,0.004688724,Cytosol,Lung_NAT_MD,Transcriptome
TNKS,-0.045586932,Cytosol,Lung_NAT_MD,Transcriptome
TOE1,-0.02849825,Nucleus,Lung_NAT_MD,Transcriptome
TOM1L1,-0.04800014,Cytosol,Lung_NAT_MD,Transcriptome
TOMM20,-0.152433,Mitochondria,Lung_NAT_MD,Transcriptome
TOMM22,0.121875405,Mitochondria,Lung_NAT_MD,Transcriptome
TOMM34,0.011933995,Cytosol,Lung_NAT_MD,Transcriptome
TOMM40,0.036528215,Mitochondria,Lung_NAT_MD,Transcriptome
TOMM5,-0.14643526,Mitochondria,Lung_NAT_MD,Transcriptome
TOP2A,-0.14143836,Nucleus,Lung_NAT_MD,Transcriptome
TOP2B,0.014209312,Nucleus,Lung_NAT_MD,Transcriptome
TOR1AIP1,0.019927116,Nucleus,Lung_NAT_MD,Transcriptome
TOR1AIP2,-0.025709586,Secretory,Lung_NAT_MD,Transcriptome
TP53I3,-0.09764962,Cytosol,Lung_NAT_MD,Transcriptome
TPCN1,-0.051559154,Secretory,Lung_NAT_MD,Transcriptome
TPD52,-0.049039096,Cytosol,Lung_NAT_MD,Transcriptome
TPI1,-0.08402414,Cytosol,Lung_NAT_MD,Transcriptome
TPM1,-0.046900414,Cytosol,Lung_NAT_MD,Transcriptome
TPM2,-0.035586156,Cytosol,Lung_NAT_MD,Transcriptome
TPM3,-0.029554635,Cytosol,Lung_NAT_MD,Transcriptome
TPM4,-0.03794904,Cytosol,Lung_NAT_MD,Transcriptome
TPMT,0.0038093203,Cytosol,Lung_NAT_MD,Transcriptome
TPP2,0.013357509,Nucleus,Lung_NAT_MD,Transcriptome
TPRG1L,-0.05763136,Secretory,Lung_NAT_MD,Transcriptome
TPST1,-0.012446205,Secretory,Lung_NAT_MD,Transcriptome
TPT1,-0.032370757,Cytosol,Lung_NAT_MD,Transcriptome
TRA2A,0.028586261,Nucleus,Lung_NAT_MD,Transcriptome
TRA2B,0.036720853,Nucleus,Lung_NAT_MD,Transcriptome
TRABD,0.0770868,Mitochondria,Lung_NAT_MD,Transcriptome
TRAF2,-0.0639852,Cytosol,Lung_NAT_MD,Transcriptome
TRAF3IP1,-0.007935598,Cytosol,Lung_NAT_MD,Transcriptome
TRAFD1,-0.11747497,Cytosol,Lung_NAT_MD,Transcriptome
TRAM1,-0.015359845,Secretory,Lung_NAT_MD,Transcriptome
TRAP1,0.11606808,Mitochondria,Lung_NAT_MD,Transcriptome
TRAPPC3,-0.13961539,Cytosol,Lung_NAT_MD,Transcriptome
TRIAP1,-0.121958576,Nucleus,Lung_NAT_MD,Transcriptome
TRIM21,-0.095348924,Cytosol,Lung_NAT_MD,Transcriptome
TRIM24,0.019908208,Nucleus,Lung_NAT_MD,Transcriptome
TRIM26,-0.09181855,Cytosol,Lung_NAT_MD,Transcriptome
TRIM28,-0.09154664,Nucleus,Lung_NAT_MD,Transcriptome
TRIM33,0.021825626,Nucleus,Lung_NAT_MD,Transcriptome
TRIM36,0.0014296052,Cytosol,Lung_NAT_MD,Transcriptome
TRIM4,-0.016516678,Secretory,Lung_NAT_MD,Transcriptome
TRIM47,-0.020719964,Cytosol,Lung_NAT_MD,Transcriptome
TRIM5,-0.024700917,Cytosol,Lung_NAT_MD,Transcriptome
TRIM56,-0.09173322,Nucleus,Lung_NAT_MD,Transcriptome
TRIM65,-0.120824225,Cytosol,Lung_NAT_MD,Transcriptome
TRIP10,-0.030910337,Cytosol,Lung_NAT_MD,Transcriptome
TRIP11,-0.02592058,Secretory,Lung_NAT_MD,Transcriptome
TRIP12,0.030130684,Nucleus,Lung_NAT_MD,Transcriptome
TRIP6,-0.09851195,Cytosol,Lung_NAT_MD,Transcriptome
TRMT10C,-0.11413309,Mitochondria,Lung_NAT_MD,Transcriptome
TRMT1L,0.021304583,Nucleus,Lung_NAT_MD,Transcriptome
TRMT6,0.026934033,Nucleus,Lung_NAT_MD,Transcriptome
TRPM7,-0.018740477,Secretory,Lung_NAT_MD,Transcriptome
TSC1,-0.021868143,Cytosol,Lung_NAT_MD,Transcriptome
TSC22D1,-0.04126358,Cytosol,Lung_NAT_MD,Transcriptome
TSC22D2,-0.030863198,Cytosol,Lung_NAT_MD,Transcriptome
TSPAN14,-0.014628459,Secretory,Lung_NAT_MD,Transcriptome
TSPAN4,-0.10351558,Secretory,Lung_NAT_MD,Transcriptome
TSPO,0.0970924,Mitochondria,Lung_NAT_MD,Transcriptome
TSTD1,-0.036405653,Cytosol,Lung_NAT_MD,Transcriptome
TSTD2,-0.04997719,Cytosol,Lung_NAT_MD,Transcriptome
TTC1,-0.0031300678,Cytosol,Lung_NAT_MD,Transcriptome
TTC13,-0.009504692,Secretory,Lung_NAT_MD,Transcriptome
TTC17,-0.022715231,Secretory,Lung_NAT_MD,Transcriptome
TTC3,-0.012528208,Secretory,Lung_NAT_MD,Transcriptome
TTC4,-0.11997114,Cytosol,Lung_NAT_MD,Transcriptome
TTC5,-0.017383978,Cytosol,Lung_NAT_MD,Transcriptome
TTF1,0.015061193,Nucleus,Lung_NAT_MD,Transcriptome
TTI2,-0.13794957,Cytosol,Lung_NAT_MD,Transcriptome
TTL,-0.058185834,Cytosol,Lung_NAT_MD,Transcriptome
TTLL12,-0.13712557,Cytosol,Lung_NAT_MD,Transcriptome
TTYH3,-0.07300816,Secretory,Lung_NAT_MD,Transcriptome
TUBA4A,-0.044445172,Cytosol,Lung_NAT_MD,Transcriptome
TUBB,-0.13146318,Cytosol,Lung_NAT_MD,Transcriptome
TUBB4B,-0.14083584,Cytosol,Lung_NAT_MD,Transcriptome
TUBB6,-0.012176029,Cytosol,Lung_NAT_MD,Transcriptome
TUBGCP6,-0.07251556,Cytosol,Lung_NAT_MD,Transcriptome
TUFM,0.13602184,Mitochondria,Lung_NAT_MD,Transcriptome
TUFT1,-0.04518694,Cytosol,Lung_NAT_MD,Transcriptome
TUT1,-0.16942245,Nucleus,Lung_NAT_MD,Transcriptome
TWF2,-0.11830193,Cytosol,Lung_NAT_MD,Transcriptome
TXLNA,-0.034007005,Cytosol,Lung_NAT_MD,Transcriptome
TXLNG,-0.048974972,Cytosol,Lung_NAT_MD,Transcriptome
TXNDC11,-0.010617707,Secretory,Lung_NAT_MD,Transcriptome
TXNDC15,-0.0050622756,Secretory,Lung_NAT_MD,Transcriptome
TXNDC5,-0.19708736,Nucleus,Lung_NAT_MD,Transcriptome
TXNDC9,-0.043156788,Cytosol,Lung_NAT_MD,Transcriptome
TXNL1,-0.048792873,Cytosol,Lung_NAT_MD,Transcriptome
TXNL4B,0.0007850244,Cytosol,Lung_NAT_MD,Transcriptome
TXNRD1,0.009061468,Cytosol,Lung_NAT_MD,Transcriptome
TYW1,-0.022222526,Secretory,Lung_NAT_MD,Transcriptome
TYW5,-0.036397334,Cytosol,Lung_NAT_MD,Transcriptome
U2AF1,0.030179974,Nucleus,Lung_NAT_MD,Transcriptome
U2AF2,-0.12130486,Nucleus,Lung_NAT_MD,Transcriptome
UAP1,-0.03310045,Cytosol,Lung_NAT_MD,Transcriptome
UAP1L1,-0.120614775,Cytosol,Lung_NAT_MD,Transcriptome
UBA1,-0.08021768,Cytosol,Lung_NAT_MD,Transcriptome
UBA6,-0.05027796,Cytosol,Lung_NAT_MD,Transcriptome
UBAC1,-0.120984256,Cytosol,Lung_NAT_MD,Transcriptome
UBAC2,-0.1472596,Secretory,Lung_NAT_MD,Transcriptome
UBAP1,-0.022679932,Cytosol,Lung_NAT_MD,Transcriptome
UBE2A,-0.043392908,Cytosol,Lung_NAT_MD,Transcriptome
UBE2B,-0.051635217,Cytosol,Lung_NAT_MD,Transcriptome
UBE2C,-0.091544606,Cytosol,Lung_NAT_MD,Transcriptome
UBE2D2,-0.016680945,Cytosol,Lung_NAT_MD,Transcriptome
UBE2G1,-0.049689397,Cytosol,Lung_NAT_MD,Transcriptome
UBE2G2,-0.008339807,Secretory,Lung_NAT_MD,Transcriptome
UBE2H,-0.04947638,Cytosol,Lung_NAT_MD,Transcriptome
UBE2J1,-0.022848548,Secretory,Lung_NAT_MD,Transcriptome
UBE2K,-0.050028697,Cytosol,Lung_NAT_MD,Transcriptome
UBE2L3,-0.0771949,Cytosol,Lung_NAT_MD,Transcriptome
UBE2L6,-0.1051357,Cytosol,Lung_NAT_MD,Transcriptome
UBE2M,-0.124033295,Cytosol,Lung_NAT_MD,Transcriptome
UBE2O,-0.022756109,Cytosol,Lung_NAT_MD,Transcriptome
UBE2R2,0.0043655536,Cytosol,Lung_NAT_MD,Transcriptome
UBE2Z,-0.027872516,Cytosol,Lung_NAT_MD,Transcriptome
UBFD1,-0.13618527,Cytosol,Lung_NAT_MD,Transcriptome
UBL7,-0.14182916,Cytosol,Lung_NAT_MD,Transcriptome
UBN1,-0.03619363,Nucleus,Lung_NAT_MD,Transcriptome
UBN2,0.022838037,Nucleus,Lung_NAT_MD,Transcriptome
UBP1,-0.04720205,Cytosol,Lung_NAT_MD,Transcriptome
UBQLN1,-0.051733527,Cytosol,Lung_NAT_MD,Transcriptome
UBR1,-0.04862914,Cytosol,Lung_NAT_MD,Transcriptome
UBR3,-0.047647472,Cytosol,Lung_NAT_MD,Transcriptome
UBR4,-0.012642909,Cytosol,Lung_NAT_MD,Transcriptome
UBR5,0.03188467,Nucleus,Lung_NAT_MD,Transcriptome
UBXN1,-0.14504221,Cytosol,Lung_NAT_MD,Transcriptome
UBXN2B,-0.02154028,Cytosol,Lung_NAT_MD,Transcriptome
UBXN4,-0.02598277,Secretory,Lung_NAT_MD,Transcriptome
UCHL5,-0.04902421,Cytosol,Lung_NAT_MD,Transcriptome
UCK2,0.0085704895,Cytosol,Lung_NAT_MD,Transcriptome
UEVLD,-0.04066007,Cytosol,Lung_NAT_MD,Transcriptome
UFL1,-0.01779265,Secretory,Lung_NAT_MD,Transcriptome
UGDH,-0.026333082,Cytosol,Lung_NAT_MD,Transcriptome
UHRF2,0.022765601,Nucleus,Lung_NAT_MD,Transcriptome
UNC119,-0.13370638,Cytosol,Lung_NAT_MD,Transcriptome
UNC119B,-0.0072386446,Cytosol,Lung_NAT_MD,Transcriptome
UNC13B,-0.04988673,Cytosol,Lung_NAT_MD,Transcriptome
UNC13D,-0.009130848,Cytosol,Lung_NAT_MD,Transcriptome
UNC93B1,-0.118283965,Secretory,Lung_NAT_MD,Transcriptome
UPRT,-0.04168459,Cytosol,Lung_NAT_MD,Transcriptome
UQCC1,0.12339177,Mitochondria,Lung_NAT_MD,Transcriptome
UQCR10,0.13567129,Mitochondria,Lung_NAT_MD,Transcriptome
UQCRB,0.12966308,Mitochondria,Lung_NAT_MD,Transcriptome
UQCRC1,0.12705894,Mitochondria,Lung_NAT_MD,Transcriptome
UQCRC2,0.047846973,Mitochondria,Lung_NAT_MD,Transcriptome
UQCRFS1,0.02928883,Mitochondria,Lung_NAT_MD,Transcriptome
UQCRH,0.1382571,Mitochondria,Lung_NAT_MD,Transcriptome
UQCRQ,0.1412277,Mitochondria,Lung_NAT_MD,Transcriptome
URB1,-0.113738984,Nucleus,Lung_NAT_MD,Transcriptome
URB2,7.227868e-05,Nucleus,Lung_NAT_MD,Transcriptome
UROD,-0.13871662,Cytosol,Lung_NAT_MD,Transcriptome
UROS,-0.13650459,Cytosol,Lung_NAT_MD,Transcriptome
USE1,-0.021048162,Secretory,Lung_NAT_MD,Transcriptome
USP11,-0.023410726,Nucleus,Lung_NAT_MD,Transcriptome
USP12,-0.031845335,Secretory,Lung_NAT_MD,Transcriptome
USP13,-0.047469985,Cytosol,Lung_NAT_MD,Transcriptome
USP15,-0.050896,Cytosol,Lung_NAT_MD,Transcriptome
USP20,-0.09477514,Secretory,Lung_NAT_MD,Transcriptome
USP24,-0.04814445,Cytosol,Lung_NAT_MD,Transcriptome
USP25,-0.048560236,Cytosol,Lung_NAT_MD,Transcriptome
USP30,-0.041815158,Mitochondria,Lung_NAT_MD,Transcriptome
USP33,-0.024384847,Secretory,Lung_NAT_MD,Transcriptome
USP36,0.008418746,Nucleus,Lung_NAT_MD,Transcriptome
USP4,-0.031150578,Cytosol,Lung_NAT_MD,Transcriptome
USP42,0.013191382,Nucleus,Lung_NAT_MD,Transcriptome
USP47,-0.049280204,Cytosol,Lung_NAT_MD,Transcriptome
USP5,-0.14056392,Cytosol,Lung_NAT_MD,Transcriptome
USP7,0.032983847,Nucleus,Lung_NAT_MD,Transcriptome
USP8,-0.050486576,Cytosol,Lung_NAT_MD,Transcriptome
USP9X,-0.05031153,Cytosol,Lung_NAT_MD,Transcriptome
UTP14A,-0.0034246955,Nucleus,Lung_NAT_MD,Transcriptome
UTP15,0.01708805,Nucleus,Lung_NAT_MD,Transcriptome
UTP18,-0.0809827,Nucleus,Lung_NAT_MD,Transcriptome
UTP20,0.015341433,Nucleus,Lung_NAT_MD,Transcriptome
UTP23,0.014880811,Nucleus,Lung_NAT_MD,Transcriptome
UTP3,0.021345442,Nucleus,Lung_NAT_MD,Transcriptome
UTP6,0.005083397,Nucleus,Lung_NAT_MD,Transcriptome
UTRN,-0.14258204,Mitochondria,Lung_NAT_MD,Transcriptome
UXS1,-0.02258564,Secretory,Lung_NAT_MD,Transcriptome
VAMP3,-0.022726564,Secretory,Lung_NAT_MD,Transcriptome
VAMP4,-0.025020378,Secretory,Lung_NAT_MD,Transcriptome
VAMP7,-0.0144191,Secretory,Lung_NAT_MD,Transcriptome
VANGL1,-0.0051715192,Secretory,Lung_NAT_MD,Transcriptome
VAPA,-0.035592265,Secretory,Lung_NAT_MD,Transcriptome
VAPB,-0.025139032,Secretory,Lung_NAT_MD,Transcriptome
VASP,-0.05178735,Cytosol,Lung_NAT_MD,Transcriptome
VBP1,-0.0363519,Cytosol,Lung_NAT_MD,Transcriptome
VCL,-0.048201367,Cytosol,Lung_NAT_MD,Transcriptome
VCP,0.010508475,Cytosol,Lung_NAT_MD,Transcriptome
VCPIP1,-0.047789562,Cytosol,Lung_NAT_MD,Transcriptome
VDAC1,-0.027231747,Mitochondria,Lung_NAT_MD,Transcriptome
VDAC2,-0.17052384,Mitochondria,Lung_NAT_MD,Transcriptome
VDAC3,0.034114916,Mitochondria,Lung_NAT_MD,Transcriptome
VEZT,-0.023513773,Secretory,Lung_NAT_MD,Transcriptome
VIPAS39,-0.024069564,Cytosol,Lung_NAT_MD,Transcriptome
VMP1,-0.032000765,Secretory,Lung_NAT_MD,Transcriptome
VPS13A,-0.024362525,Secretory,Lung_NAT_MD,Transcriptome
VPS13C,-0.038484193,Cytosol,Lung_NAT_MD,Transcriptome
VPS25,-0.1466479,Cytosol,Lung_NAT_MD,Transcriptome
VPS26A,-0.05125592,Cytosol,Lung_NAT_MD,Transcriptome
VPS33B,-0.11024474,Cytosol,Lung_NAT_MD,Transcriptome
VPS35,-0.016303405,Cytosol,Lung_NAT_MD,Transcriptome
VPS37B,-0.024774369,Cytosol,Lung_NAT_MD,Transcriptome
VPS4A,-0.10586703,Cytosol,Lung_NAT_MD,Transcriptome
VPS4B,-0.043206327,Cytosol,Lung_NAT_MD,Transcriptome
VPS52,-0.09947688,Cytosol,Lung_NAT_MD,Transcriptome
VTA1,-0.03884033,Cytosol,Lung_NAT_MD,Transcriptome
VTI1A,-0.024512697,Secretory,Lung_NAT_MD,Transcriptome
VWA8,-0.11384148,Mitochondria,Lung_NAT_MD,Transcriptome
WAC,0.028143179,Nucleus,Lung_NAT_MD,Transcriptome
WARS2,-0.16491562,Mitochondria,Lung_NAT_MD,Transcriptome
WBP11,0.034215674,Nucleus,Lung_NAT_MD,Transcriptome
WDFY1,-0.01942324,Secretory,Lung_NAT_MD,Transcriptome
WDR1,0.009683138,Cytosol,Lung_NAT_MD,Transcriptome
WDR18,-0.16722062,Nucleus,Lung_NAT_MD,Transcriptome
WDR3,0.0015546563,Nucleus,Lung_NAT_MD,Transcriptome
WDR33,0.020817248,Nucleus,Lung_NAT_MD,Transcriptome
WDR36,0.009028321,Nucleus,Lung_NAT_MD,Transcriptome
WDR37,-0.053082217,Cytosol,Lung_NAT_MD,Transcriptome
WDR43,0.018365797,Nucleus,Lung_NAT_MD,Transcriptome
WDR44,-0.05142344,Cytosol,Lung_NAT_MD,Transcriptome
WDR45,-0.08880521,Cytosol,Lung_NAT_MD,Transcriptome
WDR46,-0.19526859,Nucleus,Lung_NAT_MD,Transcriptome
WDR6,-0.0886258,Cytosol,Lung_NAT_MD,Transcriptome
WDR7,0.0046226084,Cytosol,Lung_NAT_MD,Transcriptome
WDR75,0.012460749,Nucleus,Lung_NAT_MD,Transcriptome
WDR76,-0.13718821,Nucleus,Lung_NAT_MD,Transcriptome
WDR77,-0.101351365,Cytosol,Lung_NAT_MD,Transcriptome
WDR81,-0.11225021,Cytosol,Lung_NAT_MD,Transcriptome
WDR83,-0.12674783,Nucleus,Lung_NAT_MD,Transcriptome
WDSUB1,-0.03047833,Cytosol,Lung_NAT_MD,Transcriptome
WDTC1,-0.049335282,Cytosol,Lung_NAT_MD,Transcriptome
WFS1,-0.023126919,Secretory,Lung_NAT_MD,Transcriptome
WIPI2,-0.07847866,Cytosol,Lung_NAT_MD,Transcriptome
WIZ,-0.08032007,Nucleus,Lung_NAT_MD,Transcriptome
WLS,-0.0047972645,Secretory,Lung_NAT_MD,Transcriptome
WNK1,0.0043363525,Cytosol,Lung_NAT_MD,Transcriptome
WRN,0.020084247,Nucleus,Lung_NAT_MD,Transcriptome
WRNIP1,-0.059958283,Nucleus,Lung_NAT_MD,Transcriptome
WWC2,-0.04519474,Cytosol,Lung_NAT_MD,Transcriptome
WWC3,-0.0070411623,Cytosol,Lung_NAT_MD,Transcriptome
WWP1,-0.02541264,Secretory,Lung_NAT_MD,Transcriptome
WWP2,-0.05588034,Secretory,Lung_NAT_MD,Transcriptome
XIAP,-0.050927367,Cytosol,Lung_NAT_MD,Transcriptome
XPC,-0.110174745,Nucleus,Lung_NAT_MD,Transcriptome
XPNPEP1,-0.10627615,Cytosol,Lung_NAT_MD,Transcriptome
XPO5,0.01164588,Cytosol,Lung_NAT_MD,Transcriptome
XRCC1,-0.18575715,Nucleus,Lung_NAT_MD,Transcriptome
XRCC4,0.0036982887,Nucleus,Lung_NAT_MD,Transcriptome
YAP1,-0.05019939,Cytosol,Lung_NAT_MD,Transcriptome
YES1,-0.030607544,Secretory,Lung_NAT_MD,Transcriptome
YIF1B,-0.15541214,Secretory,Lung_NAT_MD,Transcriptome
YIPF2,-0.13859577,Secretory,Lung_NAT_MD,Transcriptome
YIPF3,-0.15340778,Secretory,Lung_NAT_MD,Transcriptome
YIPF4,-0.025163518,Secretory,Lung_NAT_MD,Transcriptome
YIPF5,-0.009418234,Secretory,Lung_NAT_MD,Transcriptome
YKT6,-0.066639036,Cytosol,Lung_NAT_MD,Transcriptome
YLPM1,0.022951508,Nucleus,Lung_NAT_MD,Transcriptome
YME1L1,-0.1426805,Mitochondria,Lung_NAT_MD,Transcriptome
YTHDC2,0.027657533,Nucleus,Lung_NAT_MD,Transcriptome
YWHAB,-0.0428138,Cytosol,Lung_NAT_MD,Transcriptome
YWHAE,-0.03960803,Cytosol,Lung_NAT_MD,Transcriptome
YWHAG,-0.0022149768,Cytosol,Lung_NAT_MD,Transcriptome
YWHAH,-0.017945103,Cytosol,Lung_NAT_MD,Transcriptome
YWHAQ,-0.046837423,Cytosol,Lung_NAT_MD,Transcriptome
YWHAZ,-0.04746972,Cytosol,Lung_NAT_MD,Transcriptome
ZBED5,-0.022924535,Secretory,Lung_NAT_MD,Transcriptome
ZBTB11,0.020696342,Nucleus,Lung_NAT_MD,Transcriptome
ZBTB14,0.010314686,Nucleus,Lung_NAT_MD,Transcriptome
ZBTB17,-0.031655516,Nucleus,Lung_NAT_MD,Transcriptome
ZBTB21,0.03573468,Nucleus,Lung_NAT_MD,Transcriptome
ZBTB4,-0.059757214,Nucleus,Lung_NAT_MD,Transcriptome
ZBTB40,-0.06374123,Nucleus,Lung_NAT_MD,Transcriptome
ZBTB8OS,-0.03887162,Cytosol,Lung_NAT_MD,Transcriptome
ZC3H11A,0.021987801,Nucleus,Lung_NAT_MD,Transcriptome
ZC3H8,0.018005714,Nucleus,Lung_NAT_MD,Transcriptome
ZC3HAV1,-0.038499657,Secretory,Lung_NAT_MD,Transcriptome
ZC3HC1,-0.19563872,Nucleus,Lung_NAT_MD,Transcriptome
ZCCHC7,0.023502655,Nucleus,Lung_NAT_MD,Transcriptome
ZCCHC9,0.012007713,Nucleus,Lung_NAT_MD,Transcriptome
ZCRB1,0.011645243,Nucleus,Lung_NAT_MD,Transcriptome
ZDHHC13,-0.002581771,Secretory,Lung_NAT_MD,Transcriptome
ZDHHC17,-0.024155917,Secretory,Lung_NAT_MD,Transcriptome
ZDHHC18,-0.036415145,Secretory,Lung_NAT_MD,Transcriptome
ZDHHC20,-0.015346566,Secretory,Lung_NAT_MD,Transcriptome
ZDHHC3,-0.08420772,Secretory,Lung_NAT_MD,Transcriptome
ZDHHC5,-0.010785502,Secretory,Lung_NAT_MD,Transcriptome
ZDHHC7,-0.119151354,Secretory,Lung_NAT_MD,Transcriptome
ZFAND1,-0.04186347,Cytosol,Lung_NAT_MD,Transcriptome
ZFAND5,-0.039279506,Cytosol,Lung_NAT_MD,Transcriptome
ZFC3H1,0.032004174,Nucleus,Lung_NAT_MD,Transcriptome
ZFHX3,-0.01713017,Nucleus,Lung_NAT_MD,Transcriptome
ZFP64,-0.029640958,Nucleus,Lung_NAT_MD,Transcriptome
ZFPL1,-0.10897079,Secretory,Lung_NAT_MD,Transcriptome
ZFR,0.016346153,Nucleus,Lung_NAT_MD,Transcriptome
ZFX,0.02081867,Nucleus,Lung_NAT_MD,Transcriptome
ZFYVE1,-0.02908343,Cytosol,Lung_NAT_MD,Transcriptome
ZFYVE19,-0.1313394,Cytosol,Lung_NAT_MD,Transcriptome
ZFYVE27,-0.049962934,Secretory,Lung_NAT_MD,Transcriptome
ZHX1,0.021370254,Nucleus,Lung_NAT_MD,Transcriptome
ZHX2,-0.0010284742,Nucleus,Lung_NAT_MD,Transcriptome
ZMPSTE24,-0.013322298,Secretory,Lung_NAT_MD,Transcriptome
ZMYM2,0.018377472,Nucleus,Lung_NAT_MD,Transcriptome
ZMYND11,0.020953964,Nucleus,Lung_NAT_MD,Transcriptome
ZNF106,0.023612805,Nucleus,Lung_NAT_MD,Transcriptome
ZNF131,0.036709156,Nucleus,Lung_NAT_MD,Transcriptome
ZNF143,0.022279296,Nucleus,Lung_NAT_MD,Transcriptome
ZNF148,0.023460587,Nucleus,Lung_NAT_MD,Transcriptome
ZNF217,-0.00027771926,Nucleus,Lung_NAT_MD,Transcriptome
ZNF280C,0.019691257,Nucleus,Lung_NAT_MD,Transcriptome
ZNF292,0.020770486,Nucleus,Lung_NAT_MD,Transcriptome
ZNF318,-0.043438356,Nucleus,Lung_NAT_MD,Transcriptome
ZNF326,0.021997944,Nucleus,Lung_NAT_MD,Transcriptome
ZNF346,-0.13397117,Nucleus,Lung_NAT_MD,Transcriptome
ZNF384,-0.12211293,Nucleus,Lung_NAT_MD,Transcriptome
ZNF512,0.021050526,Nucleus,Lung_NAT_MD,Transcriptome
ZNF512B,-0.114916086,Nucleus,Lung_NAT_MD,Transcriptome
ZNF574,-0.1198996,Nucleus,Lung_NAT_MD,Transcriptome
ZNF629,-0.1001619,Nucleus,Lung_NAT_MD,Transcriptome
ZNF644,0.032534108,Nucleus,Lung_NAT_MD,Transcriptome
ZNF652,0.023501065,Nucleus,Lung_NAT_MD,Transcriptome
ZNF668,-0.16660272,Nucleus,Lung_NAT_MD,Transcriptome
ZNF687,-0.13242857,Nucleus,Lung_NAT_MD,Transcriptome
ZNF768,-0.17280535,Nucleus,Lung_NAT_MD,Transcriptome
ZNF800,0.033859994,Nucleus,Lung_NAT_MD,Transcriptome
ZNHIT6,0.010594846,Nucleus,Lung_NAT_MD,Transcriptome
ZYX,-0.027428368,Cytosol,Lung_NAT_MD,Transcriptome
ZZEF1,-0.016693916,Cytosol,Lung_NAT_MD,Transcriptome
