,Score,Localization,Dataset_Name,Type
AAAS,-0.6514489,Secretory,Glioma_Tumor_PD,Proteome
AACS,0.043798856,Cytosol,Glioma_Tumor_PD,Proteome
AAK1,-0.4635514,Cytosol,Glioma_Tumor_PD,Proteome
AASDHPPT,0.09155226,Cytosol,Glioma_Tumor_PD,Proteome
AATF,0.624041,Nucleus,Glioma_Tumor_PD,Proteome
ABCA2,-0.3980618,Secretory,Glioma_Tumor_PD,Proteome
ABCB10,0.5569284,Mitochondria,Glioma_Tumor_PD,Proteome
ABCB7,0.46496516,Mitochondria,Glioma_Tumor_PD,Proteome
ABCB8,0.4893905,Mitochondria,Glioma_Tumor_PD,Proteome
ABCC1,0.07611937,Secretory,Glioma_Tumor_PD,Proteome
ABCC4,-0.031122826,Secretory,Glioma_Tumor_PD,Proteome
ABCD1,0.08097349,Secretory,Glioma_Tumor_PD,Proteome
ABCD3,0.0039171134,Secretory,Glioma_Tumor_PD,Proteome
ABCD4,0.03965469,Secretory,Glioma_Tumor_PD,Proteome
ABHD12,0.02200302,Secretory,Glioma_Tumor_PD,Proteome
ABHD14B,-0.08503013,Cytosol,Glioma_Tumor_PD,Proteome
ABHD16A,-0.5235061,Secretory,Glioma_Tumor_PD,Proteome
ABHD17C,-0.48732352,Secretory,Glioma_Tumor_PD,Proteome
ABHD6,-0.27906853,Secretory,Glioma_Tumor_PD,Proteome
ABL1,-0.4246139,Cytosol,Glioma_Tumor_PD,Proteome
ABL2,-0.3443597,Cytosol,Glioma_Tumor_PD,Proteome
ABR,-0.48673892,Cytosol,Glioma_Tumor_PD,Proteome
ABRACL,-0.07910909,Cytosol,Glioma_Tumor_PD,Proteome
ACAD9,0.52003133,Mitochondria,Glioma_Tumor_PD,Proteome
ACAP2,-0.0844707,Cytosol,Glioma_Tumor_PD,Proteome
ACAT2,0.051815208,Cytosol,Glioma_Tumor_PD,Proteome
ACBD5,-0.36044133,Secretory,Glioma_Tumor_PD,Proteome
ACBD6,0.07367694,Cytosol,Glioma_Tumor_PD,Proteome
ACIN1,0.6804933,Nucleus,Glioma_Tumor_PD,Proteome
ACLY,-0.1555711,Cytosol,Glioma_Tumor_PD,Proteome
ACOT11,-0.086795114,Cytosol,Glioma_Tumor_PD,Proteome
ACP1,-0.14796692,Cytosol,Glioma_Tumor_PD,Proteome
ACSL1,0.08631335,Secretory,Glioma_Tumor_PD,Proteome
ACSL3,0.018649459,Secretory,Glioma_Tumor_PD,Proteome
ACSL4,0.08724195,Secretory,Glioma_Tumor_PD,Proteome
ACSS2,-0.009747041,Cytosol,Glioma_Tumor_PD,Proteome
ACTR10,-0.28658333,Cytosol,Glioma_Tumor_PD,Proteome
ACVR1,-0.41993648,Secretory,Glioma_Tumor_PD,Proteome
ACYP1,-0.47263083,Cytosol,Glioma_Tumor_PD,Proteome
ACYP2,-0.47100767,Cytosol,Glioma_Tumor_PD,Proteome
ADAM10,-0.3883391,Secretory,Glioma_Tumor_PD,Proteome
ADAM15,0.02605287,Secretory,Glioma_Tumor_PD,Proteome
ADAM9,0.01911179,Secretory,Glioma_Tumor_PD,Proteome
ADAR,0.66290104,Nucleus,Glioma_Tumor_PD,Proteome
ADARB1,-0.20661049,Nucleus,Glioma_Tumor_PD,Proteome
ADCK1,0.24159671,Mitochondria,Glioma_Tumor_PD,Proteome
ADCY6,0.030592794,Secretory,Glioma_Tumor_PD,Proteome
ADCY9,-0.45898983,Secretory,Glioma_Tumor_PD,Proteome
ADH5,0.0136504965,Cytosol,Glioma_Tumor_PD,Proteome
ADI1,-0.07774479,Cytosol,Glioma_Tumor_PD,Proteome
ADK,0.08352463,Cytosol,Glioma_Tumor_PD,Proteome
ADNP,0.6644344,Nucleus,Glioma_Tumor_PD,Proteome
ADO,-0.17366484,Cytosol,Glioma_Tumor_PD,Proteome
ADRM1,-0.3873644,Cytosol,Glioma_Tumor_PD,Proteome
ADSL,0.096658014,Cytosol,Glioma_Tumor_PD,Proteome
AFF4,0.6452925,Nucleus,Glioma_Tumor_PD,Proteome
AFG3L2,0.58185315,Mitochondria,Glioma_Tumor_PD,Proteome
AGFG1,-0.069008574,Cytosol,Glioma_Tumor_PD,Proteome
AGFG2,-0.17755595,Cytosol,Glioma_Tumor_PD,Proteome
AGGF1,0.6781152,Nucleus,Glioma_Tumor_PD,Proteome
AGK,0.5500853,Mitochondria,Glioma_Tumor_PD,Proteome
AGO2,0.53492314,Nucleus,Glioma_Tumor_PD,Proteome
AGPAT3,-0.07175165,Secretory,Glioma_Tumor_PD,Proteome
AGPAT5,0.19380398,Mitochondria,Glioma_Tumor_PD,Proteome
AGRN,-0.20801067,Secretory,Glioma_Tumor_PD,Proteome
AHCTF1,0.22281666,Nucleus,Glioma_Tumor_PD,Proteome
AHCY,-0.007416013,Cytosol,Glioma_Tumor_PD,Proteome
AHCYL1,-0.2710744,Cytosol,Glioma_Tumor_PD,Proteome
AHCYL2,-0.19397928,Cytosol,Glioma_Tumor_PD,Proteome
AHDC1,0.67285365,Nucleus,Glioma_Tumor_PD,Proteome
AHSA1,-0.12964125,Cytosol,Glioma_Tumor_PD,Proteome
AIFM1,0.5278836,Mitochondria,Glioma_Tumor_PD,Proteome
AIP,-0.47709793,Cytosol,Glioma_Tumor_PD,Proteome
AJUBA,-0.046392012,Cytosol,Glioma_Tumor_PD,Proteome
AK1,-0.16899793,Cytosol,Glioma_Tumor_PD,Proteome
AK2,-0.41098076,Nucleus,Glioma_Tumor_PD,Proteome
AKAP1,0.24167082,Mitochondria,Glioma_Tumor_PD,Proteome
AKAP12,-0.06209309,Cytosol,Glioma_Tumor_PD,Proteome
AKAP17A,0.6798339,Nucleus,Glioma_Tumor_PD,Proteome
AKAP8L,0.65691185,Nucleus,Glioma_Tumor_PD,Proteome
AKR1A1,-0.018139493,Cytosol,Glioma_Tumor_PD,Proteome
AKT1,0.032684006,Cytosol,Glioma_Tumor_PD,Proteome
AKT2,0.0024461448,Cytosol,Glioma_Tumor_PD,Proteome
AKTIP,-0.3368664,Cytosol,Glioma_Tumor_PD,Proteome
ALCAM,-0.16413249,Secretory,Glioma_Tumor_PD,Proteome
ALDH1A3,-0.067578636,Cytosol,Glioma_Tumor_PD,Proteome
ALDH3A2,-0.013170005,Secretory,Glioma_Tumor_PD,Proteome
ALDH9A1,-0.24300818,Cytosol,Glioma_Tumor_PD,Proteome
ALDOA,-0.4795084,Cytosol,Glioma_Tumor_PD,Proteome
ALG1,0.024805509,Secretory,Glioma_Tumor_PD,Proteome
ALG11,-0.08195204,Secretory,Glioma_Tumor_PD,Proteome
ALG3,-0.04691477,Secretory,Glioma_Tumor_PD,Proteome
ALG5,0.05404658,Secretory,Glioma_Tumor_PD,Proteome
ALG6,-0.03857206,Secretory,Glioma_Tumor_PD,Proteome
ALKBH6,-0.11590087,Cytosol,Glioma_Tumor_PD,Proteome
ALKBH8,-0.41906253,Cytosol,Glioma_Tumor_PD,Proteome
AMDHD2,-0.08821724,Cytosol,Glioma_Tumor_PD,Proteome
AMFR,0.004254162,Secretory,Glioma_Tumor_PD,Proteome
AMOTL2,0.04157692,Cytosol,Glioma_Tumor_PD,Proteome
AMPD2,-0.06917464,Cytosol,Glioma_Tumor_PD,Proteome
ANKLE2,-0.4485643,Secretory,Glioma_Tumor_PD,Proteome
ANKMY2,-0.08221397,Cytosol,Glioma_Tumor_PD,Proteome
ANKRD46,-0.39622632,Secretory,Glioma_Tumor_PD,Proteome
ANKRD54,0.030958291,Cytosol,Glioma_Tumor_PD,Proteome
ANKS1A,-0.06178219,Cytosol,Glioma_Tumor_PD,Proteome
ANO10,0.0380935,Secretory,Glioma_Tumor_PD,Proteome
ANO6,0.020562273,Secretory,Glioma_Tumor_PD,Proteome
ANO8,-0.22421242,Secretory,Glioma_Tumor_PD,Proteome
ANXA1,-0.07368899,Cytosol,Glioma_Tumor_PD,Proteome
ANXA11,-0.09299095,Cytosol,Glioma_Tumor_PD,Proteome
ANXA5,-0.05050889,Cytosol,Glioma_Tumor_PD,Proteome
AP1AR,-0.11434804,Secretory,Glioma_Tumor_PD,Proteome
AP2A1,-0.50183505,Secretory,Glioma_Tumor_PD,Proteome
AP2A2,-0.46052387,Secretory,Glioma_Tumor_PD,Proteome
AP2M1,-0.465523,Secretory,Glioma_Tumor_PD,Proteome
AP3B1,-0.067073494,Cytosol,Glioma_Tumor_PD,Proteome
AP3D1,-0.47671977,Cytosol,Glioma_Tumor_PD,Proteome
AP3M2,-0.48619497,Cytosol,Glioma_Tumor_PD,Proteome
AP4E1,-0.07705364,Cytosol,Glioma_Tumor_PD,Proteome
APLP2,-0.5646806,Secretory,Glioma_Tumor_PD,Proteome
APMAP,0.029483646,Secretory,Glioma_Tumor_PD,Proteome
APOO,0.59245914,Mitochondria,Glioma_Tumor_PD,Proteome
APOOL,0.46699783,Mitochondria,Glioma_Tumor_PD,Proteome
APP,-0.47254485,Secretory,Glioma_Tumor_PD,Proteome
APPL1,0.04087729,Cytosol,Glioma_Tumor_PD,Proteome
APRT,-0.07222513,Cytosol,Glioma_Tumor_PD,Proteome
ARAP1,-0.090616085,Cytosol,Glioma_Tumor_PD,Proteome
ARCN1,-0.04950186,Cytosol,Glioma_Tumor_PD,Proteome
ARFGEF2,-0.4362764,Cytosol,Glioma_Tumor_PD,Proteome
ARFRP1,0.0039662197,Secretory,Glioma_Tumor_PD,Proteome
ARHGAP12,-0.030282829,Cytosol,Glioma_Tumor_PD,Proteome
ARHGAP17,-0.075256124,Cytosol,Glioma_Tumor_PD,Proteome
ARHGAP35,-0.18242739,Cytosol,Glioma_Tumor_PD,Proteome
ARHGAP39,-0.42850024,Secretory,Glioma_Tumor_PD,Proteome
ARHGAP5,-0.07432097,Cytosol,Glioma_Tumor_PD,Proteome
ARHGDIA,-0.54616165,Cytosol,Glioma_Tumor_PD,Proteome
ARHGDIB,-0.08489891,Cytosol,Glioma_Tumor_PD,Proteome
ARHGEF10,-0.071967565,Cytosol,Glioma_Tumor_PD,Proteome
ARHGEF10L,-0.042087354,Cytosol,Glioma_Tumor_PD,Proteome
ARHGEF40,-0.02085661,Secretory,Glioma_Tumor_PD,Proteome
ARHGEF7,-0.4007703,Cytosol,Glioma_Tumor_PD,Proteome
ARID1B,0.5983482,Nucleus,Glioma_Tumor_PD,Proteome
ARIH1,0.043286204,Cytosol,Glioma_Tumor_PD,Proteome
ARIH2,-0.66155833,Cytosol,Glioma_Tumor_PD,Proteome
ARL15,-0.5640348,Secretory,Glioma_Tumor_PD,Proteome
ARL6,-0.49431285,Cytosol,Glioma_Tumor_PD,Proteome
ARL6IP5,0.058701016,Secretory,Glioma_Tumor_PD,Proteome
ARL8A,-0.34426075,Secretory,Glioma_Tumor_PD,Proteome
ARL8B,-0.37457657,Secretory,Glioma_Tumor_PD,Proteome
ARMC10,0.49497572,Mitochondria,Glioma_Tumor_PD,Proteome
ARMC6,-0.44015935,Cytosol,Glioma_Tumor_PD,Proteome
ARMCX3,0.40613312,Mitochondria,Glioma_Tumor_PD,Proteome
ARPC5,-0.080531,Cytosol,Glioma_Tumor_PD,Proteome
ARV1,0.06847639,Secretory,Glioma_Tumor_PD,Proteome
ASAH1,-0.31895846,Secretory,Glioma_Tumor_PD,Proteome
ASAP1,-0.5021249,Cytosol,Glioma_Tumor_PD,Proteome
ASH2L,0.6766438,Nucleus,Glioma_Tumor_PD,Proteome
ASMTL,0.04165167,Cytosol,Glioma_Tumor_PD,Proteome
ASPH,0.07739168,Secretory,Glioma_Tumor_PD,Proteome
ASPSCR1,-0.060503498,Cytosol,Glioma_Tumor_PD,Proteome
ASS1,-0.08910436,Cytosol,Glioma_Tumor_PD,Proteome
ATAD1,0.5606088,Mitochondria,Glioma_Tumor_PD,Proteome
ATAD2,0.61271274,Nucleus,Glioma_Tumor_PD,Proteome
ATAD3A,0.5032916,Mitochondria,Glioma_Tumor_PD,Proteome
ATAD3B,0.44629216,Mitochondria,Glioma_Tumor_PD,Proteome
ATE1,-0.29476124,Cytosol,Glioma_Tumor_PD,Proteome
ATG12,-0.048238527,Cytosol,Glioma_Tumor_PD,Proteome
ATG13,-0.08924681,Cytosol,Glioma_Tumor_PD,Proteome
ATG16L1,-0.0703827,Cytosol,Glioma_Tumor_PD,Proteome
ATG2B,-0.35540575,Cytosol,Glioma_Tumor_PD,Proteome
ATG3,-0.07806522,Cytosol,Glioma_Tumor_PD,Proteome
ATG4B,-0.4162694,Cytosol,Glioma_Tumor_PD,Proteome
ATG4C,-0.5739068,Cytosol,Glioma_Tumor_PD,Proteome
ATG5,-0.06292166,Cytosol,Glioma_Tumor_PD,Proteome
ATG7,-0.08159989,Cytosol,Glioma_Tumor_PD,Proteome
ATG9A,-0.42989963,Secretory,Glioma_Tumor_PD,Proteome
ATIC,-0.11121634,Cytosol,Glioma_Tumor_PD,Proteome
ATL2,-0.5079046,Secretory,Glioma_Tumor_PD,Proteome
ATL3,0.07806747,Secretory,Glioma_Tumor_PD,Proteome
ATP11A,0.029835373,Secretory,Glioma_Tumor_PD,Proteome
ATP11B,0.081714876,Secretory,Glioma_Tumor_PD,Proteome
ATP11C,0.08651209,Secretory,Glioma_Tumor_PD,Proteome
ATP13A1,0.010225475,Secretory,Glioma_Tumor_PD,Proteome
ATP13A2,-0.2408544,Secretory,Glioma_Tumor_PD,Proteome
ATP13A3,0.08099285,Secretory,Glioma_Tumor_PD,Proteome
ATP1A1,-0.5202175,Secretory,Glioma_Tumor_PD,Proteome
ATP1A2,-0.5011045,Secretory,Glioma_Tumor_PD,Proteome
ATP1B1,-0.46423322,Secretory,Glioma_Tumor_PD,Proteome
ATP1B3,-0.16530846,Secretory,Glioma_Tumor_PD,Proteome
ATP2A2,-0.35170463,Secretory,Glioma_Tumor_PD,Proteome
ATP2B1,-0.4707869,Secretory,Glioma_Tumor_PD,Proteome
ATP2B4,-0.54314625,Secretory,Glioma_Tumor_PD,Proteome
ATP2C1,-0.45642552,Secretory,Glioma_Tumor_PD,Proteome
ATP6AP1,-0.49205238,Secretory,Glioma_Tumor_PD,Proteome
ATP6AP2,-0.5405563,Secretory,Glioma_Tumor_PD,Proteome
ATP6V0A1,-0.467067,Secretory,Glioma_Tumor_PD,Proteome
ATP6V0A2,-0.5895863,Secretory,Glioma_Tumor_PD,Proteome
ATP6V0D1,-0.47082314,Secretory,Glioma_Tumor_PD,Proteome
ATP7A,0.089642555,Secretory,Glioma_Tumor_PD,Proteome
ATP9A,-0.3686862,Secretory,Glioma_Tumor_PD,Proteome
ATP9B,0.05241787,Secretory,Glioma_Tumor_PD,Proteome
ATPAF1,0.55450547,Mitochondria,Glioma_Tumor_PD,Proteome
ATRN,-0.09086067,Secretory,Glioma_Tumor_PD,Proteome
ATRX,0.61677647,Nucleus,Glioma_Tumor_PD,Proteome
ATXN1,-0.30254343,Nucleus,Glioma_Tumor_PD,Proteome
ATXN3,-0.28111172,Cytosol,Glioma_Tumor_PD,Proteome
ATXN7L3B,-0.56801325,Cytosol,Glioma_Tumor_PD,Proteome
AUP1,-0.21480557,Secretory,Glioma_Tumor_PD,Proteome
AVL9,-0.49873793,Cytosol,Glioma_Tumor_PD,Proteome
B2M,0.07183241,Secretory,Glioma_Tumor_PD,Proteome
B3GALT6,0.049275585,Secretory,Glioma_Tumor_PD,Proteome
B3GAT3,0.061111365,Secretory,Glioma_Tumor_PD,Proteome
B4GALT1,0.07316965,Secretory,Glioma_Tumor_PD,Proteome
B4GALT4,0.00029719257,Secretory,Glioma_Tumor_PD,Proteome
BAG3,-0.30719334,Cytosol,Glioma_Tumor_PD,Proteome
BAG6,-0.47080386,Cytosol,Glioma_Tumor_PD,Proteome
BAX,-0.033263084,Cytosol,Glioma_Tumor_PD,Proteome
BAZ1A,0.56415737,Nucleus,Glioma_Tumor_PD,Proteome
BAZ1B,0.5692719,Nucleus,Glioma_Tumor_PD,Proteome
BAZ2A,0.39361224,Nucleus,Glioma_Tumor_PD,Proteome
BCAP29,-0.0028937713,Secretory,Glioma_Tumor_PD,Proteome
BCAP31,0.034545515,Secretory,Glioma_Tumor_PD,Proteome
BCAR1,-0.5634676,Cytosol,Glioma_Tumor_PD,Proteome
BCAS3,-0.52197415,Cytosol,Glioma_Tumor_PD,Proteome
BCL10,-0.068046294,Cytosol,Glioma_Tumor_PD,Proteome
BCL2L1,-0.28970042,Mitochondria,Glioma_Tumor_PD,Proteome
BCL2L13,0.42704645,Mitochondria,Glioma_Tumor_PD,Proteome
BCL9L,0.68054515,Nucleus,Glioma_Tumor_PD,Proteome
BCS1L,0.5735938,Mitochondria,Glioma_Tumor_PD,Proteome
BDH1,0.5815562,Mitochondria,Glioma_Tumor_PD,Proteome
BDH2,-0.16047741,Cytosol,Glioma_Tumor_PD,Proteome
BEND3,0.6582835,Nucleus,Glioma_Tumor_PD,Proteome
BET1,-0.15017216,Secretory,Glioma_Tumor_PD,Proteome
BET1L,0.025237152,Secretory,Glioma_Tumor_PD,Proteome
BID,-0.021756811,Cytosol,Glioma_Tumor_PD,Proteome
BIN1,-0.44388488,Cytosol,Glioma_Tumor_PD,Proteome
BIN3,-0.08381753,Cytosol,Glioma_Tumor_PD,Proteome
BIRC2,0.053908773,Cytosol,Glioma_Tumor_PD,Proteome
BIRC6,-0.11758996,Cytosol,Glioma_Tumor_PD,Proteome
BLVRB,-0.18889679,Cytosol,Glioma_Tumor_PD,Proteome
BMP2K,0.073493734,Secretory,Glioma_Tumor_PD,Proteome
BMPR2,-0.5217497,Secretory,Glioma_Tumor_PD,Proteome
BMS1,0.53633094,Nucleus,Glioma_Tumor_PD,Proteome
BNIP1,-0.010554113,Secretory,Glioma_Tumor_PD,Proteome
BNIP3,0.23539907,Mitochondria,Glioma_Tumor_PD,Proteome
BPNT1,-0.07535161,Cytosol,Glioma_Tumor_PD,Proteome
BRAF,-0.48352724,Cytosol,Glioma_Tumor_PD,Proteome
BRCC3,-0.09960838,Cytosol,Glioma_Tumor_PD,Proteome
BRD1,0.5610259,Nucleus,Glioma_Tumor_PD,Proteome
BRD2,0.65956116,Nucleus,Glioma_Tumor_PD,Proteome
BRD4,0.6804141,Nucleus,Glioma_Tumor_PD,Proteome
BRIX1,0.24549028,Nucleus,Glioma_Tumor_PD,Proteome
BROX,-0.09630014,Cytosol,Glioma_Tumor_PD,Proteome
BRPF1,0.6723615,Nucleus,Glioma_Tumor_PD,Proteome
BRWD1,0.64753836,Nucleus,Glioma_Tumor_PD,Proteome
BSCL2,-0.4485216,Secretory,Glioma_Tumor_PD,Proteome
BSG,0.019178856,Secretory,Glioma_Tumor_PD,Proteome
BTF3,-0.63371146,Cytosol,Glioma_Tumor_PD,Proteome
BTF3L4,-0.5837789,Cytosol,Glioma_Tumor_PD,Proteome
BTN2A1,-0.45863494,Secretory,Glioma_Tumor_PD,Proteome
BUB1B,-0.616505,Cytosol,Glioma_Tumor_PD,Proteome
C11orf68,-0.08457199,Cytosol,Glioma_Tumor_PD,Proteome
C12orf57,-0.43627205,Cytosol,Glioma_Tumor_PD,Proteome
C18orf32,-0.20842281,Secretory,Glioma_Tumor_PD,Proteome
C1GALT1,0.05208688,Secretory,Glioma_Tumor_PD,Proteome
C1QBP,0.48731828,Mitochondria,Glioma_Tumor_PD,Proteome
C1orf198,-0.21038806,Cytosol,Glioma_Tumor_PD,Proteome
C1orf226,-0.1932108,Mitochondria,Glioma_Tumor_PD,Proteome
C1orf50,-0.08214882,Cytosol,Glioma_Tumor_PD,Proteome
C2CD2,0.08876919,Secretory,Glioma_Tumor_PD,Proteome
C2CD2L,-0.47314063,Secretory,Glioma_Tumor_PD,Proteome
C2orf49,0.62044173,Nucleus,Glioma_Tumor_PD,Proteome
C2orf69,-0.44899374,Cytosol,Glioma_Tumor_PD,Proteome
C4orf3,0.05858739,Secretory,Glioma_Tumor_PD,Proteome
C5orf24,0.6353601,Nucleus,Glioma_Tumor_PD,Proteome
C6orf47,-0.03454451,Secretory,Glioma_Tumor_PD,Proteome
C6orf89,-0.6156824,Secretory,Glioma_Tumor_PD,Proteome
CABIN1,0.6054271,Nucleus,Glioma_Tumor_PD,Proteome
CACYBP,0.09714559,Cytosol,Glioma_Tumor_PD,Proteome
CAD,-0.10652225,Cytosol,Glioma_Tumor_PD,Proteome
CADM4,-0.40089944,Secretory,Glioma_Tumor_PD,Proteome
CALCOCO1,-0.46568823,Cytosol,Glioma_Tumor_PD,Proteome
CALR,-0.15255831,Nucleus,Glioma_Tumor_PD,Proteome
CALU,-0.17262615,Nucleus,Glioma_Tumor_PD,Proteome
CAMK2D,-0.022186961,Cytosol,Glioma_Tumor_PD,Proteome
CAMK2G,-0.5412935,Cytosol,Glioma_Tumor_PD,Proteome
CAMLG,-0.18926215,Secretory,Glioma_Tumor_PD,Proteome
CANT1,-0.010776636,Secretory,Glioma_Tumor_PD,Proteome
CANX,0.045898248,Secretory,Glioma_Tumor_PD,Proteome
CAPN1,-0.0655017,Cytosol,Glioma_Tumor_PD,Proteome
CAPN2,-0.053800493,Cytosol,Glioma_Tumor_PD,Proteome
CAPN5,-0.05532654,Secretory,Glioma_Tumor_PD,Proteome
CAPNS1,-0.061603844,Cytosol,Glioma_Tumor_PD,Proteome
CAPS,-0.06962843,Cytosol,Glioma_Tumor_PD,Proteome
CASK,0.20978266,Mitochondria,Glioma_Tumor_PD,Proteome
CASP7,-0.06878159,Cytosol,Glioma_Tumor_PD,Proteome
CAST,-0.082352035,Cytosol,Glioma_Tumor_PD,Proteome
CAV1,0.069467865,Secretory,Glioma_Tumor_PD,Proteome
CBFB,-0.036678087,Cytosol,Glioma_Tumor_PD,Proteome
CBL,-0.023008738,Cytosol,Glioma_Tumor_PD,Proteome
CBR1,-0.09915113,Cytosol,Glioma_Tumor_PD,Proteome
CBR3,-0.06342168,Cytosol,Glioma_Tumor_PD,Proteome
CBS,-0.14110269,Cytosol,Glioma_Tumor_PD,Proteome
CBX3,0.6792331,Nucleus,Glioma_Tumor_PD,Proteome
CBX5,0.6493386,Nucleus,Glioma_Tumor_PD,Proteome
CBX8,0.646501,Nucleus,Glioma_Tumor_PD,Proteome
CC2D1B,-0.085457996,Cytosol,Glioma_Tumor_PD,Proteome
CCAR1,0.6600795,Nucleus,Glioma_Tumor_PD,Proteome
CCAR2,0.6551926,Nucleus,Glioma_Tumor_PD,Proteome
CCDC115,-0.16163085,Secretory,Glioma_Tumor_PD,Proteome
CCDC117,0.5699084,Nucleus,Glioma_Tumor_PD,Proteome
CCDC127,0.5621873,Mitochondria,Glioma_Tumor_PD,Proteome
CCDC134,-0.31675145,Secretory,Glioma_Tumor_PD,Proteome
CCDC22,-0.07033225,Cytosol,Glioma_Tumor_PD,Proteome
CCDC25,-0.058834884,Cytosol,Glioma_Tumor_PD,Proteome
CCDC43,-0.1676258,Cytosol,Glioma_Tumor_PD,Proteome
CCDC47,0.0011747568,Secretory,Glioma_Tumor_PD,Proteome
CCDC50,-0.36867732,Cytosol,Glioma_Tumor_PD,Proteome
CCDC51,0.5616029,Mitochondria,Glioma_Tumor_PD,Proteome
CCDC6,-0.3993706,Cytosol,Glioma_Tumor_PD,Proteome
CCDC85C,0.08713699,Cytosol,Glioma_Tumor_PD,Proteome
CCDC86,0.43999666,Nucleus,Glioma_Tumor_PD,Proteome
CCDC90B,0.5049073,Mitochondria,Glioma_Tumor_PD,Proteome
CCDC91,-0.07463405,Cytosol,Glioma_Tumor_PD,Proteome
CCDC92,-0.47236025,Cytosol,Glioma_Tumor_PD,Proteome
CCDC93,-0.07332663,Cytosol,Glioma_Tumor_PD,Proteome
CCDC97,-0.6715617,Cytosol,Glioma_Tumor_PD,Proteome
CCNH,0.6752307,Nucleus,Glioma_Tumor_PD,Proteome
CCNT1,0.66774535,Nucleus,Glioma_Tumor_PD,Proteome
CCNT2,0.6414065,Nucleus,Glioma_Tumor_PD,Proteome
CCPG1,0.07259694,Secretory,Glioma_Tumor_PD,Proteome
CCS,-0.19276361,Cytosol,Glioma_Tumor_PD,Proteome
CCT2,0.1064181,Cytosol,Glioma_Tumor_PD,Proteome
CCT3,0.1313969,Cytosol,Glioma_Tumor_PD,Proteome
CCT4,0.13143194,Cytosol,Glioma_Tumor_PD,Proteome
CCT5,0.13153037,Cytosol,Glioma_Tumor_PD,Proteome
CCT6A,0.13209155,Cytosol,Glioma_Tumor_PD,Proteome
CCT7,0.13142654,Cytosol,Glioma_Tumor_PD,Proteome
CCT8,0.13159335,Cytosol,Glioma_Tumor_PD,Proteome
CD109,0.072434194,Secretory,Glioma_Tumor_PD,Proteome
CD151,0.033488367,Secretory,Glioma_Tumor_PD,Proteome
CD276,0.06004269,Secretory,Glioma_Tumor_PD,Proteome
CD2AP,-0.08158029,Cytosol,Glioma_Tumor_PD,Proteome
CD44,0.04943554,Secretory,Glioma_Tumor_PD,Proteome
CD46,0.08510961,Secretory,Glioma_Tumor_PD,Proteome
CD47,-0.5149047,Secretory,Glioma_Tumor_PD,Proteome
CD55,-0.447818,Secretory,Glioma_Tumor_PD,Proteome
CD58,0.059889354,Secretory,Glioma_Tumor_PD,Proteome
CD63,0.07567103,Secretory,Glioma_Tumor_PD,Proteome
CD81,-0.3749905,Secretory,Glioma_Tumor_PD,Proteome
CD99,0.01514574,Secretory,Glioma_Tumor_PD,Proteome
CDAN1,0.013424121,Cytosol,Glioma_Tumor_PD,Proteome
CDC123,-0.33326632,Cytosol,Glioma_Tumor_PD,Proteome
CDC34,-0.6151098,Cytosol,Glioma_Tumor_PD,Proteome
CDC37,0.042037766,Cytosol,Glioma_Tumor_PD,Proteome
CDC40,0.6583763,Nucleus,Glioma_Tumor_PD,Proteome
CDC42,-0.17763841,Cytosol,Glioma_Tumor_PD,Proteome
CDC42EP4,-0.13409941,Cytosol,Glioma_Tumor_PD,Proteome
CDC5L,0.64363694,Nucleus,Glioma_Tumor_PD,Proteome
CDC73,0.678235,Nucleus,Glioma_Tumor_PD,Proteome
CDCA7L,0.67190087,Nucleus,Glioma_Tumor_PD,Proteome
CDK1,-0.5920528,Cytosol,Glioma_Tumor_PD,Proteome
CDK13,0.6706665,Nucleus,Glioma_Tumor_PD,Proteome
CDK17,-0.4791174,Secretory,Glioma_Tumor_PD,Proteome
CDK5,-0.40976223,Cytosol,Glioma_Tumor_PD,Proteome
CDK5RAP3,0.060379848,Secretory,Glioma_Tumor_PD,Proteome
CDK6,-0.0042391303,Cytosol,Glioma_Tumor_PD,Proteome
CDK9,0.6701536,Nucleus,Glioma_Tumor_PD,Proteome
CDKAL1,-0.7057812,Secretory,Glioma_Tumor_PD,Proteome
CDKN2AIPNL,0.6794177,Nucleus,Glioma_Tumor_PD,Proteome
CDR2L,-0.15848036,Cytosol,Glioma_Tumor_PD,Proteome
CDS2,-0.3043317,Secretory,Glioma_Tumor_PD,Proteome
CDV3,-0.054617003,Cytosol,Glioma_Tumor_PD,Proteome
CEBPB,-0.32866523,Nucleus,Glioma_Tumor_PD,Proteome
CEBPZ,0.5475524,Nucleus,Glioma_Tumor_PD,Proteome
CELF1,0.62639135,Nucleus,Glioma_Tumor_PD,Proteome
CENPB,0.66731524,Nucleus,Glioma_Tumor_PD,Proteome
CENPC,0.52010936,Nucleus,Glioma_Tumor_PD,Proteome
CEP112,-0.058363535,Cytosol,Glioma_Tumor_PD,Proteome
CEP192,-0.6708646,Cytosol,Glioma_Tumor_PD,Proteome
CEP44,-0.58827585,Cytosol,Glioma_Tumor_PD,Proteome
CEP78,-0.3218279,Cytosol,Glioma_Tumor_PD,Proteome
CERK,-0.36452723,Secretory,Glioma_Tumor_PD,Proteome
CERS2,0.07828682,Secretory,Glioma_Tumor_PD,Proteome
CFL1,-0.037824802,Cytosol,Glioma_Tumor_PD,Proteome
CHAF1A,0.5736568,Nucleus,Glioma_Tumor_PD,Proteome
CHCHD3,0.4693449,Mitochondria,Glioma_Tumor_PD,Proteome
CHCHD6,0.49667433,Mitochondria,Glioma_Tumor_PD,Proteome
CHD1,0.6392808,Nucleus,Glioma_Tumor_PD,Proteome
CHD2,0.6671638,Nucleus,Glioma_Tumor_PD,Proteome
CHD3,0.63348204,Nucleus,Glioma_Tumor_PD,Proteome
CHD4,0.64861685,Nucleus,Glioma_Tumor_PD,Proteome
CHD6,0.6673511,Nucleus,Glioma_Tumor_PD,Proteome
CHD9,0.67961603,Nucleus,Glioma_Tumor_PD,Proteome
CHDH,0.3193494,Mitochondria,Glioma_Tumor_PD,Proteome
CHERP,0.6738929,Nucleus,Glioma_Tumor_PD,Proteome
CHKA,-0.42505714,Cytosol,Glioma_Tumor_PD,Proteome
CHM,-0.59176636,Cytosol,Glioma_Tumor_PD,Proteome
CHMP2A,-0.05860831,Cytosol,Glioma_Tumor_PD,Proteome
CHMP4B,-0.04914581,Cytosol,Glioma_Tumor_PD,Proteome
CHMP5,0.13042995,Cytosol,Glioma_Tumor_PD,Proteome
CHMP6,-0.55523497,Secretory,Glioma_Tumor_PD,Proteome
CHORDC1,-0.14115347,Cytosol,Glioma_Tumor_PD,Proteome
CHPF,0.058466367,Secretory,Glioma_Tumor_PD,Proteome
CHPF2,0.049450807,Secretory,Glioma_Tumor_PD,Proteome
CHPT1,0.065208785,Secretory,Glioma_Tumor_PD,Proteome
CHST14,0.049640417,Secretory,Glioma_Tumor_PD,Proteome
CHST3,-0.004222498,Secretory,Glioma_Tumor_PD,Proteome
CHSY1,0.04748339,Secretory,Glioma_Tumor_PD,Proteome
CHTOP,0.19603032,Nucleus,Glioma_Tumor_PD,Proteome
CIAO1,0.053978283,Cytosol,Glioma_Tumor_PD,Proteome
CIAPIN1,-0.47545066,Cytosol,Glioma_Tumor_PD,Proteome
CIB1,0.09105013,Secretory,Glioma_Tumor_PD,Proteome
CIC,0.6613592,Nucleus,Glioma_Tumor_PD,Proteome
CISD1,0.5213733,Mitochondria,Glioma_Tumor_PD,Proteome
CISD2,-0.11403152,Secretory,Glioma_Tumor_PD,Proteome
CKAP4,0.055824798,Secretory,Glioma_Tumor_PD,Proteome
CKB,-0.46420777,Cytosol,Glioma_Tumor_PD,Proteome
CLCC1,0.016440727,Secretory,Glioma_Tumor_PD,Proteome
CLCN2,-0.54280734,Secretory,Glioma_Tumor_PD,Proteome
CLCN3,-0.25873354,Secretory,Glioma_Tumor_PD,Proteome
CLCN6,-0.3634388,Secretory,Glioma_Tumor_PD,Proteome
CLCN7,0.082439475,Secretory,Glioma_Tumor_PD,Proteome
CLDND1,-0.44576523,Secretory,Glioma_Tumor_PD,Proteome
CLIC1,-0.06916823,Cytosol,Glioma_Tumor_PD,Proteome
CLIC4,-0.036489706,Cytosol,Glioma_Tumor_PD,Proteome
CLIP1,-0.02951721,Cytosol,Glioma_Tumor_PD,Proteome
CLPB,0.3823756,Mitochondria,Glioma_Tumor_PD,Proteome
CLPTM1,-5.3292122e-05,Secretory,Glioma_Tumor_PD,Proteome
CLPTM1L,0.023875002,Secretory,Glioma_Tumor_PD,Proteome
CLUH,-0.22722764,Cytosol,Glioma_Tumor_PD,Proteome
CMAS,-0.10615334,Nucleus,Glioma_Tumor_PD,Proteome
CMBL,-0.13349505,Cytosol,Glioma_Tumor_PD,Proteome
CMC2,0.46820086,Mitochondria,Glioma_Tumor_PD,Proteome
CMPK1,-0.044709187,Cytosol,Glioma_Tumor_PD,Proteome
CNDP2,-0.097222924,Cytosol,Glioma_Tumor_PD,Proteome
CNEP1R1,0.010545241,Secretory,Glioma_Tumor_PD,Proteome
CNN2,-0.07492885,Cytosol,Glioma_Tumor_PD,Proteome
CNNM3,-0.016287215,Secretory,Glioma_Tumor_PD,Proteome
CNNM4,0.081940554,Secretory,Glioma_Tumor_PD,Proteome
CNOT4,0.07325417,Cytosol,Glioma_Tumor_PD,Proteome
CNP,-0.42081448,Secretory,Glioma_Tumor_PD,Proteome
CNPY3,-0.1379937,Nucleus,Glioma_Tumor_PD,Proteome
CNST,-0.4335129,Secretory,Glioma_Tumor_PD,Proteome
CNTRL,-0.05895538,Cytosol,Glioma_Tumor_PD,Proteome
COA1,0.5041492,Mitochondria,Glioma_Tumor_PD,Proteome
COA3,0.58793294,Mitochondria,Glioma_Tumor_PD,Proteome
COA7,-0.660544,Nucleus,Glioma_Tumor_PD,Proteome
COASY,-0.14332479,Cytosol,Glioma_Tumor_PD,Proteome
COG4,-0.2641104,Cytosol,Glioma_Tumor_PD,Proteome
COMMD4,-0.08080882,Cytosol,Glioma_Tumor_PD,Proteome
COMMD6,-0.06325539,Cytosol,Glioma_Tumor_PD,Proteome
COPA,-0.04167978,Cytosol,Glioma_Tumor_PD,Proteome
COPB2,-0.050083987,Cytosol,Glioma_Tumor_PD,Proteome
COPG1,-0.05559971,Cytosol,Glioma_Tumor_PD,Proteome
COPS4,-0.07957888,Cytosol,Glioma_Tumor_PD,Proteome
COPS7A,-0.3971405,Cytosol,Glioma_Tumor_PD,Proteome
COPZ1,-0.6201813,Cytosol,Glioma_Tumor_PD,Proteome
COQ3,-0.5823669,Secretory,Glioma_Tumor_PD,Proteome
COQ7,-0.5900263,Secretory,Glioma_Tumor_PD,Proteome
COQ9,0.5749989,Mitochondria,Glioma_Tumor_PD,Proteome
COX15,0.5864435,Mitochondria,Glioma_Tumor_PD,Proteome
COX16,0.014857723,Mitochondria,Glioma_Tumor_PD,Proteome
COX17,-0.24882394,Nucleus,Glioma_Tumor_PD,Proteome
COX20,0.5650157,Mitochondria,Glioma_Tumor_PD,Proteome
COX4I1,0.5186559,Mitochondria,Glioma_Tumor_PD,Proteome
COX5B,0.55866253,Mitochondria,Glioma_Tumor_PD,Proteome
COX6B1,0.53208506,Mitochondria,Glioma_Tumor_PD,Proteome
COX6C,0.53389496,Mitochondria,Glioma_Tumor_PD,Proteome
COX7A2,0.5548389,Mitochondria,Glioma_Tumor_PD,Proteome
COX7A2L,0.5730769,Mitochondria,Glioma_Tumor_PD,Proteome
COX7B,0.5679986,Mitochondria,Glioma_Tumor_PD,Proteome
COX7C,0.5594799,Mitochondria,Glioma_Tumor_PD,Proteome
CPD,-0.09755212,Secretory,Glioma_Tumor_PD,Proteome
CPNE3,-0.026429823,Cytosol,Glioma_Tumor_PD,Proteome
CPOX,-0.36853474,Nucleus,Glioma_Tumor_PD,Proteome
CPSF6,0.59589344,Nucleus,Glioma_Tumor_PD,Proteome
CPT1A,0.5632641,Mitochondria,Glioma_Tumor_PD,Proteome
CPT2,0.40834,Mitochondria,Glioma_Tumor_PD,Proteome
CRABP2,-0.059285942,Cytosol,Glioma_Tumor_PD,Proteome
CRBN,-0.3545311,Cytosol,Glioma_Tumor_PD,Proteome
CREBBP,0.64360213,Nucleus,Glioma_Tumor_PD,Proteome
CRELD1,0.042232696,Secretory,Glioma_Tumor_PD,Proteome
CRIM1,0.03020859,Secretory,Glioma_Tumor_PD,Proteome
CRK,0.06230789,Cytosol,Glioma_Tumor_PD,Proteome
CRKL,0.119479634,Cytosol,Glioma_Tumor_PD,Proteome
CRLF3,-0.0854162,Cytosol,Glioma_Tumor_PD,Proteome
CRTAP,0.055411194,Secretory,Glioma_Tumor_PD,Proteome
CRTC1,-0.46482185,Cytosol,Glioma_Tumor_PD,Proteome
CRTC2,-0.09406449,Cytosol,Glioma_Tumor_PD,Proteome
CRTC3,0.07207883,Cytosol,Glioma_Tumor_PD,Proteome
CSE1L,-0.4638406,Cytosol,Glioma_Tumor_PD,Proteome
CSK,-0.08255178,Cytosol,Glioma_Tumor_PD,Proteome
CSTB,-0.19041339,Cytosol,Glioma_Tumor_PD,Proteome
CSTF3,0.6728362,Nucleus,Glioma_Tumor_PD,Proteome
CTBP1,-0.50997937,Nucleus,Glioma_Tumor_PD,Proteome
CTCF,0.48429242,Nucleus,Glioma_Tumor_PD,Proteome
CTDP1,0.6282857,Nucleus,Glioma_Tumor_PD,Proteome
CTH,-0.27236634,Cytosol,Glioma_Tumor_PD,Proteome
CTNNA1,-0.031940565,Secretory,Glioma_Tumor_PD,Proteome
CTNNB1,0.0819607,Mitochondria,Glioma_Tumor_PD,Proteome
CTNNBIP1,-0.51655906,Cytosol,Glioma_Tumor_PD,Proteome
CTNNBL1,0.6669205,Nucleus,Glioma_Tumor_PD,Proteome
CTNND1,-0.30562717,Mitochondria,Glioma_Tumor_PD,Proteome
CTPS1,-0.6025169,Cytosol,Glioma_Tumor_PD,Proteome
CTPS2,0.06534303,Cytosol,Glioma_Tumor_PD,Proteome
CTR9,0.6429627,Nucleus,Glioma_Tumor_PD,Proteome
CTTNBP2NL,-0.03151235,Cytosol,Glioma_Tumor_PD,Proteome
CTU2,-0.64177835,Cytosol,Glioma_Tumor_PD,Proteome
CUEDC2,-0.020566417,Cytosol,Glioma_Tumor_PD,Proteome
CUL1,-0.08668844,Cytosol,Glioma_Tumor_PD,Proteome
CUL9,-0.05934092,Cytosol,Glioma_Tumor_PD,Proteome
CUX1,-0.63455313,Secretory,Glioma_Tumor_PD,Proteome
CWC22,0.6821337,Nucleus,Glioma_Tumor_PD,Proteome
CXADR,-0.41188127,Secretory,Glioma_Tumor_PD,Proteome
CXXC1,0.65734696,Nucleus,Glioma_Tumor_PD,Proteome
CXorf38,-0.07320748,Cytosol,Glioma_Tumor_PD,Proteome
CYB5A,0.08356318,Secretory,Glioma_Tumor_PD,Proteome
CYB5B,0.07733376,Secretory,Glioma_Tumor_PD,Proteome
CYB5R3,-0.3690876,Secretory,Glioma_Tumor_PD,Proteome
CYB5R4,-0.087181784,Cytosol,Glioma_Tumor_PD,Proteome
CYC1,0.5815345,Mitochondria,Glioma_Tumor_PD,Proteome
CYP20A1,0.053553306,Secretory,Glioma_Tumor_PD,Proteome
CYP51A1,-0.11288492,Secretory,Glioma_Tumor_PD,Proteome
CYTH1,-0.38350028,Cytosol,Glioma_Tumor_PD,Proteome
CYTH3,-0.5023234,Cytosol,Glioma_Tumor_PD,Proteome
DAAM1,-0.50586516,Secretory,Glioma_Tumor_PD,Proteome
DAG1,-0.3016163,Secretory,Glioma_Tumor_PD,Proteome
DAGLB,0.068630934,Secretory,Glioma_Tumor_PD,Proteome
DBI,-0.19527742,Cytosol,Glioma_Tumor_PD,Proteome
DBNL,-0.06255225,Cytosol,Glioma_Tumor_PD,Proteome
DCAF13,0.6233597,Nucleus,Glioma_Tumor_PD,Proteome
DCTD,-0.050568856,Cytosol,Glioma_Tumor_PD,Proteome
DCTN1,-0.3186489,Cytosol,Glioma_Tumor_PD,Proteome
DCTN2,-0.3151859,Cytosol,Glioma_Tumor_PD,Proteome
DCTN4,-0.27159983,Cytosol,Glioma_Tumor_PD,Proteome
DCTN5,-0.33168682,Cytosol,Glioma_Tumor_PD,Proteome
DCTN6,-0.30641484,Cytosol,Glioma_Tumor_PD,Proteome
DCTPP1,-0.6056246,Cytosol,Glioma_Tumor_PD,Proteome
DCUN1D1,-0.119666375,Cytosol,Glioma_Tumor_PD,Proteome
DCUN1D3,0.08847256,Secretory,Glioma_Tumor_PD,Proteome
DDAH1,-0.41595897,Cytosol,Glioma_Tumor_PD,Proteome
DDB2,-0.33154997,Nucleus,Glioma_Tumor_PD,Proteome
DDHD2,-0.476217,Cytosol,Glioma_Tumor_PD,Proteome
DDI2,-0.19827843,Cytosol,Glioma_Tumor_PD,Proteome
DDOST,0.05056847,Secretory,Glioma_Tumor_PD,Proteome
DDR1,-0.09255942,Secretory,Glioma_Tumor_PD,Proteome
DDRGK1,0.05421409,Secretory,Glioma_Tumor_PD,Proteome
DDX10,0.57031447,Nucleus,Glioma_Tumor_PD,Proteome
DDX18,0.51192296,Nucleus,Glioma_Tumor_PD,Proteome
DDX20,0.61388975,Nucleus,Glioma_Tumor_PD,Proteome
DDX24,0.6521572,Nucleus,Glioma_Tumor_PD,Proteome
DDX28,-0.37296155,Secretory,Glioma_Tumor_PD,Proteome
DDX31,0.26430503,Nucleus,Glioma_Tumor_PD,Proteome
DDX39A,0.663428,Nucleus,Glioma_Tumor_PD,Proteome
DDX39B,0.68305814,Nucleus,Glioma_Tumor_PD,Proteome
DDX47,0.6237519,Nucleus,Glioma_Tumor_PD,Proteome
DDX49,0.6786416,Nucleus,Glioma_Tumor_PD,Proteome
DDX5,0.65239096,Nucleus,Glioma_Tumor_PD,Proteome
DDX50,0.628901,Nucleus,Glioma_Tumor_PD,Proteome
DDX51,0.68055296,Nucleus,Glioma_Tumor_PD,Proteome
DDX52,0.60274595,Nucleus,Glioma_Tumor_PD,Proteome
DDX56,0.61533666,Nucleus,Glioma_Tumor_PD,Proteome
DEGS1,0.0744125,Secretory,Glioma_Tumor_PD,Proteome
DENND4C,-0.07615153,Cytosol,Glioma_Tumor_PD,Proteome
DENR,-0.023524283,Cytosol,Glioma_Tumor_PD,Proteome
DEPDC5,0.11159072,Cytosol,Glioma_Tumor_PD,Proteome
DERL2,0.048135176,Secretory,Glioma_Tumor_PD,Proteome
DFFA,-0.31849885,Cytosol,Glioma_Tumor_PD,Proteome
DGCR8,0.56982243,Nucleus,Glioma_Tumor_PD,Proteome
DHCR7,-0.122474395,Secretory,Glioma_Tumor_PD,Proteome
DHFR,-0.6239844,Cytosol,Glioma_Tumor_PD,Proteome
DHODH,0.41060534,Mitochondria,Glioma_Tumor_PD,Proteome
DHRS1,-0.0020059885,Secretory,Glioma_Tumor_PD,Proteome
DHRS3,0.074458875,Secretory,Glioma_Tumor_PD,Proteome
DHRS7,0.005897103,Secretory,Glioma_Tumor_PD,Proteome
DHRSX,0.06415793,Secretory,Glioma_Tumor_PD,Proteome
DHX16,0.6793711,Nucleus,Glioma_Tumor_PD,Proteome
DHX30,-0.54192036,Secretory,Glioma_Tumor_PD,Proteome
DHX36,0.5825177,Nucleus,Glioma_Tumor_PD,Proteome
DHX37,0.6450762,Nucleus,Glioma_Tumor_PD,Proteome
DHX40,0.6457506,Nucleus,Glioma_Tumor_PD,Proteome
DHX9,0.64077324,Nucleus,Glioma_Tumor_PD,Proteome
DIABLO,-0.76460713,Nucleus,Glioma_Tumor_PD,Proteome
DIAPH1,-0.07441997,Cytosol,Glioma_Tumor_PD,Proteome
DIDO1,0.68313974,Nucleus,Glioma_Tumor_PD,Proteome
DIMT1,0.6598218,Nucleus,Glioma_Tumor_PD,Proteome
DIP2A,-0.49016306,Cytosol,Glioma_Tumor_PD,Proteome
DIP2B,-0.29225543,Cytosol,Glioma_Tumor_PD,Proteome
DIS3L2,-0.07731688,Cytosol,Glioma_Tumor_PD,Proteome
DKC1,0.6684309,Nucleus,Glioma_Tumor_PD,Proteome
DLAT,-0.59110963,Secretory,Glioma_Tumor_PD,Proteome
DLG1,0.53474814,Mitochondria,Glioma_Tumor_PD,Proteome
DLG5,-0.15654981,Secretory,Glioma_Tumor_PD,Proteome
DLGAP5,-0.5335397,Cytosol,Glioma_Tumor_PD,Proteome
DNAJA3,0.4503812,Mitochondria,Glioma_Tumor_PD,Proteome
DNAJB11,0.049968928,Secretory,Glioma_Tumor_PD,Proteome
DNAJB12,-0.46522328,Secretory,Glioma_Tumor_PD,Proteome
DNAJB14,-0.44904616,Secretory,Glioma_Tumor_PD,Proteome
DNAJB4,-0.48710996,Cytosol,Glioma_Tumor_PD,Proteome
DNAJC1,0.06986087,Secretory,Glioma_Tumor_PD,Proteome
DNAJC10,0.04497046,Secretory,Glioma_Tumor_PD,Proteome
DNAJC11,0.49084464,Mitochondria,Glioma_Tumor_PD,Proteome
DNAJC13,0.07176386,Secretory,Glioma_Tumor_PD,Proteome
DNAJC16,0.06407515,Secretory,Glioma_Tumor_PD,Proteome
DNAJC19,0.5232534,Mitochondria,Glioma_Tumor_PD,Proteome
DNAJC25,0.051966038,Secretory,Glioma_Tumor_PD,Proteome
DNAJC3,0.05762573,Secretory,Glioma_Tumor_PD,Proteome
DNAJC30,0.5405162,Mitochondria,Glioma_Tumor_PD,Proteome
DNAJC5,-0.48548985,Secretory,Glioma_Tumor_PD,Proteome
DNAJC7,-0.26727563,Cytosol,Glioma_Tumor_PD,Proteome
DNM2,-0.08431189,Cytosol,Glioma_Tumor_PD,Proteome
DNMBP,-0.05319977,Cytosol,Glioma_Tumor_PD,Proteome
DNTTIP1,0.683206,Nucleus,Glioma_Tumor_PD,Proteome
DNTTIP2,0.644283,Nucleus,Glioma_Tumor_PD,Proteome
DOCK9,-0.48725793,Secretory,Glioma_Tumor_PD,Proteome
DOHH,-0.30269563,Cytosol,Glioma_Tumor_PD,Proteome
DPF2,0.6477288,Nucleus,Glioma_Tumor_PD,Proteome
DPH2,-0.10130353,Cytosol,Glioma_Tumor_PD,Proteome
DPH3,-0.1605098,Cytosol,Glioma_Tumor_PD,Proteome
DPH5,-0.4621762,Cytosol,Glioma_Tumor_PD,Proteome
DPH7,-0.625828,Cytosol,Glioma_Tumor_PD,Proteome
DPM1,-0.01047908,Secretory,Glioma_Tumor_PD,Proteome
DPM3,0.004622626,Secretory,Glioma_Tumor_PD,Proteome
DPP3,-0.08792255,Cytosol,Glioma_Tumor_PD,Proteome
DPY19L1,-0.009222543,Secretory,Glioma_Tumor_PD,Proteome
DPY19L3,-0.041818365,Secretory,Glioma_Tumor_PD,Proteome
DPY19L4,0.048162658,Secretory,Glioma_Tumor_PD,Proteome
DPYD,-0.08200956,Cytosol,Glioma_Tumor_PD,Proteome
DRG2,0.0097211525,Cytosol,Glioma_Tumor_PD,Proteome
DSTN,-0.025998034,Cytosol,Glioma_Tumor_PD,Proteome
DTD1,-0.20965007,Cytosol,Glioma_Tumor_PD,Proteome
DTNB,0.5059145,Mitochondria,Glioma_Tumor_PD,Proteome
DTNBP1,-0.07521521,Cytosol,Glioma_Tumor_PD,Proteome
DTYMK,-0.23525643,Cytosol,Glioma_Tumor_PD,Proteome
DUSP12,-0.432172,Cytosol,Glioma_Tumor_PD,Proteome
DUSP14,-0.115700915,Cytosol,Glioma_Tumor_PD,Proteome
DUSP3,-0.073917344,Cytosol,Glioma_Tumor_PD,Proteome
DVL2,-0.6224929,Cytosol,Glioma_Tumor_PD,Proteome
DYNC1H1,0.0240093,Cytosol,Glioma_Tumor_PD,Proteome
DYNC1I2,0.07938029,Cytosol,Glioma_Tumor_PD,Proteome
DYNC1LI1,-0.037381306,Cytosol,Glioma_Tumor_PD,Proteome
DYNC1LI2,0.06311224,Cytosol,Glioma_Tumor_PD,Proteome
DYNLRB1,-0.019188723,Cytosol,Glioma_Tumor_PD,Proteome
DYNLT3,-0.043560263,Cytosol,Glioma_Tumor_PD,Proteome
DYRK1A,-0.2539383,Cytosol,Glioma_Tumor_PD,Proteome
DZIP3,-0.110598415,Secretory,Glioma_Tumor_PD,Proteome
EBAG9,-0.1830852,Secretory,Glioma_Tumor_PD,Proteome
EBNA1BP2,0.25661543,Nucleus,Glioma_Tumor_PD,Proteome
ECD,-0.3534734,Cytosol,Glioma_Tumor_PD,Proteome
ECE1,0.06396378,Secretory,Glioma_Tumor_PD,Proteome
ECI2,-0.032251712,Secretory,Glioma_Tumor_PD,Proteome
ECSIT,0.44366765,Mitochondria,Glioma_Tumor_PD,Proteome
EDEM3,0.0525187,Secretory,Glioma_Tumor_PD,Proteome
EDF1,-0.41644725,Cytosol,Glioma_Tumor_PD,Proteome
EEF1A1,-0.24742721,Cytosol,Glioma_Tumor_PD,Proteome
EEF1B2,-0.55449164,Cytosol,Glioma_Tumor_PD,Proteome
EEF1D,-0.21906283,Cytosol,Glioma_Tumor_PD,Proteome
EEF2,-0.46412283,Cytosol,Glioma_Tumor_PD,Proteome
EEF2K,-0.1760038,Cytosol,Glioma_Tumor_PD,Proteome
EFCAB14,-0.12976837,Secretory,Glioma_Tumor_PD,Proteome
EFNB1,-0.32196224,Secretory,Glioma_Tumor_PD,Proteome
EFR3A,0.08696568,Secretory,Glioma_Tumor_PD,Proteome
EGFR,-0.037776224,Secretory,Glioma_Tumor_PD,Proteome
EHBP1,-0.07889747,Cytosol,Glioma_Tumor_PD,Proteome
EIF1AD,-0.55034643,Cytosol,Glioma_Tumor_PD,Proteome
EIF2AK3,-0.26354375,Secretory,Glioma_Tumor_PD,Proteome
EIF2AK4,-0.07086882,Cytosol,Glioma_Tumor_PD,Proteome
EIF2B1,-0.45772004,Cytosol,Glioma_Tumor_PD,Proteome
EIF4EBP2,-0.18531406,Cytosol,Glioma_Tumor_PD,Proteome
EIF4H,0.08259306,Cytosol,Glioma_Tumor_PD,Proteome
EIF6,-0.059492864,Cytosol,Glioma_Tumor_PD,Proteome
ELAVL1,0.65392387,Nucleus,Glioma_Tumor_PD,Proteome
ELMO2,-0.02698052,Cytosol,Glioma_Tumor_PD,Proteome
ELMOD2,0.053025555,Secretory,Glioma_Tumor_PD,Proteome
ELOVL1,0.089732766,Secretory,Glioma_Tumor_PD,Proteome
ELP4,0.013555552,Cytosol,Glioma_Tumor_PD,Proteome
EMC1,0.025656812,Secretory,Glioma_Tumor_PD,Proteome
EMC10,0.0031459278,Secretory,Glioma_Tumor_PD,Proteome
EMC3,-0.08893131,Secretory,Glioma_Tumor_PD,Proteome
EMC4,-0.043029815,Secretory,Glioma_Tumor_PD,Proteome
EMC7,0.035790738,Secretory,Glioma_Tumor_PD,Proteome
EMC8,-0.14265452,Secretory,Glioma_Tumor_PD,Proteome
EMD,0.008898936,Secretory,Glioma_Tumor_PD,Proteome
EML3,-0.08271508,Cytosol,Glioma_Tumor_PD,Proteome
EML4,-0.04627323,Cytosol,Glioma_Tumor_PD,Proteome
ENAH,0.117741324,Cytosol,Glioma_Tumor_PD,Proteome
ENDOD1,0.0760975,Secretory,Glioma_Tumor_PD,Proteome
ENDOG,0.597675,Nucleus,Glioma_Tumor_PD,Proteome
ENO1,-0.12411943,Cytosol,Glioma_Tumor_PD,Proteome
ENO3,-0.20498998,Cytosol,Glioma_Tumor_PD,Proteome
ENOPH1,-0.18213013,Cytosol,Glioma_Tumor_PD,Proteome
ENSA,-0.4399409,Cytosol,Glioma_Tumor_PD,Proteome
EPB41,0.10023462,Mitochondria,Glioma_Tumor_PD,Proteome
EPB41L5,-0.06287013,Secretory,Glioma_Tumor_PD,Proteome
EPHB2,-0.22249131,Secretory,Glioma_Tumor_PD,Proteome
EPHB4,0.040823974,Secretory,Glioma_Tumor_PD,Proteome
EPHX1,-0.29455385,Secretory,Glioma_Tumor_PD,Proteome
ERAL1,0.42304283,Mitochondria,Glioma_Tumor_PD,Proteome
ERBB2,0.05452339,Secretory,Glioma_Tumor_PD,Proteome
ERC1,-0.4390675,Cytosol,Glioma_Tumor_PD,Proteome
ERF,-0.6763652,Cytosol,Glioma_Tumor_PD,Proteome
ERGIC1,0.049538016,Secretory,Glioma_Tumor_PD,Proteome
ERGIC2,-0.08959138,Secretory,Glioma_Tumor_PD,Proteome
ERGIC3,0.004945582,Secretory,Glioma_Tumor_PD,Proteome
ERLEC1,0.033089377,Secretory,Glioma_Tumor_PD,Proteome
ERLIN1,0.07681848,Secretory,Glioma_Tumor_PD,Proteome
ERLIN2,0.07971274,Secretory,Glioma_Tumor_PD,Proteome
ERMP1,-0.5139358,Secretory,Glioma_Tumor_PD,Proteome
ERP29,-0.28260812,Nucleus,Glioma_Tumor_PD,Proteome
ESF1,0.64101386,Nucleus,Glioma_Tumor_PD,Proteome
ESYT1,0.08237035,Secretory,Glioma_Tumor_PD,Proteome
ESYT2,0.085430056,Secretory,Glioma_Tumor_PD,Proteome
ETF1,-0.0401337,Cytosol,Glioma_Tumor_PD,Proteome
ETFA,0.5261391,Mitochondria,Glioma_Tumor_PD,Proteome
ETFDH,0.49230322,Mitochondria,Glioma_Tumor_PD,Proteome
EXD2,-0.19900042,Mitochondria,Glioma_Tumor_PD,Proteome
EXOG,0.57238436,Mitochondria,Glioma_Tumor_PD,Proteome
EXOSC10,0.6697061,Nucleus,Glioma_Tumor_PD,Proteome
EXOSC3,0.6804395,Nucleus,Glioma_Tumor_PD,Proteome
EXOSC5,0.6789947,Nucleus,Glioma_Tumor_PD,Proteome
EXOSC9,0.6565629,Nucleus,Glioma_Tumor_PD,Proteome
EXT2,-0.09339481,Secretory,Glioma_Tumor_PD,Proteome
EXTL3,-0.6276676,Secretory,Glioma_Tumor_PD,Proteome
EZR,-0.03134291,Cytosol,Glioma_Tumor_PD,Proteome
FADS1,-0.36491567,Secretory,Glioma_Tumor_PD,Proteome
FAF2,-0.003692595,Secretory,Glioma_Tumor_PD,Proteome
FAH,-0.08425068,Cytosol,Glioma_Tumor_PD,Proteome
FAIM,-0.03462648,Cytosol,Glioma_Tumor_PD,Proteome
FAM107B,-0.17777409,Cytosol,Glioma_Tumor_PD,Proteome
FAM111A,0.48636052,Nucleus,Glioma_Tumor_PD,Proteome
FAM114A2,-0.08197393,Cytosol,Glioma_Tumor_PD,Proteome
FAM120A,-0.2695708,Nucleus,Glioma_Tumor_PD,Proteome
FAM136A,-0.16645403,Nucleus,Glioma_Tumor_PD,Proteome
FAM162A,0.58354616,Mitochondria,Glioma_Tumor_PD,Proteome
FAM168A,-0.64395946,Cytosol,Glioma_Tumor_PD,Proteome
FAM177A1,-0.35335746,Secretory,Glioma_Tumor_PD,Proteome
FAM20B,-0.39883107,Secretory,Glioma_Tumor_PD,Proteome
FAM210A,0.57280886,Mitochondria,Glioma_Tumor_PD,Proteome
FAM3C,-0.23938566,Secretory,Glioma_Tumor_PD,Proteome
FAM76A,0.59408337,Nucleus,Glioma_Tumor_PD,Proteome
FAM76B,0.6327707,Nucleus,Glioma_Tumor_PD,Proteome
FAM8A1,-0.056038488,Secretory,Glioma_Tumor_PD,Proteome
FAR1,-0.07154834,Secretory,Glioma_Tumor_PD,Proteome
FARP2,0.06539643,Mitochondria,Glioma_Tumor_PD,Proteome
FARSA,-0.7082189,Nucleus,Glioma_Tumor_PD,Proteome
FARSB,-0.5348505,Nucleus,Glioma_Tumor_PD,Proteome
FAS,0.049930375,Secretory,Glioma_Tumor_PD,Proteome
FASTKD2,0.4715438,Mitochondria,Glioma_Tumor_PD,Proteome
FASTKD5,0.4675756,Mitochondria,Glioma_Tumor_PD,Proteome
FAT1,0.0694233,Secretory,Glioma_Tumor_PD,Proteome
FBL,0.6677871,Nucleus,Glioma_Tumor_PD,Proteome
FBLIM1,-0.06932279,Cytosol,Glioma_Tumor_PD,Proteome
FBXO11,0.63883287,Nucleus,Glioma_Tumor_PD,Proteome
FBXO28,0.645995,Nucleus,Glioma_Tumor_PD,Proteome
FBXO3,-0.2893394,Cytosol,Glioma_Tumor_PD,Proteome
FBXO30,0.0934017,Cytosol,Glioma_Tumor_PD,Proteome
FCHSD2,-0.22175246,Cytosol,Glioma_Tumor_PD,Proteome
FDFT1,-0.12238601,Secretory,Glioma_Tumor_PD,Proteome
FDPS,-0.4757727,Cytosol,Glioma_Tumor_PD,Proteome
FER,-0.062166702,Cytosol,Glioma_Tumor_PD,Proteome
FHOD1,-0.07118646,Cytosol,Glioma_Tumor_PD,Proteome
FKBP14,0.03315788,Nucleus,Glioma_Tumor_PD,Proteome
FKBP3,-0.48255286,Cytosol,Glioma_Tumor_PD,Proteome
FKBP4,-0.54950064,Cytosol,Glioma_Tumor_PD,Proteome
FKBP8,-0.46818513,Secretory,Glioma_Tumor_PD,Proteome
FKBPL,-0.016313963,Cytosol,Glioma_Tumor_PD,Proteome
FLCN,-0.07254071,Cytosol,Glioma_Tumor_PD,Proteome
FLNA,-0.07469443,Cytosol,Glioma_Tumor_PD,Proteome
FLNB,-0.07301115,Cytosol,Glioma_Tumor_PD,Proteome
FLOT1,-0.31153125,Secretory,Glioma_Tumor_PD,Proteome
FLOT2,-0.4109514,Secretory,Glioma_Tumor_PD,Proteome
FLVCR1,-0.25356612,Secretory,Glioma_Tumor_PD,Proteome
FMNL2,-0.42375737,Secretory,Glioma_Tumor_PD,Proteome
FNBP1,-0.060899064,Cytosol,Glioma_Tumor_PD,Proteome
FNBP1L,-0.5905362,Cytosol,Glioma_Tumor_PD,Proteome
FNBP4,0.6805644,Nucleus,Glioma_Tumor_PD,Proteome
FNDC3A,0.006812479,Secretory,Glioma_Tumor_PD,Proteome
FNDC3B,0.066043235,Secretory,Glioma_Tumor_PD,Proteome
FOXJ2,0.66206026,Nucleus,Glioma_Tumor_PD,Proteome
FOXK1,0.66851133,Nucleus,Glioma_Tumor_PD,Proteome
FOXK2,0.65517753,Nucleus,Glioma_Tumor_PD,Proteome
FOXO3,-0.3516167,Cytosol,Glioma_Tumor_PD,Proteome
FOXRED1,0.40413222,Mitochondria,Glioma_Tumor_PD,Proteome
FPGT,-0.04869679,Cytosol,Glioma_Tumor_PD,Proteome
FRMD5,-0.17717224,Secretory,Glioma_Tumor_PD,Proteome
FSCN1,-0.59042287,Cytosol,Glioma_Tumor_PD,Proteome
FTSJ1,-0.06347341,Cytosol,Glioma_Tumor_PD,Proteome
FUNDC2,0.47068465,Mitochondria,Glioma_Tumor_PD,Proteome
FUT8,-0.079039924,Secretory,Glioma_Tumor_PD,Proteome
FXR2,0.43671566,Nucleus,Glioma_Tumor_PD,Proteome
FYTTD1,0.16668846,Nucleus,Glioma_Tumor_PD,Proteome
FZD7,0.049079455,Secretory,Glioma_Tumor_PD,Proteome
G6PD,-0.08804937,Cytosol,Glioma_Tumor_PD,Proteome
GABARAP,-0.015570834,Cytosol,Glioma_Tumor_PD,Proteome
GABARAPL1,-0.46431997,Cytosol,Glioma_Tumor_PD,Proteome
GABPA,0.68202096,Nucleus,Glioma_Tumor_PD,Proteome
GADD45GIP1,-0.35335892,Secretory,Glioma_Tumor_PD,Proteome
GALE,-0.075192906,Cytosol,Glioma_Tumor_PD,Proteome
GALK1,-0.061052296,Cytosol,Glioma_Tumor_PD,Proteome
GALK2,-0.08097836,Cytosol,Glioma_Tumor_PD,Proteome
GALNT1,-0.49564892,Secretory,Glioma_Tumor_PD,Proteome
GALNT10,0.037042618,Secretory,Glioma_Tumor_PD,Proteome
GALNT11,-0.07830782,Secretory,Glioma_Tumor_PD,Proteome
GALNT2,0.062448207,Secretory,Glioma_Tumor_PD,Proteome
GALNT7,0.073858775,Secretory,Glioma_Tumor_PD,Proteome
GAPDH,-0.07870868,Cytosol,Glioma_Tumor_PD,Proteome
GAR1,0.67682743,Nucleus,Glioma_Tumor_PD,Proteome
GART,-0.3725957,Cytosol,Glioma_Tumor_PD,Proteome
GBA2,-0.5376979,Secretory,Glioma_Tumor_PD,Proteome
GBE1,-0.078785256,Cytosol,Glioma_Tumor_PD,Proteome
GBP2,-0.07435071,Cytosol,Glioma_Tumor_PD,Proteome
GCLM,-0.09178544,Cytosol,Glioma_Tumor_PD,Proteome
GCSH,0.5508289,Mitochondria,Glioma_Tumor_PD,Proteome
GDAP1,0.5133649,Mitochondria,Glioma_Tumor_PD,Proteome
GDE1,0.086454354,Secretory,Glioma_Tumor_PD,Proteome
GDI2,-0.17727327,Cytosol,Glioma_Tumor_PD,Proteome
GDPD1,-0.3803837,Secretory,Glioma_Tumor_PD,Proteome
GEMIN5,-0.65350163,Cytosol,Glioma_Tumor_PD,Proteome
GGA1,0.020291774,Cytosol,Glioma_Tumor_PD,Proteome
GGA3,-0.44603804,Cytosol,Glioma_Tumor_PD,Proteome
GGCT,-0.16471037,Cytosol,Glioma_Tumor_PD,Proteome
GGCX,0.070092596,Secretory,Glioma_Tumor_PD,Proteome
GHITM,0.5353477,Mitochondria,Glioma_Tumor_PD,Proteome
GIPC1,-0.21832097,Cytosol,Glioma_Tumor_PD,Proteome
GLA,-0.24353221,Nucleus,Glioma_Tumor_PD,Proteome
GLCE,-0.11504103,Secretory,Glioma_Tumor_PD,Proteome
GLE1,0.6030497,Nucleus,Glioma_Tumor_PD,Proteome
GLG1,-0.2416132,Secretory,Glioma_Tumor_PD,Proteome
GLIPR2,-0.047573414,Secretory,Glioma_Tumor_PD,Proteome
GLOD4,0.003369856,Cytosol,Glioma_Tumor_PD,Proteome
GLRX,-0.08511778,Cytosol,Glioma_Tumor_PD,Proteome
GLRX3,0.03114171,Cytosol,Glioma_Tumor_PD,Proteome
GLS,0.45918474,Mitochondria,Glioma_Tumor_PD,Proteome
GLT8D1,-0.14349644,Secretory,Glioma_Tumor_PD,Proteome
GLUL,-0.4811474,Cytosol,Glioma_Tumor_PD,Proteome
GMFB,-0.047115132,Cytosol,Glioma_Tumor_PD,Proteome
GMIP,-0.08407889,Cytosol,Glioma_Tumor_PD,Proteome
GMPPA,-0.082845554,Cytosol,Glioma_Tumor_PD,Proteome
GMPPB,-0.07279882,Cytosol,Glioma_Tumor_PD,Proteome
GMPR2,-0.029002514,Cytosol,Glioma_Tumor_PD,Proteome
GNA13,-0.248973,Secretory,Glioma_Tumor_PD,Proteome
GNAI1,-0.4026125,Secretory,Glioma_Tumor_PD,Proteome
GNAI2,0.06569035,Secretory,Glioma_Tumor_PD,Proteome
GNAI3,0.0010601792,Secretory,Glioma_Tumor_PD,Proteome
GNAQ,-0.58237237,Secretory,Glioma_Tumor_PD,Proteome
GNAS,-0.12368016,Secretory,Glioma_Tumor_PD,Proteome
GNAZ,-0.45064136,Secretory,Glioma_Tumor_PD,Proteome
GNB1,-0.4823875,Secretory,Glioma_Tumor_PD,Proteome
GNB1L,-0.110216,Cytosol,Glioma_Tumor_PD,Proteome
GNB2,-0.39543453,Secretory,Glioma_Tumor_PD,Proteome
GNB5,-0.4822524,Cytosol,Glioma_Tumor_PD,Proteome
GNL2,0.217709,Nucleus,Glioma_Tumor_PD,Proteome
GNPAT,-0.5745208,Secretory,Glioma_Tumor_PD,Proteome
GNPDA2,-0.5072878,Cytosol,Glioma_Tumor_PD,Proteome
GNPNAT1,-0.07157772,Cytosol,Glioma_Tumor_PD,Proteome
GNPTAB,0.014091895,Secretory,Glioma_Tumor_PD,Proteome
GOLGA1,-0.17009214,Secretory,Glioma_Tumor_PD,Proteome
GOLGA2,-0.5025583,Secretory,Glioma_Tumor_PD,Proteome
GOLGA3,-0.0559481,Cytosol,Glioma_Tumor_PD,Proteome
GOLGA4,0.13670962,Nucleus,Glioma_Tumor_PD,Proteome
GOLGA5,-0.10611244,Secretory,Glioma_Tumor_PD,Proteome
GOLGA7,-0.560997,Secretory,Glioma_Tumor_PD,Proteome
GOLGB1,0.032634754,Secretory,Glioma_Tumor_PD,Proteome
GOLIM4,-0.65509796,Secretory,Glioma_Tumor_PD,Proteome
GOLM1,-0.70609486,Secretory,Glioma_Tumor_PD,Proteome
GOLPH3L,-0.06215975,Cytosol,Glioma_Tumor_PD,Proteome
GOLT1B,-0.006598399,Secretory,Glioma_Tumor_PD,Proteome
GORASP1,0.060352806,Secretory,Glioma_Tumor_PD,Proteome
GORASP2,-0.25509334,Secretory,Glioma_Tumor_PD,Proteome
GOSR1,-0.14380036,Secretory,Glioma_Tumor_PD,Proteome
GPATCH8,0.67504156,Nucleus,Glioma_Tumor_PD,Proteome
GPCPD1,-0.01598363,Cytosol,Glioma_Tumor_PD,Proteome
GPD1L,-0.40276733,Cytosol,Glioma_Tumor_PD,Proteome
GPD2,0.5825312,Mitochondria,Glioma_Tumor_PD,Proteome
GPI,-0.5482795,Cytosol,Glioma_Tumor_PD,Proteome
GPN1,0.046000417,Cytosol,Glioma_Tumor_PD,Proteome
GPN3,-0.087216295,Cytosol,Glioma_Tumor_PD,Proteome
GPR107,-0.05037151,Secretory,Glioma_Tumor_PD,Proteome
GPR108,0.078764066,Secretory,Glioma_Tumor_PD,Proteome
GPR180,0.04612727,Secretory,Glioma_Tumor_PD,Proteome
GPSM1,-0.09868025,Cytosol,Glioma_Tumor_PD,Proteome
GPX4,-0.5266939,Cytosol,Glioma_Tumor_PD,Proteome
GPX8,0.07144381,Secretory,Glioma_Tumor_PD,Proteome
GRAMD1A,-0.21636347,Secretory,Glioma_Tumor_PD,Proteome
GRAMD4,-0.3143304,Secretory,Glioma_Tumor_PD,Proteome
GRHPR,-0.4453931,Cytosol,Glioma_Tumor_PD,Proteome
GRIPAP1,-0.4567843,Cytosol,Glioma_Tumor_PD,Proteome
GRSF1,-0.4519417,Secretory,Glioma_Tumor_PD,Proteome
GSK3A,-0.44044745,Cytosol,Glioma_Tumor_PD,Proteome
GSK3B,-0.23031485,Cytosol,Glioma_Tumor_PD,Proteome
GSN,-0.08805135,Cytosol,Glioma_Tumor_PD,Proteome
GSPT1,-0.058949992,Cytosol,Glioma_Tumor_PD,Proteome
GSR,-0.16648412,Cytosol,Glioma_Tumor_PD,Proteome
GSS,-0.07084463,Cytosol,Glioma_Tumor_PD,Proteome
GSTO1,-0.095713586,Cytosol,Glioma_Tumor_PD,Proteome
GTF3A,-0.24557431,Cytosol,Glioma_Tumor_PD,Proteome
GTF3C2,0.67919904,Nucleus,Glioma_Tumor_PD,Proteome
GTPBP10,-0.38717642,Secretory,Glioma_Tumor_PD,Proteome
GTPBP6,0.30107006,Mitochondria,Glioma_Tumor_PD,Proteome
GUF1,0.57073766,Mitochondria,Glioma_Tumor_PD,Proteome
GUK1,-0.5884639,Cytosol,Glioma_Tumor_PD,Proteome
HADHA,0.4846545,Mitochondria,Glioma_Tumor_PD,Proteome
HADHB,0.42211083,Mitochondria,Glioma_Tumor_PD,Proteome
HAGH,-0.5760962,Cytosol,Glioma_Tumor_PD,Proteome
HAUS3,-0.5810013,Cytosol,Glioma_Tumor_PD,Proteome
HAUS8,-0.62778896,Cytosol,Glioma_Tumor_PD,Proteome
HAX1,0.58309627,Mitochondria,Glioma_Tumor_PD,Proteome
HCCS,-0.3943182,Mitochondria,Glioma_Tumor_PD,Proteome
HCFC1,0.6517191,Nucleus,Glioma_Tumor_PD,Proteome
HDAC2,0.6566948,Nucleus,Glioma_Tumor_PD,Proteome
HDAC4,-0.20608611,Cytosol,Glioma_Tumor_PD,Proteome
HDAC7,-0.06319316,Cytosol,Glioma_Tumor_PD,Proteome
HDAC8,-0.62375367,Cytosol,Glioma_Tumor_PD,Proteome
HDDC2,0.109758355,Cytosol,Glioma_Tumor_PD,Proteome
HDLBP,-0.18353948,Nucleus,Glioma_Tumor_PD,Proteome
HEATR1,0.57496446,Nucleus,Glioma_Tumor_PD,Proteome
HEBP1,-0.07776229,Cytosol,Glioma_Tumor_PD,Proteome
HECTD4,-0.2851826,Cytosol,Glioma_Tumor_PD,Proteome
HELZ,-0.024252305,Nucleus,Glioma_Tumor_PD,Proteome
HELZ2,0.4550987,Nucleus,Glioma_Tumor_PD,Proteome
HERC1,-0.37407675,Cytosol,Glioma_Tumor_PD,Proteome
HERC2,-0.3990385,Secretory,Glioma_Tumor_PD,Proteome
HERC5,-0.40971908,Nucleus,Glioma_Tumor_PD,Proteome
HINT3,-0.35256496,Secretory,Glioma_Tumor_PD,Proteome
HIP1,-0.7554112,Mitochondria,Glioma_Tumor_PD,Proteome
HIRIP3,0.66071576,Nucleus,Glioma_Tumor_PD,Proteome
HLA-A,0.04798167,Secretory,Glioma_Tumor_PD,Proteome
HLA-C,0.067542076,Secretory,Glioma_Tumor_PD,Proteome
HLA-E,0.07698472,Secretory,Glioma_Tumor_PD,Proteome
HLA-F,0.060453795,Secretory,Glioma_Tumor_PD,Proteome
HLTF,0.6005736,Nucleus,Glioma_Tumor_PD,Proteome
HM13,0.05135255,Secretory,Glioma_Tumor_PD,Proteome
HMG20A,0.67913467,Nucleus,Glioma_Tumor_PD,Proteome
HMGCS1,0.13130699,Cytosol,Glioma_Tumor_PD,Proteome
HMGXB4,0.67575496,Nucleus,Glioma_Tumor_PD,Proteome
HMOX2,-0.55773777,Secretory,Glioma_Tumor_PD,Proteome
HNRNPA0,0.6503801,Nucleus,Glioma_Tumor_PD,Proteome
HNRNPA1,0.6654959,Nucleus,Glioma_Tumor_PD,Proteome
HNRNPA2B1,0.66980153,Nucleus,Glioma_Tumor_PD,Proteome
HNRNPA3,0.64233124,Nucleus,Glioma_Tumor_PD,Proteome
HNRNPAB,0.6478758,Nucleus,Glioma_Tumor_PD,Proteome
HNRNPC,0.62957877,Nucleus,Glioma_Tumor_PD,Proteome
HNRNPD,0.6686779,Nucleus,Glioma_Tumor_PD,Proteome
HNRNPDL,0.5708241,Nucleus,Glioma_Tumor_PD,Proteome
HNRNPH1,0.6815349,Nucleus,Glioma_Tumor_PD,Proteome
HNRNPH2,0.6413791,Nucleus,Glioma_Tumor_PD,Proteome
HNRNPH3,0.61524385,Nucleus,Glioma_Tumor_PD,Proteome
HNRNPK,0.63753504,Nucleus,Glioma_Tumor_PD,Proteome
HNRNPL,0.6686687,Nucleus,Glioma_Tumor_PD,Proteome
HNRNPM,0.6773875,Nucleus,Glioma_Tumor_PD,Proteome
HNRNPR,0.6611535,Nucleus,Glioma_Tumor_PD,Proteome
HNRNPUL1,0.6505369,Nucleus,Glioma_Tumor_PD,Proteome
HOOK3,-0.5511147,Cytosol,Glioma_Tumor_PD,Proteome
HP1BP3,0.16191477,Nucleus,Glioma_Tumor_PD,Proteome
HRAS,-0.5478756,Secretory,Glioma_Tumor_PD,Proteome
HS1BP3,-0.08436059,Cytosol,Glioma_Tumor_PD,Proteome
HS2ST1,0.023567554,Secretory,Glioma_Tumor_PD,Proteome
HSBP1,-0.37551263,Cytosol,Glioma_Tumor_PD,Proteome
HSD17B11,0.07819116,Secretory,Glioma_Tumor_PD,Proteome
HSD17B12,0.011837094,Secretory,Glioma_Tumor_PD,Proteome
HSD17B7,0.08971557,Secretory,Glioma_Tumor_PD,Proteome
HSDL1,0.46385628,Mitochondria,Glioma_Tumor_PD,Proteome
HSP90AA1,-0.15519507,Cytosol,Glioma_Tumor_PD,Proteome
HSP90AB1,-0.6186818,Cytosol,Glioma_Tumor_PD,Proteome
HSPA14,-0.62109864,Cytosol,Glioma_Tumor_PD,Proteome
HSPA4,-0.025566256,Cytosol,Glioma_Tumor_PD,Proteome
HSPA4L,-0.4677099,Cytosol,Glioma_Tumor_PD,Proteome
HSPB1,-0.07354204,Cytosol,Glioma_Tumor_PD,Proteome
HSPB8,-0.29352304,Cytosol,Glioma_Tumor_PD,Proteome
HSPBP1,-0.15461254,Cytosol,Glioma_Tumor_PD,Proteome
HSPH1,-0.16444069,Cytosol,Glioma_Tumor_PD,Proteome
HTATIP2,0.08836002,Secretory,Glioma_Tumor_PD,Proteome
HTT,-0.4180575,Cytosol,Glioma_Tumor_PD,Proteome
IAH1,-0.05451795,Cytosol,Glioma_Tumor_PD,Proteome
IDE,-0.0912638,Cytosol,Glioma_Tumor_PD,Proteome
IDH1,0.025072698,Cytosol,Glioma_Tumor_PD,Proteome
IDI1,-0.12269416,Cytosol,Glioma_Tumor_PD,Proteome
IDS,-0.47624165,Nucleus,Glioma_Tumor_PD,Proteome
IFIT5,-0.12975791,Cytosol,Glioma_Tumor_PD,Proteome
IFNGR1,-0.34740382,Secretory,Glioma_Tumor_PD,Proteome
IFT27,0.11016739,Cytosol,Glioma_Tumor_PD,Proteome
IFT81,-0.058570202,Cytosol,Glioma_Tumor_PD,Proteome
IFT88,-0.049897034,Cytosol,Glioma_Tumor_PD,Proteome
IGF1R,-0.0253336,Secretory,Glioma_Tumor_PD,Proteome
IGF2BP2,0.31173143,Nucleus,Glioma_Tumor_PD,Proteome
IGF2R,0.047653735,Secretory,Glioma_Tumor_PD,Proteome
IGSF3,-0.6223704,Secretory,Glioma_Tumor_PD,Proteome
IGSF8,-0.46971032,Secretory,Glioma_Tumor_PD,Proteome
IK,0.66300255,Nucleus,Glioma_Tumor_PD,Proteome
IKBIP,0.061984524,Secretory,Glioma_Tumor_PD,Proteome
IL1RAP,0.027194435,Secretory,Glioma_Tumor_PD,Proteome
IL6ST,-0.3515341,Secretory,Glioma_Tumor_PD,Proteome
ILF2,0.680155,Nucleus,Glioma_Tumor_PD,Proteome
ILF3,0.65723616,Nucleus,Glioma_Tumor_PD,Proteome
ILVBL,0.024168044,Secretory,Glioma_Tumor_PD,Proteome
IMMT,0.56149477,Mitochondria,Glioma_Tumor_PD,Proteome
IMP3,0.5774443,Nucleus,Glioma_Tumor_PD,Proteome
IMP4,0.58494407,Nucleus,Glioma_Tumor_PD,Proteome
IMPA1,-0.2516168,Cytosol,Glioma_Tumor_PD,Proteome
IMPACT,-0.004024829,Cytosol,Glioma_Tumor_PD,Proteome
IMPDH1,-0.058976855,Cytosol,Glioma_Tumor_PD,Proteome
INCENP,0.5818244,Nucleus,Glioma_Tumor_PD,Proteome
ING1,0.6619799,Nucleus,Glioma_Tumor_PD,Proteome
ING5,-0.43636292,Nucleus,Glioma_Tumor_PD,Proteome
INO80,0.66579795,Nucleus,Glioma_Tumor_PD,Proteome
INPP1,-0.3682791,Cytosol,Glioma_Tumor_PD,Proteome
INPP4A,-0.54721516,Cytosol,Glioma_Tumor_PD,Proteome
INPP5A,-0.46068865,Secretory,Glioma_Tumor_PD,Proteome
INPP5K,-0.030432597,Secretory,Glioma_Tumor_PD,Proteome
INPPL1,-0.04645491,Cytosol,Glioma_Tumor_PD,Proteome
INSR,-0.025321431,Secretory,Glioma_Tumor_PD,Proteome
INTS3,0.67239106,Nucleus,Glioma_Tumor_PD,Proteome
IQSEC2,-0.47705993,Cytosol,Glioma_Tumor_PD,Proteome
IRAK4,-0.07302862,Cytosol,Glioma_Tumor_PD,Proteome
IREB2,-0.06580416,Cytosol,Glioma_Tumor_PD,Proteome
IRF2BP1,0.6834565,Nucleus,Glioma_Tumor_PD,Proteome
IRF2BPL,0.65830714,Nucleus,Glioma_Tumor_PD,Proteome
IRF3,-0.045414757,Cytosol,Glioma_Tumor_PD,Proteome
IRF9,-0.015565322,Cytosol,Glioma_Tumor_PD,Proteome
IRS1,-0.090925425,Cytosol,Glioma_Tumor_PD,Proteome
IRS2,-0.026041007,Cytosol,Glioma_Tumor_PD,Proteome
ISG20L2,0.60962903,Nucleus,Glioma_Tumor_PD,Proteome
IST1,-0.07280675,Cytosol,Glioma_Tumor_PD,Proteome
ITFG1,-0.5498444,Secretory,Glioma_Tumor_PD,Proteome
ITGA2,0.064027175,Secretory,Glioma_Tumor_PD,Proteome
ITGA3,0.072523706,Secretory,Glioma_Tumor_PD,Proteome
ITGA5,0.0673152,Secretory,Glioma_Tumor_PD,Proteome
ITGA6,-0.027197177,Secretory,Glioma_Tumor_PD,Proteome
ITGAV,0.018712664,Secretory,Glioma_Tumor_PD,Proteome
ITGB1,0.079373464,Secretory,Glioma_Tumor_PD,Proteome
ITGB4,0.04715211,Secretory,Glioma_Tumor_PD,Proteome
ITM2B,-0.5479283,Secretory,Glioma_Tumor_PD,Proteome
ITM2C,-0.35866073,Secretory,Glioma_Tumor_PD,Proteome
ITPA,-0.055469103,Cytosol,Glioma_Tumor_PD,Proteome
ITPKC,-0.043348767,Cytosol,Glioma_Tumor_PD,Proteome
ITPR2,0.017216034,Secretory,Glioma_Tumor_PD,Proteome
ITPR3,0.07236591,Secretory,Glioma_Tumor_PD,Proteome
IWS1,0.6404031,Nucleus,Glioma_Tumor_PD,Proteome
JAGN1,0.021717062,Secretory,Glioma_Tumor_PD,Proteome
JAK1,-0.31571022,Secretory,Glioma_Tumor_PD,Proteome
JAK2,0.091140665,Secretory,Glioma_Tumor_PD,Proteome
JMJD1C,0.64070326,Nucleus,Glioma_Tumor_PD,Proteome
JPH1,-0.45610136,Secretory,Glioma_Tumor_PD,Proteome
JUP,-0.34843722,Mitochondria,Glioma_Tumor_PD,Proteome
KAT7,0.62086,Nucleus,Glioma_Tumor_PD,Proteome
KCMF1,-0.047887605,Cytosol,Glioma_Tumor_PD,Proteome
KDM1A,0.6068321,Nucleus,Glioma_Tumor_PD,Proteome
KDM2A,0.6368456,Nucleus,Glioma_Tumor_PD,Proteome
KDM3B,0.65389407,Nucleus,Glioma_Tumor_PD,Proteome
KDM4A,0.59860724,Nucleus,Glioma_Tumor_PD,Proteome
KDM5B,0.63305557,Nucleus,Glioma_Tumor_PD,Proteome
KDSR,0.00609302,Secretory,Glioma_Tumor_PD,Proteome
KHK,0.0067120944,Cytosol,Glioma_Tumor_PD,Proteome
KIAA0319L,-0.031229032,Secretory,Glioma_Tumor_PD,Proteome
KIAA0513,-0.45294592,Cytosol,Glioma_Tumor_PD,Proteome
KIDINS220,0.0040272926,Secretory,Glioma_Tumor_PD,Proteome
KIF13B,-0.058622666,Cytosol,Glioma_Tumor_PD,Proteome
KIF21A,-0.43799135,Cytosol,Glioma_Tumor_PD,Proteome
KIF3B,-0.41493726,Cytosol,Glioma_Tumor_PD,Proteome
KIF4A,0.5843376,Nucleus,Glioma_Tumor_PD,Proteome
KIF5B,0.051440284,Cytosol,Glioma_Tumor_PD,Proteome
KLC2,-0.382034,Cytosol,Glioma_Tumor_PD,Proteome
KLC4,0.080810815,Cytosol,Glioma_Tumor_PD,Proteome
KLHL11,0.075833924,Cytosol,Glioma_Tumor_PD,Proteome
KLHL26,-0.15521447,Cytosol,Glioma_Tumor_PD,Proteome
KLHL36,-0.23530833,Cytosol,Glioma_Tumor_PD,Proteome
KMT2A,0.6757751,Nucleus,Glioma_Tumor_PD,Proteome
KNTC1,-0.5641304,Cytosol,Glioma_Tumor_PD,Proteome
KPNA2,-0.5197735,Cytosol,Glioma_Tumor_PD,Proteome
KPNA4,0.0451672,Cytosol,Glioma_Tumor_PD,Proteome
KRAS,-0.5646598,Secretory,Glioma_Tumor_PD,Proteome
KRI1,0.6242848,Nucleus,Glioma_Tumor_PD,Proteome
KRR1,0.3356994,Nucleus,Glioma_Tumor_PD,Proteome
KTN1,-0.053850617,Secretory,Glioma_Tumor_PD,Proteome
L2HGDH,0.57875806,Mitochondria,Glioma_Tumor_PD,Proteome
LACTB,0.086227804,Secretory,Glioma_Tumor_PD,Proteome
LAMA5,-0.06122823,Secretory,Glioma_Tumor_PD,Proteome
LAMP1,0.085436724,Secretory,Glioma_Tumor_PD,Proteome
LAMP2,0.08199311,Secretory,Glioma_Tumor_PD,Proteome
LAMTOR1,0.0030582135,Secretory,Glioma_Tumor_PD,Proteome
LAMTOR3,0.084054105,Secretory,Glioma_Tumor_PD,Proteome
LARP1,-0.32002977,Nucleus,Glioma_Tumor_PD,Proteome
LARP1B,-0.29873043,Nucleus,Glioma_Tumor_PD,Proteome
LARP4B,0.4671728,Nucleus,Glioma_Tumor_PD,Proteome
LARP7,0.6588388,Nucleus,Glioma_Tumor_PD,Proteome
LAS1L,0.66395587,Nucleus,Glioma_Tumor_PD,Proteome
LASP1,-0.049452387,Cytosol,Glioma_Tumor_PD,Proteome
LBR,-0.47281417,Secretory,Glioma_Tumor_PD,Proteome
LCLAT1,-0.08992098,Secretory,Glioma_Tumor_PD,Proteome
LDHB,-0.53575605,Cytosol,Glioma_Tumor_PD,Proteome
LDLR,-0.00953794,Secretory,Glioma_Tumor_PD,Proteome
LEMD2,-0.37584817,Mitochondria,Glioma_Tumor_PD,Proteome
LEMD3,0.33109617,Nucleus,Glioma_Tumor_PD,Proteome
LEO1,0.6830512,Nucleus,Glioma_Tumor_PD,Proteome
LETM1,0.5791584,Mitochondria,Glioma_Tumor_PD,Proteome
LGALSL,-0.47779816,Cytosol,Glioma_Tumor_PD,Proteome
LIMD1,-0.57988256,Cytosol,Glioma_Tumor_PD,Proteome
LIMS1,-0.06514475,Cytosol,Glioma_Tumor_PD,Proteome
LIN7C,-0.31423774,Secretory,Glioma_Tumor_PD,Proteome
LLGL2,-0.44663724,Secretory,Glioma_Tumor_PD,Proteome
LMAN1,0.07049873,Secretory,Glioma_Tumor_PD,Proteome
LMAN2,0.055548128,Secretory,Glioma_Tumor_PD,Proteome
LMAN2L,0.044850525,Secretory,Glioma_Tumor_PD,Proteome
LMBRD2,-0.53659475,Secretory,Glioma_Tumor_PD,Proteome
LMCD1,-0.06218246,Cytosol,Glioma_Tumor_PD,Proteome
LMNA,-0.25007775,Nucleus,Glioma_Tumor_PD,Proteome
LMNB1,0.66954416,Nucleus,Glioma_Tumor_PD,Proteome
LMTK2,-0.5189567,Secretory,Glioma_Tumor_PD,Proteome
LNPEP,0.085531145,Secretory,Glioma_Tumor_PD,Proteome
LPCAT1,-0.27751786,Secretory,Glioma_Tumor_PD,Proteome
LPCAT2,0.08803609,Secretory,Glioma_Tumor_PD,Proteome
LPCAT4,-0.48626333,Secretory,Glioma_Tumor_PD,Proteome
LPGAT1,-0.489884,Secretory,Glioma_Tumor_PD,Proteome
LPIN2,-0.049287725,Cytosol,Glioma_Tumor_PD,Proteome
LPP,-0.07465309,Cytosol,Glioma_Tumor_PD,Proteome
LRCH4,0.0760228,Secretory,Glioma_Tumor_PD,Proteome
LRIF1,0.62121314,Nucleus,Glioma_Tumor_PD,Proteome
LRP1,0.014165209,Secretory,Glioma_Tumor_PD,Proteome
LRP10,0.07925799,Secretory,Glioma_Tumor_PD,Proteome
LRP8,-0.56389326,Secretory,Glioma_Tumor_PD,Proteome
LRPAP1,-0.18402207,Nucleus,Glioma_Tumor_PD,Proteome
LRRC1,-0.061917707,Mitochondria,Glioma_Tumor_PD,Proteome
LRRC59,-0.23674312,Secretory,Glioma_Tumor_PD,Proteome
LRRC8A,-0.58889455,Secretory,Glioma_Tumor_PD,Proteome
LRRC8B,-0.45722976,Secretory,Glioma_Tumor_PD,Proteome
LRRC8D,-0.44727892,Secretory,Glioma_Tumor_PD,Proteome
LRSAM1,-0.11027912,Cytosol,Glioma_Tumor_PD,Proteome
LSM1,-0.6408307,Cytosol,Glioma_Tumor_PD,Proteome
LSS,0.02076656,Secretory,Glioma_Tumor_PD,Proteome
LTA4H,-0.087693386,Cytosol,Glioma_Tumor_PD,Proteome
LYAR,0.27408543,Nucleus,Glioma_Tumor_PD,Proteome
LYN,0.08607454,Secretory,Glioma_Tumor_PD,Proteome
LYPLA1,-0.036320236,Cytosol,Glioma_Tumor_PD,Proteome
LYRM1,0.5918346,Mitochondria,Glioma_Tumor_PD,Proteome
LYRM7,0.5638844,Mitochondria,Glioma_Tumor_PD,Proteome
LYSMD2,-0.46224147,Cytosol,Glioma_Tumor_PD,Proteome
LZIC,0.11253754,Cytosol,Glioma_Tumor_PD,Proteome
LZTFL1,-0.049742255,Cytosol,Glioma_Tumor_PD,Proteome
M6PR,0.07387331,Secretory,Glioma_Tumor_PD,Proteome
MACROD1,0.091960624,Mitochondria,Glioma_Tumor_PD,Proteome
MAD1L1,0.66899526,Nucleus,Glioma_Tumor_PD,Proteome
MAD2L1,-0.5960808,Cytosol,Glioma_Tumor_PD,Proteome
MAFG,0.21764952,Nucleus,Glioma_Tumor_PD,Proteome
MAGI3,-0.4499857,Cytosol,Glioma_Tumor_PD,Proteome
MALT1,-0.0740254,Cytosol,Glioma_Tumor_PD,Proteome
MAN1A2,0.038586,Secretory,Glioma_Tumor_PD,Proteome
MAN1B1,0.052999724,Secretory,Glioma_Tumor_PD,Proteome
MAN2A1,0.075074136,Secretory,Glioma_Tumor_PD,Proteome
MAN2A2,-0.23518948,Secretory,Glioma_Tumor_PD,Proteome
MANBAL,0.013047877,Secretory,Glioma_Tumor_PD,Proteome
MAP2K1,-0.45833066,Cytosol,Glioma_Tumor_PD,Proteome
MAP3K7,-0.03310455,Cytosol,Glioma_Tumor_PD,Proteome
MAP4,-0.015390571,Cytosol,Glioma_Tumor_PD,Proteome
MAP4K2,-0.09660849,Cytosol,Glioma_Tumor_PD,Proteome
MAP4K3,-0.42105132,Cytosol,Glioma_Tumor_PD,Proteome
MAP4K5,-0.47228202,Cytosol,Glioma_Tumor_PD,Proteome
MAPK1,-0.14661285,Cytosol,Glioma_Tumor_PD,Proteome
MAPK12,0.12111981,Cytosol,Glioma_Tumor_PD,Proteome
MAPK14,-0.07505301,Cytosol,Glioma_Tumor_PD,Proteome
MAPK8,-0.23423134,Cytosol,Glioma_Tumor_PD,Proteome
MAPK9,-0.083788015,Cytosol,Glioma_Tumor_PD,Proteome
MAPKAP1,-0.15214893,Cytosol,Glioma_Tumor_PD,Proteome
MAPRE1,0.11975376,Cytosol,Glioma_Tumor_PD,Proteome
MAST4,-0.26102,Cytosol,Glioma_Tumor_PD,Proteome
MAT2A,-0.22909927,Cytosol,Glioma_Tumor_PD,Proteome
MAT2B,-0.21608466,Cytosol,Glioma_Tumor_PD,Proteome
MATR3,0.59273064,Nucleus,Glioma_Tumor_PD,Proteome
MAVS,-0.14338522,Mitochondria,Glioma_Tumor_PD,Proteome
MAX,0.6551218,Nucleus,Glioma_Tumor_PD,Proteome
MBD1,0.5763995,Nucleus,Glioma_Tumor_PD,Proteome
MBD2,0.58456177,Nucleus,Glioma_Tumor_PD,Proteome
MBLAC2,-0.48629498,Secretory,Glioma_Tumor_PD,Proteome
MBOAT2,-0.025471343,Secretory,Glioma_Tumor_PD,Proteome
MBOAT7,0.046441533,Secretory,Glioma_Tumor_PD,Proteome
MCL1,-0.6005435,Mitochondria,Glioma_Tumor_PD,Proteome
MCM2,0.59135276,Nucleus,Glioma_Tumor_PD,Proteome
MCM3,0.60991335,Nucleus,Glioma_Tumor_PD,Proteome
MCM3AP,0.6285832,Nucleus,Glioma_Tumor_PD,Proteome
MCU,0.5765278,Mitochondria,Glioma_Tumor_PD,Proteome
MCUR1,0.52233845,Mitochondria,Glioma_Tumor_PD,Proteome
MDH1,-0.5097285,Cytosol,Glioma_Tumor_PD,Proteome
MDK,0.057706628,Secretory,Glioma_Tumor_PD,Proteome
MDN1,0.60640883,Nucleus,Glioma_Tumor_PD,Proteome
MECP2,-0.5219654,Nucleus,Glioma_Tumor_PD,Proteome
MEGF9,-0.3998394,Secretory,Glioma_Tumor_PD,Proteome
MEMO1,-0.070676304,Cytosol,Glioma_Tumor_PD,Proteome
MEN1,0.6524496,Nucleus,Glioma_Tumor_PD,Proteome
MEPCE,0.65651345,Nucleus,Glioma_Tumor_PD,Proteome
METAP2,0.083443284,Cytosol,Glioma_Tumor_PD,Proteome
METTL2B,0.058832,Cytosol,Glioma_Tumor_PD,Proteome
METTL5,-0.5365241,Cytosol,Glioma_Tumor_PD,Proteome
METTL9,-0.2184467,Secretory,Glioma_Tumor_PD,Proteome
MFF,0.57438725,Mitochondria,Glioma_Tumor_PD,Proteome
MFN1,0.22706516,Mitochondria,Glioma_Tumor_PD,Proteome
MFN2,0.56048983,Mitochondria,Glioma_Tumor_PD,Proteome
MGAT1,0.07380635,Secretory,Glioma_Tumor_PD,Proteome
MGAT5,0.0347501,Secretory,Glioma_Tumor_PD,Proteome
MGME1,0.43855253,Mitochondria,Glioma_Tumor_PD,Proteome
MGRN1,-0.37007242,Secretory,Glioma_Tumor_PD,Proteome
MGST3,0.5111771,Mitochondria,Glioma_Tumor_PD,Proteome
MIA3,-0.42933515,Secretory,Glioma_Tumor_PD,Proteome
MICAL3,-0.34432185,Cytosol,Glioma_Tumor_PD,Proteome
MICU1,0.57098275,Mitochondria,Glioma_Tumor_PD,Proteome
MICU2,0.4214334,Mitochondria,Glioma_Tumor_PD,Proteome
MIEF1,0.41115767,Mitochondria,Glioma_Tumor_PD,Proteome
MIEN1,0.082992546,Cytosol,Glioma_Tumor_PD,Proteome
MIF4GD,-0.044915095,Cytosol,Glioma_Tumor_PD,Proteome
MKI67,0.60664266,Nucleus,Glioma_Tumor_PD,Proteome
MKNK1,-0.0837607,Cytosol,Glioma_Tumor_PD,Proteome
MLEC,0.057436764,Secretory,Glioma_Tumor_PD,Proteome
MLKL,-0.06987958,Cytosol,Glioma_Tumor_PD,Proteome
MLLT1,0.6732412,Nucleus,Glioma_Tumor_PD,Proteome
MMAB,0.49783158,Mitochondria,Glioma_Tumor_PD,Proteome
MMGT1,-0.088835485,Secretory,Glioma_Tumor_PD,Proteome
MNAT1,0.6583994,Nucleus,Glioma_Tumor_PD,Proteome
MOB2,-0.3196598,Cytosol,Glioma_Tumor_PD,Proteome
MOCS2,0.0130334515,Cytosol,Glioma_Tumor_PD,Proteome
MORC3,0.6148603,Nucleus,Glioma_Tumor_PD,Proteome
MORF4L1,0.6621232,Nucleus,Glioma_Tumor_PD,Proteome
MORF4L2,0.56160206,Nucleus,Glioma_Tumor_PD,Proteome
MOSPD2,0.063089184,Secretory,Glioma_Tumor_PD,Proteome
MOV10,-0.17062788,Nucleus,Glioma_Tumor_PD,Proteome
MPHOSPH10,0.60927594,Nucleus,Glioma_Tumor_PD,Proteome
MPHOSPH8,0.6813356,Nucleus,Glioma_Tumor_PD,Proteome
MPI,-0.16149645,Cytosol,Glioma_Tumor_PD,Proteome
MPP7,0.4860479,Mitochondria,Glioma_Tumor_PD,Proteome
MPZL1,-0.19572285,Secretory,Glioma_Tumor_PD,Proteome
MRI1,-0.08219893,Cytosol,Glioma_Tumor_PD,Proteome
MRPL1,-0.34813803,Secretory,Glioma_Tumor_PD,Proteome
MRPL11,-0.3424585,Secretory,Glioma_Tumor_PD,Proteome
MRPL13,-0.35003567,Secretory,Glioma_Tumor_PD,Proteome
MRPL14,0.34687135,Mitochondria,Glioma_Tumor_PD,Proteome
MRPL15,-0.33942533,Secretory,Glioma_Tumor_PD,Proteome
MRPL16,-0.3375256,Secretory,Glioma_Tumor_PD,Proteome
MRPL17,-0.35363927,Secretory,Glioma_Tumor_PD,Proteome
MRPL18,-0.35768336,Secretory,Glioma_Tumor_PD,Proteome
MRPL19,-0.34419313,Secretory,Glioma_Tumor_PD,Proteome
MRPL2,-0.35224387,Secretory,Glioma_Tumor_PD,Proteome
MRPL21,-0.35270482,Secretory,Glioma_Tumor_PD,Proteome
MRPL22,-0.3568426,Secretory,Glioma_Tumor_PD,Proteome
MRPL24,-0.34086353,Secretory,Glioma_Tumor_PD,Proteome
MRPL27,-0.34645152,Secretory,Glioma_Tumor_PD,Proteome
MRPL28,-0.3500003,Secretory,Glioma_Tumor_PD,Proteome
MRPL3,-0.3520102,Secretory,Glioma_Tumor_PD,Proteome
MRPL34,-0.3268767,Secretory,Glioma_Tumor_PD,Proteome
MRPL39,-0.3377399,Secretory,Glioma_Tumor_PD,Proteome
MRPL40,-0.35133132,Secretory,Glioma_Tumor_PD,Proteome
MRPL41,-0.35668707,Secretory,Glioma_Tumor_PD,Proteome
MRPL42,-0.3469547,Secretory,Glioma_Tumor_PD,Proteome
MRPL43,-0.3611859,Secretory,Glioma_Tumor_PD,Proteome
MRPL45,-0.34402043,Secretory,Glioma_Tumor_PD,Proteome
MRPL46,-0.3858078,Secretory,Glioma_Tumor_PD,Proteome
MRPL47,-0.3471526,Secretory,Glioma_Tumor_PD,Proteome
MRPL48,-0.3306363,Secretory,Glioma_Tumor_PD,Proteome
MRPL49,-0.33459258,Secretory,Glioma_Tumor_PD,Proteome
MRPL50,-0.32730097,Secretory,Glioma_Tumor_PD,Proteome
MRPL54,-0.33114982,Secretory,Glioma_Tumor_PD,Proteome
MRPL55,-0.33118019,Secretory,Glioma_Tumor_PD,Proteome
MRPL9,-0.34756073,Secretory,Glioma_Tumor_PD,Proteome
MRPS10,-0.37488896,Secretory,Glioma_Tumor_PD,Proteome
MRPS11,-0.36670288,Secretory,Glioma_Tumor_PD,Proteome
MRPS12,-0.38642412,Secretory,Glioma_Tumor_PD,Proteome
MRPS14,-0.41175488,Secretory,Glioma_Tumor_PD,Proteome
MRPS15,-0.38490254,Secretory,Glioma_Tumor_PD,Proteome
MRPS16,-0.36662182,Secretory,Glioma_Tumor_PD,Proteome
MRPS18A,-0.35606554,Secretory,Glioma_Tumor_PD,Proteome
MRPS18B,-0.39755315,Secretory,Glioma_Tumor_PD,Proteome
MRPS22,-0.37787592,Secretory,Glioma_Tumor_PD,Proteome
MRPS23,-0.3904382,Secretory,Glioma_Tumor_PD,Proteome
MRPS25,-0.36723408,Secretory,Glioma_Tumor_PD,Proteome
MRPS28,-0.3792302,Secretory,Glioma_Tumor_PD,Proteome
MRPS30,-0.35998288,Secretory,Glioma_Tumor_PD,Proteome
MRPS31,-0.3711364,Secretory,Glioma_Tumor_PD,Proteome
MRPS34,-0.37792844,Secretory,Glioma_Tumor_PD,Proteome
MRPS35,-0.37499142,Secretory,Glioma_Tumor_PD,Proteome
MRPS5,-0.36633828,Secretory,Glioma_Tumor_PD,Proteome
MRPS9,-0.37572873,Secretory,Glioma_Tumor_PD,Proteome
MSH3,0.65082914,Nucleus,Glioma_Tumor_PD,Proteome
MSI2,-0.27664533,Nucleus,Glioma_Tumor_PD,Proteome
MSTO1,-0.009628934,Cytosol,Glioma_Tumor_PD,Proteome
MT-CO1,0.57754666,Mitochondria,Glioma_Tumor_PD,Proteome
MT-CO2,0.54899657,Mitochondria,Glioma_Tumor_PD,Proteome
MTA1,0.6248675,Nucleus,Glioma_Tumor_PD,Proteome
MTCH1,0.522003,Mitochondria,Glioma_Tumor_PD,Proteome
MTCH2,0.488474,Mitochondria,Glioma_Tumor_PD,Proteome
MTDH,0.035157762,Secretory,Glioma_Tumor_PD,Proteome
MTFR1,-0.66718453,Mitochondria,Glioma_Tumor_PD,Proteome
MTFR1L,0.42341968,Mitochondria,Glioma_Tumor_PD,Proteome
MTHFD1L,0.49401847,Mitochondria,Glioma_Tumor_PD,Proteome
MTMR1,-0.30833998,Cytosol,Glioma_Tumor_PD,Proteome
MTMR12,-0.4835666,Cytosol,Glioma_Tumor_PD,Proteome
MTMR2,-0.38785705,Cytosol,Glioma_Tumor_PD,Proteome
MTMR3,0.071621664,Cytosol,Glioma_Tumor_PD,Proteome
MTMR6,-0.054876912,Cytosol,Glioma_Tumor_PD,Proteome
MTPAP,0.16086826,Mitochondria,Glioma_Tumor_PD,Proteome
MTR,-0.07646172,Cytosol,Glioma_Tumor_PD,Proteome
MTX1,0.5608961,Mitochondria,Glioma_Tumor_PD,Proteome
MTX2,0.55044514,Mitochondria,Glioma_Tumor_PD,Proteome
MTX3,0.58461994,Mitochondria,Glioma_Tumor_PD,Proteome
MUL1,-0.19894937,Mitochondria,Glioma_Tumor_PD,Proteome
MVD,-0.3818315,Cytosol,Glioma_Tumor_PD,Proteome
MVK,-0.35021305,Cytosol,Glioma_Tumor_PD,Proteome
MVP,-0.3490663,Nucleus,Glioma_Tumor_PD,Proteome
MXRA7,0.062477376,Secretory,Glioma_Tumor_PD,Proteome
MYBBP1A,0.57868016,Nucleus,Glioma_Tumor_PD,Proteome
MYCBP2,-0.14341082,Secretory,Glioma_Tumor_PD,Proteome
MYO1B,-0.17815264,Secretory,Glioma_Tumor_PD,Proteome
MYO9A,-0.34793222,Cytosol,Glioma_Tumor_PD,Proteome
MYO9B,-0.036654934,Cytosol,Glioma_Tumor_PD,Proteome
MYOF,0.08105575,Secretory,Glioma_Tumor_PD,Proteome
N4BP1,-0.0018561089,Cytosol,Glioma_Tumor_PD,Proteome
NAA10,-0.17331143,Cytosol,Glioma_Tumor_PD,Proteome
NAA50,-0.58224726,Cytosol,Glioma_Tumor_PD,Proteome
NACA,-0.5230865,Cytosol,Glioma_Tumor_PD,Proteome
NAE1,-0.024093917,Cytosol,Glioma_Tumor_PD,Proteome
NAGK,-0.0841348,Cytosol,Glioma_Tumor_PD,Proteome
NAMPT,-0.076356806,Cytosol,Glioma_Tumor_PD,Proteome
NANP,-0.04882952,Cytosol,Glioma_Tumor_PD,Proteome
NANS,-0.06876624,Cytosol,Glioma_Tumor_PD,Proteome
NAP1L4,-0.22775726,Cytosol,Glioma_Tumor_PD,Proteome
NAPB,-0.4384156,Cytosol,Glioma_Tumor_PD,Proteome
NAPEPLD,-0.4764035,Secretory,Glioma_Tumor_PD,Proteome
NASP,0.5763375,Nucleus,Glioma_Tumor_PD,Proteome
NAT1,-0.08460526,Cytosol,Glioma_Tumor_PD,Proteome
NAT10,0.5016181,Nucleus,Glioma_Tumor_PD,Proteome
NAT14,0.0148101505,Secretory,Glioma_Tumor_PD,Proteome
NBAS,0.02278832,Secretory,Glioma_Tumor_PD,Proteome
NBN,0.6530486,Nucleus,Glioma_Tumor_PD,Proteome
NCAPD3,0.60758954,Nucleus,Glioma_Tumor_PD,Proteome
NCAPH2,0.6427492,Nucleus,Glioma_Tumor_PD,Proteome
NCBP1,0.66281533,Nucleus,Glioma_Tumor_PD,Proteome
NCEH1,-0.58401996,Secretory,Glioma_Tumor_PD,Proteome
NCK1,-0.051484402,Cytosol,Glioma_Tumor_PD,Proteome
NCK2,-0.32358956,Cytosol,Glioma_Tumor_PD,Proteome
NCL,0.6823813,Nucleus,Glioma_Tumor_PD,Proteome
NCLN,0.044961073,Secretory,Glioma_Tumor_PD,Proteome
NCOA5,0.6010051,Nucleus,Glioma_Tumor_PD,Proteome
NCOR1,0.6761746,Nucleus,Glioma_Tumor_PD,Proteome
NCOR2,0.64665025,Nucleus,Glioma_Tumor_PD,Proteome
NDC1,-0.64881176,Secretory,Glioma_Tumor_PD,Proteome
NDC80,-0.63617015,Cytosol,Glioma_Tumor_PD,Proteome
NDE1,-0.23109345,Cytosol,Glioma_Tumor_PD,Proteome
NDEL1,-0.46345013,Cytosol,Glioma_Tumor_PD,Proteome
NDFIP1,-0.19358829,Secretory,Glioma_Tumor_PD,Proteome
NDRG1,-0.079793625,Cytosol,Glioma_Tumor_PD,Proteome
NDRG2,-0.35220456,Cytosol,Glioma_Tumor_PD,Proteome
NDRG3,-0.46207,Cytosol,Glioma_Tumor_PD,Proteome
NDST1,-0.23306772,Secretory,Glioma_Tumor_PD,Proteome
NDUFA10,0.5287749,Mitochondria,Glioma_Tumor_PD,Proteome
NDUFA12,0.5287331,Mitochondria,Glioma_Tumor_PD,Proteome
NDUFA2,0.52114624,Mitochondria,Glioma_Tumor_PD,Proteome
NDUFA3,0.5495065,Mitochondria,Glioma_Tumor_PD,Proteome
NDUFA4,0.5065235,Mitochondria,Glioma_Tumor_PD,Proteome
NDUFA5,0.5560794,Mitochondria,Glioma_Tumor_PD,Proteome
NDUFA8,0.544594,Mitochondria,Glioma_Tumor_PD,Proteome
NDUFAB1,0.5435885,Mitochondria,Glioma_Tumor_PD,Proteome
NDUFAF1,0.525001,Mitochondria,Glioma_Tumor_PD,Proteome
NDUFAF2,0.5752574,Mitochondria,Glioma_Tumor_PD,Proteome
NDUFAF3,0.53058296,Mitochondria,Glioma_Tumor_PD,Proteome
NDUFAF4,0.5706293,Mitochondria,Glioma_Tumor_PD,Proteome
NDUFAF7,0.51597214,Mitochondria,Glioma_Tumor_PD,Proteome
NDUFB1,0.55187035,Mitochondria,Glioma_Tumor_PD,Proteome
NDUFB10,0.5440121,Mitochondria,Glioma_Tumor_PD,Proteome
NDUFB11,0.5621663,Mitochondria,Glioma_Tumor_PD,Proteome
NDUFB3,0.5610093,Mitochondria,Glioma_Tumor_PD,Proteome
NDUFB4,0.5330019,Mitochondria,Glioma_Tumor_PD,Proteome
NDUFB5,0.557296,Mitochondria,Glioma_Tumor_PD,Proteome
NDUFB6,0.5337784,Mitochondria,Glioma_Tumor_PD,Proteome
NDUFB7,0.5179457,Mitochondria,Glioma_Tumor_PD,Proteome
NDUFB8,0.52628285,Mitochondria,Glioma_Tumor_PD,Proteome
NDUFB9,0.5350784,Mitochondria,Glioma_Tumor_PD,Proteome
NDUFC2,0.5503341,Mitochondria,Glioma_Tumor_PD,Proteome
NDUFS1,0.53132397,Mitochondria,Glioma_Tumor_PD,Proteome
NDUFS2,0.536228,Mitochondria,Glioma_Tumor_PD,Proteome
NDUFS3,0.5462081,Mitochondria,Glioma_Tumor_PD,Proteome
NDUFS4,0.5197363,Mitochondria,Glioma_Tumor_PD,Proteome
NDUFS5,0.52787054,Mitochondria,Glioma_Tumor_PD,Proteome
NDUFS6,0.5247941,Mitochondria,Glioma_Tumor_PD,Proteome
NDUFS7,0.52491003,Mitochondria,Glioma_Tumor_PD,Proteome
NDUFS8,0.53225595,Mitochondria,Glioma_Tumor_PD,Proteome
NDUFV1,0.51759946,Mitochondria,Glioma_Tumor_PD,Proteome
NDUFV2,0.5495023,Mitochondria,Glioma_Tumor_PD,Proteome
NDUFV3,0.52497524,Mitochondria,Glioma_Tumor_PD,Proteome
NECAP1,-0.43478033,Cytosol,Glioma_Tumor_PD,Proteome
NECAP2,-0.07060974,Cytosol,Glioma_Tumor_PD,Proteome
NEK7,-0.06409477,Cytosol,Glioma_Tumor_PD,Proteome
NELFA,0.65965486,Nucleus,Glioma_Tumor_PD,Proteome
NELFE,0.65502995,Nucleus,Glioma_Tumor_PD,Proteome
NEO1,-0.42551145,Secretory,Glioma_Tumor_PD,Proteome
NEURL4,-0.15146916,Secretory,Glioma_Tumor_PD,Proteome
NFKB1,-0.077628255,Cytosol,Glioma_Tumor_PD,Proteome
NFKB2,-0.077106446,Cytosol,Glioma_Tumor_PD,Proteome
NFKBIB,0.08972515,Cytosol,Glioma_Tumor_PD,Proteome
NFXL1,-0.06385482,Secretory,Glioma_Tumor_PD,Proteome
NGDN,0.5801678,Nucleus,Glioma_Tumor_PD,Proteome
NGLY1,0.056379102,Cytosol,Glioma_Tumor_PD,Proteome
NIF3L1,-0.6180272,Cytosol,Glioma_Tumor_PD,Proteome
NIFK,0.23179959,Nucleus,Glioma_Tumor_PD,Proteome
NIP7,0.58970714,Nucleus,Glioma_Tumor_PD,Proteome
NIPBL,0.6756006,Nucleus,Glioma_Tumor_PD,Proteome
NIT2,-0.17375259,Cytosol,Glioma_Tumor_PD,Proteome
NKIRAS1,-0.39611807,Cytosol,Glioma_Tumor_PD,Proteome
NKRF,0.6598939,Nucleus,Glioma_Tumor_PD,Proteome
NLRX1,0.4617421,Mitochondria,Glioma_Tumor_PD,Proteome
NME1,-0.3387707,Cytosol,Glioma_Tumor_PD,Proteome
NME3,-0.2624744,Mitochondria,Glioma_Tumor_PD,Proteome
NMI,-0.07742613,Cytosol,Glioma_Tumor_PD,Proteome
NMT1,-0.33571061,Nucleus,Glioma_Tumor_PD,Proteome
NMT2,-0.16000538,Cytosol,Glioma_Tumor_PD,Proteome
NNT,0.5930505,Mitochondria,Glioma_Tumor_PD,Proteome
NOC2L,0.5518526,Nucleus,Glioma_Tumor_PD,Proteome
NOC4L,0.57510763,Nucleus,Glioma_Tumor_PD,Proteome
NOL10,0.60421383,Nucleus,Glioma_Tumor_PD,Proteome
NOL11,0.55592275,Nucleus,Glioma_Tumor_PD,Proteome
NOL6,0.5894748,Nucleus,Glioma_Tumor_PD,Proteome
NOL7,0.199711,Nucleus,Glioma_Tumor_PD,Proteome
NOL8,0.6627733,Nucleus,Glioma_Tumor_PD,Proteome
NOL9,0.6280969,Nucleus,Glioma_Tumor_PD,Proteome
NOLC1,0.595253,Nucleus,Glioma_Tumor_PD,Proteome
NOM1,0.61904037,Nucleus,Glioma_Tumor_PD,Proteome
NOMO1,0.048788663,Secretory,Glioma_Tumor_PD,Proteome
NOP14,0.55557233,Nucleus,Glioma_Tumor_PD,Proteome
NOP16,0.30214146,Nucleus,Glioma_Tumor_PD,Proteome
NOP2,0.2924408,Nucleus,Glioma_Tumor_PD,Proteome
NOP56,0.6729163,Nucleus,Glioma_Tumor_PD,Proteome
NOP58,0.6575414,Nucleus,Glioma_Tumor_PD,Proteome
NOP9,0.67232805,Nucleus,Glioma_Tumor_PD,Proteome
NOTCH1,-0.48501462,Secretory,Glioma_Tumor_PD,Proteome
NOTCH2,0.063358486,Secretory,Glioma_Tumor_PD,Proteome
NOTCH3,0.018704684,Secretory,Glioma_Tumor_PD,Proteome
NPC1,0.08594995,Secretory,Glioma_Tumor_PD,Proteome
NPEPL1,-0.042695094,Cytosol,Glioma_Tumor_PD,Proteome
NPEPPS,-0.2599718,Cytosol,Glioma_Tumor_PD,Proteome
NPM1,0.6396712,Nucleus,Glioma_Tumor_PD,Proteome
NPM3,0.52574253,Nucleus,Glioma_Tumor_PD,Proteome
NPTN,-0.48602086,Secretory,Glioma_Tumor_PD,Proteome
NQO1,-0.08649978,Cytosol,Glioma_Tumor_PD,Proteome
NQO2,-0.5773332,Cytosol,Glioma_Tumor_PD,Proteome
NR3C1,-0.6691236,Cytosol,Glioma_Tumor_PD,Proteome
NRBP1,-0.0211896,Cytosol,Glioma_Tumor_PD,Proteome
NRF1,0.6416518,Nucleus,Glioma_Tumor_PD,Proteome
NRP1,0.07740614,Secretory,Glioma_Tumor_PD,Proteome
NRP2,0.07114525,Secretory,Glioma_Tumor_PD,Proteome
NSDHL,-0.10110382,Secretory,Glioma_Tumor_PD,Proteome
NSF,-0.44589004,Secretory,Glioma_Tumor_PD,Proteome
NSFL1C,-0.025561642,Cytosol,Glioma_Tumor_PD,Proteome
NSL1,0.61186266,Nucleus,Glioma_Tumor_PD,Proteome
NSMAF,-0.080607414,Cytosol,Glioma_Tumor_PD,Proteome
NSUN4,0.4118518,Mitochondria,Glioma_Tumor_PD,Proteome
NSUN6,0.0021202082,Cytosol,Glioma_Tumor_PD,Proteome
NT5C,-0.06593585,Cytosol,Glioma_Tumor_PD,Proteome
NT5C2,-0.388673,Cytosol,Glioma_Tumor_PD,Proteome
NT5C3B,0.124175474,Cytosol,Glioma_Tumor_PD,Proteome
NT5DC1,-0.0935519,Cytosol,Glioma_Tumor_PD,Proteome
NT5E,-0.015010734,Secretory,Glioma_Tumor_PD,Proteome
NTAN1,-0.07959425,Cytosol,Glioma_Tumor_PD,Proteome
NTHL1,0.6553979,Nucleus,Glioma_Tumor_PD,Proteome
NUB1,0.030593269,Cytosol,Glioma_Tumor_PD,Proteome
NUBPL,0.55585456,Mitochondria,Glioma_Tumor_PD,Proteome
NUDC,-0.32995456,Cytosol,Glioma_Tumor_PD,Proteome
NUDCD1,-0.51161563,Cytosol,Glioma_Tumor_PD,Proteome
NUDCD2,0.012939604,Cytosol,Glioma_Tumor_PD,Proteome
NUDCD3,0.02818136,Cytosol,Glioma_Tumor_PD,Proteome
NUDT1,-0.59959066,Cytosol,Glioma_Tumor_PD,Proteome
NUDT14,-0.46997562,Cytosol,Glioma_Tumor_PD,Proteome
NUDT15,-0.23614292,Cytosol,Glioma_Tumor_PD,Proteome
NUDT16,-0.080190524,Cytosol,Glioma_Tumor_PD,Proteome
NUDT2,-0.21302491,Cytosol,Glioma_Tumor_PD,Proteome
NUMB,0.047000825,Secretory,Glioma_Tumor_PD,Proteome
NUP107,0.62915283,Nucleus,Glioma_Tumor_PD,Proteome
NUP133,0.62194854,Nucleus,Glioma_Tumor_PD,Proteome
NUP153,0.67514163,Nucleus,Glioma_Tumor_PD,Proteome
NUP155,0.5973471,Nucleus,Glioma_Tumor_PD,Proteome
NUP205,0.5528377,Nucleus,Glioma_Tumor_PD,Proteome
NUP210,0.6147276,Nucleus,Glioma_Tumor_PD,Proteome
NUP50,0.4928458,Nucleus,Glioma_Tumor_PD,Proteome
NUP93,0.62170976,Nucleus,Glioma_Tumor_PD,Proteome
NUP98,0.6338461,Nucleus,Glioma_Tumor_PD,Proteome
NXF1,0.6835921,Nucleus,Glioma_Tumor_PD,Proteome
NXT2,0.6560803,Nucleus,Glioma_Tumor_PD,Proteome
OARD1,-0.6463652,Cytosol,Glioma_Tumor_PD,Proteome
OBSL1,-0.022983393,Cytosol,Glioma_Tumor_PD,Proteome
OCIAD1,0.38534364,Mitochondria,Glioma_Tumor_PD,Proteome
OCIAD2,-0.36151993,Mitochondria,Glioma_Tumor_PD,Proteome
ODF2,-0.77943075,Mitochondria,Glioma_Tumor_PD,Proteome
OGFR,-0.60571295,Cytosol,Glioma_Tumor_PD,Proteome
OLA1,-0.13701335,Cytosol,Glioma_Tumor_PD,Proteome
OMA1,-0.08609803,Mitochondria,Glioma_Tumor_PD,Proteome
OPA1,0.5219686,Mitochondria,Glioma_Tumor_PD,Proteome
OS9,-0.44866592,Secretory,Glioma_Tumor_PD,Proteome
OSBPL2,-0.24941804,Cytosol,Glioma_Tumor_PD,Proteome
OSBPL5,0.046241768,Secretory,Glioma_Tumor_PD,Proteome
OSBPL8,-0.15484367,Secretory,Glioma_Tumor_PD,Proteome
OTUB1,-0.45145473,Cytosol,Glioma_Tumor_PD,Proteome
OXA1L,0.33855376,Mitochondria,Glioma_Tumor_PD,Proteome
OXR1,-0.46716848,Cytosol,Glioma_Tumor_PD,Proteome
P2RX4,0.08389264,Secretory,Glioma_Tumor_PD,Proteome
P4HB,-0.1479204,Nucleus,Glioma_Tumor_PD,Proteome
PAAF1,-0.06694433,Cytosol,Glioma_Tumor_PD,Proteome
PABPC1,0.5107475,Nucleus,Glioma_Tumor_PD,Proteome
PACSIN2,0.08980513,Cytosol,Glioma_Tumor_PD,Proteome
PAF1,0.67865556,Nucleus,Glioma_Tumor_PD,Proteome
PAIP1,-0.32786357,Cytosol,Glioma_Tumor_PD,Proteome
PAIP2,0.07216505,Cytosol,Glioma_Tumor_PD,Proteome
PAK1,-0.4699967,Cytosol,Glioma_Tumor_PD,Proteome
PAK1IP1,0.64090407,Nucleus,Glioma_Tumor_PD,Proteome
PAK2,0.13278052,Cytosol,Glioma_Tumor_PD,Proteome
PALLD,-0.064133465,Cytosol,Glioma_Tumor_PD,Proteome
PAM,-0.47895497,Secretory,Glioma_Tumor_PD,Proteome
PANK1,-0.27674964,Cytosol,Glioma_Tumor_PD,Proteome
PANK2,-0.14667554,Cytosol,Glioma_Tumor_PD,Proteome
PANK4,-0.58652276,Cytosol,Glioma_Tumor_PD,Proteome
PANX1,-0.1979705,Secretory,Glioma_Tumor_PD,Proteome
PAPSS2,-0.060915165,Cytosol,Glioma_Tumor_PD,Proteome
PARK7,-0.27696306,Cytosol,Glioma_Tumor_PD,Proteome
PARL,0.58736557,Mitochondria,Glioma_Tumor_PD,Proteome
PARP2,0.6506192,Nucleus,Glioma_Tumor_PD,Proteome
PARP4,-0.33345023,Nucleus,Glioma_Tumor_PD,Proteome
PARVA,-0.06767962,Cytosol,Glioma_Tumor_PD,Proteome
PASK,-0.08710084,Cytosol,Glioma_Tumor_PD,Proteome
PATL1,-0.6772018,Cytosol,Glioma_Tumor_PD,Proteome
PATZ1,0.53574157,Nucleus,Glioma_Tumor_PD,Proteome
PAXBP1,0.66041195,Nucleus,Glioma_Tumor_PD,Proteome
PBDC1,-0.56604534,Cytosol,Glioma_Tumor_PD,Proteome
PBK,-0.59855276,Cytosol,Glioma_Tumor_PD,Proteome
PBXIP1,-0.16111036,Secretory,Glioma_Tumor_PD,Proteome
PCBP1,-0.3497312,Cytosol,Glioma_Tumor_PD,Proteome
PCDH1,-0.51087064,Secretory,Glioma_Tumor_PD,Proteome
PCF11,0.6527373,Nucleus,Glioma_Tumor_PD,Proteome
PCGF5,0.6677557,Nucleus,Glioma_Tumor_PD,Proteome
PCID2,-0.6537046,Cytosol,Glioma_Tumor_PD,Proteome
PCMT1,-0.43496948,Cytosol,Glioma_Tumor_PD,Proteome
PCNA,-0.60874224,Cytosol,Glioma_Tumor_PD,Proteome
PCYOX1,0.085325435,Secretory,Glioma_Tumor_PD,Proteome
PCYT2,-0.48985937,Cytosol,Glioma_Tumor_PD,Proteome
PDAP1,0.059758116,Cytosol,Glioma_Tumor_PD,Proteome
PDCD10,-0.07911157,Cytosol,Glioma_Tumor_PD,Proteome
PDCD11,0.5663171,Nucleus,Glioma_Tumor_PD,Proteome
PDCD2L,0.08235125,Cytosol,Glioma_Tumor_PD,Proteome
PDCL3,-0.5053415,Cytosol,Glioma_Tumor_PD,Proteome
PDE5A,-0.12773246,Cytosol,Glioma_Tumor_PD,Proteome
PDE6D,-0.05575951,Cytosol,Glioma_Tumor_PD,Proteome
PDHX,-0.57313865,Secretory,Glioma_Tumor_PD,Proteome
PDK1,0.04737468,Mitochondria,Glioma_Tumor_PD,Proteome
PDLIM5,-0.043788962,Cytosol,Glioma_Tumor_PD,Proteome
PDS5A,0.6741927,Nucleus,Glioma_Tumor_PD,Proteome
PDS5B,0.6702585,Nucleus,Glioma_Tumor_PD,Proteome
PDSS2,0.30084047,Mitochondria,Glioma_Tumor_PD,Proteome
PDXP,-0.39201525,Cytosol,Glioma_Tumor_PD,Proteome
PDZD8,-0.3583694,Secretory,Glioma_Tumor_PD,Proteome
PEBP1,-0.46356717,Cytosol,Glioma_Tumor_PD,Proteome
PEPD,-0.00942794,Cytosol,Glioma_Tumor_PD,Proteome
PEX11B,0.09007968,Secretory,Glioma_Tumor_PD,Proteome
PEX14,-0.5908204,Secretory,Glioma_Tumor_PD,Proteome
PEX16,-0.551954,Secretory,Glioma_Tumor_PD,Proteome
PEX19,0.05179922,Cytosol,Glioma_Tumor_PD,Proteome
PEX6,0.059183683,Secretory,Glioma_Tumor_PD,Proteome
PFAS,-0.6158068,Cytosol,Glioma_Tumor_PD,Proteome
PFDN1,0.016823191,Cytosol,Glioma_Tumor_PD,Proteome
PFDN2,0.062458742,Cytosol,Glioma_Tumor_PD,Proteome
PFDN5,0.04309931,Cytosol,Glioma_Tumor_PD,Proteome
PFDN6,0.08196241,Cytosol,Glioma_Tumor_PD,Proteome
PFKFB2,-0.4177393,Cytosol,Glioma_Tumor_PD,Proteome
PFKL,-0.06718671,Cytosol,Glioma_Tumor_PD,Proteome
PFN1,-0.074725226,Cytosol,Glioma_Tumor_PD,Proteome
PFN2,-0.07259245,Cytosol,Glioma_Tumor_PD,Proteome
PGAM1,-0.4048912,Cytosol,Glioma_Tumor_PD,Proteome
PGAM5,0.48227778,Mitochondria,Glioma_Tumor_PD,Proteome
PGAP1,-0.13382587,Secretory,Glioma_Tumor_PD,Proteome
PGK1,-0.0777424,Cytosol,Glioma_Tumor_PD,Proteome
PGM1,-0.21952336,Cytosol,Glioma_Tumor_PD,Proteome
PGM2,-0.076192506,Cytosol,Glioma_Tumor_PD,Proteome
PGM2L1,-0.43878004,Cytosol,Glioma_Tumor_PD,Proteome
PGM3,0.094221935,Cytosol,Glioma_Tumor_PD,Proteome
PGP,-0.41861102,Cytosol,Glioma_Tumor_PD,Proteome
PGRMC1,-0.10991118,Secretory,Glioma_Tumor_PD,Proteome
PGRMC2,-0.014050935,Secretory,Glioma_Tumor_PD,Proteome
PGS1,0.5015193,Mitochondria,Glioma_Tumor_PD,Proteome
PHACTR2,-0.4521444,Cytosol,Glioma_Tumor_PD,Proteome
PHACTR4,0.008352505,Cytosol,Glioma_Tumor_PD,Proteome
PHB2,0.43869576,Mitochondria,Glioma_Tumor_PD,Proteome
PHF2,0.6301485,Nucleus,Glioma_Tumor_PD,Proteome
PHGDH,-0.11114701,Cytosol,Glioma_Tumor_PD,Proteome
PHIP,0.62133116,Nucleus,Glioma_Tumor_PD,Proteome
PHKA1,-0.17109151,Cytosol,Glioma_Tumor_PD,Proteome
PHKB,-0.09143978,Cytosol,Glioma_Tumor_PD,Proteome
PHKG2,-0.0958134,Cytosol,Glioma_Tumor_PD,Proteome
PHLPP1,-0.3925929,Cytosol,Glioma_Tumor_PD,Proteome
PHPT1,-0.008647709,Cytosol,Glioma_Tumor_PD,Proteome
PHYH,-0.470181,Secretory,Glioma_Tumor_PD,Proteome
PHYKPL,-0.06553078,Cytosol,Glioma_Tumor_PD,Proteome
PI4K2A,0.090304166,Secretory,Glioma_Tumor_PD,Proteome
PI4KB,-0.4103196,Cytosol,Glioma_Tumor_PD,Proteome
PIGK,0.030462135,Secretory,Glioma_Tumor_PD,Proteome
PIGU,0.018439135,Secretory,Glioma_Tumor_PD,Proteome
PIH1D1,-0.24440238,Cytosol,Glioma_Tumor_PD,Proteome
PIK3CA,-0.43239775,Cytosol,Glioma_Tumor_PD,Proteome
PIN4,-0.6696695,Cytosol,Glioma_Tumor_PD,Proteome
PIP5K1A,-0.5592684,Secretory,Glioma_Tumor_PD,Proteome
PIR,-0.07419819,Cytosol,Glioma_Tumor_PD,Proteome
PISD,0.5381917,Mitochondria,Glioma_Tumor_PD,Proteome
PITPNA,-0.30240324,Cytosol,Glioma_Tumor_PD,Proteome
PITPNB,0.11801757,Cytosol,Glioma_Tumor_PD,Proteome
PITPNM3,-0.46997187,Secretory,Glioma_Tumor_PD,Proteome
PKD2,0.054052237,Secretory,Glioma_Tumor_PD,Proteome
PKM,-0.079699285,Cytosol,Glioma_Tumor_PD,Proteome
PKNOX1,0.6593819,Nucleus,Glioma_Tumor_PD,Proteome
PKP2,-0.009957475,Mitochondria,Glioma_Tumor_PD,Proteome
PKP4,0.4300896,Mitochondria,Glioma_Tumor_PD,Proteome
PLA2G12A,-0.06754585,Secretory,Glioma_Tumor_PD,Proteome
PLAA,-0.20518714,Cytosol,Glioma_Tumor_PD,Proteome
PLAUR,0.080530465,Secretory,Glioma_Tumor_PD,Proteome
PLCB3,0.03958212,Cytosol,Glioma_Tumor_PD,Proteome
PLCD1,-0.198135,Secretory,Glioma_Tumor_PD,Proteome
PLCD3,-0.24737567,Secretory,Glioma_Tumor_PD,Proteome
PLCG1,-0.012307377,Cytosol,Glioma_Tumor_PD,Proteome
PLD1,0.09263783,Secretory,Glioma_Tumor_PD,Proteome
PLEKHA2,-0.063932836,Cytosol,Glioma_Tumor_PD,Proteome
PLGRKT,0.47336948,Mitochondria,Glioma_Tumor_PD,Proteome
PLRG1,0.6692279,Nucleus,Glioma_Tumor_PD,Proteome
PLS3,-0.06257805,Cytosol,Glioma_Tumor_PD,Proteome
PLSCR1,0.028479911,Secretory,Glioma_Tumor_PD,Proteome
PLXNA1,-0.4762038,Secretory,Glioma_Tumor_PD,Proteome
PLXNA2,-0.50972843,Secretory,Glioma_Tumor_PD,Proteome
PLXNA3,-0.11771478,Secretory,Glioma_Tumor_PD,Proteome
PLXNB2,0.034830753,Secretory,Glioma_Tumor_PD,Proteome
PLXND1,0.091809906,Secretory,Glioma_Tumor_PD,Proteome
PM20D2,-0.5967593,Cytosol,Glioma_Tumor_PD,Proteome
PMM1,-0.45508215,Cytosol,Glioma_Tumor_PD,Proteome
PMM2,-0.06078446,Cytosol,Glioma_Tumor_PD,Proteome
PMVK,0.087706596,Cytosol,Glioma_Tumor_PD,Proteome
PNKD,-0.27006394,Mitochondria,Glioma_Tumor_PD,Proteome
PNN,0.67387146,Nucleus,Glioma_Tumor_PD,Proteome
PNPLA6,0.029279,Secretory,Glioma_Tumor_PD,Proteome
PNPLA8,0.5107008,Mitochondria,Glioma_Tumor_PD,Proteome
PNPO,-0.106626324,Cytosol,Glioma_Tumor_PD,Proteome
PODXL,0.0046253027,Secretory,Glioma_Tumor_PD,Proteome
POGZ,0.613223,Nucleus,Glioma_Tumor_PD,Proteome
POLR1A,0.54215306,Nucleus,Glioma_Tumor_PD,Proteome
POLR1E,0.6376125,Nucleus,Glioma_Tumor_PD,Proteome
POLR2A,0.68264186,Nucleus,Glioma_Tumor_PD,Proteome
POLR3B,0.62521416,Nucleus,Glioma_Tumor_PD,Proteome
POLRMT,-0.49091202,Secretory,Glioma_Tumor_PD,Proteome
POM121C,0.47312462,Nucleus,Glioma_Tumor_PD,Proteome
POMGNT1,-0.22808371,Secretory,Glioma_Tumor_PD,Proteome
POMK,-0.13386886,Secretory,Glioma_Tumor_PD,Proteome
PON2,-0.09448135,Secretory,Glioma_Tumor_PD,Proteome
POP1,0.6795031,Nucleus,Glioma_Tumor_PD,Proteome
POR,0.001887671,Secretory,Glioma_Tumor_PD,Proteome
PPA1,-0.12371284,Cytosol,Glioma_Tumor_PD,Proteome
PPAT,0.13113105,Cytosol,Glioma_Tumor_PD,Proteome
PPCS,-0.08420765,Cytosol,Glioma_Tumor_PD,Proteome
PPHLN1,0.67970437,Nucleus,Glioma_Tumor_PD,Proteome
PPIA,-0.015664939,Cytosol,Glioma_Tumor_PD,Proteome
PPID,0.08308141,Cytosol,Glioma_Tumor_PD,Proteome
PPIL2,0.5887534,Nucleus,Glioma_Tumor_PD,Proteome
PPIL3,-0.06764482,Cytosol,Glioma_Tumor_PD,Proteome
PPIP5K2,-0.06311589,Cytosol,Glioma_Tumor_PD,Proteome
PPM1A,-0.48626474,Cytosol,Glioma_Tumor_PD,Proteome
PPM1B,-0.045941234,Cytosol,Glioma_Tumor_PD,Proteome
PPM1F,-0.087680146,Cytosol,Glioma_Tumor_PD,Proteome
PPM1H,-0.45416227,Cytosol,Glioma_Tumor_PD,Proteome
PPM1L,-0.32794648,Secretory,Glioma_Tumor_PD,Proteome
PPME1,-0.21976867,Cytosol,Glioma_Tumor_PD,Proteome
PPP1CB,0.019585932,Cytosol,Glioma_Tumor_PD,Proteome
PPP1R11,-0.53025967,Cytosol,Glioma_Tumor_PD,Proteome
PPP1R14B,-0.5599299,Cytosol,Glioma_Tumor_PD,Proteome
PPP1R16A,-0.5413096,Secretory,Glioma_Tumor_PD,Proteome
PPP1R2,0.10599912,Cytosol,Glioma_Tumor_PD,Proteome
PPP1R7,-0.53646487,Cytosol,Glioma_Tumor_PD,Proteome
PPP2R1A,-0.25084004,Cytosol,Glioma_Tumor_PD,Proteome
PPP2R1B,-0.12999603,Cytosol,Glioma_Tumor_PD,Proteome
PPP2R2A,-0.2037928,Cytosol,Glioma_Tumor_PD,Proteome
PPP2R3A,-0.087856844,Cytosol,Glioma_Tumor_PD,Proteome
PPP2R5C,-0.24692832,Cytosol,Glioma_Tumor_PD,Proteome
PPP2R5D,-0.2958795,Cytosol,Glioma_Tumor_PD,Proteome
PPP3CB,-0.4392245,Cytosol,Glioma_Tumor_PD,Proteome
PPP4C,-0.5899231,Cytosol,Glioma_Tumor_PD,Proteome
PPP4R1,-0.36963388,Cytosol,Glioma_Tumor_PD,Proteome
PPP5C,-0.24619968,Cytosol,Glioma_Tumor_PD,Proteome
PPP6R1,-0.03845154,Cytosol,Glioma_Tumor_PD,Proteome
PRDX1,-0.2505079,Cytosol,Glioma_Tumor_PD,Proteome
PRDX6,-0.072015375,Cytosol,Glioma_Tumor_PD,Proteome
PREB,-0.23122859,Secretory,Glioma_Tumor_PD,Proteome
PREP,-0.23179874,Cytosol,Glioma_Tumor_PD,Proteome
PREPL,-0.4279689,Cytosol,Glioma_Tumor_PD,Proteome
PRKAB1,-0.046499673,Cytosol,Glioma_Tumor_PD,Proteome
PRKAB2,-0.39097095,Cytosol,Glioma_Tumor_PD,Proteome
PRKAR1B,-0.44079885,Cytosol,Glioma_Tumor_PD,Proteome
PRKCA,-0.33935925,Cytosol,Glioma_Tumor_PD,Proteome
PRKD2,-0.04429809,Cytosol,Glioma_Tumor_PD,Proteome
PRKRA,-0.16409723,Nucleus,Glioma_Tumor_PD,Proteome
PRMT3,0.038934797,Cytosol,Glioma_Tumor_PD,Proteome
PRMT5,0.038937394,Cytosol,Glioma_Tumor_PD,Proteome
PRNP,-0.44440877,Secretory,Glioma_Tumor_PD,Proteome
PRPF19,0.6732948,Nucleus,Glioma_Tumor_PD,Proteome
PRPF31,0.6717586,Nucleus,Glioma_Tumor_PD,Proteome
PRPF38A,0.6644496,Nucleus,Glioma_Tumor_PD,Proteome
PRPF40A,0.6713395,Nucleus,Glioma_Tumor_PD,Proteome
PRPS2,-0.068645805,Cytosol,Glioma_Tumor_PD,Proteome
PRTFDC1,-0.07902779,Cytosol,Glioma_Tumor_PD,Proteome
PSEN1,-0.066777535,Secretory,Glioma_Tumor_PD,Proteome
PSMA1,-0.15314719,Cytosol,Glioma_Tumor_PD,Proteome
PSMA3,-0.18328813,Cytosol,Glioma_Tumor_PD,Proteome
PSMA4,-0.1694802,Cytosol,Glioma_Tumor_PD,Proteome
PSMA5,-0.16904676,Cytosol,Glioma_Tumor_PD,Proteome
PSMA6,-0.16749765,Cytosol,Glioma_Tumor_PD,Proteome
PSMA7,-0.19022484,Cytosol,Glioma_Tumor_PD,Proteome
PSMB2,-0.16001225,Cytosol,Glioma_Tumor_PD,Proteome
PSMB4,-0.13496897,Cytosol,Glioma_Tumor_PD,Proteome
PSMB5,0.09292654,Cytosol,Glioma_Tumor_PD,Proteome
PSMB7,-0.24704212,Cytosol,Glioma_Tumor_PD,Proteome
PSMC1,-0.34227413,Cytosol,Glioma_Tumor_PD,Proteome
PSMC2,-0.23694915,Cytosol,Glioma_Tumor_PD,Proteome
PSMC3,-0.32004094,Cytosol,Glioma_Tumor_PD,Proteome
PSMC4,-0.28490338,Cytosol,Glioma_Tumor_PD,Proteome
PSMC5,-0.2530224,Cytosol,Glioma_Tumor_PD,Proteome
PSMD1,-0.2467389,Cytosol,Glioma_Tumor_PD,Proteome
PSMD11,-0.25147277,Cytosol,Glioma_Tumor_PD,Proteome
PSMD12,-0.19718122,Cytosol,Glioma_Tumor_PD,Proteome
PSMD13,-0.17084388,Cytosol,Glioma_Tumor_PD,Proteome
PSMD14,-0.25776076,Cytosol,Glioma_Tumor_PD,Proteome
PSMD2,-0.23920768,Cytosol,Glioma_Tumor_PD,Proteome
PSMD3,-0.22503936,Cytosol,Glioma_Tumor_PD,Proteome
PSMD7,-0.21865268,Cytosol,Glioma_Tumor_PD,Proteome
PSMD8,-0.1929107,Cytosol,Glioma_Tumor_PD,Proteome
PSMD9,-0.0892418,Cytosol,Glioma_Tumor_PD,Proteome
PSME4,-0.2909038,Cytosol,Glioma_Tumor_PD,Proteome
PSMG1,-0.05369239,Cytosol,Glioma_Tumor_PD,Proteome
PSMG4,-0.36852866,Cytosol,Glioma_Tumor_PD,Proteome
PSPC1,0.6232725,Nucleus,Glioma_Tumor_PD,Proteome
PTDSS1,0.026025556,Secretory,Glioma_Tumor_PD,Proteome
PTDSS2,-0.037522893,Secretory,Glioma_Tumor_PD,Proteome
PTGES2,0.557047,Mitochondria,Glioma_Tumor_PD,Proteome
PTGES3,0.07719528,Cytosol,Glioma_Tumor_PD,Proteome
PTGFRN,-0.0004998826,Secretory,Glioma_Tumor_PD,Proteome
PTGR1,-0.060289033,Cytosol,Glioma_Tumor_PD,Proteome
PTK7,0.054208625,Secretory,Glioma_Tumor_PD,Proteome
PTP4A2,-0.34266725,Cytosol,Glioma_Tumor_PD,Proteome
PTPMT1,0.41305643,Mitochondria,Glioma_Tumor_PD,Proteome
PTPN1,0.07563091,Secretory,Glioma_Tumor_PD,Proteome
PTPN11,-0.16915472,Cytosol,Glioma_Tumor_PD,Proteome
PTPN12,-0.051659696,Cytosol,Glioma_Tumor_PD,Proteome
PTPN13,-0.11945521,Secretory,Glioma_Tumor_PD,Proteome
PTPRA,0.008438517,Secretory,Glioma_Tumor_PD,Proteome
PTPRE,0.09015478,Secretory,Glioma_Tumor_PD,Proteome
PTPRF,-0.0069643212,Secretory,Glioma_Tumor_PD,Proteome
PTPRJ,0.087346874,Secretory,Glioma_Tumor_PD,Proteome
PTPRK,-0.045047756,Secretory,Glioma_Tumor_PD,Proteome
PTPRS,-0.49121287,Secretory,Glioma_Tumor_PD,Proteome
PTRH2,-0.057560712,Secretory,Glioma_Tumor_PD,Proteome
PTRHD1,-0.54690903,Cytosol,Glioma_Tumor_PD,Proteome
PTTG1IP,-0.00028041124,Secretory,Glioma_Tumor_PD,Proteome
PUS3,0.53181535,Nucleus,Glioma_Tumor_PD,Proteome
PVR,-0.035943303,Secretory,Glioma_Tumor_PD,Proteome
PXN,-0.06291235,Cytosol,Glioma_Tumor_PD,Proteome
PYCR1,-0.5909488,Mitochondria,Glioma_Tumor_PD,Proteome
PYCR2,0.41284928,Mitochondria,Glioma_Tumor_PD,Proteome
PYGL,-0.07344105,Cytosol,Glioma_Tumor_PD,Proteome
PYROXD1,-0.09063212,Cytosol,Glioma_Tumor_PD,Proteome
QDPR,-0.5724887,Cytosol,Glioma_Tumor_PD,Proteome
QPCTL,0.052081298,Secretory,Glioma_Tumor_PD,Proteome
QSOX1,0.08962033,Secretory,Glioma_Tumor_PD,Proteome
QSOX2,-0.69846976,Secretory,Glioma_Tumor_PD,Proteome
QTRT1,-0.150118,Cytosol,Glioma_Tumor_PD,Proteome
R3HCC1,0.09528086,Cytosol,Glioma_Tumor_PD,Proteome
R3HDM2,-0.42725077,Cytosol,Glioma_Tumor_PD,Proteome
RAB10,-0.39629722,Secretory,Glioma_Tumor_PD,Proteome
RAB11A,-0.2509253,Secretory,Glioma_Tumor_PD,Proteome
RAB11FIP5,-0.5285112,Secretory,Glioma_Tumor_PD,Proteome
RAB12,-0.47494242,Secretory,Glioma_Tumor_PD,Proteome
RAB13,0.06745152,Secretory,Glioma_Tumor_PD,Proteome
RAB14,-0.5473491,Secretory,Glioma_Tumor_PD,Proteome
RAB18,-0.5141083,Secretory,Glioma_Tumor_PD,Proteome
RAB1A,-0.59113085,Secretory,Glioma_Tumor_PD,Proteome
RAB1B,-0.586423,Secretory,Glioma_Tumor_PD,Proteome
RAB21,-0.4679605,Secretory,Glioma_Tumor_PD,Proteome
RAB22A,-0.5070381,Secretory,Glioma_Tumor_PD,Proteome
RAB23,-0.13266791,Secretory,Glioma_Tumor_PD,Proteome
RAB24,-0.58353364,Secretory,Glioma_Tumor_PD,Proteome
RAB27A,0.08483963,Secretory,Glioma_Tumor_PD,Proteome
RAB27B,-0.48810762,Secretory,Glioma_Tumor_PD,Proteome
RAB2A,-0.48990712,Secretory,Glioma_Tumor_PD,Proteome
RAB2B,-0.30042914,Secretory,Glioma_Tumor_PD,Proteome
RAB30,-0.4921872,Secretory,Glioma_Tumor_PD,Proteome
RAB31,0.006122539,Secretory,Glioma_Tumor_PD,Proteome
RAB32,0.0801194,Secretory,Glioma_Tumor_PD,Proteome
RAB33B,-0.5743452,Secretory,Glioma_Tumor_PD,Proteome
RAB35,-0.5403235,Secretory,Glioma_Tumor_PD,Proteome
RAB43,0.079555884,Secretory,Glioma_Tumor_PD,Proteome
RAB4A,-0.39614618,Secretory,Glioma_Tumor_PD,Proteome
RAB5A,-0.340636,Secretory,Glioma_Tumor_PD,Proteome
RAB6A,-0.37560982,Secretory,Glioma_Tumor_PD,Proteome
RAB7A,-0.37889653,Secretory,Glioma_Tumor_PD,Proteome
RAB8A,0.051198117,Secretory,Glioma_Tumor_PD,Proteome
RAB8B,-0.49505925,Secretory,Glioma_Tumor_PD,Proteome
RAB9A,-0.12856422,Secretory,Glioma_Tumor_PD,Proteome
RABAC1,-0.13386099,Secretory,Glioma_Tumor_PD,Proteome
RABEP1,-0.24059613,Cytosol,Glioma_Tumor_PD,Proteome
RABEPK,0.06725126,Cytosol,Glioma_Tumor_PD,Proteome
RABGAP1,0.0843612,Cytosol,Glioma_Tumor_PD,Proteome
RABGAP1L,-0.50152,Cytosol,Glioma_Tumor_PD,Proteome
RABGGTA,-0.5444279,Cytosol,Glioma_Tumor_PD,Proteome
RABGGTB,0.05401747,Cytosol,Glioma_Tumor_PD,Proteome
RABIF,-0.26840636,Cytosol,Glioma_Tumor_PD,Proteome
RABL3,0.031924933,Secretory,Glioma_Tumor_PD,Proteome
RABL6,-0.30176196,Cytosol,Glioma_Tumor_PD,Proteome
RAD21,0.66978604,Nucleus,Glioma_Tumor_PD,Proteome
RAD23A,-0.22013392,Cytosol,Glioma_Tumor_PD,Proteome
RAD23B,-0.6102123,Cytosol,Glioma_Tumor_PD,Proteome
RAI1,0.65291816,Nucleus,Glioma_Tumor_PD,Proteome
RALA,-0.58566993,Secretory,Glioma_Tumor_PD,Proteome
RALB,0.07595651,Secretory,Glioma_Tumor_PD,Proteome
RALGAPA2,-0.08200595,Cytosol,Glioma_Tumor_PD,Proteome
RALY,0.68106914,Nucleus,Glioma_Tumor_PD,Proteome
RAN,-0.21235453,Cytosol,Glioma_Tumor_PD,Proteome
RANBP1,-0.023624135,Cytosol,Glioma_Tumor_PD,Proteome
RANBP2,0.54298735,Nucleus,Glioma_Tumor_PD,Proteome
RANBP3,0.59333026,Nucleus,Glioma_Tumor_PD,Proteome
RAP1A,0.05793778,Secretory,Glioma_Tumor_PD,Proteome
RAP1B,0.08141347,Secretory,Glioma_Tumor_PD,Proteome
RAP1GDS1,-0.4373946,Cytosol,Glioma_Tumor_PD,Proteome
RAP2A,-0.39274454,Secretory,Glioma_Tumor_PD,Proteome
RAP2B,-0.589768,Secretory,Glioma_Tumor_PD,Proteome
RAP2C,-0.19166066,Secretory,Glioma_Tumor_PD,Proteome
RAPH1,-0.26055387,Cytosol,Glioma_Tumor_PD,Proteome
RASA1,-0.18810742,Cytosol,Glioma_Tumor_PD,Proteome
RBBP5,0.6765575,Nucleus,Glioma_Tumor_PD,Proteome
RBBP9,0.074168034,Cytosol,Glioma_Tumor_PD,Proteome
RBCK1,-0.024063366,Cytosol,Glioma_Tumor_PD,Proteome
RBKS,-0.19131406,Cytosol,Glioma_Tumor_PD,Proteome
RBM12B,0.6102339,Nucleus,Glioma_Tumor_PD,Proteome
RBM14,0.6369444,Nucleus,Glioma_Tumor_PD,Proteome
RBM15,0.6830152,Nucleus,Glioma_Tumor_PD,Proteome
RBM15B,0.6495889,Nucleus,Glioma_Tumor_PD,Proteome
RBM19,0.618613,Nucleus,Glioma_Tumor_PD,Proteome
RBM25,0.67425287,Nucleus,Glioma_Tumor_PD,Proteome
RBM42,0.652532,Nucleus,Glioma_Tumor_PD,Proteome
RBM47,-0.28864926,Nucleus,Glioma_Tumor_PD,Proteome
RBM5,0.6572072,Nucleus,Glioma_Tumor_PD,Proteome
RBM6,0.59488,Nucleus,Glioma_Tumor_PD,Proteome
RBMS2,-0.3870736,Nucleus,Glioma_Tumor_PD,Proteome
RBMX,0.6109481,Nucleus,Glioma_Tumor_PD,Proteome
RBMXL1,0.5731985,Nucleus,Glioma_Tumor_PD,Proteome
RBPJ,0.50314885,Nucleus,Glioma_Tumor_PD,Proteome
RBX1,-0.23983522,Cytosol,Glioma_Tumor_PD,Proteome
RCC1,0.6755056,Nucleus,Glioma_Tumor_PD,Proteome
RCL1,0.6220261,Nucleus,Glioma_Tumor_PD,Proteome
RCN1,-0.23041391,Nucleus,Glioma_Tumor_PD,Proteome
RCOR1,0.66216266,Nucleus,Glioma_Tumor_PD,Proteome
RCOR3,0.6073221,Nucleus,Glioma_Tumor_PD,Proteome
RDH10,0.07241079,Secretory,Glioma_Tumor_PD,Proteome
RDH11,-0.06770571,Secretory,Glioma_Tumor_PD,Proteome
RDH13,0.23555946,Mitochondria,Glioma_Tumor_PD,Proteome
RDH14,-0.25730094,Secretory,Glioma_Tumor_PD,Proteome
RDX,-0.031969644,Cytosol,Glioma_Tumor_PD,Proteome
RECQL5,0.46462107,Nucleus,Glioma_Tumor_PD,Proteome
REEP3,-0.03145959,Secretory,Glioma_Tumor_PD,Proteome
REEP4,-0.4070501,Secretory,Glioma_Tumor_PD,Proteome
REEP5,-0.13526691,Secretory,Glioma_Tumor_PD,Proteome
REL,-0.0842578,Cytosol,Glioma_Tumor_PD,Proteome
RELB,-0.082938164,Cytosol,Glioma_Tumor_PD,Proteome
RELL1,0.035989165,Secretory,Glioma_Tumor_PD,Proteome
RER1,0.02413558,Secretory,Glioma_Tumor_PD,Proteome
RETSAT,-0.07846581,Secretory,Glioma_Tumor_PD,Proteome
REXO2,-0.08220841,Cytosol,Glioma_Tumor_PD,Proteome
REXO4,0.5907495,Nucleus,Glioma_Tumor_PD,Proteome
RFC1,0.6763095,Nucleus,Glioma_Tumor_PD,Proteome
RFFL,0.010496487,Secretory,Glioma_Tumor_PD,Proteome
RFX1,0.68270606,Nucleus,Glioma_Tumor_PD,Proteome
RHBDD1,-0.11714209,Secretory,Glioma_Tumor_PD,Proteome
RHBDF1,0.015692348,Secretory,Glioma_Tumor_PD,Proteome
RHBDF2,0.082736135,Secretory,Glioma_Tumor_PD,Proteome
RHEB,-0.5651693,Cytosol,Glioma_Tumor_PD,Proteome
RHOB,-0.4897789,Secretory,Glioma_Tumor_PD,Proteome
RHOG,0.08893578,Secretory,Glioma_Tumor_PD,Proteome
RHOT1,0.49851364,Mitochondria,Glioma_Tumor_PD,Proteome
RHOT2,0.53025633,Mitochondria,Glioma_Tumor_PD,Proteome
RICTOR,-0.09574757,Cytosol,Glioma_Tumor_PD,Proteome
RIF1,0.6088483,Nucleus,Glioma_Tumor_PD,Proteome
RIN3,-0.08580324,Cytosol,Glioma_Tumor_PD,Proteome
RMDN1,-0.38322592,Nucleus,Glioma_Tumor_PD,Proteome
RMDN2,0.06293315,Mitochondria,Glioma_Tumor_PD,Proteome
RMDN3,0.46518144,Mitochondria,Glioma_Tumor_PD,Proteome
RMND1,0.5927825,Mitochondria,Glioma_Tumor_PD,Proteome
RNF123,-0.2208449,Cytosol,Glioma_Tumor_PD,Proteome
RNF126,-0.13103591,Cytosol,Glioma_Tumor_PD,Proteome
RNF13,-0.24604456,Secretory,Glioma_Tumor_PD,Proteome
RNF14,-0.039158944,Cytosol,Glioma_Tumor_PD,Proteome
RNF146,0.08561513,Cytosol,Glioma_Tumor_PD,Proteome
RNF169,0.662442,Nucleus,Glioma_Tumor_PD,Proteome
RNF170,-0.23429237,Secretory,Glioma_Tumor_PD,Proteome
RNF2,0.6281626,Nucleus,Glioma_Tumor_PD,Proteome
RNF20,0.57582086,Nucleus,Glioma_Tumor_PD,Proteome
RNF216,-0.6203301,Cytosol,Glioma_Tumor_PD,Proteome
RNF25,-0.04690115,Cytosol,Glioma_Tumor_PD,Proteome
RNF40,0.59593797,Nucleus,Glioma_Tumor_PD,Proteome
RNF5,-0.59704995,Secretory,Glioma_Tumor_PD,Proteome
RNMT,0.6334962,Nucleus,Glioma_Tumor_PD,Proteome
RNPC3,0.6374551,Nucleus,Glioma_Tumor_PD,Proteome
RNPEP,-0.07758805,Cytosol,Glioma_Tumor_PD,Proteome
RNPS1,0.67199975,Nucleus,Glioma_Tumor_PD,Proteome
ROCK1,-0.074818425,Cytosol,Glioma_Tumor_PD,Proteome
ROCK2,-0.55123997,Cytosol,Glioma_Tumor_PD,Proteome
RP2,-0.12706175,Secretory,Glioma_Tumor_PD,Proteome
RPAIN,0.665042,Nucleus,Glioma_Tumor_PD,Proteome
RPE,-0.05241045,Cytosol,Glioma_Tumor_PD,Proteome
RPF2,0.15301889,Nucleus,Glioma_Tumor_PD,Proteome
RPL10,0.17172796,Nucleus,Glioma_Tumor_PD,Proteome
RPL11,0.23877467,Nucleus,Glioma_Tumor_PD,Proteome
RPL12,0.040958565,Nucleus,Glioma_Tumor_PD,Proteome
RPL13A,0.14289609,Nucleus,Glioma_Tumor_PD,Proteome
RPL14,0.109810516,Nucleus,Glioma_Tumor_PD,Proteome
RPL15,0.12296768,Nucleus,Glioma_Tumor_PD,Proteome
RPL18,0.1596322,Nucleus,Glioma_Tumor_PD,Proteome
RPL18A,0.14553116,Nucleus,Glioma_Tumor_PD,Proteome
RPL21,0.12859806,Nucleus,Glioma_Tumor_PD,Proteome
RPL23A,0.15925997,Nucleus,Glioma_Tumor_PD,Proteome
RPL27,0.14983279,Nucleus,Glioma_Tumor_PD,Proteome
RPL28,0.11874303,Nucleus,Glioma_Tumor_PD,Proteome
RPL3,0.16747777,Nucleus,Glioma_Tumor_PD,Proteome
RPL30,0.2906221,Nucleus,Glioma_Tumor_PD,Proteome
RPL34,0.12701844,Nucleus,Glioma_Tumor_PD,Proteome
RPL35A,0.107890695,Nucleus,Glioma_Tumor_PD,Proteome
RPL36,0.20091905,Nucleus,Glioma_Tumor_PD,Proteome
RPL37A,0.03580576,Nucleus,Glioma_Tumor_PD,Proteome
RPL4,0.15409662,Nucleus,Glioma_Tumor_PD,Proteome
RPL6,0.14974493,Nucleus,Glioma_Tumor_PD,Proteome
RPL7,0.15298529,Nucleus,Glioma_Tumor_PD,Proteome
RPL7A,0.15082662,Nucleus,Glioma_Tumor_PD,Proteome
RPL9,0.35452315,Nucleus,Glioma_Tumor_PD,Proteome
RPLP0,0.3213344,Nucleus,Glioma_Tumor_PD,Proteome
RPLP2,0.39698982,Nucleus,Glioma_Tumor_PD,Proteome
RPN1,0.042044878,Secretory,Glioma_Tumor_PD,Proteome
RPN2,0.05580394,Secretory,Glioma_Tumor_PD,Proteome
RPRD2,0.6696219,Nucleus,Glioma_Tumor_PD,Proteome
RPS4X,0.24616453,Nucleus,Glioma_Tumor_PD,Proteome
RPS6KA1,-0.08466598,Cytosol,Glioma_Tumor_PD,Proteome
RPS6KB1,-0.4191122,Cytosol,Glioma_Tumor_PD,Proteome
RPS7,0.19324014,Nucleus,Glioma_Tumor_PD,Proteome
RPS8,0.15371177,Nucleus,Glioma_Tumor_PD,Proteome
RRAS,0.08170157,Secretory,Glioma_Tumor_PD,Proteome
RRAS2,-0.28706056,Secretory,Glioma_Tumor_PD,Proteome
RRBP1,0.059738103,Secretory,Glioma_Tumor_PD,Proteome
RRM2,-0.5280822,Cytosol,Glioma_Tumor_PD,Proteome
RRM2B,-0.058473043,Cytosol,Glioma_Tumor_PD,Proteome
RRP12,0.5515974,Nucleus,Glioma_Tumor_PD,Proteome
RRP36,0.60751325,Nucleus,Glioma_Tumor_PD,Proteome
RRP7A,0.23579134,Nucleus,Glioma_Tumor_PD,Proteome
RRS1,0.4530541,Nucleus,Glioma_Tumor_PD,Proteome
RSBN1,0.6621891,Nucleus,Glioma_Tumor_PD,Proteome
RSBN1L,0.67423975,Nucleus,Glioma_Tumor_PD,Proteome
RSF1,0.5762904,Nucleus,Glioma_Tumor_PD,Proteome
RSL1D1,0.19496791,Nucleus,Glioma_Tumor_PD,Proteome
RSPRY1,-0.08377918,Secretory,Glioma_Tumor_PD,Proteome
RTN3,-0.44068292,Secretory,Glioma_Tumor_PD,Proteome
RTN4,-0.34601203,Secretory,Glioma_Tumor_PD,Proteome
RUFY3,-0.31357,Cytosol,Glioma_Tumor_PD,Proteome
RWDD1,0.03483281,Cytosol,Glioma_Tumor_PD,Proteome
RWDD2B,-0.07599013,Cytosol,Glioma_Tumor_PD,Proteome
RYBP,0.062266845,Nucleus,Glioma_Tumor_PD,Proteome
S100A6,-0.06596736,Cytosol,Glioma_Tumor_PD,Proteome
SACM1L,0.043147217,Secretory,Glioma_Tumor_PD,Proteome
SAFB,0.622094,Nucleus,Glioma_Tumor_PD,Proteome
SAFB2,0.6057121,Nucleus,Glioma_Tumor_PD,Proteome
SAMM50,0.4262559,Mitochondria,Glioma_Tumor_PD,Proteome
SAP18,0.67075294,Nucleus,Glioma_Tumor_PD,Proteome
SAR1A,-0.14761941,Cytosol,Glioma_Tumor_PD,Proteome
SAR1B,-0.011887331,Cytosol,Glioma_Tumor_PD,Proteome
SART3,0.6602655,Nucleus,Glioma_Tumor_PD,Proteome
SASH1,-0.029704988,Cytosol,Glioma_Tumor_PD,Proteome
SBDS,0.03589472,Cytosol,Glioma_Tumor_PD,Proteome
SCAF1,0.665689,Nucleus,Glioma_Tumor_PD,Proteome
SCAF4,0.6556091,Nucleus,Glioma_Tumor_PD,Proteome
SCAF8,0.6314397,Nucleus,Glioma_Tumor_PD,Proteome
SCAMP1,-0.4598604,Secretory,Glioma_Tumor_PD,Proteome
SCAMP2,0.08301697,Secretory,Glioma_Tumor_PD,Proteome
SCAMP3,0.09120615,Secretory,Glioma_Tumor_PD,Proteome
SCAMP4,0.07100161,Secretory,Glioma_Tumor_PD,Proteome
SCAP,-0.096874915,Secretory,Glioma_Tumor_PD,Proteome
SCARB2,-0.100456454,Secretory,Glioma_Tumor_PD,Proteome
SCCPDH,0.4472884,Mitochondria,Glioma_Tumor_PD,Proteome
SCD,-0.3756155,Secretory,Glioma_Tumor_PD,Proteome
SCD5,-0.18694083,Secretory,Glioma_Tumor_PD,Proteome
SCFD1,-0.06706451,Secretory,Glioma_Tumor_PD,Proteome
SCFD2,0.017859908,Secretory,Glioma_Tumor_PD,Proteome
SCO1,0.47049034,Mitochondria,Glioma_Tumor_PD,Proteome
SCRIB,-0.30520707,Mitochondria,Glioma_Tumor_PD,Proteome
SCRN1,0.05426312,Cytosol,Glioma_Tumor_PD,Proteome
SCRN3,0.05993724,Cytosol,Glioma_Tumor_PD,Proteome
SDAD1,0.28441614,Nucleus,Glioma_Tumor_PD,Proteome
SDC4,-0.008043866,Secretory,Glioma_Tumor_PD,Proteome
SDCBP,-0.0884774,Cytosol,Glioma_Tumor_PD,Proteome
SDF2,-0.0023979237,Secretory,Glioma_Tumor_PD,Proteome
SDHA,0.56802106,Mitochondria,Glioma_Tumor_PD,Proteome
SDHB,0.55183756,Mitochondria,Glioma_Tumor_PD,Proteome
SEC11A,0.031403303,Secretory,Glioma_Tumor_PD,Proteome
SEC22A,-0.18911439,Secretory,Glioma_Tumor_PD,Proteome
SEC23IP,-0.0637738,Cytosol,Glioma_Tumor_PD,Proteome
SEC61B,0.03899441,Secretory,Glioma_Tumor_PD,Proteome
SEC62,-0.0012937188,Secretory,Glioma_Tumor_PD,Proteome
SEC63,0.057434503,Secretory,Glioma_Tumor_PD,Proteome
SEL1L,-0.024732957,Secretory,Glioma_Tumor_PD,Proteome
SEMA4C,-0.53236043,Secretory,Glioma_Tumor_PD,Proteome
SEMA4D,-0.47209066,Secretory,Glioma_Tumor_PD,Proteome
SEMA7A,-0.35548925,Secretory,Glioma_Tumor_PD,Proteome
SENP3,0.6546165,Nucleus,Glioma_Tumor_PD,Proteome
SENP7,0.41556236,Nucleus,Glioma_Tumor_PD,Proteome
SEPSECS,-0.07110574,Cytosol,Glioma_Tumor_PD,Proteome
SERAC1,0.50072205,Mitochondria,Glioma_Tumor_PD,Proteome
SERINC3,-0.49331722,Secretory,Glioma_Tumor_PD,Proteome
SERINC5,-0.21752816,Secretory,Glioma_Tumor_PD,Proteome
SERPINB1,-0.089870535,Cytosol,Glioma_Tumor_PD,Proteome
SESN2,-0.13733034,Cytosol,Glioma_Tumor_PD,Proteome
SET,0.6557043,Nucleus,Glioma_Tumor_PD,Proteome
SETD1B,0.6314785,Nucleus,Glioma_Tumor_PD,Proteome
SETD7,-0.09256946,Cytosol,Glioma_Tumor_PD,Proteome
SEZ6L2,-0.4203714,Secretory,Glioma_Tumor_PD,Proteome
SF3A1,0.67002875,Nucleus,Glioma_Tumor_PD,Proteome
SF3A2,0.6758092,Nucleus,Glioma_Tumor_PD,Proteome
SF3A3,0.6643333,Nucleus,Glioma_Tumor_PD,Proteome
SF3B1,0.66503847,Nucleus,Glioma_Tumor_PD,Proteome
SFXN1,0.5913253,Mitochondria,Glioma_Tumor_PD,Proteome
SFXN2,-0.22630438,Mitochondria,Glioma_Tumor_PD,Proteome
SFXN3,0.50808024,Mitochondria,Glioma_Tumor_PD,Proteome
SFXN4,0.5873083,Mitochondria,Glioma_Tumor_PD,Proteome
SGPL1,-0.28593528,Secretory,Glioma_Tumor_PD,Proteome
SGPP1,-0.060577467,Secretory,Glioma_Tumor_PD,Proteome
SGTA,-0.44423166,Cytosol,Glioma_Tumor_PD,Proteome
SGTB,-0.4669245,Cytosol,Glioma_Tumor_PD,Proteome
SH2D4A,-0.06512114,Cytosol,Glioma_Tumor_PD,Proteome
SH3BP2,-0.0394098,Cytosol,Glioma_Tumor_PD,Proteome
SH3BP4,-0.67566323,Secretory,Glioma_Tumor_PD,Proteome
SH3BP5L,0.12217671,Cytosol,Glioma_Tumor_PD,Proteome
SH3D19,-0.046483584,Cytosol,Glioma_Tumor_PD,Proteome
SH3GL1,-0.22688785,Cytosol,Glioma_Tumor_PD,Proteome
SH3KBP1,-0.07614572,Cytosol,Glioma_Tumor_PD,Proteome
SH3PXD2B,-0.03982798,Cytosol,Glioma_Tumor_PD,Proteome
SH3RF1,0.06872672,Cytosol,Glioma_Tumor_PD,Proteome
SIDT2,0.07748205,Secretory,Glioma_Tumor_PD,Proteome
SIN3A,0.671415,Nucleus,Glioma_Tumor_PD,Proteome
SIRT1,0.5291479,Nucleus,Glioma_Tumor_PD,Proteome
SLC12A2,-0.44198945,Secretory,Glioma_Tumor_PD,Proteome
SLC12A4,0.050641663,Secretory,Glioma_Tumor_PD,Proteome
SLC12A6,-0.5348583,Secretory,Glioma_Tumor_PD,Proteome
SLC12A9,0.021542152,Secretory,Glioma_Tumor_PD,Proteome
SLC15A4,0.07927611,Secretory,Glioma_Tumor_PD,Proteome
SLC16A1,0.032909423,Secretory,Glioma_Tumor_PD,Proteome
SLC16A3,0.07187262,Secretory,Glioma_Tumor_PD,Proteome
SLC1A4,-0.4946702,Secretory,Glioma_Tumor_PD,Proteome
SLC1A5,0.066853054,Secretory,Glioma_Tumor_PD,Proteome
SLC20A2,-0.01467411,Secretory,Glioma_Tumor_PD,Proteome
SLC22A23,-0.56347305,Secretory,Glioma_Tumor_PD,Proteome
SLC22A5,-0.13893491,Secretory,Glioma_Tumor_PD,Proteome
SLC23A2,-0.4051549,Secretory,Glioma_Tumor_PD,Proteome
SLC25A1,0.3098796,Mitochondria,Glioma_Tumor_PD,Proteome
SLC25A12,0.55845404,Mitochondria,Glioma_Tumor_PD,Proteome
SLC25A13,0.42273653,Mitochondria,Glioma_Tumor_PD,Proteome
SLC25A15,0.4522912,Mitochondria,Glioma_Tumor_PD,Proteome
SLC25A19,-0.23934963,Mitochondria,Glioma_Tumor_PD,Proteome
SLC25A22,0.5089538,Mitochondria,Glioma_Tumor_PD,Proteome
SLC25A24,-0.3280282,Mitochondria,Glioma_Tumor_PD,Proteome
SLC25A25,0.50179505,Mitochondria,Glioma_Tumor_PD,Proteome
SLC25A3,0.58477813,Mitochondria,Glioma_Tumor_PD,Proteome
SLC25A36,0.5846662,Mitochondria,Glioma_Tumor_PD,Proteome
SLC25A46,0.54027104,Mitochondria,Glioma_Tumor_PD,Proteome
SLC25A5,0.5924561,Mitochondria,Glioma_Tumor_PD,Proteome
SLC25A6,0.5775856,Mitochondria,Glioma_Tumor_PD,Proteome
SLC26A2,0.05355485,Secretory,Glioma_Tumor_PD,Proteome
SLC26A6,-0.031093353,Secretory,Glioma_Tumor_PD,Proteome
SLC27A1,0.012970956,Secretory,Glioma_Tumor_PD,Proteome
SLC27A4,-0.4260763,Secretory,Glioma_Tumor_PD,Proteome
SLC2A13,-0.4134856,Secretory,Glioma_Tumor_PD,Proteome
SLC30A1,-0.113739654,Secretory,Glioma_Tumor_PD,Proteome
SLC30A5,0.053549074,Secretory,Glioma_Tumor_PD,Proteome
SLC30A9,0.55146277,Mitochondria,Glioma_Tumor_PD,Proteome
SLC31A1,-0.2407201,Secretory,Glioma_Tumor_PD,Proteome
SLC33A1,0.042003162,Secretory,Glioma_Tumor_PD,Proteome
SLC35B2,-0.09178259,Secretory,Glioma_Tumor_PD,Proteome
SLC35E1,-0.046712983,Secretory,Glioma_Tumor_PD,Proteome
SLC35F6,0.025638254,Secretory,Glioma_Tumor_PD,Proteome
SLC37A4,0.088071615,Secretory,Glioma_Tumor_PD,Proteome
SLC38A10,-0.08820789,Secretory,Glioma_Tumor_PD,Proteome
SLC38A2,-0.58800125,Secretory,Glioma_Tumor_PD,Proteome
SLC38A9,-0.42424414,Secretory,Glioma_Tumor_PD,Proteome
SLC39A10,-0.348419,Secretory,Glioma_Tumor_PD,Proteome
SLC39A11,-0.008716283,Secretory,Glioma_Tumor_PD,Proteome
SLC39A14,0.069981396,Secretory,Glioma_Tumor_PD,Proteome
SLC39A6,-0.34946847,Secretory,Glioma_Tumor_PD,Proteome
SLC39A7,0.041749984,Secretory,Glioma_Tumor_PD,Proteome
SLC3A2,-0.5645545,Secretory,Glioma_Tumor_PD,Proteome
SLC44A1,-0.25276121,Secretory,Glioma_Tumor_PD,Proteome
SLC44A2,-0.24843861,Secretory,Glioma_Tumor_PD,Proteome
SLC4A1AP,0.60046273,Nucleus,Glioma_Tumor_PD,Proteome
SLC4A2,0.0702959,Secretory,Glioma_Tumor_PD,Proteome
SLC4A7,0.07599388,Secretory,Glioma_Tumor_PD,Proteome
SLC6A9,-0.1293067,Secretory,Glioma_Tumor_PD,Proteome
SLC7A5,-0.54049414,Secretory,Glioma_Tumor_PD,Proteome
SLC9A1,-0.4562756,Secretory,Glioma_Tumor_PD,Proteome
SLC9A6,-0.5353379,Secretory,Glioma_Tumor_PD,Proteome
SLC9A7,-0.5446241,Secretory,Glioma_Tumor_PD,Proteome
SLK,-0.5208082,Cytosol,Glioma_Tumor_PD,Proteome
SLMAP,0.06184993,Secretory,Glioma_Tumor_PD,Proteome
SLTM,0.67499435,Nucleus,Glioma_Tumor_PD,Proteome
SMAD2,-0.47529995,Cytosol,Glioma_Tumor_PD,Proteome
SMAD4,-0.55494064,Cytosol,Glioma_Tumor_PD,Proteome
SMAD5,-0.29363286,Cytosol,Glioma_Tumor_PD,Proteome
SMAP1,-0.28943682,Cytosol,Glioma_Tumor_PD,Proteome
SMARCA1,0.65789765,Nucleus,Glioma_Tumor_PD,Proteome
SMARCA5,0.58940554,Nucleus,Glioma_Tumor_PD,Proteome
SMARCAD1,0.65166193,Nucleus,Glioma_Tumor_PD,Proteome
SMC1A,0.6522644,Nucleus,Glioma_Tumor_PD,Proteome
SMC5,0.67046756,Nucleus,Glioma_Tumor_PD,Proteome
SMC6,0.67632127,Nucleus,Glioma_Tumor_PD,Proteome
SMCHD1,0.6324476,Nucleus,Glioma_Tumor_PD,Proteome
SMG8,-0.08714674,Cytosol,Glioma_Tumor_PD,Proteome
SMPD1,0.09093986,Secretory,Glioma_Tumor_PD,Proteome
SMPD4,0.55936813,Nucleus,Glioma_Tumor_PD,Proteome
SMS,-0.07002784,Cytosol,Glioma_Tumor_PD,Proteome
SMURF2,-0.0020925868,Cytosol,Glioma_Tumor_PD,Proteome
SMYD2,-0.07683343,Cytosol,Glioma_Tumor_PD,Proteome
SMYD5,0.057209495,Cytosol,Glioma_Tumor_PD,Proteome
SNAP23,0.083122686,Secretory,Glioma_Tumor_PD,Proteome
SNAP47,-0.4786414,Secretory,Glioma_Tumor_PD,Proteome
SNTB2,-0.2765992,Mitochondria,Glioma_Tumor_PD,Proteome
SNX1,-0.06771106,Cytosol,Glioma_Tumor_PD,Proteome
SNX13,-0.12107512,Secretory,Glioma_Tumor_PD,Proteome
SNX14,-0.02540202,Secretory,Glioma_Tumor_PD,Proteome
SNX15,-0.4000128,Cytosol,Glioma_Tumor_PD,Proteome
SNX19,-0.44645077,Secretory,Glioma_Tumor_PD,Proteome
SNX2,-0.08674021,Cytosol,Glioma_Tumor_PD,Proteome
SNX5,-0.07199278,Cytosol,Glioma_Tumor_PD,Proteome
SNX6,-0.07274933,Cytosol,Glioma_Tumor_PD,Proteome
SNX9,-0.085841894,Cytosol,Glioma_Tumor_PD,Proteome
SOAT1,0.059722465,Secretory,Glioma_Tumor_PD,Proteome
SOD1,-0.41250256,Cytosol,Glioma_Tumor_PD,Proteome
SORBS3,-0.027375868,Cytosol,Glioma_Tumor_PD,Proteome
SORD,-0.12321037,Cytosol,Glioma_Tumor_PD,Proteome
SORT1,0.017210009,Secretory,Glioma_Tumor_PD,Proteome
SOS1,0.05288963,Cytosol,Glioma_Tumor_PD,Proteome
SOWAHC,0.011252591,Cytosol,Glioma_Tumor_PD,Proteome
SP1,0.47095144,Nucleus,Glioma_Tumor_PD,Proteome
SPAG9,0.04128648,Cytosol,Glioma_Tumor_PD,Proteome
SPC24,-0.60322493,Cytosol,Glioma_Tumor_PD,Proteome
SPCS1,-0.0017866296,Secretory,Glioma_Tumor_PD,Proteome
SPCS2,0.023874436,Secretory,Glioma_Tumor_PD,Proteome
SPCS3,0.02281221,Secretory,Glioma_Tumor_PD,Proteome
SPECC1,-0.059216734,Secretory,Glioma_Tumor_PD,Proteome
SPEN,0.6740982,Nucleus,Glioma_Tumor_PD,Proteome
SPG7,0.5733248,Mitochondria,Glioma_Tumor_PD,Proteome
SPIN1,0.64699996,Nucleus,Glioma_Tumor_PD,Proteome
SPPL2A,0.06644065,Secretory,Glioma_Tumor_PD,Proteome
SPR,-0.13018699,Cytosol,Glioma_Tumor_PD,Proteome
SPRED1,0.021362357,Secretory,Glioma_Tumor_PD,Proteome
SPRY1,0.041488253,Secretory,Glioma_Tumor_PD,Proteome
SPRYD3,-0.5470162,Secretory,Glioma_Tumor_PD,Proteome
SPRYD7,-0.44748694,Secretory,Glioma_Tumor_PD,Proteome
SPTLC1,-0.1082116,Secretory,Glioma_Tumor_PD,Proteome
SPTLC2,-0.2523736,Secretory,Glioma_Tumor_PD,Proteome
SPTY2D1,-0.14837779,Nucleus,Glioma_Tumor_PD,Proteome
SQLE,-0.43523178,Secretory,Glioma_Tumor_PD,Proteome
SRCAP,0.64457786,Nucleus,Glioma_Tumor_PD,Proteome
SRFBP1,0.6140775,Nucleus,Glioma_Tumor_PD,Proteome
SRGAP1,0.02557169,Cytosol,Glioma_Tumor_PD,Proteome
SRI,0.0048696036,Cytosol,Glioma_Tumor_PD,Proteome
SRM,-0.6362927,Cytosol,Glioma_Tumor_PD,Proteome
SRP68,-0.11440295,Cytosol,Glioma_Tumor_PD,Proteome
SRP72,-0.29025507,Cytosol,Glioma_Tumor_PD,Proteome
SRPRB,0.04923274,Secretory,Glioma_Tumor_PD,Proteome
SRR,-0.024028901,Cytosol,Glioma_Tumor_PD,Proteome
SRRT,0.6813472,Nucleus,Glioma_Tumor_PD,Proteome
SRSF1,0.65828437,Nucleus,Glioma_Tumor_PD,Proteome
SRSF3,0.6374081,Nucleus,Glioma_Tumor_PD,Proteome
SRSF4,0.63870496,Nucleus,Glioma_Tumor_PD,Proteome
SRSF5,0.5956192,Nucleus,Glioma_Tumor_PD,Proteome
SRSF7,0.66540843,Nucleus,Glioma_Tumor_PD,Proteome
SRSF9,0.6488115,Nucleus,Glioma_Tumor_PD,Proteome
SSBP1,0.49462393,Mitochondria,Glioma_Tumor_PD,Proteome
SSH3,-0.06732201,Cytosol,Glioma_Tumor_PD,Proteome
SSNA1,-0.4563472,Cytosol,Glioma_Tumor_PD,Proteome
SSR1,-0.08254469,Secretory,Glioma_Tumor_PD,Proteome
SSR3,0.03840473,Secretory,Glioma_Tumor_PD,Proteome
SSR4,0.04338539,Secretory,Glioma_Tumor_PD,Proteome
SSU72,-0.65379,Cytosol,Glioma_Tumor_PD,Proteome
ST13,0.11864768,Cytosol,Glioma_Tumor_PD,Proteome
ST7,-0.30181524,Secretory,Glioma_Tumor_PD,Proteome
STAG1,0.66289324,Nucleus,Glioma_Tumor_PD,Proteome
STAG2,0.65655863,Nucleus,Glioma_Tumor_PD,Proteome
STAMBP,-0.00818563,Cytosol,Glioma_Tumor_PD,Proteome
STARD3,0.062677875,Secretory,Glioma_Tumor_PD,Proteome
STARD3NL,-0.27677983,Secretory,Glioma_Tumor_PD,Proteome
STAT1,0.056508165,Cytosol,Glioma_Tumor_PD,Proteome
STAT5B,-0.077953435,Cytosol,Glioma_Tumor_PD,Proteome
STAU1,0.3717838,Nucleus,Glioma_Tumor_PD,Proteome
STAU2,0.5038176,Nucleus,Glioma_Tumor_PD,Proteome
STIM1,0.07039431,Secretory,Glioma_Tumor_PD,Proteome
STIP1,-0.13477167,Cytosol,Glioma_Tumor_PD,Proteome
STK24,-0.068454996,Cytosol,Glioma_Tumor_PD,Proteome
STK38,-0.18571436,Cytosol,Glioma_Tumor_PD,Proteome
STK38L,-0.32629484,Cytosol,Glioma_Tumor_PD,Proteome
STK4,-0.05277274,Cytosol,Glioma_Tumor_PD,Proteome
STMN1,-0.082562916,Cytosol,Glioma_Tumor_PD,Proteome
STOM,-0.06239828,Secretory,Glioma_Tumor_PD,Proteome
STOML2,0.43221822,Mitochondria,Glioma_Tumor_PD,Proteome
STRAP,-0.022351023,Cytosol,Glioma_Tumor_PD,Proteome
STRBP,0.5568138,Nucleus,Glioma_Tumor_PD,Proteome
STT3A,0.049193922,Secretory,Glioma_Tumor_PD,Proteome
STT3B,0.04668543,Secretory,Glioma_Tumor_PD,Proteome
STX10,-0.037682876,Secretory,Glioma_Tumor_PD,Proteome
STX12,-0.3069338,Secretory,Glioma_Tumor_PD,Proteome
STX16,-0.12576643,Secretory,Glioma_Tumor_PD,Proteome
STX17,0.048301097,Secretory,Glioma_Tumor_PD,Proteome
STX18,-0.0101911565,Secretory,Glioma_Tumor_PD,Proteome
STX3,0.08961547,Secretory,Glioma_Tumor_PD,Proteome
STX4,-0.20588744,Secretory,Glioma_Tumor_PD,Proteome
STX5,-0.06777604,Secretory,Glioma_Tumor_PD,Proteome
STX6,-0.43021286,Secretory,Glioma_Tumor_PD,Proteome
STX7,-0.371237,Secretory,Glioma_Tumor_PD,Proteome
STX8,-0.11874954,Secretory,Glioma_Tumor_PD,Proteome
STXBP3,-0.07860499,Secretory,Glioma_Tumor_PD,Proteome
SUCO,-0.12597536,Secretory,Glioma_Tumor_PD,Proteome
SUGP1,0.66195476,Nucleus,Glioma_Tumor_PD,Proteome
SUGP2,0.55670947,Nucleus,Glioma_Tumor_PD,Proteome
SUGT1,0.11271943,Cytosol,Glioma_Tumor_PD,Proteome
SUN1,0.14491272,Nucleus,Glioma_Tumor_PD,Proteome
SUN2,-0.088111125,Nucleus,Glioma_Tumor_PD,Proteome
SUOX,-0.76989245,Nucleus,Glioma_Tumor_PD,Proteome
SUPT16H,0.6424576,Nucleus,Glioma_Tumor_PD,Proteome
SUPT5H,0.6403547,Nucleus,Glioma_Tumor_PD,Proteome
SUPT6H,0.67162037,Nucleus,Glioma_Tumor_PD,Proteome
SUPV3L1,0.56252635,Mitochondria,Glioma_Tumor_PD,Proteome
SURF1,0.56251127,Mitochondria,Glioma_Tumor_PD,Proteome
SURF4,0.03427672,Secretory,Glioma_Tumor_PD,Proteome
SURF6,0.47972262,Nucleus,Glioma_Tumor_PD,Proteome
SWAP70,-0.060272414,Cytosol,Glioma_Tumor_PD,Proteome
SYMPK,0.6696687,Nucleus,Glioma_Tumor_PD,Proteome
SYNCRIP,0.6329984,Nucleus,Glioma_Tumor_PD,Proteome
SYNE2,0.32553148,Nucleus,Glioma_Tumor_PD,Proteome
SYNE3,-0.4230941,Nucleus,Glioma_Tumor_PD,Proteome
SYNGR2,0.086864434,Secretory,Glioma_Tumor_PD,Proteome
SYNJ1,-0.43190482,Cytosol,Glioma_Tumor_PD,Proteome
SYNJ2BP,0.48826674,Mitochondria,Glioma_Tumor_PD,Proteome
SYNRG,-0.1479758,Cytosol,Glioma_Tumor_PD,Proteome
SYPL1,0.044313237,Secretory,Glioma_Tumor_PD,Proteome
SYVN1,0.012888469,Secretory,Glioma_Tumor_PD,Proteome
SZRD1,-0.43913373,Cytosol,Glioma_Tumor_PD,Proteome
TAB1,-0.06178394,Cytosol,Glioma_Tumor_PD,Proteome
TAB2,-0.057782337,Cytosol,Glioma_Tumor_PD,Proteome
TACC2,-0.1696899,Cytosol,Glioma_Tumor_PD,Proteome
TACC3,-0.54461575,Cytosol,Glioma_Tumor_PD,Proteome
TAF4,0.64730895,Nucleus,Glioma_Tumor_PD,Proteome
TAF7,-0.50939316,Cytosol,Glioma_Tumor_PD,Proteome
TAGLN2,-0.06612083,Cytosol,Glioma_Tumor_PD,Proteome
TALDO1,-0.2871644,Cytosol,Glioma_Tumor_PD,Proteome
TAMM41,0.55466866,Mitochondria,Glioma_Tumor_PD,Proteome
TANC1,0.07465777,Cytosol,Glioma_Tumor_PD,Proteome
TANGO2,-0.18394837,Cytosol,Glioma_Tumor_PD,Proteome
TANK,-0.053810026,Cytosol,Glioma_Tumor_PD,Proteome
TAP1,0.0668241,Secretory,Glioma_Tumor_PD,Proteome
TAP2,0.0612679,Secretory,Glioma_Tumor_PD,Proteome
TAPT1,-0.4252635,Secretory,Glioma_Tumor_PD,Proteome
TARS2,0.43264824,Mitochondria,Glioma_Tumor_PD,Proteome
TASP1,-0.18436734,Nucleus,Glioma_Tumor_PD,Proteome
TATDN1,-0.19599949,Cytosol,Glioma_Tumor_PD,Proteome
TATDN3,-0.3291581,Cytosol,Glioma_Tumor_PD,Proteome
TBC1D1,-0.08222669,Cytosol,Glioma_Tumor_PD,Proteome
TBC1D13,-0.2609416,Cytosol,Glioma_Tumor_PD,Proteome
TBC1D2,-0.08431764,Cytosol,Glioma_Tumor_PD,Proteome
TBC1D20,0.008870482,Secretory,Glioma_Tumor_PD,Proteome
TBC1D22A,-0.09088109,Cytosol,Glioma_Tumor_PD,Proteome
TBC1D2B,-0.0802062,Cytosol,Glioma_Tumor_PD,Proteome
TBC1D5,0.11307596,Cytosol,Glioma_Tumor_PD,Proteome
TBCB,0.11045223,Cytosol,Glioma_Tumor_PD,Proteome
TBCC,-0.20170902,Cytosol,Glioma_Tumor_PD,Proteome
TBCE,0.09943487,Cytosol,Glioma_Tumor_PD,Proteome
TBCEL,-0.22613797,Cytosol,Glioma_Tumor_PD,Proteome
TBK1,-0.092335194,Cytosol,Glioma_Tumor_PD,Proteome
TBL1XR1,0.6679203,Nucleus,Glioma_Tumor_PD,Proteome
TBL2,0.020950338,Secretory,Glioma_Tumor_PD,Proteome
TBL3,0.57756895,Nucleus,Glioma_Tumor_PD,Proteome
TBPL1,-0.57538676,Cytosol,Glioma_Tumor_PD,Proteome
TBRG4,0.46663263,Mitochondria,Glioma_Tumor_PD,Proteome
TCERG1,0.6828692,Nucleus,Glioma_Tumor_PD,Proteome
TCF20,0.5582959,Nucleus,Glioma_Tumor_PD,Proteome
TCF25,-0.5300146,Secretory,Glioma_Tumor_PD,Proteome
TCIRG1,0.08165176,Secretory,Glioma_Tumor_PD,Proteome
TCOF1,0.64959836,Nucleus,Glioma_Tumor_PD,Proteome
TCP1,0.13238147,Cytosol,Glioma_Tumor_PD,Proteome
TDRKH,0.52030843,Mitochondria,Glioma_Tumor_PD,Proteome
TECPR2,-0.5488224,Cytosol,Glioma_Tumor_PD,Proteome
TECR,-0.0029176218,Secretory,Glioma_Tumor_PD,Proteome
TEP1,-0.32410437,Nucleus,Glioma_Tumor_PD,Proteome
TEX10,0.65080494,Nucleus,Glioma_Tumor_PD,Proteome
TEX2,0.049825583,Secretory,Glioma_Tumor_PD,Proteome
TEX264,0.041811958,Secretory,Glioma_Tumor_PD,Proteome
TFAM,0.5074516,Mitochondria,Glioma_Tumor_PD,Proteome
TFB1M,-0.42078933,Secretory,Glioma_Tumor_PD,Proteome
TFG,-0.07490481,Cytosol,Glioma_Tumor_PD,Proteome
TFIP11,0.66017467,Nucleus,Glioma_Tumor_PD,Proteome
TFRC,0.0014807599,Secretory,Glioma_Tumor_PD,Proteome
TGFBR1,0.08305261,Secretory,Glioma_Tumor_PD,Proteome
TGFBRAP1,-0.008897041,Cytosol,Glioma_Tumor_PD,Proteome
TGOLN2,0.054149188,Secretory,Glioma_Tumor_PD,Proteome
THADA,-0.0700067,Cytosol,Glioma_Tumor_PD,Proteome
THAP11,0.64784247,Nucleus,Glioma_Tumor_PD,Proteome
THEM6,-0.3393278,Secretory,Glioma_Tumor_PD,Proteome
THG1L,-0.20317635,Cytosol,Glioma_Tumor_PD,Proteome
THOP1,-0.40795118,Cytosol,Glioma_Tumor_PD,Proteome
THTPA,-0.036619402,Cytosol,Glioma_Tumor_PD,Proteome
THUMPD3,0.014922022,Cytosol,Glioma_Tumor_PD,Proteome
TIMM10,0.56088734,Mitochondria,Glioma_Tumor_PD,Proteome
TIMM21,0.55302715,Mitochondria,Glioma_Tumor_PD,Proteome
TIMM22,0.58291036,Mitochondria,Glioma_Tumor_PD,Proteome
TIMM44,0.51179266,Mitochondria,Glioma_Tumor_PD,Proteome
TIMM50,0.57309943,Mitochondria,Glioma_Tumor_PD,Proteome
TIMMDC1,0.22626892,Mitochondria,Glioma_Tumor_PD,Proteome
TIMP2,0.056349076,Secretory,Glioma_Tumor_PD,Proteome
TIPRL,0.008770233,Cytosol,Glioma_Tumor_PD,Proteome
TK1,-0.55072105,Cytosol,Glioma_Tumor_PD,Proteome
TLK1,0.6642869,Nucleus,Glioma_Tumor_PD,Proteome
TLK2,0.6742898,Nucleus,Glioma_Tumor_PD,Proteome
TLN1,-0.075206056,Cytosol,Glioma_Tumor_PD,Proteome
TM9SF2,-0.024305973,Secretory,Glioma_Tumor_PD,Proteome
TM9SF3,-0.50194544,Secretory,Glioma_Tumor_PD,Proteome
TM9SF4,-0.09529324,Secretory,Glioma_Tumor_PD,Proteome
TMCC1,-0.12689254,Secretory,Glioma_Tumor_PD,Proteome
TMCC3,-0.3309653,Secretory,Glioma_Tumor_PD,Proteome
TMCO1,-0.0013382876,Secretory,Glioma_Tumor_PD,Proteome
TMCO3,0.049538415,Secretory,Glioma_Tumor_PD,Proteome
TMED1,0.03770883,Secretory,Glioma_Tumor_PD,Proteome
TMED10,0.04998674,Secretory,Glioma_Tumor_PD,Proteome
TMED2,0.053232443,Secretory,Glioma_Tumor_PD,Proteome
TMED3,0.053583827,Secretory,Glioma_Tumor_PD,Proteome
TMED4,0.02795291,Secretory,Glioma_Tumor_PD,Proteome
TMED5,0.047123548,Secretory,Glioma_Tumor_PD,Proteome
TMED9,0.05529207,Secretory,Glioma_Tumor_PD,Proteome
TMEM106B,-0.23156707,Secretory,Glioma_Tumor_PD,Proteome
TMEM11,0.4189378,Mitochondria,Glioma_Tumor_PD,Proteome
TMEM115,-0.49530357,Secretory,Glioma_Tumor_PD,Proteome
TMEM120A,0.011536034,Secretory,Glioma_Tumor_PD,Proteome
TMEM126A,0.5705881,Mitochondria,Glioma_Tumor_PD,Proteome
TMEM131,0.047832377,Secretory,Glioma_Tumor_PD,Proteome
TMEM147,0.009278341,Secretory,Glioma_Tumor_PD,Proteome
TMEM165,0.0708988,Secretory,Glioma_Tumor_PD,Proteome
TMEM168,-0.10133464,Secretory,Glioma_Tumor_PD,Proteome
TMEM179B,0.07500397,Secretory,Glioma_Tumor_PD,Proteome
TMEM181,-0.13572045,Secretory,Glioma_Tumor_PD,Proteome
TMEM184C,-0.0006293273,Secretory,Glioma_Tumor_PD,Proteome
TMEM186,0.5522928,Mitochondria,Glioma_Tumor_PD,Proteome
TMEM192,0.06897971,Secretory,Glioma_Tumor_PD,Proteome
TMEM199,-0.09367904,Secretory,Glioma_Tumor_PD,Proteome
TMEM201,0.4820659,Nucleus,Glioma_Tumor_PD,Proteome
TMEM205,-0.022833832,Secretory,Glioma_Tumor_PD,Proteome
TMEM209,0.13615039,Nucleus,Glioma_Tumor_PD,Proteome
TMEM214,0.03852098,Secretory,Glioma_Tumor_PD,Proteome
TMEM222,-0.47192273,Secretory,Glioma_Tumor_PD,Proteome
TMEM230,0.03677266,Secretory,Glioma_Tumor_PD,Proteome
TMEM237,0.04246087,Secretory,Glioma_Tumor_PD,Proteome
TMEM245,-0.5346696,Secretory,Glioma_Tumor_PD,Proteome
TMEM259,-0.11044243,Secretory,Glioma_Tumor_PD,Proteome
TMEM30A,-0.4530029,Secretory,Glioma_Tumor_PD,Proteome
TMEM39B,-0.005418318,Secretory,Glioma_Tumor_PD,Proteome
TMEM43,0.059907496,Secretory,Glioma_Tumor_PD,Proteome
TMEM51,-0.031696547,Secretory,Glioma_Tumor_PD,Proteome
TMEM59,0.09178524,Secretory,Glioma_Tumor_PD,Proteome
TMEM63A,0.09149941,Secretory,Glioma_Tumor_PD,Proteome
TMEM63B,-0.5681046,Secretory,Glioma_Tumor_PD,Proteome
TMEM65,0.5254238,Mitochondria,Glioma_Tumor_PD,Proteome
TMEM67,0.070043705,Secretory,Glioma_Tumor_PD,Proteome
TMEM70,0.5846364,Mitochondria,Glioma_Tumor_PD,Proteome
TMEM87A,-0.692802,Secretory,Glioma_Tumor_PD,Proteome
TMEM87B,0.06413068,Secretory,Glioma_Tumor_PD,Proteome
TMEM9,-0.42807686,Secretory,Glioma_Tumor_PD,Proteome
TMEM97,-0.67255193,Secretory,Glioma_Tumor_PD,Proteome
TMEM9B,-0.32363188,Secretory,Glioma_Tumor_PD,Proteome
TMPO,0.6029366,Nucleus,Glioma_Tumor_PD,Proteome
TMTC3,0.05788707,Secretory,Glioma_Tumor_PD,Proteome
TMX1,-0.03633138,Secretory,Glioma_Tumor_PD,Proteome
TMX2,-0.025455557,Secretory,Glioma_Tumor_PD,Proteome
TMX3,0.06707731,Secretory,Glioma_Tumor_PD,Proteome
TNFRSF21,-0.33971024,Secretory,Glioma_Tumor_PD,Proteome
TNIP1,-0.06641624,Cytosol,Glioma_Tumor_PD,Proteome
TNKS,0.0893269,Cytosol,Glioma_Tumor_PD,Proteome
TOE1,0.65356296,Nucleus,Glioma_Tumor_PD,Proteome
TOM1L1,-0.07284173,Cytosol,Glioma_Tumor_PD,Proteome
TOMM20,0.36542657,Mitochondria,Glioma_Tumor_PD,Proteome
TOMM22,0.5875727,Mitochondria,Glioma_Tumor_PD,Proteome
TOMM34,0.110164255,Cytosol,Glioma_Tumor_PD,Proteome
TOMM40,-0.2253984,Mitochondria,Glioma_Tumor_PD,Proteome
TOMM5,0.56652284,Mitochondria,Glioma_Tumor_PD,Proteome
TOP2A,0.60135865,Nucleus,Glioma_Tumor_PD,Proteome
TOP2B,0.5655859,Nucleus,Glioma_Tumor_PD,Proteome
TOR1AIP1,-0.26705292,Nucleus,Glioma_Tumor_PD,Proteome
TOR1AIP2,0.007903553,Secretory,Glioma_Tumor_PD,Proteome
TOR2A,-0.14390841,Secretory,Glioma_Tumor_PD,Proteome
TP53I3,-0.007508617,Cytosol,Glioma_Tumor_PD,Proteome
TPCN1,0.07346081,Secretory,Glioma_Tumor_PD,Proteome
TPD52,-0.42771223,Cytosol,Glioma_Tumor_PD,Proteome
TPI1,-0.07616902,Cytosol,Glioma_Tumor_PD,Proteome
TPM1,-0.14231506,Cytosol,Glioma_Tumor_PD,Proteome
TPM2,-0.08116575,Cytosol,Glioma_Tumor_PD,Proteome
TPM3,-0.08609555,Cytosol,Glioma_Tumor_PD,Proteome
TPM4,-0.07782087,Cytosol,Glioma_Tumor_PD,Proteome
TPMT,-0.07171641,Cytosol,Glioma_Tumor_PD,Proteome
TPP2,0.33280286,Nucleus,Glioma_Tumor_PD,Proteome
TPRG1L,-0.43811074,Secretory,Glioma_Tumor_PD,Proteome
TPST1,-0.025353285,Secretory,Glioma_Tumor_PD,Proteome
TPT1,-0.037572242,Cytosol,Glioma_Tumor_PD,Proteome
TRA2A,0.6631152,Nucleus,Glioma_Tumor_PD,Proteome
TRA2B,0.6545649,Nucleus,Glioma_Tumor_PD,Proteome
TRABD,-0.38141033,Mitochondria,Glioma_Tumor_PD,Proteome
TRAF2,-0.12171206,Cytosol,Glioma_Tumor_PD,Proteome
TRAF3IP1,-0.057064403,Cytosol,Glioma_Tumor_PD,Proteome
TRAFD1,-0.39629093,Cytosol,Glioma_Tumor_PD,Proteome
TRAM1,0.05088333,Secretory,Glioma_Tumor_PD,Proteome
TRAP1,0.49277562,Mitochondria,Glioma_Tumor_PD,Proteome
TRAPPC3,-0.0021630377,Cytosol,Glioma_Tumor_PD,Proteome
TRIAP1,-0.07529091,Nucleus,Glioma_Tumor_PD,Proteome
TRIM21,-0.068057865,Cytosol,Glioma_Tumor_PD,Proteome
TRIM24,0.59485763,Nucleus,Glioma_Tumor_PD,Proteome
TRIM26,-0.4733393,Cytosol,Glioma_Tumor_PD,Proteome
TRIM28,0.6544958,Nucleus,Glioma_Tumor_PD,Proteome
TRIM33,0.6049486,Nucleus,Glioma_Tumor_PD,Proteome
TRIM36,0.009992135,Cytosol,Glioma_Tumor_PD,Proteome
TRIM4,0.053507343,Secretory,Glioma_Tumor_PD,Proteome
TRIM47,-0.025328571,Cytosol,Glioma_Tumor_PD,Proteome
TRIM5,-0.060203865,Cytosol,Glioma_Tumor_PD,Proteome
TRIM56,-0.35836032,Nucleus,Glioma_Tumor_PD,Proteome
TRIM65,-0.07822748,Cytosol,Glioma_Tumor_PD,Proteome
TRIP10,-0.06010364,Cytosol,Glioma_Tumor_PD,Proteome
TRIP11,0.0026288442,Secretory,Glioma_Tumor_PD,Proteome
TRIP12,-0.010216172,Nucleus,Glioma_Tumor_PD,Proteome
TRIP6,-0.06396234,Cytosol,Glioma_Tumor_PD,Proteome
TRMT10C,0.5011574,Mitochondria,Glioma_Tumor_PD,Proteome
TRMT1L,0.5389782,Nucleus,Glioma_Tumor_PD,Proteome
TRMT6,0.61815894,Nucleus,Glioma_Tumor_PD,Proteome
TRUB2,-0.40161186,Secretory,Glioma_Tumor_PD,Proteome
TSC1,-0.3199603,Cytosol,Glioma_Tumor_PD,Proteome
TSC22D1,-0.3229816,Cytosol,Glioma_Tumor_PD,Proteome
TSC22D2,-0.41372493,Cytosol,Glioma_Tumor_PD,Proteome
TSPAN14,0.09018356,Secretory,Glioma_Tumor_PD,Proteome
TSPAN3,-0.3247985,Secretory,Glioma_Tumor_PD,Proteome
TSPO,-0.18416172,Mitochondria,Glioma_Tumor_PD,Proteome
TSTD1,-0.05553656,Cytosol,Glioma_Tumor_PD,Proteome
TSTD2,-0.25839427,Cytosol,Glioma_Tumor_PD,Proteome
TTC1,-0.1881778,Cytosol,Glioma_Tumor_PD,Proteome
TTC13,0.0474709,Secretory,Glioma_Tumor_PD,Proteome
TTC17,-0.020711353,Secretory,Glioma_Tumor_PD,Proteome
TTC3,-0.65841776,Secretory,Glioma_Tumor_PD,Proteome
TTC4,-0.05924998,Cytosol,Glioma_Tumor_PD,Proteome
TTC5,-0.59784764,Cytosol,Glioma_Tumor_PD,Proteome
TTI2,-0.48587224,Cytosol,Glioma_Tumor_PD,Proteome
TTL,-0.044099875,Cytosol,Glioma_Tumor_PD,Proteome
TTLL12,0.12666747,Cytosol,Glioma_Tumor_PD,Proteome
TTYH3,-0.5161466,Secretory,Glioma_Tumor_PD,Proteome
TUBA4A,-0.31779364,Cytosol,Glioma_Tumor_PD,Proteome
TUBB,-0.12817551,Cytosol,Glioma_Tumor_PD,Proteome
TUBB4B,-0.3552586,Cytosol,Glioma_Tumor_PD,Proteome
TUBB6,-0.082353614,Cytosol,Glioma_Tumor_PD,Proteome
TUBGCP6,-0.036388878,Cytosol,Glioma_Tumor_PD,Proteome
TUFM,0.5491582,Mitochondria,Glioma_Tumor_PD,Proteome
TUT1,0.5976336,Nucleus,Glioma_Tumor_PD,Proteome
TWF2,-0.083051436,Cytosol,Glioma_Tumor_PD,Proteome
TXLNA,-0.05193714,Cytosol,Glioma_Tumor_PD,Proteome
TXLNG,-0.64468324,Cytosol,Glioma_Tumor_PD,Proteome
TXNDC5,-0.13375565,Nucleus,Glioma_Tumor_PD,Proteome
TXNDC9,0.013436657,Cytosol,Glioma_Tumor_PD,Proteome
TXNL1,0.026734654,Cytosol,Glioma_Tumor_PD,Proteome
TXNL4B,-0.056929275,Cytosol,Glioma_Tumor_PD,Proteome
TXNRD1,-0.082185596,Cytosol,Glioma_Tumor_PD,Proteome
TYRO3,0.033349466,Secretory,Glioma_Tumor_PD,Proteome
TYW1,-0.2925437,Secretory,Glioma_Tumor_PD,Proteome
TYW5,-0.20389149,Cytosol,Glioma_Tumor_PD,Proteome
U2AF1,0.68234015,Nucleus,Glioma_Tumor_PD,Proteome
U2AF2,0.68076515,Nucleus,Glioma_Tumor_PD,Proteome
UAP1,-0.07903257,Cytosol,Glioma_Tumor_PD,Proteome
UAP1L1,-0.07461349,Cytosol,Glioma_Tumor_PD,Proteome
UBA1,-0.05398545,Cytosol,Glioma_Tumor_PD,Proteome
UBA6,0.024926556,Cytosol,Glioma_Tumor_PD,Proteome
UBAC1,-0.2058989,Cytosol,Glioma_Tumor_PD,Proteome
UBAC2,-0.085222,Secretory,Glioma_Tumor_PD,Proteome
UBAP1,-0.15486965,Cytosol,Glioma_Tumor_PD,Proteome
UBE2A,-0.4571453,Cytosol,Glioma_Tumor_PD,Proteome
UBE2C,-0.57333535,Cytosol,Glioma_Tumor_PD,Proteome
UBE2D2,-0.0048642047,Cytosol,Glioma_Tumor_PD,Proteome
UBE2G1,-0.6021523,Cytosol,Glioma_Tumor_PD,Proteome
UBE2G2,-0.55353826,Secretory,Glioma_Tumor_PD,Proteome
UBE2H,0.045450147,Cytosol,Glioma_Tumor_PD,Proteome
UBE2J1,-0.0739414,Secretory,Glioma_Tumor_PD,Proteome
UBE2K,-0.3677522,Cytosol,Glioma_Tumor_PD,Proteome
UBE2L3,0.109352686,Cytosol,Glioma_Tumor_PD,Proteome
UBE2L6,-0.063355535,Cytosol,Glioma_Tumor_PD,Proteome
UBE2M,-0.17292587,Cytosol,Glioma_Tumor_PD,Proteome
UBE2O,-0.27030832,Cytosol,Glioma_Tumor_PD,Proteome
UBE2R2,-0.3980887,Cytosol,Glioma_Tumor_PD,Proteome
UBE2Z,-0.08601544,Cytosol,Glioma_Tumor_PD,Proteome
UBFD1,-0.48186445,Cytosol,Glioma_Tumor_PD,Proteome
UBL7,-0.5664576,Cytosol,Glioma_Tumor_PD,Proteome
UBN2,0.6591256,Nucleus,Glioma_Tumor_PD,Proteome
UBP1,-0.49841398,Cytosol,Glioma_Tumor_PD,Proteome
UBQLN1,-0.088865295,Cytosol,Glioma_Tumor_PD,Proteome
UBR1,0.02138568,Cytosol,Glioma_Tumor_PD,Proteome
UBR3,-0.56957656,Cytosol,Glioma_Tumor_PD,Proteome
UBR4,-0.04927165,Cytosol,Glioma_Tumor_PD,Proteome
UBR5,0.68203527,Nucleus,Glioma_Tumor_PD,Proteome
UBXN1,0.0418193,Cytosol,Glioma_Tumor_PD,Proteome
UBXN2B,-0.35251233,Cytosol,Glioma_Tumor_PD,Proteome
UBXN4,0.010712172,Secretory,Glioma_Tumor_PD,Proteome
UCHL5,0.088432215,Cytosol,Glioma_Tumor_PD,Proteome
UCK2,-0.17925902,Cytosol,Glioma_Tumor_PD,Proteome
UEVLD,-0.024788069,Cytosol,Glioma_Tumor_PD,Proteome
UFL1,0.0617952,Secretory,Glioma_Tumor_PD,Proteome
UGDH,-0.42844015,Cytosol,Glioma_Tumor_PD,Proteome
UHRF2,0.6787067,Nucleus,Glioma_Tumor_PD,Proteome
UNC119,0.1156418,Cytosol,Glioma_Tumor_PD,Proteome
UNC119B,0.003284314,Cytosol,Glioma_Tumor_PD,Proteome
UNC13B,-0.06165896,Cytosol,Glioma_Tumor_PD,Proteome
UNC13D,-0.08670944,Cytosol,Glioma_Tumor_PD,Proteome
UNC93B1,0.081047796,Secretory,Glioma_Tumor_PD,Proteome
UPRT,-0.06839229,Cytosol,Glioma_Tumor_PD,Proteome
UQCC1,0.5917302,Mitochondria,Glioma_Tumor_PD,Proteome
UQCR10,0.57738143,Mitochondria,Glioma_Tumor_PD,Proteome
UQCRB,0.57488227,Mitochondria,Glioma_Tumor_PD,Proteome
UQCRC1,0.5700923,Mitochondria,Glioma_Tumor_PD,Proteome
UQCRC2,0.5872298,Mitochondria,Glioma_Tumor_PD,Proteome
UQCRFS1,0.57249904,Mitochondria,Glioma_Tumor_PD,Proteome
UQCRH,0.4841614,Mitochondria,Glioma_Tumor_PD,Proteome
UQCRQ,0.5867997,Mitochondria,Glioma_Tumor_PD,Proteome
URB1,0.64178103,Nucleus,Glioma_Tumor_PD,Proteome
URB2,0.6450048,Nucleus,Glioma_Tumor_PD,Proteome
UROD,-0.062629096,Cytosol,Glioma_Tumor_PD,Proteome
UROS,-0.5394618,Cytosol,Glioma_Tumor_PD,Proteome
USE1,-0.0025274882,Secretory,Glioma_Tumor_PD,Proteome
USP11,0.5419398,Nucleus,Glioma_Tumor_PD,Proteome
USP12,-0.4373318,Secretory,Glioma_Tumor_PD,Proteome
USP13,-0.5899632,Cytosol,Glioma_Tumor_PD,Proteome
USP15,-0.16230649,Cytosol,Glioma_Tumor_PD,Proteome
USP20,-0.5931073,Secretory,Glioma_Tumor_PD,Proteome
USP24,-0.60633516,Cytosol,Glioma_Tumor_PD,Proteome
USP25,-0.09402028,Cytosol,Glioma_Tumor_PD,Proteome
USP30,-0.121246986,Mitochondria,Glioma_Tumor_PD,Proteome
USP33,-0.07956641,Secretory,Glioma_Tumor_PD,Proteome
USP36,0.5917677,Nucleus,Glioma_Tumor_PD,Proteome
USP4,0.0015577112,Cytosol,Glioma_Tumor_PD,Proteome
USP42,0.67072505,Nucleus,Glioma_Tumor_PD,Proteome
USP47,-0.08461768,Cytosol,Glioma_Tumor_PD,Proteome
USP5,-0.088141605,Cytosol,Glioma_Tumor_PD,Proteome
USP7,0.57258636,Nucleus,Glioma_Tumor_PD,Proteome
USP8,-0.0061897696,Cytosol,Glioma_Tumor_PD,Proteome
USP9X,-0.037835468,Cytosol,Glioma_Tumor_PD,Proteome
UTP14A,0.5732419,Nucleus,Glioma_Tumor_PD,Proteome
UTP15,0.59734035,Nucleus,Glioma_Tumor_PD,Proteome
UTP18,0.56318337,Nucleus,Glioma_Tumor_PD,Proteome
UTP20,0.51475227,Nucleus,Glioma_Tumor_PD,Proteome
UTP3,0.59141856,Nucleus,Glioma_Tumor_PD,Proteome
UTP6,0.56032336,Nucleus,Glioma_Tumor_PD,Proteome
UTRN,-0.23616609,Mitochondria,Glioma_Tumor_PD,Proteome
UXS1,0.065000206,Secretory,Glioma_Tumor_PD,Proteome
VAMP3,-0.09419254,Secretory,Glioma_Tumor_PD,Proteome
VAMP4,-0.13963561,Secretory,Glioma_Tumor_PD,Proteome
VAMP7,0.08810881,Secretory,Glioma_Tumor_PD,Proteome
VAPA,-0.30896753,Secretory,Glioma_Tumor_PD,Proteome
VAPB,-0.36196512,Secretory,Glioma_Tumor_PD,Proteome
VASP,-0.071125,Cytosol,Glioma_Tumor_PD,Proteome
VBP1,0.04827567,Cytosol,Glioma_Tumor_PD,Proteome
VCL,-0.07953617,Cytosol,Glioma_Tumor_PD,Proteome
VCP,-0.14146696,Cytosol,Glioma_Tumor_PD,Proteome
VCPIP1,-0.33754092,Cytosol,Glioma_Tumor_PD,Proteome
VDAC1,0.588464,Mitochondria,Glioma_Tumor_PD,Proteome
VDAC2,0.570244,Mitochondria,Glioma_Tumor_PD,Proteome
VDAC3,0.5773461,Mitochondria,Glioma_Tumor_PD,Proteome
VEZT,-0.11035907,Secretory,Glioma_Tumor_PD,Proteome
VIPAS39,-0.47588736,Cytosol,Glioma_Tumor_PD,Proteome
VMP1,0.012497862,Secretory,Glioma_Tumor_PD,Proteome
VPS13A,-0.58304703,Secretory,Glioma_Tumor_PD,Proteome
VPS13C,-0.085393384,Cytosol,Glioma_Tumor_PD,Proteome
VPS25,-0.25682065,Cytosol,Glioma_Tumor_PD,Proteome
VPS26A,-0.095275044,Cytosol,Glioma_Tumor_PD,Proteome
VPS33B,-0.48643008,Cytosol,Glioma_Tumor_PD,Proteome
VPS35,-0.4207729,Cytosol,Glioma_Tumor_PD,Proteome
VPS37B,-0.64178383,Cytosol,Glioma_Tumor_PD,Proteome
VPS4A,-0.4638867,Cytosol,Glioma_Tumor_PD,Proteome
VPS4B,-0.07483533,Cytosol,Glioma_Tumor_PD,Proteome
VPS52,-0.54196817,Cytosol,Glioma_Tumor_PD,Proteome
VTA1,0.01957393,Cytosol,Glioma_Tumor_PD,Proteome
VTI1A,-0.48288468,Secretory,Glioma_Tumor_PD,Proteome
VWA8,0.523424,Mitochondria,Glioma_Tumor_PD,Proteome
WAC,0.51386917,Nucleus,Glioma_Tumor_PD,Proteome
WARS2,0.42816257,Mitochondria,Glioma_Tumor_PD,Proteome
WBP11,0.670182,Nucleus,Glioma_Tumor_PD,Proteome
WDFY1,-0.02346133,Secretory,Glioma_Tumor_PD,Proteome
WDR1,-0.06619765,Cytosol,Glioma_Tumor_PD,Proteome
WDR18,0.66834503,Nucleus,Glioma_Tumor_PD,Proteome
WDR3,0.5663377,Nucleus,Glioma_Tumor_PD,Proteome
WDR33,0.6733139,Nucleus,Glioma_Tumor_PD,Proteome
WDR36,0.5877956,Nucleus,Glioma_Tumor_PD,Proteome
WDR37,-0.41950297,Cytosol,Glioma_Tumor_PD,Proteome
WDR43,0.5986316,Nucleus,Glioma_Tumor_PD,Proteome
WDR44,-0.11424901,Cytosol,Glioma_Tumor_PD,Proteome
WDR45,-0.58046114,Cytosol,Glioma_Tumor_PD,Proteome
WDR46,0.5095607,Nucleus,Glioma_Tumor_PD,Proteome
WDR6,0.094772734,Cytosol,Glioma_Tumor_PD,Proteome
WDR7,-0.4465381,Cytosol,Glioma_Tumor_PD,Proteome
WDR75,0.55719423,Nucleus,Glioma_Tumor_PD,Proteome
WDR76,0.6145969,Nucleus,Glioma_Tumor_PD,Proteome
WDR77,-0.13707767,Cytosol,Glioma_Tumor_PD,Proteome
WDR81,-0.047668226,Cytosol,Glioma_Tumor_PD,Proteome
WDSUB1,-0.21637729,Cytosol,Glioma_Tumor_PD,Proteome
WDTC1,-0.397337,Cytosol,Glioma_Tumor_PD,Proteome
WFS1,-0.3918215,Secretory,Glioma_Tumor_PD,Proteome
WIPI2,-0.52265567,Cytosol,Glioma_Tumor_PD,Proteome
WIZ,0.665927,Nucleus,Glioma_Tumor_PD,Proteome
WLS,-0.044188716,Secretory,Glioma_Tumor_PD,Proteome
WNK1,-0.3396778,Cytosol,Glioma_Tumor_PD,Proteome
WRN,0.6601902,Nucleus,Glioma_Tumor_PD,Proteome
WRNIP1,0.57834923,Nucleus,Glioma_Tumor_PD,Proteome
WWC3,-0.44051597,Cytosol,Glioma_Tumor_PD,Proteome
WWP2,-0.45941642,Secretory,Glioma_Tumor_PD,Proteome
XIAP,-0.5069783,Cytosol,Glioma_Tumor_PD,Proteome
XPC,0.52655053,Nucleus,Glioma_Tumor_PD,Proteome
XPNPEP1,-0.022463875,Cytosol,Glioma_Tumor_PD,Proteome
XPO5,-0.6592217,Cytosol,Glioma_Tumor_PD,Proteome
XRCC1,0.6809979,Nucleus,Glioma_Tumor_PD,Proteome
XRCC4,0.65497684,Nucleus,Glioma_Tumor_PD,Proteome
YAP1,-0.07281804,Cytosol,Glioma_Tumor_PD,Proteome
YBEY,0.39782846,Mitochondria,Glioma_Tumor_PD,Proteome
YES1,-0.11025418,Secretory,Glioma_Tumor_PD,Proteome
YIF1B,0.0928308,Secretory,Glioma_Tumor_PD,Proteome
YIPF3,-0.09757486,Secretory,Glioma_Tumor_PD,Proteome
YIPF4,-0.01811768,Secretory,Glioma_Tumor_PD,Proteome
YIPF5,0.063040175,Secretory,Glioma_Tumor_PD,Proteome
YKT6,0.044224333,Cytosol,Glioma_Tumor_PD,Proteome
YLPM1,0.61678636,Nucleus,Glioma_Tumor_PD,Proteome
YME1L1,0.4438503,Mitochondria,Glioma_Tumor_PD,Proteome
YTHDC2,-0.21576405,Nucleus,Glioma_Tumor_PD,Proteome
YWHAB,-0.4219868,Cytosol,Glioma_Tumor_PD,Proteome
YWHAE,-0.22271056,Cytosol,Glioma_Tumor_PD,Proteome
YWHAG,-0.45371884,Cytosol,Glioma_Tumor_PD,Proteome
YWHAH,-0.44146332,Cytosol,Glioma_Tumor_PD,Proteome
YWHAQ,0.028668672,Cytosol,Glioma_Tumor_PD,Proteome
YWHAZ,-0.41566485,Cytosol,Glioma_Tumor_PD,Proteome
ZBTB14,0.66872424,Nucleus,Glioma_Tumor_PD,Proteome
ZBTB4,0.65375745,Nucleus,Glioma_Tumor_PD,Proteome
ZBTB40,0.5079636,Nucleus,Glioma_Tumor_PD,Proteome
ZBTB8OS,-0.15445895,Cytosol,Glioma_Tumor_PD,Proteome
ZC3H11A,0.6204424,Nucleus,Glioma_Tumor_PD,Proteome
ZC3HAV1,0.02749532,Secretory,Glioma_Tumor_PD,Proteome
ZC3HC1,0.67946535,Nucleus,Glioma_Tumor_PD,Proteome
ZDHHC17,-0.5949394,Secretory,Glioma_Tumor_PD,Proteome
ZDHHC5,-0.52462614,Secretory,Glioma_Tumor_PD,Proteome
ZFAND5,-0.53739285,Cytosol,Glioma_Tumor_PD,Proteome
ZFPL1,-0.22620575,Secretory,Glioma_Tumor_PD,Proteome
ZFR,0.6175953,Nucleus,Glioma_Tumor_PD,Proteome
ZFYVE1,0.07424263,Cytosol,Glioma_Tumor_PD,Proteome
ZFYVE19,0.07596685,Cytosol,Glioma_Tumor_PD,Proteome
ZFYVE27,-0.27787343,Secretory,Glioma_Tumor_PD,Proteome
ZHX2,0.628807,Nucleus,Glioma_Tumor_PD,Proteome
ZMPSTE24,-0.010212726,Secretory,Glioma_Tumor_PD,Proteome
ZMYM2,0.58899957,Nucleus,Glioma_Tumor_PD,Proteome
ZMYND11,0.6668477,Nucleus,Glioma_Tumor_PD,Proteome
ZNF143,0.6747441,Nucleus,Glioma_Tumor_PD,Proteome
ZNF148,0.673211,Nucleus,Glioma_Tumor_PD,Proteome
ZNF280C,0.63616145,Nucleus,Glioma_Tumor_PD,Proteome
ZNF292,0.6262341,Nucleus,Glioma_Tumor_PD,Proteome
ZNF318,0.6474176,Nucleus,Glioma_Tumor_PD,Proteome
ZNF326,0.5794232,Nucleus,Glioma_Tumor_PD,Proteome
ZNF346,0.671563,Nucleus,Glioma_Tumor_PD,Proteome
ZNF384,0.55853957,Nucleus,Glioma_Tumor_PD,Proteome
ZNF512,0.13887282,Nucleus,Glioma_Tumor_PD,Proteome
ZNF512B,0.26446605,Nucleus,Glioma_Tumor_PD,Proteome
ZNF574,0.64186555,Nucleus,Glioma_Tumor_PD,Proteome
ZNF629,0.61318225,Nucleus,Glioma_Tumor_PD,Proteome
ZNF652,0.66523147,Nucleus,Glioma_Tumor_PD,Proteome
ZNF687,0.6649396,Nucleus,Glioma_Tumor_PD,Proteome
ZNF768,0.62125206,Nucleus,Glioma_Tumor_PD,Proteome
ZNF800,0.13568307,Nucleus,Glioma_Tumor_PD,Proteome
ZYX,-0.03147574,Cytosol,Glioma_Tumor_PD,Proteome
ZZEF1,-0.063927144,Cytosol,Glioma_Tumor_PD,Proteome
AAAS,-0.14049368,Secretory,Glioma_Tumor_MD,Transcriptome
AACS,-0.044277195,Cytosol,Glioma_Tumor_MD,Transcriptome
AAK1,-0.06597697,Cytosol,Glioma_Tumor_MD,Transcriptome
AASDHPPT,-0.11195104,Cytosol,Glioma_Tumor_MD,Transcriptome
AATF,-0.08198735,Nucleus,Glioma_Tumor_MD,Transcriptome
ABCA2,-0.007968219,Secretory,Glioma_Tumor_MD,Transcriptome
ABCB10,0.042041305,Mitochondria,Glioma_Tumor_MD,Transcriptome
ABCB7,0.055866882,Mitochondria,Glioma_Tumor_MD,Transcriptome
ABCB8,-0.14188999,Mitochondria,Glioma_Tumor_MD,Transcriptome
ABCC1,0.10901076,Secretory,Glioma_Tumor_MD,Transcriptome
ABCC4,0.11375682,Secretory,Glioma_Tumor_MD,Transcriptome
ABCD1,0.08981046,Secretory,Glioma_Tumor_MD,Transcriptome
ABCD3,-0.028694633,Secretory,Glioma_Tumor_MD,Transcriptome
ABCD4,0.0015990802,Secretory,Glioma_Tumor_MD,Transcriptome
ABHD12,0.08010314,Secretory,Glioma_Tumor_MD,Transcriptome
ABHD14B,-0.117408566,Cytosol,Glioma_Tumor_MD,Transcriptome
ABHD16A,-0.04289419,Secretory,Glioma_Tumor_MD,Transcriptome
ABHD17C,0.08425539,Secretory,Glioma_Tumor_MD,Transcriptome
ABHD6,-0.16698785,Secretory,Glioma_Tumor_MD,Transcriptome
ABL1,-0.060031675,Cytosol,Glioma_Tumor_MD,Transcriptome
ABL2,-0.11426371,Cytosol,Glioma_Tumor_MD,Transcriptome
ABR,-0.0678244,Cytosol,Glioma_Tumor_MD,Transcriptome
ABRACL,-0.103514254,Cytosol,Glioma_Tumor_MD,Transcriptome
ACAD9,-0.013256012,Mitochondria,Glioma_Tumor_MD,Transcriptome
ACAP2,-0.036673117,Cytosol,Glioma_Tumor_MD,Transcriptome
ACAT2,-0.11800807,Cytosol,Glioma_Tumor_MD,Transcriptome
ACBD5,-0.1645282,Secretory,Glioma_Tumor_MD,Transcriptome
ACBD6,-0.122605085,Cytosol,Glioma_Tumor_MD,Transcriptome
ACIN1,-0.039807897,Nucleus,Glioma_Tumor_MD,Transcriptome
ACLY,-0.10549817,Cytosol,Glioma_Tumor_MD,Transcriptome
ACOT11,-0.09678165,Cytosol,Glioma_Tumor_MD,Transcriptome
ACP1,-0.07219511,Cytosol,Glioma_Tumor_MD,Transcriptome
ACSL1,0.10682108,Secretory,Glioma_Tumor_MD,Transcriptome
ACSL3,0.09919217,Secretory,Glioma_Tumor_MD,Transcriptome
ACSL4,0.07849901,Secretory,Glioma_Tumor_MD,Transcriptome
ACSS2,-0.089601174,Cytosol,Glioma_Tumor_MD,Transcriptome
ACTR10,-0.08679852,Cytosol,Glioma_Tumor_MD,Transcriptome
ACVR1,0.10864286,Secretory,Glioma_Tumor_MD,Transcriptome
ACYP1,-0.07787974,Cytosol,Glioma_Tumor_MD,Transcriptome
ACYP2,-0.083842285,Cytosol,Glioma_Tumor_MD,Transcriptome
ADAM10,0.04165058,Secretory,Glioma_Tumor_MD,Transcriptome
ADAM15,0.11346784,Secretory,Glioma_Tumor_MD,Transcriptome
ADAM9,0.110365905,Secretory,Glioma_Tumor_MD,Transcriptome
ADAR,-0.19258788,Nucleus,Glioma_Tumor_MD,Transcriptome
ADARB1,-0.116683096,Nucleus,Glioma_Tumor_MD,Transcriptome
ADCK1,0.08723805,Mitochondria,Glioma_Tumor_MD,Transcriptome
ADCY6,0.072367996,Secretory,Glioma_Tumor_MD,Transcriptome
ADCY9,0.06602744,Secretory,Glioma_Tumor_MD,Transcriptome
ADH5,-0.10251913,Cytosol,Glioma_Tumor_MD,Transcriptome
ADI1,-0.11156107,Cytosol,Glioma_Tumor_MD,Transcriptome
ADK,-0.11466015,Cytosol,Glioma_Tumor_MD,Transcriptome
ADNP,-0.035542715,Nucleus,Glioma_Tumor_MD,Transcriptome
ADO,-0.11562554,Cytosol,Glioma_Tumor_MD,Transcriptome
ADRM1,-0.07520449,Cytosol,Glioma_Tumor_MD,Transcriptome
ADSL,-0.059271324,Cytosol,Glioma_Tumor_MD,Transcriptome
AFF4,-0.079408884,Nucleus,Glioma_Tumor_MD,Transcriptome
AFG3L2,-0.016684702,Mitochondria,Glioma_Tumor_MD,Transcriptome
AGFG1,-0.07247964,Cytosol,Glioma_Tumor_MD,Transcriptome
AGFG2,-0.08449352,Cytosol,Glioma_Tumor_MD,Transcriptome
AGGF1,-0.06888796,Nucleus,Glioma_Tumor_MD,Transcriptome
AGK,0.027790962,Mitochondria,Glioma_Tumor_MD,Transcriptome
AGO2,-0.108479396,Nucleus,Glioma_Tumor_MD,Transcriptome
AGPAT3,0.08140434,Secretory,Glioma_Tumor_MD,Transcriptome
AGPAT5,0.09371106,Mitochondria,Glioma_Tumor_MD,Transcriptome
AGRN,0.049666762,Secretory,Glioma_Tumor_MD,Transcriptome
AHCTF1,-0.048560757,Nucleus,Glioma_Tumor_MD,Transcriptome
AHCY,-0.04484037,Cytosol,Glioma_Tumor_MD,Transcriptome
AHCYL1,-0.06479936,Cytosol,Glioma_Tumor_MD,Transcriptome
AHCYL2,-0.079107784,Cytosol,Glioma_Tumor_MD,Transcriptome
AHDC1,-0.10621114,Nucleus,Glioma_Tumor_MD,Transcriptome
AHSA1,-0.115241654,Cytosol,Glioma_Tumor_MD,Transcriptome
AIFM1,0.036827143,Mitochondria,Glioma_Tumor_MD,Transcriptome
AIP,-0.06835677,Cytosol,Glioma_Tumor_MD,Transcriptome
AJUBA,-0.11223513,Cytosol,Glioma_Tumor_MD,Transcriptome
AK1,-0.10630968,Cytosol,Glioma_Tumor_MD,Transcriptome
AK2,-0.24078414,Nucleus,Glioma_Tumor_MD,Transcriptome
AKAP1,0.038825877,Mitochondria,Glioma_Tumor_MD,Transcriptome
AKAP12,-0.115392715,Cytosol,Glioma_Tumor_MD,Transcriptome
AKAP17A,-0.14829771,Nucleus,Glioma_Tumor_MD,Transcriptome
AKAP8L,-0.051954266,Nucleus,Glioma_Tumor_MD,Transcriptome
AKR1A1,-0.11845527,Cytosol,Glioma_Tumor_MD,Transcriptome
AKT1,-0.08199205,Cytosol,Glioma_Tumor_MD,Transcriptome
AKT2,-0.035171248,Cytosol,Glioma_Tumor_MD,Transcriptome
AKTIP,-0.08893163,Cytosol,Glioma_Tumor_MD,Transcriptome
ALCAM,-0.16222127,Secretory,Glioma_Tumor_MD,Transcriptome
ALDH1A3,-0.118419945,Cytosol,Glioma_Tumor_MD,Transcriptome
ALDH3A2,0.09077541,Secretory,Glioma_Tumor_MD,Transcriptome
ALDH9A1,-0.10139148,Cytosol,Glioma_Tumor_MD,Transcriptome
ALDOA,-0.11938751,Cytosol,Glioma_Tumor_MD,Transcriptome
ALG1,0.08834041,Secretory,Glioma_Tumor_MD,Transcriptome
ALG11,-0.11446221,Secretory,Glioma_Tumor_MD,Transcriptome
ALG3,0.06296522,Secretory,Glioma_Tumor_MD,Transcriptome
ALG5,-0.05356485,Secretory,Glioma_Tumor_MD,Transcriptome
ALG6,-0.068909675,Secretory,Glioma_Tumor_MD,Transcriptome
ALKBH6,-0.05087295,Cytosol,Glioma_Tumor_MD,Transcriptome
ALKBH8,-0.08917168,Cytosol,Glioma_Tumor_MD,Transcriptome
AMDHD2,-0.10840267,Cytosol,Glioma_Tumor_MD,Transcriptome
AMFR,0.10017818,Secretory,Glioma_Tumor_MD,Transcriptome
AMOTL2,-0.1190635,Cytosol,Glioma_Tumor_MD,Transcriptome
AMPD2,-0.11147384,Cytosol,Glioma_Tumor_MD,Transcriptome
ANKLE2,0.10764396,Secretory,Glioma_Tumor_MD,Transcriptome
ANKMY2,-0.056650437,Cytosol,Glioma_Tumor_MD,Transcriptome
ANKRD46,-0.1544683,Secretory,Glioma_Tumor_MD,Transcriptome
ANKRD54,-0.04938677,Cytosol,Glioma_Tumor_MD,Transcriptome
ANKS1A,-0.055379968,Cytosol,Glioma_Tumor_MD,Transcriptome
ANO10,0.074613266,Secretory,Glioma_Tumor_MD,Transcriptome
ANO6,0.105435655,Secretory,Glioma_Tumor_MD,Transcriptome
ANO8,0.028832026,Secretory,Glioma_Tumor_MD,Transcriptome
ANXA1,-0.113917544,Cytosol,Glioma_Tumor_MD,Transcriptome
ANXA11,-0.111550994,Cytosol,Glioma_Tumor_MD,Transcriptome
ANXA5,-0.11540368,Cytosol,Glioma_Tumor_MD,Transcriptome
AP1AR,-0.12783146,Secretory,Glioma_Tumor_MD,Transcriptome
AP2A1,0.051878534,Secretory,Glioma_Tumor_MD,Transcriptome
AP2A2,0.05334549,Secretory,Glioma_Tumor_MD,Transcriptome
AP2M1,0.07001901,Secretory,Glioma_Tumor_MD,Transcriptome
AP3B1,-0.11550526,Cytosol,Glioma_Tumor_MD,Transcriptome
AP3D1,-0.042786695,Cytosol,Glioma_Tumor_MD,Transcriptome
AP3M2,-0.11371396,Cytosol,Glioma_Tumor_MD,Transcriptome
AP4E1,-0.029329173,Cytosol,Glioma_Tumor_MD,Transcriptome
APLP2,0.117494,Secretory,Glioma_Tumor_MD,Transcriptome
APMAP,0.048985016,Secretory,Glioma_Tumor_MD,Transcriptome
APOO,0.07355728,Mitochondria,Glioma_Tumor_MD,Transcriptome
APOOL,-0.10982048,Mitochondria,Glioma_Tumor_MD,Transcriptome
APP,0.09509604,Secretory,Glioma_Tumor_MD,Transcriptome
APPL1,-0.09283028,Cytosol,Glioma_Tumor_MD,Transcriptome
APRT,-0.10091925,Cytosol,Glioma_Tumor_MD,Transcriptome
ARAP1,-0.10667455,Cytosol,Glioma_Tumor_MD,Transcriptome
ARCN1,-0.1171392,Cytosol,Glioma_Tumor_MD,Transcriptome
ARFGEF2,-0.07121381,Cytosol,Glioma_Tumor_MD,Transcriptome
ARFRP1,0.05914222,Secretory,Glioma_Tumor_MD,Transcriptome
ARHGAP12,-0.11533575,Cytosol,Glioma_Tumor_MD,Transcriptome
ARHGAP17,-0.060901176,Cytosol,Glioma_Tumor_MD,Transcriptome
ARHGAP35,-0.029425547,Cytosol,Glioma_Tumor_MD,Transcriptome
ARHGAP39,0.028085772,Secretory,Glioma_Tumor_MD,Transcriptome
ARHGAP5,-0.11964797,Cytosol,Glioma_Tumor_MD,Transcriptome
ARHGDIA,-0.074621156,Cytosol,Glioma_Tumor_MD,Transcriptome
ARHGDIB,-0.11323298,Cytosol,Glioma_Tumor_MD,Transcriptome
ARHGEF10,-0.036800183,Cytosol,Glioma_Tumor_MD,Transcriptome
ARHGEF10L,-0.06445327,Cytosol,Glioma_Tumor_MD,Transcriptome
ARHGEF40,0.080323845,Secretory,Glioma_Tumor_MD,Transcriptome
ARHGEF7,-0.100415565,Cytosol,Glioma_Tumor_MD,Transcriptome
ARID1B,-0.032919653,Nucleus,Glioma_Tumor_MD,Transcriptome
ARIH1,-0.028510721,Cytosol,Glioma_Tumor_MD,Transcriptome
ARIH2,-0.04246188,Cytosol,Glioma_Tumor_MD,Transcriptome
ARL15,-0.14239103,Secretory,Glioma_Tumor_MD,Transcriptome
ARL6,-0.07285173,Cytosol,Glioma_Tumor_MD,Transcriptome
ARL6IP5,0.05322887,Secretory,Glioma_Tumor_MD,Transcriptome
ARL8A,-0.050936267,Secretory,Glioma_Tumor_MD,Transcriptome
ARL8B,0.066208884,Secretory,Glioma_Tumor_MD,Transcriptome
ARMC10,-0.019298544,Mitochondria,Glioma_Tumor_MD,Transcriptome
ARMC6,-0.048996296,Cytosol,Glioma_Tumor_MD,Transcriptome
ARMCX3,0.08043576,Mitochondria,Glioma_Tumor_MD,Transcriptome
ARPC5,-0.103395306,Cytosol,Glioma_Tumor_MD,Transcriptome
ARV1,-0.16633873,Secretory,Glioma_Tumor_MD,Transcriptome
ASAH1,0.109960414,Secretory,Glioma_Tumor_MD,Transcriptome
ASAP1,-0.06497525,Cytosol,Glioma_Tumor_MD,Transcriptome
ASH2L,-0.08622829,Nucleus,Glioma_Tumor_MD,Transcriptome
ASMTL,-0.06682504,Cytosol,Glioma_Tumor_MD,Transcriptome
ASPH,0.0763323,Secretory,Glioma_Tumor_MD,Transcriptome
ASPSCR1,-0.051803958,Cytosol,Glioma_Tumor_MD,Transcriptome
ASS1,-0.11400367,Cytosol,Glioma_Tumor_MD,Transcriptome
ATAD1,0.06338236,Mitochondria,Glioma_Tumor_MD,Transcriptome
ATAD2,-0.0770206,Nucleus,Glioma_Tumor_MD,Transcriptome
ATAD3A,0.016657747,Mitochondria,Glioma_Tumor_MD,Transcriptome
ATAD3B,-0.051270235,Mitochondria,Glioma_Tumor_MD,Transcriptome
ATE1,-0.11691969,Cytosol,Glioma_Tumor_MD,Transcriptome
ATG12,-0.064065166,Cytosol,Glioma_Tumor_MD,Transcriptome
ATG13,-0.05489065,Cytosol,Glioma_Tumor_MD,Transcriptome
ATG16L1,-0.07876664,Cytosol,Glioma_Tumor_MD,Transcriptome
ATG2B,-0.079672076,Cytosol,Glioma_Tumor_MD,Transcriptome
ATG3,-0.054043114,Cytosol,Glioma_Tumor_MD,Transcriptome
ATG4B,-0.059069794,Cytosol,Glioma_Tumor_MD,Transcriptome
ATG4C,-0.042561747,Cytosol,Glioma_Tumor_MD,Transcriptome
ATG5,-0.09149281,Cytosol,Glioma_Tumor_MD,Transcriptome
ATG7,-0.110005856,Cytosol,Glioma_Tumor_MD,Transcriptome
ATG9A,0.07467875,Secretory,Glioma_Tumor_MD,Transcriptome
ATIC,-0.057573106,Cytosol,Glioma_Tumor_MD,Transcriptome
ATL2,-0.05152551,Secretory,Glioma_Tumor_MD,Transcriptome
ATL3,0.103015006,Secretory,Glioma_Tumor_MD,Transcriptome
ATP11A,0.08493146,Secretory,Glioma_Tumor_MD,Transcriptome
ATP11B,-0.09203232,Secretory,Glioma_Tumor_MD,Transcriptome
ATP11C,0.09641454,Secretory,Glioma_Tumor_MD,Transcriptome
ATP13A1,0.056165174,Secretory,Glioma_Tumor_MD,Transcriptome
ATP13A2,0.041346207,Secretory,Glioma_Tumor_MD,Transcriptome
ATP13A3,0.0886853,Secretory,Glioma_Tumor_MD,Transcriptome
ATP1A1,0.1162942,Secretory,Glioma_Tumor_MD,Transcriptome
ATP1A2,0.076918066,Secretory,Glioma_Tumor_MD,Transcriptome
ATP1B1,-0.16122067,Secretory,Glioma_Tumor_MD,Transcriptome
ATP1B3,0.09868079,Secretory,Glioma_Tumor_MD,Transcriptome
ATP2A2,0.056600902,Secretory,Glioma_Tumor_MD,Transcriptome
ATP2B1,0.10473076,Secretory,Glioma_Tumor_MD,Transcriptome
ATP2B4,0.10167173,Secretory,Glioma_Tumor_MD,Transcriptome
ATP2C1,0.028893296,Secretory,Glioma_Tumor_MD,Transcriptome
ATP6AP1,0.09096631,Secretory,Glioma_Tumor_MD,Transcriptome
ATP6AP2,0.07048881,Secretory,Glioma_Tumor_MD,Transcriptome
ATP6V0A1,0.050462544,Secretory,Glioma_Tumor_MD,Transcriptome
ATP6V0A2,-0.09354324,Secretory,Glioma_Tumor_MD,Transcriptome
ATP6V0D1,0.0829623,Secretory,Glioma_Tumor_MD,Transcriptome
ATP7A,0.08258121,Secretory,Glioma_Tumor_MD,Transcriptome
ATP9A,0.0323016,Secretory,Glioma_Tumor_MD,Transcriptome
ATP9B,-0.078904554,Secretory,Glioma_Tumor_MD,Transcriptome
ATPAF1,0.002586959,Mitochondria,Glioma_Tumor_MD,Transcriptome
ATRN,0.05620188,Secretory,Glioma_Tumor_MD,Transcriptome
ATRX,-0.08320409,Nucleus,Glioma_Tumor_MD,Transcriptome
ATXN1,-0.19785507,Nucleus,Glioma_Tumor_MD,Transcriptome
ATXN3,-0.06938065,Cytosol,Glioma_Tumor_MD,Transcriptome
ATXN7L3B,-0.12401114,Cytosol,Glioma_Tumor_MD,Transcriptome
AUP1,0.06700241,Secretory,Glioma_Tumor_MD,Transcriptome
AVL9,-0.024029534,Cytosol,Glioma_Tumor_MD,Transcriptome
B2M,0.11017951,Secretory,Glioma_Tumor_MD,Transcriptome
B3GALT6,0.03187408,Secretory,Glioma_Tumor_MD,Transcriptome
B3GAT3,0.10360384,Secretory,Glioma_Tumor_MD,Transcriptome
B4GALT1,0.11246688,Secretory,Glioma_Tumor_MD,Transcriptome
B4GALT4,0.014076075,Secretory,Glioma_Tumor_MD,Transcriptome
BAG3,-0.10334305,Cytosol,Glioma_Tumor_MD,Transcriptome
BAG6,-0.053209648,Cytosol,Glioma_Tumor_MD,Transcriptome
BAX,-0.109312505,Cytosol,Glioma_Tumor_MD,Transcriptome
BAZ1A,-0.10446586,Nucleus,Glioma_Tumor_MD,Transcriptome
BAZ1B,-0.1791609,Nucleus,Glioma_Tumor_MD,Transcriptome
BAZ2A,-0.11544944,Nucleus,Glioma_Tumor_MD,Transcriptome
BCAP29,-0.04017998,Secretory,Glioma_Tumor_MD,Transcriptome
BCAP31,0.09235826,Secretory,Glioma_Tumor_MD,Transcriptome
BCAR1,-0.022201728,Cytosol,Glioma_Tumor_MD,Transcriptome
BCAS3,-0.037942644,Cytosol,Glioma_Tumor_MD,Transcriptome
BCL10,-0.102668054,Cytosol,Glioma_Tumor_MD,Transcriptome
BCL2L1,-0.15024191,Mitochondria,Glioma_Tumor_MD,Transcriptome
BCL2L13,0.018302727,Mitochondria,Glioma_Tumor_MD,Transcriptome
BCL9L,-0.09907263,Nucleus,Glioma_Tumor_MD,Transcriptome
BCS1L,0.107233055,Mitochondria,Glioma_Tumor_MD,Transcriptome
BDH1,-0.09494696,Mitochondria,Glioma_Tumor_MD,Transcriptome
BDH2,-0.07704631,Cytosol,Glioma_Tumor_MD,Transcriptome
BEND3,-0.070021525,Nucleus,Glioma_Tumor_MD,Transcriptome
BET1,0.06451457,Secretory,Glioma_Tumor_MD,Transcriptome
BET1L,0.08698648,Secretory,Glioma_Tumor_MD,Transcriptome
BID,-0.056289177,Cytosol,Glioma_Tumor_MD,Transcriptome
BIN1,-0.024561392,Cytosol,Glioma_Tumor_MD,Transcriptome
BIN3,-0.08635821,Cytosol,Glioma_Tumor_MD,Transcriptome
BIRC2,-0.056559637,Cytosol,Glioma_Tumor_MD,Transcriptome
BIRC6,-0.061659865,Cytosol,Glioma_Tumor_MD,Transcriptome
BLVRB,-0.11783177,Cytosol,Glioma_Tumor_MD,Transcriptome
BMP2K,0.09184856,Secretory,Glioma_Tumor_MD,Transcriptome
BMPR2,-0.07605504,Secretory,Glioma_Tumor_MD,Transcriptome
BMS1,-0.06963133,Nucleus,Glioma_Tumor_MD,Transcriptome
BNIP1,-0.1376051,Secretory,Glioma_Tumor_MD,Transcriptome
BNIP3,-0.019380584,Mitochondria,Glioma_Tumor_MD,Transcriptome
BPNT1,-0.12507245,Cytosol,Glioma_Tumor_MD,Transcriptome
BRAF,-0.04963295,Cytosol,Glioma_Tumor_MD,Transcriptome
BRCC3,-0.10192005,Cytosol,Glioma_Tumor_MD,Transcriptome
BRD1,-0.016557893,Nucleus,Glioma_Tumor_MD,Transcriptome
BRD2,-0.18536203,Nucleus,Glioma_Tumor_MD,Transcriptome
BRD4,-0.108863205,Nucleus,Glioma_Tumor_MD,Transcriptome
BRIX1,-0.10897213,Nucleus,Glioma_Tumor_MD,Transcriptome
BROX,-0.09523425,Cytosol,Glioma_Tumor_MD,Transcriptome
BRPF1,-0.084264845,Nucleus,Glioma_Tumor_MD,Transcriptome
BRWD1,-0.03999214,Nucleus,Glioma_Tumor_MD,Transcriptome
BSCL2,-0.043447293,Secretory,Glioma_Tumor_MD,Transcriptome
BSG,0.013407688,Secretory,Glioma_Tumor_MD,Transcriptome
BTF3,-0.10714503,Cytosol,Glioma_Tumor_MD,Transcriptome
BTF3L4,-0.10796828,Cytosol,Glioma_Tumor_MD,Transcriptome
BTN2A1,0.110454336,Secretory,Glioma_Tumor_MD,Transcriptome
BUB1B,-0.11709628,Cytosol,Glioma_Tumor_MD,Transcriptome
C11orf68,-0.061053764,Cytosol,Glioma_Tumor_MD,Transcriptome
C12orf57,-0.072064,Cytosol,Glioma_Tumor_MD,Transcriptome
C18orf32,0.017913893,Secretory,Glioma_Tumor_MD,Transcriptome
C1GALT1,-0.026017098,Secretory,Glioma_Tumor_MD,Transcriptome
C1QBP,0.10099948,Mitochondria,Glioma_Tumor_MD,Transcriptome
C1orf198,-0.12492329,Cytosol,Glioma_Tumor_MD,Transcriptome
C1orf226,-0.050564706,Mitochondria,Glioma_Tumor_MD,Transcriptome
C1orf50,-0.10156105,Cytosol,Glioma_Tumor_MD,Transcriptome
C2CD2,0.10593285,Secretory,Glioma_Tumor_MD,Transcriptome
C2CD2L,0.049164902,Secretory,Glioma_Tumor_MD,Transcriptome
C2orf49,-0.077587046,Nucleus,Glioma_Tumor_MD,Transcriptome
C2orf69,-0.09306863,Cytosol,Glioma_Tumor_MD,Transcriptome
C4orf3,0.081393495,Secretory,Glioma_Tumor_MD,Transcriptome
C5orf24,-0.061108723,Nucleus,Glioma_Tumor_MD,Transcriptome
C6orf47,0.094665796,Secretory,Glioma_Tumor_MD,Transcriptome
C6orf89,0.04318179,Secretory,Glioma_Tumor_MD,Transcriptome
CABIN1,-0.018203387,Nucleus,Glioma_Tumor_MD,Transcriptome
CACYBP,-0.12454844,Cytosol,Glioma_Tumor_MD,Transcriptome
CAD,-0.068343066,Cytosol,Glioma_Tumor_MD,Transcriptome
CADM4,-0.047694802,Secretory,Glioma_Tumor_MD,Transcriptome
CALCOCO1,-0.038416464,Cytosol,Glioma_Tumor_MD,Transcriptome
CALR,-0.2732192,Nucleus,Glioma_Tumor_MD,Transcriptome
CALU,-0.26539546,Nucleus,Glioma_Tumor_MD,Transcriptome
CAMK2D,-0.0730401,Cytosol,Glioma_Tumor_MD,Transcriptome
CAMK2G,-0.021651031,Cytosol,Glioma_Tumor_MD,Transcriptome
CAMLG,-0.15158847,Secretory,Glioma_Tumor_MD,Transcriptome
CANT1,0.114679985,Secretory,Glioma_Tumor_MD,Transcriptome
CANX,0.108956076,Secretory,Glioma_Tumor_MD,Transcriptome
CAPN1,-0.109209485,Cytosol,Glioma_Tumor_MD,Transcriptome
CAPN2,-0.114382856,Cytosol,Glioma_Tumor_MD,Transcriptome
CAPN5,0.09115098,Secretory,Glioma_Tumor_MD,Transcriptome
CAPNS1,-0.07702338,Cytosol,Glioma_Tumor_MD,Transcriptome
CAPS,-0.11633383,Cytosol,Glioma_Tumor_MD,Transcriptome
CASK,0.08023194,Mitochondria,Glioma_Tumor_MD,Transcriptome
CASP7,-0.11316367,Cytosol,Glioma_Tumor_MD,Transcriptome
CAST,-0.10823665,Cytosol,Glioma_Tumor_MD,Transcriptome
CAV1,0.10661493,Secretory,Glioma_Tumor_MD,Transcriptome
CBFB,-0.06560461,Cytosol,Glioma_Tumor_MD,Transcriptome
CBL,-0.06470369,Cytosol,Glioma_Tumor_MD,Transcriptome
CBR1,-0.050505377,Cytosol,Glioma_Tumor_MD,Transcriptome
CBR3,-0.10176328,Cytosol,Glioma_Tumor_MD,Transcriptome
CBS,-0.11080358,Cytosol,Glioma_Tumor_MD,Transcriptome
CBX3,-0.116751395,Nucleus,Glioma_Tumor_MD,Transcriptome
CBX5,-0.057710744,Nucleus,Glioma_Tumor_MD,Transcriptome
CBX8,-0.08063715,Nucleus,Glioma_Tumor_MD,Transcriptome
CC2D1B,-0.11178816,Cytosol,Glioma_Tumor_MD,Transcriptome
CCAR1,-0.06656041,Nucleus,Glioma_Tumor_MD,Transcriptome
CCAR2,-0.06160804,Nucleus,Glioma_Tumor_MD,Transcriptome
CCDC115,-0.077624545,Secretory,Glioma_Tumor_MD,Transcriptome
CCDC117,-0.025297496,Nucleus,Glioma_Tumor_MD,Transcriptome
CCDC127,-0.04190304,Mitochondria,Glioma_Tumor_MD,Transcriptome
CCDC134,-0.07123967,Secretory,Glioma_Tumor_MD,Transcriptome
CCDC22,-0.038061645,Cytosol,Glioma_Tumor_MD,Transcriptome
CCDC25,-0.09596135,Cytosol,Glioma_Tumor_MD,Transcriptome
CCDC43,-0.073640466,Cytosol,Glioma_Tumor_MD,Transcriptome
CCDC47,0.029250735,Secretory,Glioma_Tumor_MD,Transcriptome
CCDC50,-0.09662844,Cytosol,Glioma_Tumor_MD,Transcriptome
CCDC51,0.04893729,Mitochondria,Glioma_Tumor_MD,Transcriptome
CCDC6,-0.11415603,Cytosol,Glioma_Tumor_MD,Transcriptome
CCDC85C,-0.01361791,Cytosol,Glioma_Tumor_MD,Transcriptome
CCDC86,-0.11682736,Nucleus,Glioma_Tumor_MD,Transcriptome
CCDC90B,0.096075006,Mitochondria,Glioma_Tumor_MD,Transcriptome
CCDC91,-0.07600586,Cytosol,Glioma_Tumor_MD,Transcriptome
CCDC92,-0.03873315,Cytosol,Glioma_Tumor_MD,Transcriptome
CCDC93,-0.033359915,Cytosol,Glioma_Tumor_MD,Transcriptome
CCDC97,-0.037796356,Cytosol,Glioma_Tumor_MD,Transcriptome
CCNH,-0.032541454,Nucleus,Glioma_Tumor_MD,Transcriptome
CCNT1,-0.053176038,Nucleus,Glioma_Tumor_MD,Transcriptome
CCNT2,-0.03983908,Nucleus,Glioma_Tumor_MD,Transcriptome
CCPG1,0.099144034,Secretory,Glioma_Tumor_MD,Transcriptome
CCS,-0.07342437,Cytosol,Glioma_Tumor_MD,Transcriptome
CCT2,-0.12026454,Cytosol,Glioma_Tumor_MD,Transcriptome
CCT3,-0.118233904,Cytosol,Glioma_Tumor_MD,Transcriptome
CCT4,-0.11618925,Cytosol,Glioma_Tumor_MD,Transcriptome
CCT5,-0.11855588,Cytosol,Glioma_Tumor_MD,Transcriptome
CCT6A,-0.08729518,Cytosol,Glioma_Tumor_MD,Transcriptome
CCT7,-0.112876475,Cytosol,Glioma_Tumor_MD,Transcriptome
CCT8,-0.112988204,Cytosol,Glioma_Tumor_MD,Transcriptome
CD109,0.11034744,Secretory,Glioma_Tumor_MD,Transcriptome
CD151,0.11723308,Secretory,Glioma_Tumor_MD,Transcriptome
CD276,0.11767488,Secretory,Glioma_Tumor_MD,Transcriptome
CD2AP,-0.08490316,Cytosol,Glioma_Tumor_MD,Transcriptome
CD44,0.10582597,Secretory,Glioma_Tumor_MD,Transcriptome
CD46,-0.046214525,Secretory,Glioma_Tumor_MD,Transcriptome
CD47,-0.07395506,Secretory,Glioma_Tumor_MD,Transcriptome
CD55,0.10680939,Secretory,Glioma_Tumor_MD,Transcriptome
CD58,0.10639679,Secretory,Glioma_Tumor_MD,Transcriptome
CD63,0.11749619,Secretory,Glioma_Tumor_MD,Transcriptome
CD81,0.08943331,Secretory,Glioma_Tumor_MD,Transcriptome
CD99,0.115790136,Secretory,Glioma_Tumor_MD,Transcriptome
CDAN1,-0.038588624,Cytosol,Glioma_Tumor_MD,Transcriptome
CDC123,-0.11720016,Cytosol,Glioma_Tumor_MD,Transcriptome
CDC34,-0.030168278,Cytosol,Glioma_Tumor_MD,Transcriptome
CDC37,-0.04432748,Cytosol,Glioma_Tumor_MD,Transcriptome
CDC40,-0.072680585,Nucleus,Glioma_Tumor_MD,Transcriptome
CDC42,-0.07597799,Cytosol,Glioma_Tumor_MD,Transcriptome
CDC42EP4,-0.07227716,Cytosol,Glioma_Tumor_MD,Transcriptome
CDC5L,-0.09886601,Nucleus,Glioma_Tumor_MD,Transcriptome
CDC73,-0.047112472,Nucleus,Glioma_Tumor_MD,Transcriptome
CDCA7L,-0.12106224,Nucleus,Glioma_Tumor_MD,Transcriptome
CDK1,-0.11924569,Cytosol,Glioma_Tumor_MD,Transcriptome
CDK13,-0.03083655,Nucleus,Glioma_Tumor_MD,Transcriptome
CDK17,-0.08402425,Secretory,Glioma_Tumor_MD,Transcriptome
CDK5,-0.09202844,Cytosol,Glioma_Tumor_MD,Transcriptome
CDK5RAP3,-0.022801343,Secretory,Glioma_Tumor_MD,Transcriptome
CDK6,-0.047086846,Cytosol,Glioma_Tumor_MD,Transcriptome
CDK9,-0.08247295,Nucleus,Glioma_Tumor_MD,Transcriptome
CDKAL1,-0.13769963,Secretory,Glioma_Tumor_MD,Transcriptome
CDKN2AIPNL,-0.1179416,Nucleus,Glioma_Tumor_MD,Transcriptome
CDR2L,-0.046209756,Cytosol,Glioma_Tumor_MD,Transcriptome
CDS2,0.027943073,Secretory,Glioma_Tumor_MD,Transcriptome
CDV3,-0.103022866,Cytosol,Glioma_Tumor_MD,Transcriptome
CEBPB,-0.267771,Nucleus,Glioma_Tumor_MD,Transcriptome
CEBPZ,-0.12005126,Nucleus,Glioma_Tumor_MD,Transcriptome
CELF1,-0.029645897,Nucleus,Glioma_Tumor_MD,Transcriptome
CENPB,-0.080233954,Nucleus,Glioma_Tumor_MD,Transcriptome
CENPC,-0.031941097,Nucleus,Glioma_Tumor_MD,Transcriptome
CEP112,-0.11297861,Cytosol,Glioma_Tumor_MD,Transcriptome
CEP192,-0.061023027,Cytosol,Glioma_Tumor_MD,Transcriptome
CEP44,-0.073088594,Cytosol,Glioma_Tumor_MD,Transcriptome
CEP78,-0.097532056,Cytosol,Glioma_Tumor_MD,Transcriptome
CERK,-0.07792072,Secretory,Glioma_Tumor_MD,Transcriptome
CERS2,0.11180085,Secretory,Glioma_Tumor_MD,Transcriptome
CFL1,-0.073007114,Cytosol,Glioma_Tumor_MD,Transcriptome
CHAF1A,-0.07240279,Nucleus,Glioma_Tumor_MD,Transcriptome
CHCHD3,0.049889937,Mitochondria,Glioma_Tumor_MD,Transcriptome
CHCHD6,0.07975406,Mitochondria,Glioma_Tumor_MD,Transcriptome
CHD1,-0.06919679,Nucleus,Glioma_Tumor_MD,Transcriptome
CHD2,-0.034984764,Nucleus,Glioma_Tumor_MD,Transcriptome
CHD3,-0.0453526,Nucleus,Glioma_Tumor_MD,Transcriptome
CHD4,-0.028605929,Nucleus,Glioma_Tumor_MD,Transcriptome
CHD6,-0.045673177,Nucleus,Glioma_Tumor_MD,Transcriptome
CHD9,-0.040855713,Nucleus,Glioma_Tumor_MD,Transcriptome
CHDH,-0.084963396,Mitochondria,Glioma_Tumor_MD,Transcriptome
CHERP,-0.08960115,Nucleus,Glioma_Tumor_MD,Transcriptome
CHKA,-0.031133978,Cytosol,Glioma_Tumor_MD,Transcriptome
CHM,-0.049066715,Cytosol,Glioma_Tumor_MD,Transcriptome
CHMP2A,-0.04547725,Cytosol,Glioma_Tumor_MD,Transcriptome
CHMP4B,-0.073173344,Cytosol,Glioma_Tumor_MD,Transcriptome
CHMP5,-0.103549555,Cytosol,Glioma_Tumor_MD,Transcriptome
CHMP6,0.025553562,Secretory,Glioma_Tumor_MD,Transcriptome
CHORDC1,-0.059259705,Cytosol,Glioma_Tumor_MD,Transcriptome
CHPF,0.09828482,Secretory,Glioma_Tumor_MD,Transcriptome
CHPF2,0.11694964,Secretory,Glioma_Tumor_MD,Transcriptome
CHPT1,0.08013843,Secretory,Glioma_Tumor_MD,Transcriptome
CHST14,0.10979619,Secretory,Glioma_Tumor_MD,Transcriptome
CHST3,-0.16925322,Secretory,Glioma_Tumor_MD,Transcriptome
CHSY1,0.11331019,Secretory,Glioma_Tumor_MD,Transcriptome
CHTOP,-0.029339924,Nucleus,Glioma_Tumor_MD,Transcriptome
CIAO1,-0.046751015,Cytosol,Glioma_Tumor_MD,Transcriptome
CIAPIN1,-0.11855394,Cytosol,Glioma_Tumor_MD,Transcriptome
CIB1,0.11281886,Secretory,Glioma_Tumor_MD,Transcriptome
CIC,-0.09358649,Nucleus,Glioma_Tumor_MD,Transcriptome
CISD1,0.06385127,Mitochondria,Glioma_Tumor_MD,Transcriptome
CISD2,-0.11936273,Secretory,Glioma_Tumor_MD,Transcriptome
CKAP4,0.11694375,Secretory,Glioma_Tumor_MD,Transcriptome
CKB,-0.020306505,Cytosol,Glioma_Tumor_MD,Transcriptome
CLCC1,-0.1197154,Secretory,Glioma_Tumor_MD,Transcriptome
CLCN2,0.039072104,Secretory,Glioma_Tumor_MD,Transcriptome
CLCN3,-0.103230536,Secretory,Glioma_Tumor_MD,Transcriptome
CLCN6,0.04097749,Secretory,Glioma_Tumor_MD,Transcriptome
CLCN7,0.081174515,Secretory,Glioma_Tumor_MD,Transcriptome
CLDND1,-0.16486464,Secretory,Glioma_Tumor_MD,Transcriptome
CLIC1,-0.11944817,Cytosol,Glioma_Tumor_MD,Transcriptome
CLIC4,-0.08844712,Cytosol,Glioma_Tumor_MD,Transcriptome
CLIP1,-0.11148999,Cytosol,Glioma_Tumor_MD,Transcriptome
CLPB,0.057149094,Mitochondria,Glioma_Tumor_MD,Transcriptome
CLPTM1,0.042185646,Secretory,Glioma_Tumor_MD,Transcriptome
CLPTM1L,0.08358965,Secretory,Glioma_Tumor_MD,Transcriptome
CLUH,-0.06292351,Cytosol,Glioma_Tumor_MD,Transcriptome
CMAS,-0.17825176,Nucleus,Glioma_Tumor_MD,Transcriptome
CMBL,-0.08123502,Cytosol,Glioma_Tumor_MD,Transcriptome
CMC2,0.026805302,Mitochondria,Glioma_Tumor_MD,Transcriptome
CMPK1,-0.07106181,Cytosol,Glioma_Tumor_MD,Transcriptome
CNDP2,-0.105845615,Cytosol,Glioma_Tumor_MD,Transcriptome
CNEP1R1,0.00022205328,Secretory,Glioma_Tumor_MD,Transcriptome
CNN2,-0.11714433,Cytosol,Glioma_Tumor_MD,Transcriptome
CNNM3,0.030052755,Secretory,Glioma_Tumor_MD,Transcriptome
CNNM4,0.10546514,Secretory,Glioma_Tumor_MD,Transcriptome
CNOT4,-0.05033924,Cytosol,Glioma_Tumor_MD,Transcriptome
CNP,-0.0260697,Secretory,Glioma_Tumor_MD,Transcriptome
CNPY3,-0.2533396,Nucleus,Glioma_Tumor_MD,Transcriptome
CNST,-0.16908222,Secretory,Glioma_Tumor_MD,Transcriptome
CNTRL,-0.07183165,Cytosol,Glioma_Tumor_MD,Transcriptome
COA1,0.028522115,Mitochondria,Glioma_Tumor_MD,Transcriptome
COA3,0.09293913,Mitochondria,Glioma_Tumor_MD,Transcriptome
COA7,-0.11418586,Nucleus,Glioma_Tumor_MD,Transcriptome
COASY,-0.08234325,Cytosol,Glioma_Tumor_MD,Transcriptome
COG4,-0.06968926,Cytosol,Glioma_Tumor_MD,Transcriptome
COMMD4,-0.110149965,Cytosol,Glioma_Tumor_MD,Transcriptome
COMMD6,-0.0813102,Cytosol,Glioma_Tumor_MD,Transcriptome
COPA,-0.08080876,Cytosol,Glioma_Tumor_MD,Transcriptome
COPB2,-0.052283753,Cytosol,Glioma_Tumor_MD,Transcriptome
COPG1,-0.082041256,Cytosol,Glioma_Tumor_MD,Transcriptome
COPS4,-0.085893705,Cytosol,Glioma_Tumor_MD,Transcriptome
COPS7A,-0.06518953,Cytosol,Glioma_Tumor_MD,Transcriptome
COPZ1,-0.05413948,Cytosol,Glioma_Tumor_MD,Transcriptome
COQ3,-0.16517289,Secretory,Glioma_Tumor_MD,Transcriptome
COQ7,-0.16430771,Secretory,Glioma_Tumor_MD,Transcriptome
COQ9,0.07371252,Mitochondria,Glioma_Tumor_MD,Transcriptome
COX15,0.06496693,Mitochondria,Glioma_Tumor_MD,Transcriptome
COX16,0.03525649,Mitochondria,Glioma_Tumor_MD,Transcriptome
COX17,-0.14687505,Nucleus,Glioma_Tumor_MD,Transcriptome
COX20,0.025116518,Mitochondria,Glioma_Tumor_MD,Transcriptome
COX4I1,0.01788102,Mitochondria,Glioma_Tumor_MD,Transcriptome
COX5B,0.036372937,Mitochondria,Glioma_Tumor_MD,Transcriptome
COX6B1,0.058984797,Mitochondria,Glioma_Tumor_MD,Transcriptome
COX6C,0.07445685,Mitochondria,Glioma_Tumor_MD,Transcriptome
COX7A2,0.114336714,Mitochondria,Glioma_Tumor_MD,Transcriptome
COX7A2L,0.034714684,Mitochondria,Glioma_Tumor_MD,Transcriptome
COX7B,0.10419005,Mitochondria,Glioma_Tumor_MD,Transcriptome
COX7C,0.105100505,Mitochondria,Glioma_Tumor_MD,Transcriptome
CPD,0.10645089,Secretory,Glioma_Tumor_MD,Transcriptome
CPNE3,-0.043483056,Cytosol,Glioma_Tumor_MD,Transcriptome
CPOX,-0.08245215,Nucleus,Glioma_Tumor_MD,Transcriptome
CPSF6,-0.03414231,Nucleus,Glioma_Tumor_MD,Transcriptome
CPT1A,-0.21053426,Mitochondria,Glioma_Tumor_MD,Transcriptome
CPT2,-0.19998628,Mitochondria,Glioma_Tumor_MD,Transcriptome
CRABP2,-0.11378164,Cytosol,Glioma_Tumor_MD,Transcriptome
CRBN,-0.08182125,Cytosol,Glioma_Tumor_MD,Transcriptome
CREBBP,-0.10059807,Nucleus,Glioma_Tumor_MD,Transcriptome
CRELD1,-0.046396155,Secretory,Glioma_Tumor_MD,Transcriptome
CRIM1,0.09940955,Secretory,Glioma_Tumor_MD,Transcriptome
CRK,-0.061104104,Cytosol,Glioma_Tumor_MD,Transcriptome
CRKL,-0.05308646,Cytosol,Glioma_Tumor_MD,Transcriptome
CRLF3,-0.04976482,Cytosol,Glioma_Tumor_MD,Transcriptome
CRTAP,0.11354229,Secretory,Glioma_Tumor_MD,Transcriptome
CRTC1,-0.04352928,Cytosol,Glioma_Tumor_MD,Transcriptome
CRTC2,-0.06171901,Cytosol,Glioma_Tumor_MD,Transcriptome
CRTC3,-0.058404557,Cytosol,Glioma_Tumor_MD,Transcriptome
CSE1L,-0.1200144,Cytosol,Glioma_Tumor_MD,Transcriptome
CSK,-0.07041214,Cytosol,Glioma_Tumor_MD,Transcriptome
CSTB,-0.11602897,Cytosol,Glioma_Tumor_MD,Transcriptome
CSTF3,-0.051123016,Nucleus,Glioma_Tumor_MD,Transcriptome
CTBP1,-0.052217532,Nucleus,Glioma_Tumor_MD,Transcriptome
CTCF,-0.06181669,Nucleus,Glioma_Tumor_MD,Transcriptome
CTDP1,-0.04831333,Nucleus,Glioma_Tumor_MD,Transcriptome
CTH,-0.033162966,Cytosol,Glioma_Tumor_MD,Transcriptome
CTNNA1,0.1149555,Secretory,Glioma_Tumor_MD,Transcriptome
CTNNB1,-0.024350706,Mitochondria,Glioma_Tumor_MD,Transcriptome
CTNNBIP1,-0.033349544,Cytosol,Glioma_Tumor_MD,Transcriptome
CTNNBL1,-0.14184801,Nucleus,Glioma_Tumor_MD,Transcriptome
CTNND1,0.024377663,Mitochondria,Glioma_Tumor_MD,Transcriptome
CTPS1,-0.12130006,Cytosol,Glioma_Tumor_MD,Transcriptome
CTPS2,-0.1240096,Cytosol,Glioma_Tumor_MD,Transcriptome
CTR9,-0.17541184,Nucleus,Glioma_Tumor_MD,Transcriptome
CTTNBP2NL,-0.11393833,Cytosol,Glioma_Tumor_MD,Transcriptome
CTU2,-0.044070978,Cytosol,Glioma_Tumor_MD,Transcriptome
CUEDC2,-0.11836669,Cytosol,Glioma_Tumor_MD,Transcriptome
CUL1,-0.06736207,Cytosol,Glioma_Tumor_MD,Transcriptome
CUL9,-0.0388122,Cytosol,Glioma_Tumor_MD,Transcriptome
CUX1,0.05427788,Secretory,Glioma_Tumor_MD,Transcriptome
CWC22,-0.0713089,Nucleus,Glioma_Tumor_MD,Transcriptome
CXADR,-0.114271864,Secretory,Glioma_Tumor_MD,Transcriptome
CXXC1,-0.028605979,Nucleus,Glioma_Tumor_MD,Transcriptome
CXorf38,-0.115074225,Cytosol,Glioma_Tumor_MD,Transcriptome
CYB5A,-0.1461608,Secretory,Glioma_Tumor_MD,Transcriptome
CYB5B,0.049469363,Secretory,Glioma_Tumor_MD,Transcriptome
CYB5R3,-0.045077316,Secretory,Glioma_Tumor_MD,Transcriptome
CYB5R4,-0.11355607,Cytosol,Glioma_Tumor_MD,Transcriptome
CYC1,0.07244308,Mitochondria,Glioma_Tumor_MD,Transcriptome
CYP20A1,0.06542967,Secretory,Glioma_Tumor_MD,Transcriptome
CYP51A1,-0.04776138,Secretory,Glioma_Tumor_MD,Transcriptome
CYTH1,-0.027643094,Cytosol,Glioma_Tumor_MD,Transcriptome
CYTH3,-0.086311236,Cytosol,Glioma_Tumor_MD,Transcriptome
DAAM1,-0.05155289,Secretory,Glioma_Tumor_MD,Transcriptome
DAG1,0.07614521,Secretory,Glioma_Tumor_MD,Transcriptome
DAGLB,0.072640345,Secretory,Glioma_Tumor_MD,Transcriptome
DBI,-0.0979574,Cytosol,Glioma_Tumor_MD,Transcriptome
DBNL,-0.11043472,Cytosol,Glioma_Tumor_MD,Transcriptome
DCAF13,-0.10613977,Nucleus,Glioma_Tumor_MD,Transcriptome
DCTD,-0.11796802,Cytosol,Glioma_Tumor_MD,Transcriptome
DCTN1,-0.040952433,Cytosol,Glioma_Tumor_MD,Transcriptome
DCTN2,-0.118084416,Cytosol,Glioma_Tumor_MD,Transcriptome
DCTN4,-0.046981867,Cytosol,Glioma_Tumor_MD,Transcriptome
DCTN5,-0.122300036,Cytosol,Glioma_Tumor_MD,Transcriptome
DCTN6,-0.11578971,Cytosol,Glioma_Tumor_MD,Transcriptome
DCTPP1,-0.11687712,Cytosol,Glioma_Tumor_MD,Transcriptome
DCUN1D1,-0.101471454,Cytosol,Glioma_Tumor_MD,Transcriptome
DCUN1D3,0.10650861,Secretory,Glioma_Tumor_MD,Transcriptome
DDAH1,-0.12106168,Cytosol,Glioma_Tumor_MD,Transcriptome
DDB2,-0.26069057,Nucleus,Glioma_Tumor_MD,Transcriptome
DDHD2,-0.105445445,Cytosol,Glioma_Tumor_MD,Transcriptome
DDI2,-0.09516954,Cytosol,Glioma_Tumor_MD,Transcriptome
DDOST,0.09109962,Secretory,Glioma_Tumor_MD,Transcriptome
DDR1,0.069479965,Secretory,Glioma_Tumor_MD,Transcriptome
DDRGK1,0.060010977,Secretory,Glioma_Tumor_MD,Transcriptome
DDX10,-0.08086191,Nucleus,Glioma_Tumor_MD,Transcriptome
DDX18,-0.0825323,Nucleus,Glioma_Tumor_MD,Transcriptome
DDX20,-0.1070632,Nucleus,Glioma_Tumor_MD,Transcriptome
DDX24,-0.11476067,Nucleus,Glioma_Tumor_MD,Transcriptome
DDX28,-0.034382366,Secretory,Glioma_Tumor_MD,Transcriptome
DDX31,-0.028908113,Nucleus,Glioma_Tumor_MD,Transcriptome
DDX39A,-0.072295636,Nucleus,Glioma_Tumor_MD,Transcriptome
DDX39B,-0.028764037,Nucleus,Glioma_Tumor_MD,Transcriptome
DDX47,-0.032776058,Nucleus,Glioma_Tumor_MD,Transcriptome
DDX49,-0.04143672,Nucleus,Glioma_Tumor_MD,Transcriptome
DDX5,-0.07956319,Nucleus,Glioma_Tumor_MD,Transcriptome
DDX50,-0.06750364,Nucleus,Glioma_Tumor_MD,Transcriptome
DDX51,-0.07930331,Nucleus,Glioma_Tumor_MD,Transcriptome
DDX52,-0.04654476,Nucleus,Glioma_Tumor_MD,Transcriptome
DDX56,-0.15898801,Nucleus,Glioma_Tumor_MD,Transcriptome
DEGS1,0.093298815,Secretory,Glioma_Tumor_MD,Transcriptome
DENND4C,-0.0538826,Cytosol,Glioma_Tumor_MD,Transcriptome
DENR,-0.077781454,Cytosol,Glioma_Tumor_MD,Transcriptome
DEPDC5,-0.046470102,Cytosol,Glioma_Tumor_MD,Transcriptome
DERL2,0.08829399,Secretory,Glioma_Tumor_MD,Transcriptome
DFFA,-0.10625415,Cytosol,Glioma_Tumor_MD,Transcriptome
DGCR8,-0.021597777,Nucleus,Glioma_Tumor_MD,Transcriptome
DHCR7,-0.088729866,Secretory,Glioma_Tumor_MD,Transcriptome
DHFR,-0.11823502,Cytosol,Glioma_Tumor_MD,Transcriptome
DHODH,-0.06195394,Mitochondria,Glioma_Tumor_MD,Transcriptome
DHRS1,0.013375457,Secretory,Glioma_Tumor_MD,Transcriptome
DHRS3,0.11089707,Secretory,Glioma_Tumor_MD,Transcriptome
DHRS7,0.03298115,Secretory,Glioma_Tumor_MD,Transcriptome
DHRSX,0.03913577,Secretory,Glioma_Tumor_MD,Transcriptome
DHX16,-0.11641515,Nucleus,Glioma_Tumor_MD,Transcriptome
DHX30,0.0070202253,Secretory,Glioma_Tumor_MD,Transcriptome
DHX36,-0.033366878,Nucleus,Glioma_Tumor_MD,Transcriptome
DHX37,-0.11028194,Nucleus,Glioma_Tumor_MD,Transcriptome
DHX40,-0.12916002,Nucleus,Glioma_Tumor_MD,Transcriptome
DHX9,-0.08956928,Nucleus,Glioma_Tumor_MD,Transcriptome
DIABLO,-0.02843379,Nucleus,Glioma_Tumor_MD,Transcriptome
DIAPH1,-0.08626905,Cytosol,Glioma_Tumor_MD,Transcriptome
DIDO1,-0.057596516,Nucleus,Glioma_Tumor_MD,Transcriptome
DIMT1,-0.09638274,Nucleus,Glioma_Tumor_MD,Transcriptome
DIP2A,-0.03679616,Cytosol,Glioma_Tumor_MD,Transcriptome
DIP2B,-0.112038486,Cytosol,Glioma_Tumor_MD,Transcriptome
DIS3L2,-0.04148829,Cytosol,Glioma_Tumor_MD,Transcriptome
DKC1,-0.100386165,Nucleus,Glioma_Tumor_MD,Transcriptome
DLAT,0.025840174,Secretory,Glioma_Tumor_MD,Transcriptome
DLG1,0.032432273,Mitochondria,Glioma_Tumor_MD,Transcriptome
DLG5,0.039684154,Secretory,Glioma_Tumor_MD,Transcriptome
DLGAP5,-0.11813832,Cytosol,Glioma_Tumor_MD,Transcriptome
DNAJA3,-0.031496704,Mitochondria,Glioma_Tumor_MD,Transcriptome
DNAJB11,-0.008959143,Secretory,Glioma_Tumor_MD,Transcriptome
DNAJB12,-0.165188,Secretory,Glioma_Tumor_MD,Transcriptome
DNAJB14,-0.037476618,Secretory,Glioma_Tumor_MD,Transcriptome
DNAJB4,-0.078358404,Cytosol,Glioma_Tumor_MD,Transcriptome
DNAJC1,-0.16855422,Secretory,Glioma_Tumor_MD,Transcriptome
DNAJC10,0.061883412,Secretory,Glioma_Tumor_MD,Transcriptome
DNAJC11,0.1050687,Mitochondria,Glioma_Tumor_MD,Transcriptome
DNAJC13,0.04129485,Secretory,Glioma_Tumor_MD,Transcriptome
DNAJC16,0.10944102,Secretory,Glioma_Tumor_MD,Transcriptome
DNAJC19,0.052711,Mitochondria,Glioma_Tumor_MD,Transcriptome
DNAJC25,0.07948402,Secretory,Glioma_Tumor_MD,Transcriptome
DNAJC3,0.10956407,Secretory,Glioma_Tumor_MD,Transcriptome
DNAJC30,-0.13926806,Mitochondria,Glioma_Tumor_MD,Transcriptome
DNAJC5,0.05339007,Secretory,Glioma_Tumor_MD,Transcriptome
DNAJC7,-0.04797027,Cytosol,Glioma_Tumor_MD,Transcriptome
DNM2,-0.08500419,Cytosol,Glioma_Tumor_MD,Transcriptome
DNMBP,-0.1195044,Cytosol,Glioma_Tumor_MD,Transcriptome
DNTTIP1,-0.13516429,Nucleus,Glioma_Tumor_MD,Transcriptome
DNTTIP2,-0.14945495,Nucleus,Glioma_Tumor_MD,Transcriptome
DOCK9,-0.17073278,Secretory,Glioma_Tumor_MD,Transcriptome
DOHH,-0.033145115,Cytosol,Glioma_Tumor_MD,Transcriptome
DPF2,-0.08816683,Nucleus,Glioma_Tumor_MD,Transcriptome
DPH2,-0.10077172,Cytosol,Glioma_Tumor_MD,Transcriptome
DPH3,-0.07361675,Cytosol,Glioma_Tumor_MD,Transcriptome
DPH5,-0.119335875,Cytosol,Glioma_Tumor_MD,Transcriptome
DPH7,-0.053170815,Cytosol,Glioma_Tumor_MD,Transcriptome
DPM1,-0.007518196,Secretory,Glioma_Tumor_MD,Transcriptome
DPM3,-0.0839352,Secretory,Glioma_Tumor_MD,Transcriptome
DPP3,-0.05412452,Cytosol,Glioma_Tumor_MD,Transcriptome
DPY19L1,0.068332754,Secretory,Glioma_Tumor_MD,Transcriptome
DPY19L3,-0.036499646,Secretory,Glioma_Tumor_MD,Transcriptome
DPY19L4,-0.08145654,Secretory,Glioma_Tumor_MD,Transcriptome
DPYD,-0.10957825,Cytosol,Glioma_Tumor_MD,Transcriptome
DRG2,-0.082254715,Cytosol,Glioma_Tumor_MD,Transcriptome
DSTN,-0.08289365,Cytosol,Glioma_Tumor_MD,Transcriptome
DTD1,-0.120238796,Cytosol,Glioma_Tumor_MD,Transcriptome
DTNB,-0.0017307599,Mitochondria,Glioma_Tumor_MD,Transcriptome
DTNBP1,-0.05826561,Cytosol,Glioma_Tumor_MD,Transcriptome
DTYMK,-0.11828803,Cytosol,Glioma_Tumor_MD,Transcriptome
DUSP12,-0.12215407,Cytosol,Glioma_Tumor_MD,Transcriptome
DUSP14,-0.1035635,Cytosol,Glioma_Tumor_MD,Transcriptome
DUSP3,-0.11449339,Cytosol,Glioma_Tumor_MD,Transcriptome
DVL2,-0.039719507,Cytosol,Glioma_Tumor_MD,Transcriptome
DYNC1H1,-0.11418013,Cytosol,Glioma_Tumor_MD,Transcriptome
DYNC1I2,-0.12315029,Cytosol,Glioma_Tumor_MD,Transcriptome
DYNC1LI1,-0.121886805,Cytosol,Glioma_Tumor_MD,Transcriptome
DYNC1LI2,-0.11169802,Cytosol,Glioma_Tumor_MD,Transcriptome
DYNLRB1,-0.04153206,Cytosol,Glioma_Tumor_MD,Transcriptome
DYNLT3,-0.08679649,Cytosol,Glioma_Tumor_MD,Transcriptome
DYRK1A,-0.06963024,Cytosol,Glioma_Tumor_MD,Transcriptome
DZIP3,-0.14618635,Secretory,Glioma_Tumor_MD,Transcriptome
EBAG9,-0.14417627,Secretory,Glioma_Tumor_MD,Transcriptome
EBNA1BP2,-0.14607552,Nucleus,Glioma_Tumor_MD,Transcriptome
ECD,-0.11379642,Cytosol,Glioma_Tumor_MD,Transcriptome
ECE1,0.09898629,Secretory,Glioma_Tumor_MD,Transcriptome
ECI2,0.09031008,Secretory,Glioma_Tumor_MD,Transcriptome
ECSIT,0.008595618,Mitochondria,Glioma_Tumor_MD,Transcriptome
EDEM3,0.064015105,Secretory,Glioma_Tumor_MD,Transcriptome
EDF1,-0.08218658,Cytosol,Glioma_Tumor_MD,Transcriptome
EEF1A1,-0.10087497,Cytosol,Glioma_Tumor_MD,Transcriptome
EEF1B2,-0.10415873,Cytosol,Glioma_Tumor_MD,Transcriptome
EEF1D,-0.041164,Cytosol,Glioma_Tumor_MD,Transcriptome
EEF2,-0.07272343,Cytosol,Glioma_Tumor_MD,Transcriptome
EEF2K,-0.11838221,Cytosol,Glioma_Tumor_MD,Transcriptome
EFCAB14,0.089038655,Secretory,Glioma_Tumor_MD,Transcriptome
EFNB1,0.020655401,Secretory,Glioma_Tumor_MD,Transcriptome
EFR3A,0.087477535,Secretory,Glioma_Tumor_MD,Transcriptome
EGFR,0.0756375,Secretory,Glioma_Tumor_MD,Transcriptome
EHBP1,-0.10106695,Cytosol,Glioma_Tumor_MD,Transcriptome
EIF1AD,-0.077526756,Cytosol,Glioma_Tumor_MD,Transcriptome
EIF2AK3,0.06304375,Secretory,Glioma_Tumor_MD,Transcriptome
EIF2AK4,-0.11511615,Cytosol,Glioma_Tumor_MD,Transcriptome
EIF2B1,-0.093793385,Cytosol,Glioma_Tumor_MD,Transcriptome
EIF4EBP2,-0.11487855,Cytosol,Glioma_Tumor_MD,Transcriptome
EIF4H,-0.06685312,Cytosol,Glioma_Tumor_MD,Transcriptome
EIF6,-0.05829293,Cytosol,Glioma_Tumor_MD,Transcriptome
ELAVL1,-0.029966714,Nucleus,Glioma_Tumor_MD,Transcriptome
ELMO2,-0.037039857,Cytosol,Glioma_Tumor_MD,Transcriptome
ELMOD2,-0.03740504,Secretory,Glioma_Tumor_MD,Transcriptome
ELOVL1,0.11376738,Secretory,Glioma_Tumor_MD,Transcriptome
ELP4,-0.07594053,Cytosol,Glioma_Tumor_MD,Transcriptome
EMC1,0.09084443,Secretory,Glioma_Tumor_MD,Transcriptome
EMC10,0.08178486,Secretory,Glioma_Tumor_MD,Transcriptome
EMC3,0.052751217,Secretory,Glioma_Tumor_MD,Transcriptome
EMC4,0.081094,Secretory,Glioma_Tumor_MD,Transcriptome
EMC7,0.10622902,Secretory,Glioma_Tumor_MD,Transcriptome
EMC8,-0.134802,Secretory,Glioma_Tumor_MD,Transcriptome
EMD,0.061262727,Secretory,Glioma_Tumor_MD,Transcriptome
EML3,-0.10622496,Cytosol,Glioma_Tumor_MD,Transcriptome
EML4,-0.026348382,Cytosol,Glioma_Tumor_MD,Transcriptome
ENAH,-0.11555704,Cytosol,Glioma_Tumor_MD,Transcriptome
ENDOD1,0.11172674,Secretory,Glioma_Tumor_MD,Transcriptome
ENDOG,-0.025185436,Nucleus,Glioma_Tumor_MD,Transcriptome
ENO1,-0.09345641,Cytosol,Glioma_Tumor_MD,Transcriptome
ENO3,-0.02615169,Cytosol,Glioma_Tumor_MD,Transcriptome
ENOPH1,-0.12163987,Cytosol,Glioma_Tumor_MD,Transcriptome
ENSA,-0.081868015,Cytosol,Glioma_Tumor_MD,Transcriptome
EPB41,0.07036711,Mitochondria,Glioma_Tumor_MD,Transcriptome
EPB41L5,-0.16127174,Secretory,Glioma_Tumor_MD,Transcriptome
EPHB2,-0.16162015,Secretory,Glioma_Tumor_MD,Transcriptome
EPHB4,0.10522989,Secretory,Glioma_Tumor_MD,Transcriptome
EPHX1,0.09048847,Secretory,Glioma_Tumor_MD,Transcriptome
ERAL1,0.02591627,Mitochondria,Glioma_Tumor_MD,Transcriptome
ERBB2,0.11175073,Secretory,Glioma_Tumor_MD,Transcriptome
ERC1,-0.050175622,Cytosol,Glioma_Tumor_MD,Transcriptome
ERF,-0.019223195,Cytosol,Glioma_Tumor_MD,Transcriptome
ERGIC1,0.11454443,Secretory,Glioma_Tumor_MD,Transcriptome
ERGIC2,-0.08761667,Secretory,Glioma_Tumor_MD,Transcriptome
ERGIC3,0.09263402,Secretory,Glioma_Tumor_MD,Transcriptome
ERLEC1,0.07712006,Secretory,Glioma_Tumor_MD,Transcriptome
ERLIN1,0.11656703,Secretory,Glioma_Tumor_MD,Transcriptome
ERLIN2,-0.0979807,Secretory,Glioma_Tumor_MD,Transcriptome
ERMP1,-0.17084664,Secretory,Glioma_Tumor_MD,Transcriptome
ERP29,-0.24994877,Nucleus,Glioma_Tumor_MD,Transcriptome
ESF1,-0.15341699,Nucleus,Glioma_Tumor_MD,Transcriptome
ESYT1,0.11535765,Secretory,Glioma_Tumor_MD,Transcriptome
ESYT2,0.11560973,Secretory,Glioma_Tumor_MD,Transcriptome
ETF1,-0.109406516,Cytosol,Glioma_Tumor_MD,Transcriptome
ETFA,0.03978818,Mitochondria,Glioma_Tumor_MD,Transcriptome
ETFDH,-0.05755431,Mitochondria,Glioma_Tumor_MD,Transcriptome
EXD2,0.085181795,Mitochondria,Glioma_Tumor_MD,Transcriptome
EXOG,0.02333795,Mitochondria,Glioma_Tumor_MD,Transcriptome
EXOSC10,-0.042139903,Nucleus,Glioma_Tumor_MD,Transcriptome
EXOSC3,-0.029452503,Nucleus,Glioma_Tumor_MD,Transcriptome
EXOSC5,-0.050152868,Nucleus,Glioma_Tumor_MD,Transcriptome
EXOSC9,-0.06458512,Nucleus,Glioma_Tumor_MD,Transcriptome
EXT2,0.11051741,Secretory,Glioma_Tumor_MD,Transcriptome
EXTL3,0.072101824,Secretory,Glioma_Tumor_MD,Transcriptome
EZR,-0.05095379,Cytosol,Glioma_Tumor_MD,Transcriptome
FADS1,-0.16552828,Secretory,Glioma_Tumor_MD,Transcriptome
FAF2,0.02686627,Secretory,Glioma_Tumor_MD,Transcriptome
FAH,-0.114270695,Cytosol,Glioma_Tumor_MD,Transcriptome
FAIM,-0.04898929,Cytosol,Glioma_Tumor_MD,Transcriptome
FAM107B,-0.12231323,Cytosol,Glioma_Tumor_MD,Transcriptome
FAM111A,-0.13922907,Nucleus,Glioma_Tumor_MD,Transcriptome
FAM114A2,-0.061062142,Cytosol,Glioma_Tumor_MD,Transcriptome
FAM120A,-0.23180592,Nucleus,Glioma_Tumor_MD,Transcriptome
FAM136A,-0.15914676,Nucleus,Glioma_Tumor_MD,Transcriptome
FAM162A,-0.098609135,Mitochondria,Glioma_Tumor_MD,Transcriptome
FAM168A,-0.03569229,Cytosol,Glioma_Tumor_MD,Transcriptome
FAM177A1,-0.11005287,Secretory,Glioma_Tumor_MD,Transcriptome
FAM20B,-0.17130485,Secretory,Glioma_Tumor_MD,Transcriptome
FAM210A,-0.15463156,Mitochondria,Glioma_Tumor_MD,Transcriptome
FAM3C,0.0058551715,Secretory,Glioma_Tumor_MD,Transcriptome
FAM76A,-0.2238767,Nucleus,Glioma_Tumor_MD,Transcriptome
FAM76B,-0.04206592,Nucleus,Glioma_Tumor_MD,Transcriptome
FAM8A1,-0.1341371,Secretory,Glioma_Tumor_MD,Transcriptome
FAR1,-0.0431703,Secretory,Glioma_Tumor_MD,Transcriptome
FARP2,0.02735935,Mitochondria,Glioma_Tumor_MD,Transcriptome
FARSA,-0.064697415,Nucleus,Glioma_Tumor_MD,Transcriptome
FARSB,-0.055646114,Nucleus,Glioma_Tumor_MD,Transcriptome
FAS,0.10342729,Secretory,Glioma_Tumor_MD,Transcriptome
FASTKD2,0.040394053,Mitochondria,Glioma_Tumor_MD,Transcriptome
FASTKD5,-0.034822762,Mitochondria,Glioma_Tumor_MD,Transcriptome
FAT1,0.116887964,Secretory,Glioma_Tumor_MD,Transcriptome
FBL,-0.05328672,Nucleus,Glioma_Tumor_MD,Transcriptome
FBLIM1,-0.117681965,Cytosol,Glioma_Tumor_MD,Transcriptome
FBXO11,-0.035444666,Nucleus,Glioma_Tumor_MD,Transcriptome
FBXO28,-0.07421395,Nucleus,Glioma_Tumor_MD,Transcriptome
FBXO3,-0.0634051,Cytosol,Glioma_Tumor_MD,Transcriptome
FBXO30,-0.083946295,Cytosol,Glioma_Tumor_MD,Transcriptome
FCHSD2,-0.12009193,Cytosol,Glioma_Tumor_MD,Transcriptome
FDFT1,-0.16033538,Secretory,Glioma_Tumor_MD,Transcriptome
FDPS,-0.11562592,Cytosol,Glioma_Tumor_MD,Transcriptome
FER,-0.06965962,Cytosol,Glioma_Tumor_MD,Transcriptome
FHOD1,-0.105915315,Cytosol,Glioma_Tumor_MD,Transcriptome
FKBP14,-0.10124337,Nucleus,Glioma_Tumor_MD,Transcriptome
FKBP3,-0.10808172,Cytosol,Glioma_Tumor_MD,Transcriptome
FKBP4,-0.11658793,Cytosol,Glioma_Tumor_MD,Transcriptome
FKBP8,0.048746895,Secretory,Glioma_Tumor_MD,Transcriptome
FKBPL,-0.10455512,Cytosol,Glioma_Tumor_MD,Transcriptome
FLCN,-0.10909558,Cytosol,Glioma_Tumor_MD,Transcriptome
FLNA,-0.11433155,Cytosol,Glioma_Tumor_MD,Transcriptome
FLNB,-0.115018226,Cytosol,Glioma_Tumor_MD,Transcriptome
FLOT1,0.117033325,Secretory,Glioma_Tumor_MD,Transcriptome
FLOT2,0.084407136,Secretory,Glioma_Tumor_MD,Transcriptome
FLVCR1,-0.07238067,Secretory,Glioma_Tumor_MD,Transcriptome
FMNL2,-0.14375125,Secretory,Glioma_Tumor_MD,Transcriptome
FNBP1,-0.061557285,Cytosol,Glioma_Tumor_MD,Transcriptome
FNBP1L,-0.12238448,Cytosol,Glioma_Tumor_MD,Transcriptome
FNBP4,-0.029837595,Nucleus,Glioma_Tumor_MD,Transcriptome
FNDC3A,-0.0077707847,Secretory,Glioma_Tumor_MD,Transcriptome
FNDC3B,0.10466373,Secretory,Glioma_Tumor_MD,Transcriptome
FOXJ2,-0.118372045,Nucleus,Glioma_Tumor_MD,Transcriptome
FOXK1,-0.10730642,Nucleus,Glioma_Tumor_MD,Transcriptome
FOXK2,-0.087981924,Nucleus,Glioma_Tumor_MD,Transcriptome
FOXO3,-0.03154881,Cytosol,Glioma_Tumor_MD,Transcriptome
FOXRED1,0.061013423,Mitochondria,Glioma_Tumor_MD,Transcriptome
FPGT,-0.037130058,Cytosol,Glioma_Tumor_MD,Transcriptome
FRMD5,-0.16159219,Secretory,Glioma_Tumor_MD,Transcriptome
FSCN1,-0.01982899,Cytosol,Glioma_Tumor_MD,Transcriptome
FTSJ1,-0.1162583,Cytosol,Glioma_Tumor_MD,Transcriptome
FUNDC2,0.112054266,Mitochondria,Glioma_Tumor_MD,Transcriptome
FUT8,-0.113993846,Secretory,Glioma_Tumor_MD,Transcriptome
FXR2,-0.08818009,Nucleus,Glioma_Tumor_MD,Transcriptome
FYTTD1,-0.113518536,Nucleus,Glioma_Tumor_MD,Transcriptome
FZD7,0.10791723,Secretory,Glioma_Tumor_MD,Transcriptome
G6PD,-0.10341196,Cytosol,Glioma_Tumor_MD,Transcriptome
GABARAP,-0.062189013,Cytosol,Glioma_Tumor_MD,Transcriptome
GABARAPL1,-0.07670878,Cytosol,Glioma_Tumor_MD,Transcriptome
GABPA,-0.05983673,Nucleus,Glioma_Tumor_MD,Transcriptome
GADD45GIP1,-0.01050305,Secretory,Glioma_Tumor_MD,Transcriptome
GALE,-0.089800045,Cytosol,Glioma_Tumor_MD,Transcriptome
GALK1,-0.113773845,Cytosol,Glioma_Tumor_MD,Transcriptome
GALK2,-0.041561063,Cytosol,Glioma_Tumor_MD,Transcriptome
GALNT1,-0.08855082,Secretory,Glioma_Tumor_MD,Transcriptome
GALNT10,0.116007335,Secretory,Glioma_Tumor_MD,Transcriptome
GALNT11,0.09596392,Secretory,Glioma_Tumor_MD,Transcriptome
GALNT2,0.11387408,Secretory,Glioma_Tumor_MD,Transcriptome
GALNT7,0.06306343,Secretory,Glioma_Tumor_MD,Transcriptome
GAPDH,-0.10707925,Cytosol,Glioma_Tumor_MD,Transcriptome
GAR1,-0.08257053,Nucleus,Glioma_Tumor_MD,Transcriptome
GART,-0.11953049,Cytosol,Glioma_Tumor_MD,Transcriptome
GBA2,0.019844765,Secretory,Glioma_Tumor_MD,Transcriptome
GBE1,-0.109261066,Cytosol,Glioma_Tumor_MD,Transcriptome
GBP2,-0.1082968,Cytosol,Glioma_Tumor_MD,Transcriptome
GCLM,-0.11300329,Cytosol,Glioma_Tumor_MD,Transcriptome
GCSH,0.028245522,Mitochondria,Glioma_Tumor_MD,Transcriptome
GDAP1,0.06398399,Mitochondria,Glioma_Tumor_MD,Transcriptome
GDE1,0.050715912,Secretory,Glioma_Tumor_MD,Transcriptome
GDI2,-0.11700498,Cytosol,Glioma_Tumor_MD,Transcriptome
GDPD1,-0.1544112,Secretory,Glioma_Tumor_MD,Transcriptome
GEMIN5,-0.11175213,Cytosol,Glioma_Tumor_MD,Transcriptome
GGA1,-0.045264557,Cytosol,Glioma_Tumor_MD,Transcriptome
GGA3,-0.06009642,Cytosol,Glioma_Tumor_MD,Transcriptome
GGCT,-0.060126547,Cytosol,Glioma_Tumor_MD,Transcriptome
GGCX,0.105069,Secretory,Glioma_Tumor_MD,Transcriptome
GHITM,0.066620685,Mitochondria,Glioma_Tumor_MD,Transcriptome
GIPC1,-0.034518052,Cytosol,Glioma_Tumor_MD,Transcriptome
GLA,-0.25627357,Nucleus,Glioma_Tumor_MD,Transcriptome
GLCE,-0.16220348,Secretory,Glioma_Tumor_MD,Transcriptome
GLE1,-0.054801416,Nucleus,Glioma_Tumor_MD,Transcriptome
GLG1,0.07558551,Secretory,Glioma_Tumor_MD,Transcriptome
GLIPR2,0.007453168,Secretory,Glioma_Tumor_MD,Transcriptome
GLOD4,-0.101640396,Cytosol,Glioma_Tumor_MD,Transcriptome
GLRX,-0.1042834,Cytosol,Glioma_Tumor_MD,Transcriptome
GLRX3,-0.11446999,Cytosol,Glioma_Tumor_MD,Transcriptome
GLS,0.035137624,Mitochondria,Glioma_Tumor_MD,Transcriptome
GLT8D1,0.076468885,Secretory,Glioma_Tumor_MD,Transcriptome
GLUL,-0.11885449,Cytosol,Glioma_Tumor_MD,Transcriptome
GMFB,-0.08112921,Cytosol,Glioma_Tumor_MD,Transcriptome
GMIP,-0.10444236,Cytosol,Glioma_Tumor_MD,Transcriptome
GMPPA,-0.11749403,Cytosol,Glioma_Tumor_MD,Transcriptome
GMPPB,-0.11107333,Cytosol,Glioma_Tumor_MD,Transcriptome
GMPR2,-0.045853566,Cytosol,Glioma_Tumor_MD,Transcriptome
GNA13,0.058278453,Secretory,Glioma_Tumor_MD,Transcriptome
GNAI1,-0.16378576,Secretory,Glioma_Tumor_MD,Transcriptome
GNAI2,0.11467233,Secretory,Glioma_Tumor_MD,Transcriptome
GNAI3,0.06906122,Secretory,Glioma_Tumor_MD,Transcriptome
GNAQ,-0.14817849,Secretory,Glioma_Tumor_MD,Transcriptome
GNAS,0.048712246,Secretory,Glioma_Tumor_MD,Transcriptome
GNAZ,-0.053849336,Secretory,Glioma_Tumor_MD,Transcriptome
GNB1,0.048254777,Secretory,Glioma_Tumor_MD,Transcriptome
GNB1L,-0.013793254,Cytosol,Glioma_Tumor_MD,Transcriptome
GNB2,0.09345977,Secretory,Glioma_Tumor_MD,Transcriptome
GNB5,-0.042169172,Cytosol,Glioma_Tumor_MD,Transcriptome
GNL2,-0.22199744,Nucleus,Glioma_Tumor_MD,Transcriptome
GNPAT,-0.1577865,Secretory,Glioma_Tumor_MD,Transcriptome
GNPDA2,-0.086119354,Cytosol,Glioma_Tumor_MD,Transcriptome
GNPNAT1,-0.054663453,Cytosol,Glioma_Tumor_MD,Transcriptome
GNPTAB,-0.04261464,Secretory,Glioma_Tumor_MD,Transcriptome
GOLGA1,-0.09752395,Secretory,Glioma_Tumor_MD,Transcriptome
GOLGA2,0.07563508,Secretory,Glioma_Tumor_MD,Transcriptome
GOLGA3,-0.0919574,Cytosol,Glioma_Tumor_MD,Transcriptome
GOLGA4,-0.13862213,Nucleus,Glioma_Tumor_MD,Transcriptome
GOLGA5,-0.07542575,Secretory,Glioma_Tumor_MD,Transcriptome
GOLGA7,-0.15324758,Secretory,Glioma_Tumor_MD,Transcriptome
GOLGB1,0.10484266,Secretory,Glioma_Tumor_MD,Transcriptome
GOLIM4,0.10111101,Secretory,Glioma_Tumor_MD,Transcriptome
GOLM1,-0.07828425,Secretory,Glioma_Tumor_MD,Transcriptome
GOLPH3L,-0.10373756,Cytosol,Glioma_Tumor_MD,Transcriptome
GOLT1B,-0.0094640115,Secretory,Glioma_Tumor_MD,Transcriptome
GORASP1,0.039597906,Secretory,Glioma_Tumor_MD,Transcriptome
GORASP2,-0.034729958,Secretory,Glioma_Tumor_MD,Transcriptome
GOSR1,0.04999451,Secretory,Glioma_Tumor_MD,Transcriptome
GPATCH8,-0.10498452,Nucleus,Glioma_Tumor_MD,Transcriptome
GPCPD1,-0.045863952,Cytosol,Glioma_Tumor_MD,Transcriptome
GPD1L,-0.10363594,Cytosol,Glioma_Tumor_MD,Transcriptome
GPD2,0.07659506,Mitochondria,Glioma_Tumor_MD,Transcriptome
GPI,-0.056448724,Cytosol,Glioma_Tumor_MD,Transcriptome
GPN1,-0.09880316,Cytosol,Glioma_Tumor_MD,Transcriptome
GPN3,-0.113938,Cytosol,Glioma_Tumor_MD,Transcriptome
GPR107,0.07278345,Secretory,Glioma_Tumor_MD,Transcriptome
GPR108,0.10150136,Secretory,Glioma_Tumor_MD,Transcriptome
GPR180,-0.12875372,Secretory,Glioma_Tumor_MD,Transcriptome
GPSM1,-0.038027596,Cytosol,Glioma_Tumor_MD,Transcriptome
GPX4,-0.0474855,Cytosol,Glioma_Tumor_MD,Transcriptome
GPX8,0.108213514,Secretory,Glioma_Tumor_MD,Transcriptome
GRAMD1A,0.050726704,Secretory,Glioma_Tumor_MD,Transcriptome
GRAMD4,-0.04800689,Secretory,Glioma_Tumor_MD,Transcriptome
GRHPR,-0.076268494,Cytosol,Glioma_Tumor_MD,Transcriptome
GRIPAP1,-0.039024036,Cytosol,Glioma_Tumor_MD,Transcriptome
GRSF1,-0.048099354,Secretory,Glioma_Tumor_MD,Transcriptome
GSK3A,-0.03775563,Cytosol,Glioma_Tumor_MD,Transcriptome
GSK3B,-0.07031474,Cytosol,Glioma_Tumor_MD,Transcriptome
GSN,-0.104203895,Cytosol,Glioma_Tumor_MD,Transcriptome
GSPT1,-0.119792536,Cytosol,Glioma_Tumor_MD,Transcriptome
GSR,-0.094593756,Cytosol,Glioma_Tumor_MD,Transcriptome
GSS,-0.089751005,Cytosol,Glioma_Tumor_MD,Transcriptome
GSTO1,-0.1174269,Cytosol,Glioma_Tumor_MD,Transcriptome
GTF3A,-0.1111734,Cytosol,Glioma_Tumor_MD,Transcriptome
GTF3C2,-0.03138265,Nucleus,Glioma_Tumor_MD,Transcriptome
GTPBP10,-0.037900366,Secretory,Glioma_Tumor_MD,Transcriptome
GTPBP6,-0.04409186,Mitochondria,Glioma_Tumor_MD,Transcriptome
GUF1,0.03990833,Mitochondria,Glioma_Tumor_MD,Transcriptome
GUK1,-0.05515358,Cytosol,Glioma_Tumor_MD,Transcriptome
HADHA,0.028417913,Mitochondria,Glioma_Tumor_MD,Transcriptome
HADHB,-0.0411712,Mitochondria,Glioma_Tumor_MD,Transcriptome
HAGH,-0.041698325,Cytosol,Glioma_Tumor_MD,Transcriptome
HAUS3,-0.07447068,Cytosol,Glioma_Tumor_MD,Transcriptome
HAUS8,-0.11661234,Cytosol,Glioma_Tumor_MD,Transcriptome
HAX1,0.087993294,Mitochondria,Glioma_Tumor_MD,Transcriptome
HCCS,-0.045299444,Mitochondria,Glioma_Tumor_MD,Transcriptome
HCFC1,-0.090078115,Nucleus,Glioma_Tumor_MD,Transcriptome
HDAC2,-0.08636367,Nucleus,Glioma_Tumor_MD,Transcriptome
HDAC4,-0.043960933,Cytosol,Glioma_Tumor_MD,Transcriptome
HDAC7,-0.097246565,Cytosol,Glioma_Tumor_MD,Transcriptome
HDAC8,-0.04371626,Cytosol,Glioma_Tumor_MD,Transcriptome
HDDC2,-0.121647656,Cytosol,Glioma_Tumor_MD,Transcriptome
HDLBP,-0.26407743,Nucleus,Glioma_Tumor_MD,Transcriptome
HEATR1,-0.06849609,Nucleus,Glioma_Tumor_MD,Transcriptome
HEBP1,-0.11255232,Cytosol,Glioma_Tumor_MD,Transcriptome
HECTD4,-0.03941411,Cytosol,Glioma_Tumor_MD,Transcriptome
HELZ,-0.037853487,Nucleus,Glioma_Tumor_MD,Transcriptome
HELZ2,-0.18268369,Nucleus,Glioma_Tumor_MD,Transcriptome
HERC1,-0.108945236,Cytosol,Glioma_Tumor_MD,Transcriptome
HERC2,0.03906819,Secretory,Glioma_Tumor_MD,Transcriptome
HERC5,-0.2663582,Nucleus,Glioma_Tumor_MD,Transcriptome
HINT3,-0.15218665,Secretory,Glioma_Tumor_MD,Transcriptome
HIP1,-0.09018797,Mitochondria,Glioma_Tumor_MD,Transcriptome
HIRIP3,-0.08022807,Nucleus,Glioma_Tumor_MD,Transcriptome
HLA-A,0.11630052,Secretory,Glioma_Tumor_MD,Transcriptome
HLA-C,0.110117465,Secretory,Glioma_Tumor_MD,Transcriptome
HLA-E,0.11163539,Secretory,Glioma_Tumor_MD,Transcriptome
HLA-F,0.10801913,Secretory,Glioma_Tumor_MD,Transcriptome
HLTF,-0.06878549,Nucleus,Glioma_Tumor_MD,Transcriptome
HM13,0.074438184,Secretory,Glioma_Tumor_MD,Transcriptome
HMG20A,-0.105615094,Nucleus,Glioma_Tumor_MD,Transcriptome
HMGCS1,-0.12103321,Cytosol,Glioma_Tumor_MD,Transcriptome
HMGXB4,-0.022975417,Nucleus,Glioma_Tumor_MD,Transcriptome
HMOX2,-7.493905e-05,Secretory,Glioma_Tumor_MD,Transcriptome
HNRNPA0,-0.08439828,Nucleus,Glioma_Tumor_MD,Transcriptome
HNRNPA1,-0.07640527,Nucleus,Glioma_Tumor_MD,Transcriptome
HNRNPA2B1,-0.032714553,Nucleus,Glioma_Tumor_MD,Transcriptome
HNRNPA3,-0.03194614,Nucleus,Glioma_Tumor_MD,Transcriptome
HNRNPAB,-0.112770885,Nucleus,Glioma_Tumor_MD,Transcriptome
HNRNPC,-0.104607955,Nucleus,Glioma_Tumor_MD,Transcriptome
HNRNPD,-0.032705676,Nucleus,Glioma_Tumor_MD,Transcriptome
HNRNPDL,-0.048843704,Nucleus,Glioma_Tumor_MD,Transcriptome
HNRNPH1,-0.047006086,Nucleus,Glioma_Tumor_MD,Transcriptome
HNRNPH2,-0.14393829,Nucleus,Glioma_Tumor_MD,Transcriptome
HNRNPH3,-0.067138344,Nucleus,Glioma_Tumor_MD,Transcriptome
HNRNPK,-0.10093109,Nucleus,Glioma_Tumor_MD,Transcriptome
HNRNPL,-0.07413224,Nucleus,Glioma_Tumor_MD,Transcriptome
HNRNPM,-0.028653186,Nucleus,Glioma_Tumor_MD,Transcriptome
HNRNPR,-0.096345276,Nucleus,Glioma_Tumor_MD,Transcriptome
HNRNPUL1,-0.025910817,Nucleus,Glioma_Tumor_MD,Transcriptome
HOOK3,-0.09311316,Cytosol,Glioma_Tumor_MD,Transcriptome
HP1BP3,-0.07248105,Nucleus,Glioma_Tumor_MD,Transcriptome
HRAS,-0.01096216,Secretory,Glioma_Tumor_MD,Transcriptome
HS1BP3,-0.11189328,Cytosol,Glioma_Tumor_MD,Transcriptome
HS2ST1,0.060930226,Secretory,Glioma_Tumor_MD,Transcriptome
HSBP1,-0.12143191,Cytosol,Glioma_Tumor_MD,Transcriptome
HSD17B11,0.062005296,Secretory,Glioma_Tumor_MD,Transcriptome
HSD17B12,-0.0071786596,Secretory,Glioma_Tumor_MD,Transcriptome
HSD17B7,-0.08631587,Secretory,Glioma_Tumor_MD,Transcriptome
HSDL1,0.08405428,Mitochondria,Glioma_Tumor_MD,Transcriptome
HSP90AA1,-0.09354301,Cytosol,Glioma_Tumor_MD,Transcriptome
HSP90AB1,-0.110454604,Cytosol,Glioma_Tumor_MD,Transcriptome
HSPA14,-0.11368703,Cytosol,Glioma_Tumor_MD,Transcriptome
HSPA4,-0.095214136,Cytosol,Glioma_Tumor_MD,Transcriptome
HSPA4L,-0.09005809,Cytosol,Glioma_Tumor_MD,Transcriptome
HSPB1,-0.119067095,Cytosol,Glioma_Tumor_MD,Transcriptome
HSPB8,-0.0755886,Cytosol,Glioma_Tumor_MD,Transcriptome
HSPBP1,-0.022060188,Cytosol,Glioma_Tumor_MD,Transcriptome
HSPH1,-0.082230836,Cytosol,Glioma_Tumor_MD,Transcriptome
HTATIP2,0.09773889,Secretory,Glioma_Tumor_MD,Transcriptome
HTT,-0.054828096,Cytosol,Glioma_Tumor_MD,Transcriptome
IAH1,-0.09544103,Cytosol,Glioma_Tumor_MD,Transcriptome
IDE,-0.11713802,Cytosol,Glioma_Tumor_MD,Transcriptome
IDH1,-0.087643385,Cytosol,Glioma_Tumor_MD,Transcriptome
IDI1,-0.11486358,Cytosol,Glioma_Tumor_MD,Transcriptome
IDS,-0.22072144,Nucleus,Glioma_Tumor_MD,Transcriptome
IFIT5,-0.11680091,Cytosol,Glioma_Tumor_MD,Transcriptome
IFNGR1,0.11417006,Secretory,Glioma_Tumor_MD,Transcriptome
IFT27,-0.061689466,Cytosol,Glioma_Tumor_MD,Transcriptome
IFT81,-0.09807631,Cytosol,Glioma_Tumor_MD,Transcriptome
IFT88,-0.09554128,Cytosol,Glioma_Tumor_MD,Transcriptome
IGF1R,0.043679975,Secretory,Glioma_Tumor_MD,Transcriptome
IGF2BP2,-0.12991099,Nucleus,Glioma_Tumor_MD,Transcriptome
IGF2R,0.11094971,Secretory,Glioma_Tumor_MD,Transcriptome
IGSF3,0.005792601,Secretory,Glioma_Tumor_MD,Transcriptome
IGSF8,-0.0026935455,Secretory,Glioma_Tumor_MD,Transcriptome
IK,-0.14036421,Nucleus,Glioma_Tumor_MD,Transcriptome
IKBIP,0.10622355,Secretory,Glioma_Tumor_MD,Transcriptome
IL1RAP,0.068681866,Secretory,Glioma_Tumor_MD,Transcriptome
IL6ST,0.088802025,Secretory,Glioma_Tumor_MD,Transcriptome
ILF2,-0.10345513,Nucleus,Glioma_Tumor_MD,Transcriptome
ILF3,-0.040516056,Nucleus,Glioma_Tumor_MD,Transcriptome
ILVBL,0.06277775,Secretory,Glioma_Tumor_MD,Transcriptome
IMMT,0.079263404,Mitochondria,Glioma_Tumor_MD,Transcriptome
IMP3,-0.19296454,Nucleus,Glioma_Tumor_MD,Transcriptome
IMP4,-0.121335894,Nucleus,Glioma_Tumor_MD,Transcriptome
IMPA1,-0.07408036,Cytosol,Glioma_Tumor_MD,Transcriptome
IMPACT,-0.05711027,Cytosol,Glioma_Tumor_MD,Transcriptome
IMPDH1,-0.11866116,Cytosol,Glioma_Tumor_MD,Transcriptome
INCENP,-0.06374726,Nucleus,Glioma_Tumor_MD,Transcriptome
ING1,-0.07362608,Nucleus,Glioma_Tumor_MD,Transcriptome
ING5,-0.060519964,Nucleus,Glioma_Tumor_MD,Transcriptome
INO80,-0.234657,Nucleus,Glioma_Tumor_MD,Transcriptome
INPP1,-0.12356405,Cytosol,Glioma_Tumor_MD,Transcriptome
INPP4A,-0.107278176,Cytosol,Glioma_Tumor_MD,Transcriptome
INPP5A,-0.004416576,Secretory,Glioma_Tumor_MD,Transcriptome
INPP5K,0.04961551,Secretory,Glioma_Tumor_MD,Transcriptome
INPPL1,-0.100710385,Cytosol,Glioma_Tumor_MD,Transcriptome
INSR,0.060994223,Secretory,Glioma_Tumor_MD,Transcriptome
INTS3,-0.035610467,Nucleus,Glioma_Tumor_MD,Transcriptome
IQSEC2,-0.0700516,Cytosol,Glioma_Tumor_MD,Transcriptome
IRAK4,-0.0931523,Cytosol,Glioma_Tumor_MD,Transcriptome
IREB2,-0.025888126,Cytosol,Glioma_Tumor_MD,Transcriptome
IRF2BP1,-0.0364579,Nucleus,Glioma_Tumor_MD,Transcriptome
IRF2BPL,-0.16519547,Nucleus,Glioma_Tumor_MD,Transcriptome
IRF3,-0.11130934,Cytosol,Glioma_Tumor_MD,Transcriptome
IRF9,-0.028928975,Cytosol,Glioma_Tumor_MD,Transcriptome
IRS1,-0.0954083,Cytosol,Glioma_Tumor_MD,Transcriptome
IRS2,-0.09398175,Cytosol,Glioma_Tumor_MD,Transcriptome
ISG20L2,-0.07055526,Nucleus,Glioma_Tumor_MD,Transcriptome
IST1,-0.0834313,Cytosol,Glioma_Tumor_MD,Transcriptome
ITFG1,0.024040682,Secretory,Glioma_Tumor_MD,Transcriptome
ITGA2,0.09783695,Secretory,Glioma_Tumor_MD,Transcriptome
ITGA3,0.11743906,Secretory,Glioma_Tumor_MD,Transcriptome
ITGA5,0.116100155,Secretory,Glioma_Tumor_MD,Transcriptome
ITGA6,0.09145847,Secretory,Glioma_Tumor_MD,Transcriptome
ITGAV,0.0894408,Secretory,Glioma_Tumor_MD,Transcriptome
ITGB1,0.11183555,Secretory,Glioma_Tumor_MD,Transcriptome
ITGB4,0.10768673,Secretory,Glioma_Tumor_MD,Transcriptome
ITM2B,0.001240299,Secretory,Glioma_Tumor_MD,Transcriptome
ITM2C,0.012442541,Secretory,Glioma_Tumor_MD,Transcriptome
ITPA,-0.069408655,Cytosol,Glioma_Tumor_MD,Transcriptome
ITPKC,-0.11742825,Cytosol,Glioma_Tumor_MD,Transcriptome
ITPR2,0.07163131,Secretory,Glioma_Tumor_MD,Transcriptome
ITPR3,0.110464856,Secretory,Glioma_Tumor_MD,Transcriptome
IWS1,-0.08519314,Nucleus,Glioma_Tumor_MD,Transcriptome
JAGN1,-0.06832743,Secretory,Glioma_Tumor_MD,Transcriptome
JAK1,0.11170302,Secretory,Glioma_Tumor_MD,Transcriptome
JAK2,0.07486269,Secretory,Glioma_Tumor_MD,Transcriptome
JMJD1C,-0.06475251,Nucleus,Glioma_Tumor_MD,Transcriptome
JPH1,0.10244515,Secretory,Glioma_Tumor_MD,Transcriptome
JUP,-0.1375659,Mitochondria,Glioma_Tumor_MD,Transcriptome
KAT7,-0.026406234,Nucleus,Glioma_Tumor_MD,Transcriptome
KCMF1,-0.07872331,Cytosol,Glioma_Tumor_MD,Transcriptome
KDM1A,-0.09371082,Nucleus,Glioma_Tumor_MD,Transcriptome
KDM2A,-0.16880165,Nucleus,Glioma_Tumor_MD,Transcriptome
KDM3B,-0.02599056,Nucleus,Glioma_Tumor_MD,Transcriptome
KDM4A,-0.09093515,Nucleus,Glioma_Tumor_MD,Transcriptome
KDM5B,-0.08157346,Nucleus,Glioma_Tumor_MD,Transcriptome
KDSR,0.10377086,Secretory,Glioma_Tumor_MD,Transcriptome
KHK,-0.04132715,Cytosol,Glioma_Tumor_MD,Transcriptome
KIAA0319L,0.10731072,Secretory,Glioma_Tumor_MD,Transcriptome
KIAA0513,-0.05659264,Cytosol,Glioma_Tumor_MD,Transcriptome
KIDINS220,-0.15716429,Secretory,Glioma_Tumor_MD,Transcriptome
KIF13B,-0.09578448,Cytosol,Glioma_Tumor_MD,Transcriptome
KIF21A,-0.12376122,Cytosol,Glioma_Tumor_MD,Transcriptome
KIF3B,-0.06406701,Cytosol,Glioma_Tumor_MD,Transcriptome
KIF4A,-0.07612081,Nucleus,Glioma_Tumor_MD,Transcriptome
KIF5B,-0.11643406,Cytosol,Glioma_Tumor_MD,Transcriptome
KLC2,-0.040825535,Cytosol,Glioma_Tumor_MD,Transcriptome
KLC4,-0.029553011,Cytosol,Glioma_Tumor_MD,Transcriptome
KLHL11,-0.12216638,Cytosol,Glioma_Tumor_MD,Transcriptome
KLHL26,-0.08610941,Cytosol,Glioma_Tumor_MD,Transcriptome
KLHL36,-0.11483732,Cytosol,Glioma_Tumor_MD,Transcriptome
KMT2A,-0.07422511,Nucleus,Glioma_Tumor_MD,Transcriptome
KNTC1,-0.12256919,Cytosol,Glioma_Tumor_MD,Transcriptome
KPNA2,-0.11973051,Cytosol,Glioma_Tumor_MD,Transcriptome
KPNA4,-0.05041232,Cytosol,Glioma_Tumor_MD,Transcriptome
KRAS,-0.12800774,Secretory,Glioma_Tumor_MD,Transcriptome
KRI1,-0.035687134,Nucleus,Glioma_Tumor_MD,Transcriptome
KRR1,-0.039911263,Nucleus,Glioma_Tumor_MD,Transcriptome
KTN1,-0.102525115,Secretory,Glioma_Tumor_MD,Transcriptome
L2HGDH,0.051035333,Mitochondria,Glioma_Tumor_MD,Transcriptome
LACTB,0.10864984,Secretory,Glioma_Tumor_MD,Transcriptome
LAMA5,0.08738617,Secretory,Glioma_Tumor_MD,Transcriptome
LAMP1,0.11690533,Secretory,Glioma_Tumor_MD,Transcriptome
LAMP2,0.099993065,Secretory,Glioma_Tumor_MD,Transcriptome
LAMTOR1,-0.014545721,Secretory,Glioma_Tumor_MD,Transcriptome
LAMTOR3,-0.032552317,Secretory,Glioma_Tumor_MD,Transcriptome
LARP1,-0.13756976,Nucleus,Glioma_Tumor_MD,Transcriptome
LARP1B,-0.038895898,Nucleus,Glioma_Tumor_MD,Transcriptome
LARP4B,-0.06435255,Nucleus,Glioma_Tumor_MD,Transcriptome
LARP7,-0.0814433,Nucleus,Glioma_Tumor_MD,Transcriptome
LAS1L,-0.03855055,Nucleus,Glioma_Tumor_MD,Transcriptome
LASP1,-0.08502457,Cytosol,Glioma_Tumor_MD,Transcriptome
LBR,-0.10935424,Secretory,Glioma_Tumor_MD,Transcriptome
LCLAT1,-0.09912233,Secretory,Glioma_Tumor_MD,Transcriptome
LDHB,-0.07020554,Cytosol,Glioma_Tumor_MD,Transcriptome
LDLR,0.11097666,Secretory,Glioma_Tumor_MD,Transcriptome
LEMD2,-0.016829947,Mitochondria,Glioma_Tumor_MD,Transcriptome
LEMD3,-0.09378682,Nucleus,Glioma_Tumor_MD,Transcriptome
LEO1,-0.23168589,Nucleus,Glioma_Tumor_MD,Transcriptome
LETM1,-0.010775029,Mitochondria,Glioma_Tumor_MD,Transcriptome
LGALSL,-0.05110768,Cytosol,Glioma_Tumor_MD,Transcriptome
LIMD1,-0.115112185,Cytosol,Glioma_Tumor_MD,Transcriptome
LIMS1,-0.10455856,Cytosol,Glioma_Tumor_MD,Transcriptome
LIN7C,-0.08423559,Secretory,Glioma_Tumor_MD,Transcriptome
LLGL2,0.1029145,Secretory,Glioma_Tumor_MD,Transcriptome
LMAN1,0.098769315,Secretory,Glioma_Tumor_MD,Transcriptome
LMAN2,0.1112349,Secretory,Glioma_Tumor_MD,Transcriptome
LMAN2L,0.08075028,Secretory,Glioma_Tumor_MD,Transcriptome
LMBRD2,-0.07067358,Secretory,Glioma_Tumor_MD,Transcriptome
LMCD1,-0.11336312,Cytosol,Glioma_Tumor_MD,Transcriptome
LMNA,-0.2711016,Nucleus,Glioma_Tumor_MD,Transcriptome
LMNB1,-0.073857844,Nucleus,Glioma_Tumor_MD,Transcriptome
LMTK2,0.048694443,Secretory,Glioma_Tumor_MD,Transcriptome
LNPEP,0.078988686,Secretory,Glioma_Tumor_MD,Transcriptome
LPCAT1,0.06502841,Secretory,Glioma_Tumor_MD,Transcriptome
LPCAT2,0.10855656,Secretory,Glioma_Tumor_MD,Transcriptome
LPCAT4,0.041128073,Secretory,Glioma_Tumor_MD,Transcriptome
LPGAT1,-0.16235828,Secretory,Glioma_Tumor_MD,Transcriptome
LPIN2,-0.09982815,Cytosol,Glioma_Tumor_MD,Transcriptome
LPP,-0.0951324,Cytosol,Glioma_Tumor_MD,Transcriptome
LRCH4,0.06961722,Secretory,Glioma_Tumor_MD,Transcriptome
LRIF1,-0.1064301,Nucleus,Glioma_Tumor_MD,Transcriptome
LRP1,0.07171682,Secretory,Glioma_Tumor_MD,Transcriptome
LRP10,0.102772616,Secretory,Glioma_Tumor_MD,Transcriptome
LRP8,-0.1686308,Secretory,Glioma_Tumor_MD,Transcriptome
LRPAP1,-0.21841596,Nucleus,Glioma_Tumor_MD,Transcriptome
LRRC1,0.056133192,Mitochondria,Glioma_Tumor_MD,Transcriptome
LRRC59,0.028160473,Secretory,Glioma_Tumor_MD,Transcriptome
LRRC8A,0.029975586,Secretory,Glioma_Tumor_MD,Transcriptome
LRRC8B,-0.15659103,Secretory,Glioma_Tumor_MD,Transcriptome
LRRC8D,-0.16387403,Secretory,Glioma_Tumor_MD,Transcriptome
LRSAM1,-0.0374563,Cytosol,Glioma_Tumor_MD,Transcriptome
LSM1,-0.1152049,Cytosol,Glioma_Tumor_MD,Transcriptome
LSS,0.019182838,Secretory,Glioma_Tumor_MD,Transcriptome
LTA4H,-0.10171218,Cytosol,Glioma_Tumor_MD,Transcriptome
LYAR,-0.122490324,Nucleus,Glioma_Tumor_MD,Transcriptome
LYN,0.11054782,Secretory,Glioma_Tumor_MD,Transcriptome
LYPLA1,-0.05353491,Cytosol,Glioma_Tumor_MD,Transcriptome
LYRM1,0.10909159,Mitochondria,Glioma_Tumor_MD,Transcriptome
LYRM7,0.057665415,Mitochondria,Glioma_Tumor_MD,Transcriptome
LYSMD2,-0.12240773,Cytosol,Glioma_Tumor_MD,Transcriptome
LZIC,-0.11873604,Cytosol,Glioma_Tumor_MD,Transcriptome
LZTFL1,-0.08244292,Cytosol,Glioma_Tumor_MD,Transcriptome
M6PR,0.1172605,Secretory,Glioma_Tumor_MD,Transcriptome
MACROD1,-0.008921048,Mitochondria,Glioma_Tumor_MD,Transcriptome
MAD1L1,-0.028936548,Nucleus,Glioma_Tumor_MD,Transcriptome
MAD2L1,-0.120488405,Cytosol,Glioma_Tumor_MD,Transcriptome
MAFG,-0.2526185,Nucleus,Glioma_Tumor_MD,Transcriptome
MAGI3,-0.12361449,Cytosol,Glioma_Tumor_MD,Transcriptome
MALT1,-0.09060779,Cytosol,Glioma_Tumor_MD,Transcriptome
MAN1A2,-0.16581698,Secretory,Glioma_Tumor_MD,Transcriptome
MAN1B1,0.10132879,Secretory,Glioma_Tumor_MD,Transcriptome
MAN2A1,0.08514572,Secretory,Glioma_Tumor_MD,Transcriptome
MAN2A2,0.042541895,Secretory,Glioma_Tumor_MD,Transcriptome
MANBAL,0.04431157,Secretory,Glioma_Tumor_MD,Transcriptome
MAP2K1,-0.10956006,Cytosol,Glioma_Tumor_MD,Transcriptome
MAP3K7,-0.08699905,Cytosol,Glioma_Tumor_MD,Transcriptome
MAP4,-0.078071065,Cytosol,Glioma_Tumor_MD,Transcriptome
MAP4K2,-0.0866232,Cytosol,Glioma_Tumor_MD,Transcriptome
MAP4K3,-0.06483778,Cytosol,Glioma_Tumor_MD,Transcriptome
MAP4K5,-0.0848309,Cytosol,Glioma_Tumor_MD,Transcriptome
MAPK1,-0.056198344,Cytosol,Glioma_Tumor_MD,Transcriptome
MAPK12,-0.04133911,Cytosol,Glioma_Tumor_MD,Transcriptome
MAPK14,-0.090215206,Cytosol,Glioma_Tumor_MD,Transcriptome
MAPK8,-0.111767344,Cytosol,Glioma_Tumor_MD,Transcriptome
MAPK9,-0.113652565,Cytosol,Glioma_Tumor_MD,Transcriptome
MAPKAP1,-0.056438662,Cytosol,Glioma_Tumor_MD,Transcriptome
MAPRE1,-0.11901643,Cytosol,Glioma_Tumor_MD,Transcriptome
MAST4,-0.09960277,Cytosol,Glioma_Tumor_MD,Transcriptome
MAT2A,-0.05134751,Cytosol,Glioma_Tumor_MD,Transcriptome
MAT2B,-0.087562576,Cytosol,Glioma_Tumor_MD,Transcriptome
MATR3,-0.030694751,Nucleus,Glioma_Tumor_MD,Transcriptome
MAVS,-0.088662714,Mitochondria,Glioma_Tumor_MD,Transcriptome
MAX,-0.11666166,Nucleus,Glioma_Tumor_MD,Transcriptome
MBD1,-0.05201237,Nucleus,Glioma_Tumor_MD,Transcriptome
MBD2,-0.26939276,Nucleus,Glioma_Tumor_MD,Transcriptome
MBLAC2,-0.14686748,Secretory,Glioma_Tumor_MD,Transcriptome
MBOAT2,-0.14014952,Secretory,Glioma_Tumor_MD,Transcriptome
MBOAT7,0.07439382,Secretory,Glioma_Tumor_MD,Transcriptome
MCL1,-0.19731775,Mitochondria,Glioma_Tumor_MD,Transcriptome
MCM2,-0.07159658,Nucleus,Glioma_Tumor_MD,Transcriptome
MCM3,-0.07955734,Nucleus,Glioma_Tumor_MD,Transcriptome
MCM3AP,-0.16560175,Nucleus,Glioma_Tumor_MD,Transcriptome
MCU,0.060922664,Mitochondria,Glioma_Tumor_MD,Transcriptome
MCUR1,0.1102285,Mitochondria,Glioma_Tumor_MD,Transcriptome
MDH1,-0.09454628,Cytosol,Glioma_Tumor_MD,Transcriptome
MDK,0.11772743,Secretory,Glioma_Tumor_MD,Transcriptome
MDN1,-0.033634476,Nucleus,Glioma_Tumor_MD,Transcriptome
MECP2,-0.1021244,Nucleus,Glioma_Tumor_MD,Transcriptome
MEGF9,0.07417458,Secretory,Glioma_Tumor_MD,Transcriptome
MEMO1,-0.06404546,Cytosol,Glioma_Tumor_MD,Transcriptome
MEN1,-0.05124082,Nucleus,Glioma_Tumor_MD,Transcriptome
MEPCE,-0.114715844,Nucleus,Glioma_Tumor_MD,Transcriptome
METAP2,-0.10140304,Cytosol,Glioma_Tumor_MD,Transcriptome
METTL2B,-0.06715763,Cytosol,Glioma_Tumor_MD,Transcriptome
METTL5,-0.11035703,Cytosol,Glioma_Tumor_MD,Transcriptome
METTL9,-0.13553031,Secretory,Glioma_Tumor_MD,Transcriptome
MFF,0.06651824,Mitochondria,Glioma_Tumor_MD,Transcriptome
MFN1,0.052065566,Mitochondria,Glioma_Tumor_MD,Transcriptome
MFN2,-0.05994802,Mitochondria,Glioma_Tumor_MD,Transcriptome
MGAT1,0.10758545,Secretory,Glioma_Tumor_MD,Transcriptome
MGAT5,0.10706847,Secretory,Glioma_Tumor_MD,Transcriptome
MGME1,0.072155915,Mitochondria,Glioma_Tumor_MD,Transcriptome
MGRN1,0.051511373,Secretory,Glioma_Tumor_MD,Transcriptome
MGST3,-0.08985936,Mitochondria,Glioma_Tumor_MD,Transcriptome
MIA3,-0.1458281,Secretory,Glioma_Tumor_MD,Transcriptome
MICAL3,-0.04567874,Cytosol,Glioma_Tumor_MD,Transcriptome
MICU1,0.06288724,Mitochondria,Glioma_Tumor_MD,Transcriptome
MICU2,0.053608507,Mitochondria,Glioma_Tumor_MD,Transcriptome
MIEF1,0.017500212,Mitochondria,Glioma_Tumor_MD,Transcriptome
MIEN1,-0.08660009,Cytosol,Glioma_Tumor_MD,Transcriptome
MIF4GD,-0.033407576,Cytosol,Glioma_Tumor_MD,Transcriptome
MKI67,-0.07172394,Nucleus,Glioma_Tumor_MD,Transcriptome
MKNK1,-0.105675936,Cytosol,Glioma_Tumor_MD,Transcriptome
MLEC,0.109845564,Secretory,Glioma_Tumor_MD,Transcriptome
MLKL,-0.10861368,Cytosol,Glioma_Tumor_MD,Transcriptome
MLLT1,-0.1014769,Nucleus,Glioma_Tumor_MD,Transcriptome
MMAB,0.069888964,Mitochondria,Glioma_Tumor_MD,Transcriptome
MMGT1,-0.020687753,Secretory,Glioma_Tumor_MD,Transcriptome
MNAT1,-0.046660397,Nucleus,Glioma_Tumor_MD,Transcriptome
MOB2,-0.051838502,Cytosol,Glioma_Tumor_MD,Transcriptome
MOCS2,-0.07960757,Cytosol,Glioma_Tumor_MD,Transcriptome
MORC3,-0.061830215,Nucleus,Glioma_Tumor_MD,Transcriptome
MORF4L1,-0.20774539,Nucleus,Glioma_Tumor_MD,Transcriptome
MORF4L2,-0.12673302,Nucleus,Glioma_Tumor_MD,Transcriptome
MOSPD2,0.07351634,Secretory,Glioma_Tumor_MD,Transcriptome
MOV10,-0.2315511,Nucleus,Glioma_Tumor_MD,Transcriptome
MPHOSPH10,-0.113468096,Nucleus,Glioma_Tumor_MD,Transcriptome
MPHOSPH8,-0.052390333,Nucleus,Glioma_Tumor_MD,Transcriptome
MPI,-0.10405897,Cytosol,Glioma_Tumor_MD,Transcriptome
MPP7,0.08669368,Mitochondria,Glioma_Tumor_MD,Transcriptome
MPZL1,-0.16118693,Secretory,Glioma_Tumor_MD,Transcriptome
MRI1,-0.04911309,Cytosol,Glioma_Tumor_MD,Transcriptome
MRPL1,-0.049647756,Secretory,Glioma_Tumor_MD,Transcriptome
MRPL11,-0.11708679,Secretory,Glioma_Tumor_MD,Transcriptome
MRPL13,-0.07935308,Secretory,Glioma_Tumor_MD,Transcriptome
MRPL14,0.10171543,Mitochondria,Glioma_Tumor_MD,Transcriptome
MRPL15,-0.08808508,Secretory,Glioma_Tumor_MD,Transcriptome
MRPL16,-0.04044501,Secretory,Glioma_Tumor_MD,Transcriptome
MRPL17,0.044779144,Secretory,Glioma_Tumor_MD,Transcriptome
MRPL18,-0.15478888,Secretory,Glioma_Tumor_MD,Transcriptome
MRPL19,-0.10027037,Secretory,Glioma_Tumor_MD,Transcriptome
MRPL2,0.04001919,Secretory,Glioma_Tumor_MD,Transcriptome
MRPL21,-0.14062025,Secretory,Glioma_Tumor_MD,Transcriptome
MRPL22,-0.10650151,Secretory,Glioma_Tumor_MD,Transcriptome
MRPL24,-0.09127809,Secretory,Glioma_Tumor_MD,Transcriptome
MRPL27,-0.10879693,Secretory,Glioma_Tumor_MD,Transcriptome
MRPL28,-0.088227175,Secretory,Glioma_Tumor_MD,Transcriptome
MRPL3,-0.13987207,Secretory,Glioma_Tumor_MD,Transcriptome
MRPL34,0.06168952,Secretory,Glioma_Tumor_MD,Transcriptome
MRPL39,-0.091270074,Secretory,Glioma_Tumor_MD,Transcriptome
MRPL40,-0.08842548,Secretory,Glioma_Tumor_MD,Transcriptome
MRPL41,0.05429035,Secretory,Glioma_Tumor_MD,Transcriptome
MRPL42,-0.11491892,Secretory,Glioma_Tumor_MD,Transcriptome
MRPL43,-0.16763076,Secretory,Glioma_Tumor_MD,Transcriptome
MRPL45,-0.10451428,Secretory,Glioma_Tumor_MD,Transcriptome
MRPL46,-0.06517559,Secretory,Glioma_Tumor_MD,Transcriptome
MRPL47,-0.112025574,Secretory,Glioma_Tumor_MD,Transcriptome
MRPL48,-0.17122413,Secretory,Glioma_Tumor_MD,Transcriptome
MRPL49,0.079281576,Secretory,Glioma_Tumor_MD,Transcriptome
MRPL50,-0.15739265,Secretory,Glioma_Tumor_MD,Transcriptome
MRPL54,-0.041153193,Secretory,Glioma_Tumor_MD,Transcriptome
MRPL55,0.007256951,Secretory,Glioma_Tumor_MD,Transcriptome
MRPL9,-0.14732274,Secretory,Glioma_Tumor_MD,Transcriptome
MRPS10,-0.035013255,Secretory,Glioma_Tumor_MD,Transcriptome
MRPS11,0.05122052,Secretory,Glioma_Tumor_MD,Transcriptome
MRPS12,-0.049887784,Secretory,Glioma_Tumor_MD,Transcriptome
MRPS14,-0.15125643,Secretory,Glioma_Tumor_MD,Transcriptome
MRPS15,-0.01700389,Secretory,Glioma_Tumor_MD,Transcriptome
MRPS16,-0.16611464,Secretory,Glioma_Tumor_MD,Transcriptome
MRPS18A,-0.12328052,Secretory,Glioma_Tumor_MD,Transcriptome
MRPS18B,-0.11426377,Secretory,Glioma_Tumor_MD,Transcriptome
MRPS22,-0.10834166,Secretory,Glioma_Tumor_MD,Transcriptome
MRPS23,-0.12475696,Secretory,Glioma_Tumor_MD,Transcriptome
MRPS25,-0.05549302,Secretory,Glioma_Tumor_MD,Transcriptome
MRPS28,-0.111804314,Secretory,Glioma_Tumor_MD,Transcriptome
MRPS30,-0.08997376,Secretory,Glioma_Tumor_MD,Transcriptome
MRPS31,-0.13662092,Secretory,Glioma_Tumor_MD,Transcriptome
MRPS34,-0.068594635,Secretory,Glioma_Tumor_MD,Transcriptome
MRPS35,-0.11728534,Secretory,Glioma_Tumor_MD,Transcriptome
MRPS5,-0.05795046,Secretory,Glioma_Tumor_MD,Transcriptome
MRPS9,-0.097544625,Secretory,Glioma_Tumor_MD,Transcriptome
MSH3,-0.053496975,Nucleus,Glioma_Tumor_MD,Transcriptome
MSI2,-0.04317232,Nucleus,Glioma_Tumor_MD,Transcriptome
MSTO1,-0.119128965,Cytosol,Glioma_Tumor_MD,Transcriptome
MT-CO1,-0.117525026,Mitochondria,Glioma_Tumor_MD,Transcriptome
MT-CO2,-0.11513404,Mitochondria,Glioma_Tumor_MD,Transcriptome
MTA1,-0.02912493,Nucleus,Glioma_Tumor_MD,Transcriptome
MTCH1,0.031219695,Mitochondria,Glioma_Tumor_MD,Transcriptome
MTCH2,0.045756884,Mitochondria,Glioma_Tumor_MD,Transcriptome
MTDH,0.09084848,Secretory,Glioma_Tumor_MD,Transcriptome
MTFR1,0.063456774,Mitochondria,Glioma_Tumor_MD,Transcriptome
MTFR1L,0.017506981,Mitochondria,Glioma_Tumor_MD,Transcriptome
MTHFD1L,-0.20659974,Mitochondria,Glioma_Tumor_MD,Transcriptome
MTMR1,-0.10259873,Cytosol,Glioma_Tumor_MD,Transcriptome
MTMR12,-0.11898335,Cytosol,Glioma_Tumor_MD,Transcriptome
MTMR2,-0.08053316,Cytosol,Glioma_Tumor_MD,Transcriptome
MTMR3,-0.048783027,Cytosol,Glioma_Tumor_MD,Transcriptome
MTMR6,-0.07442613,Cytosol,Glioma_Tumor_MD,Transcriptome
MTPAP,0.0618274,Mitochondria,Glioma_Tumor_MD,Transcriptome
MTR,-0.03505372,Cytosol,Glioma_Tumor_MD,Transcriptome
MTX1,-0.09552528,Mitochondria,Glioma_Tumor_MD,Transcriptome
MTX2,0.061552227,Mitochondria,Glioma_Tumor_MD,Transcriptome
MTX3,0.03921675,Mitochondria,Glioma_Tumor_MD,Transcriptome
MUL1,-0.16236402,Mitochondria,Glioma_Tumor_MD,Transcriptome
MVD,-0.04867352,Cytosol,Glioma_Tumor_MD,Transcriptome
MVK,-0.070926726,Cytosol,Glioma_Tumor_MD,Transcriptome
MVP,-0.2644988,Nucleus,Glioma_Tumor_MD,Transcriptome
MXRA7,0.11677204,Secretory,Glioma_Tumor_MD,Transcriptome
MYBBP1A,-0.071269475,Nucleus,Glioma_Tumor_MD,Transcriptome
MYCBP2,-0.13919502,Secretory,Glioma_Tumor_MD,Transcriptome
MYO1B,0.09115226,Secretory,Glioma_Tumor_MD,Transcriptome
MYO9A,-0.06347445,Cytosol,Glioma_Tumor_MD,Transcriptome
MYO9B,-0.06870421,Cytosol,Glioma_Tumor_MD,Transcriptome
MYOF,0.11102213,Secretory,Glioma_Tumor_MD,Transcriptome
N4BP1,-0.057258584,Cytosol,Glioma_Tumor_MD,Transcriptome
NAA10,-0.10415188,Cytosol,Glioma_Tumor_MD,Transcriptome
NAA50,-0.04008633,Cytosol,Glioma_Tumor_MD,Transcriptome
NACA,-0.10690089,Cytosol,Glioma_Tumor_MD,Transcriptome
NAE1,-0.10428058,Cytosol,Glioma_Tumor_MD,Transcriptome
NAGK,-0.105909914,Cytosol,Glioma_Tumor_MD,Transcriptome
NAMPT,-0.104567274,Cytosol,Glioma_Tumor_MD,Transcriptome
NANP,-0.03895152,Cytosol,Glioma_Tumor_MD,Transcriptome
NANS,-0.11535146,Cytosol,Glioma_Tumor_MD,Transcriptome
NAP1L4,-0.11649264,Cytosol,Glioma_Tumor_MD,Transcriptome
NAPB,-0.123741336,Cytosol,Glioma_Tumor_MD,Transcriptome
NAPEPLD,-0.06254107,Secretory,Glioma_Tumor_MD,Transcriptome
NASP,-0.03661229,Nucleus,Glioma_Tumor_MD,Transcriptome
NAT1,-0.105108984,Cytosol,Glioma_Tumor_MD,Transcriptome
NAT10,-0.1789153,Nucleus,Glioma_Tumor_MD,Transcriptome
NAT14,-0.0013582458,Secretory,Glioma_Tumor_MD,Transcriptome
NBAS,-0.0284431,Secretory,Glioma_Tumor_MD,Transcriptome
NBN,-0.07401186,Nucleus,Glioma_Tumor_MD,Transcriptome
NCAPD3,-0.072354004,Nucleus,Glioma_Tumor_MD,Transcriptome
NCAPH2,-0.021588828,Nucleus,Glioma_Tumor_MD,Transcriptome
NCBP1,-0.031998545,Nucleus,Glioma_Tumor_MD,Transcriptome
NCEH1,0.116826095,Secretory,Glioma_Tumor_MD,Transcriptome
NCK1,-0.05113314,Cytosol,Glioma_Tumor_MD,Transcriptome
NCK2,-0.06023624,Cytosol,Glioma_Tumor_MD,Transcriptome
NCL,-0.12844974,Nucleus,Glioma_Tumor_MD,Transcriptome
NCLN,0.053346913,Secretory,Glioma_Tumor_MD,Transcriptome
NCOA5,-0.026485896,Nucleus,Glioma_Tumor_MD,Transcriptome
NCOR1,-0.11527967,Nucleus,Glioma_Tumor_MD,Transcriptome
NCOR2,-0.10763075,Nucleus,Glioma_Tumor_MD,Transcriptome
NDC1,-0.15048346,Secretory,Glioma_Tumor_MD,Transcriptome
NDC80,-0.118874185,Cytosol,Glioma_Tumor_MD,Transcriptome
NDE1,-0.06433985,Cytosol,Glioma_Tumor_MD,Transcriptome
NDEL1,-0.10880027,Cytosol,Glioma_Tumor_MD,Transcriptome
NDFIP1,-0.006922482,Secretory,Glioma_Tumor_MD,Transcriptome
NDRG1,-0.11537249,Cytosol,Glioma_Tumor_MD,Transcriptome
NDRG2,-0.12474028,Cytosol,Glioma_Tumor_MD,Transcriptome
NDRG3,-0.12172282,Cytosol,Glioma_Tumor_MD,Transcriptome
NDST1,0.062088307,Secretory,Glioma_Tumor_MD,Transcriptome
NDUFA10,0.023114001,Mitochondria,Glioma_Tumor_MD,Transcriptome
NDUFA12,0.09852869,Mitochondria,Glioma_Tumor_MD,Transcriptome
NDUFA2,0.043439552,Mitochondria,Glioma_Tumor_MD,Transcriptome
NDUFA3,0.033766527,Mitochondria,Glioma_Tumor_MD,Transcriptome
NDUFA4,0.099123165,Mitochondria,Glioma_Tumor_MD,Transcriptome
NDUFA5,0.055460792,Mitochondria,Glioma_Tumor_MD,Transcriptome
NDUFA8,0.09768246,Mitochondria,Glioma_Tumor_MD,Transcriptome
NDUFAB1,0.101840265,Mitochondria,Glioma_Tumor_MD,Transcriptome
NDUFAF1,-0.101179995,Mitochondria,Glioma_Tumor_MD,Transcriptome
NDUFAF2,0.06924994,Mitochondria,Glioma_Tumor_MD,Transcriptome
NDUFAF3,0.034720477,Mitochondria,Glioma_Tumor_MD,Transcriptome
NDUFAF4,0.08460671,Mitochondria,Glioma_Tumor_MD,Transcriptome
NDUFAF7,0.030306704,Mitochondria,Glioma_Tumor_MD,Transcriptome
NDUFB1,0.10297675,Mitochondria,Glioma_Tumor_MD,Transcriptome
NDUFB10,0.0075932955,Mitochondria,Glioma_Tumor_MD,Transcriptome
NDUFB11,0.11298146,Mitochondria,Glioma_Tumor_MD,Transcriptome
NDUFB3,0.05037175,Mitochondria,Glioma_Tumor_MD,Transcriptome
NDUFB4,0.081014164,Mitochondria,Glioma_Tumor_MD,Transcriptome
NDUFB5,0.06918629,Mitochondria,Glioma_Tumor_MD,Transcriptome
NDUFB6,0.11073063,Mitochondria,Glioma_Tumor_MD,Transcriptome
NDUFB7,-0.0046612713,Mitochondria,Glioma_Tumor_MD,Transcriptome
NDUFB8,0.06255984,Mitochondria,Glioma_Tumor_MD,Transcriptome
NDUFB9,0.070813596,Mitochondria,Glioma_Tumor_MD,Transcriptome
NDUFC2,0.08154064,Mitochondria,Glioma_Tumor_MD,Transcriptome
NDUFS1,0.07979955,Mitochondria,Glioma_Tumor_MD,Transcriptome
NDUFS2,0.09131047,Mitochondria,Glioma_Tumor_MD,Transcriptome
NDUFS3,-0.00045147754,Mitochondria,Glioma_Tumor_MD,Transcriptome
NDUFS4,0.10042291,Mitochondria,Glioma_Tumor_MD,Transcriptome
NDUFS5,0.10021199,Mitochondria,Glioma_Tumor_MD,Transcriptome
NDUFS6,0.031243723,Mitochondria,Glioma_Tumor_MD,Transcriptome
NDUFS7,-0.043013766,Mitochondria,Glioma_Tumor_MD,Transcriptome
NDUFS8,-0.002456158,Mitochondria,Glioma_Tumor_MD,Transcriptome
NDUFV1,0.03256645,Mitochondria,Glioma_Tumor_MD,Transcriptome
NDUFV2,0.028444605,Mitochondria,Glioma_Tumor_MD,Transcriptome
NDUFV3,-0.12657572,Mitochondria,Glioma_Tumor_MD,Transcriptome
NECAP1,-0.115967646,Cytosol,Glioma_Tumor_MD,Transcriptome
NECAP2,-0.115165345,Cytosol,Glioma_Tumor_MD,Transcriptome
NEK7,-0.10007084,Cytosol,Glioma_Tumor_MD,Transcriptome
NELFA,-0.059267495,Nucleus,Glioma_Tumor_MD,Transcriptome
NELFE,-0.12583289,Nucleus,Glioma_Tumor_MD,Transcriptome
NEO1,0.08171921,Secretory,Glioma_Tumor_MD,Transcriptome
NEURL4,0.03839071,Secretory,Glioma_Tumor_MD,Transcriptome
NFKB1,-0.10962321,Cytosol,Glioma_Tumor_MD,Transcriptome
NFKB2,-0.11424014,Cytosol,Glioma_Tumor_MD,Transcriptome
NFKBIB,-0.040774897,Cytosol,Glioma_Tumor_MD,Transcriptome
NFXL1,-0.09286676,Secretory,Glioma_Tumor_MD,Transcriptome
NGDN,-0.08534302,Nucleus,Glioma_Tumor_MD,Transcriptome
NGLY1,-0.029712642,Cytosol,Glioma_Tumor_MD,Transcriptome
NIF3L1,-0.11874635,Cytosol,Glioma_Tumor_MD,Transcriptome
NIFK,-0.112430625,Nucleus,Glioma_Tumor_MD,Transcriptome
NIP7,-0.17186634,Nucleus,Glioma_Tumor_MD,Transcriptome
NIPBL,-0.04426899,Nucleus,Glioma_Tumor_MD,Transcriptome
NIT2,-0.049976334,Cytosol,Glioma_Tumor_MD,Transcriptome
NKIRAS1,-0.10542475,Cytosol,Glioma_Tumor_MD,Transcriptome
NKRF,-0.07652167,Nucleus,Glioma_Tumor_MD,Transcriptome
NLRX1,-0.18782023,Mitochondria,Glioma_Tumor_MD,Transcriptome
NME1,-0.11655313,Cytosol,Glioma_Tumor_MD,Transcriptome
NME3,-0.17754169,Mitochondria,Glioma_Tumor_MD,Transcriptome
NMI,-0.10810429,Cytosol,Glioma_Tumor_MD,Transcriptome
NMT1,-0.24394365,Nucleus,Glioma_Tumor_MD,Transcriptome
NMT2,-0.1158627,Cytosol,Glioma_Tumor_MD,Transcriptome
NNT,0.08557607,Mitochondria,Glioma_Tumor_MD,Transcriptome
NOC2L,-0.09843744,Nucleus,Glioma_Tumor_MD,Transcriptome
NOC4L,-0.05011646,Nucleus,Glioma_Tumor_MD,Transcriptome
NOL10,-0.062901065,Nucleus,Glioma_Tumor_MD,Transcriptome
NOL11,-0.11271334,Nucleus,Glioma_Tumor_MD,Transcriptome
NOL6,-0.09224529,Nucleus,Glioma_Tumor_MD,Transcriptome
NOL7,-0.14911534,Nucleus,Glioma_Tumor_MD,Transcriptome
NOL8,-0.030278452,Nucleus,Glioma_Tumor_MD,Transcriptome
NOL9,-0.13180824,Nucleus,Glioma_Tumor_MD,Transcriptome
NOLC1,-0.07131854,Nucleus,Glioma_Tumor_MD,Transcriptome
NOM1,-0.053596582,Nucleus,Glioma_Tumor_MD,Transcriptome
NOMO1,-0.06585579,Secretory,Glioma_Tumor_MD,Transcriptome
NOP14,-0.12835176,Nucleus,Glioma_Tumor_MD,Transcriptome
NOP16,-0.052513942,Nucleus,Glioma_Tumor_MD,Transcriptome
NOP2,-0.028238326,Nucleus,Glioma_Tumor_MD,Transcriptome
NOP56,-0.07361895,Nucleus,Glioma_Tumor_MD,Transcriptome
NOP58,-0.071091205,Nucleus,Glioma_Tumor_MD,Transcriptome
NOP9,-0.09103813,Nucleus,Glioma_Tumor_MD,Transcriptome
NOTCH1,0.03962637,Secretory,Glioma_Tumor_MD,Transcriptome
NOTCH2,0.111823365,Secretory,Glioma_Tumor_MD,Transcriptome
NOTCH3,0.08423089,Secretory,Glioma_Tumor_MD,Transcriptome
NPC1,0.10495089,Secretory,Glioma_Tumor_MD,Transcriptome
NPEPL1,-0.04273193,Cytosol,Glioma_Tumor_MD,Transcriptome
NPEPPS,-0.06787416,Cytosol,Glioma_Tumor_MD,Transcriptome
NPM1,-0.14306079,Nucleus,Glioma_Tumor_MD,Transcriptome
NPM3,-0.11452841,Nucleus,Glioma_Tumor_MD,Transcriptome
NPTN,0.10340006,Secretory,Glioma_Tumor_MD,Transcriptome
NQO1,-0.11670632,Cytosol,Glioma_Tumor_MD,Transcriptome
NQO2,-0.11330664,Cytosol,Glioma_Tumor_MD,Transcriptome
NR3C1,-0.079112224,Cytosol,Glioma_Tumor_MD,Transcriptome
NRBP1,-0.11934546,Cytosol,Glioma_Tumor_MD,Transcriptome
NRF1,-0.03235383,Nucleus,Glioma_Tumor_MD,Transcriptome
NRP1,0.11208316,Secretory,Glioma_Tumor_MD,Transcriptome
NRP2,0.11675408,Secretory,Glioma_Tumor_MD,Transcriptome
NSDHL,-0.10855982,Secretory,Glioma_Tumor_MD,Transcriptome
NSF,-0.16171843,Secretory,Glioma_Tumor_MD,Transcriptome
NSFL1C,-0.061532915,Cytosol,Glioma_Tumor_MD,Transcriptome
NSL1,-0.06691303,Nucleus,Glioma_Tumor_MD,Transcriptome
NSMAF,-0.028198835,Cytosol,Glioma_Tumor_MD,Transcriptome
NSUN4,-0.20986924,Mitochondria,Glioma_Tumor_MD,Transcriptome
NSUN6,-0.11169364,Cytosol,Glioma_Tumor_MD,Transcriptome
NT5C,-0.054326866,Cytosol,Glioma_Tumor_MD,Transcriptome
NT5C2,-0.11455917,Cytosol,Glioma_Tumor_MD,Transcriptome
NT5C3B,-0.10915114,Cytosol,Glioma_Tumor_MD,Transcriptome
NT5DC1,-0.0808686,Cytosol,Glioma_Tumor_MD,Transcriptome
NT5E,0.057948865,Secretory,Glioma_Tumor_MD,Transcriptome
NTAN1,-0.11337392,Cytosol,Glioma_Tumor_MD,Transcriptome
NTHL1,-0.055906698,Nucleus,Glioma_Tumor_MD,Transcriptome
NUB1,-0.1068612,Cytosol,Glioma_Tumor_MD,Transcriptome
NUBPL,0.033294205,Mitochondria,Glioma_Tumor_MD,Transcriptome
NUDC,-0.0745295,Cytosol,Glioma_Tumor_MD,Transcriptome
NUDCD1,-0.10142083,Cytosol,Glioma_Tumor_MD,Transcriptome
NUDCD2,-0.08526054,Cytosol,Glioma_Tumor_MD,Transcriptome
NUDCD3,-0.072971776,Cytosol,Glioma_Tumor_MD,Transcriptome
NUDT1,-0.1178803,Cytosol,Glioma_Tumor_MD,Transcriptome
NUDT14,-0.11845742,Cytosol,Glioma_Tumor_MD,Transcriptome
NUDT15,-0.086512774,Cytosol,Glioma_Tumor_MD,Transcriptome
NUDT16,-0.09254992,Cytosol,Glioma_Tumor_MD,Transcriptome
NUDT2,-0.09287496,Cytosol,Glioma_Tumor_MD,Transcriptome
NUMB,0.08213124,Secretory,Glioma_Tumor_MD,Transcriptome
NUP107,-0.09117547,Nucleus,Glioma_Tumor_MD,Transcriptome
NUP133,-0.09969382,Nucleus,Glioma_Tumor_MD,Transcriptome
NUP153,-0.08250282,Nucleus,Glioma_Tumor_MD,Transcriptome
NUP155,-0.08663142,Nucleus,Glioma_Tumor_MD,Transcriptome
NUP205,-0.13796577,Nucleus,Glioma_Tumor_MD,Transcriptome
NUP210,-0.11688011,Nucleus,Glioma_Tumor_MD,Transcriptome
NUP50,-0.023080537,Nucleus,Glioma_Tumor_MD,Transcriptome
NUP93,-0.08981836,Nucleus,Glioma_Tumor_MD,Transcriptome
NUP98,-0.27969384,Nucleus,Glioma_Tumor_MD,Transcriptome
NXF1,-0.030270275,Nucleus,Glioma_Tumor_MD,Transcriptome
NXT2,-0.096631646,Nucleus,Glioma_Tumor_MD,Transcriptome
OARD1,-0.10011285,Cytosol,Glioma_Tumor_MD,Transcriptome
OBSL1,-0.040901534,Cytosol,Glioma_Tumor_MD,Transcriptome
OCIAD1,0.040978882,Mitochondria,Glioma_Tumor_MD,Transcriptome
OCIAD2,-0.20634454,Mitochondria,Glioma_Tumor_MD,Transcriptome
ODF2,0.06815876,Mitochondria,Glioma_Tumor_MD,Transcriptome
OGFR,-0.07454997,Cytosol,Glioma_Tumor_MD,Transcriptome
OLA1,-0.11826928,Cytosol,Glioma_Tumor_MD,Transcriptome
OMA1,0.030480871,Mitochondria,Glioma_Tumor_MD,Transcriptome
OPA1,0.06832404,Mitochondria,Glioma_Tumor_MD,Transcriptome
OS9,-0.15619308,Secretory,Glioma_Tumor_MD,Transcriptome
OSBPL2,-0.041774996,Cytosol,Glioma_Tumor_MD,Transcriptome
OSBPL5,0.10010808,Secretory,Glioma_Tumor_MD,Transcriptome
OSBPL8,-0.10762199,Secretory,Glioma_Tumor_MD,Transcriptome
OTUB1,-0.046054464,Cytosol,Glioma_Tumor_MD,Transcriptome
OXA1L,-0.20775671,Mitochondria,Glioma_Tumor_MD,Transcriptome
OXR1,-0.07922271,Cytosol,Glioma_Tumor_MD,Transcriptome
P2RX4,0.107722625,Secretory,Glioma_Tumor_MD,Transcriptome
P4HB,-0.27374148,Nucleus,Glioma_Tumor_MD,Transcriptome
PAAF1,-0.10318544,Cytosol,Glioma_Tumor_MD,Transcriptome
PABPC1,-0.09700521,Nucleus,Glioma_Tumor_MD,Transcriptome
PACSIN2,-0.050364584,Cytosol,Glioma_Tumor_MD,Transcriptome
PAF1,-0.071350425,Nucleus,Glioma_Tumor_MD,Transcriptome
PAIP1,-0.11545703,Cytosol,Glioma_Tumor_MD,Transcriptome
PAIP2,-0.11483462,Cytosol,Glioma_Tumor_MD,Transcriptome
PAK1,-0.09767556,Cytosol,Glioma_Tumor_MD,Transcriptome
PAK1IP1,-0.114808686,Nucleus,Glioma_Tumor_MD,Transcriptome
PAK2,-0.066693015,Cytosol,Glioma_Tumor_MD,Transcriptome
PALLD,-0.10694045,Cytosol,Glioma_Tumor_MD,Transcriptome
PAM,0.10875583,Secretory,Glioma_Tumor_MD,Transcriptome
PANK1,-0.117924355,Cytosol,Glioma_Tumor_MD,Transcriptome
PANK2,-0.024686344,Cytosol,Glioma_Tumor_MD,Transcriptome
PANK4,-0.042189296,Cytosol,Glioma_Tumor_MD,Transcriptome
PANX1,-0.13119295,Secretory,Glioma_Tumor_MD,Transcriptome
PAPSS2,-0.11433516,Cytosol,Glioma_Tumor_MD,Transcriptome
PARK7,-0.09730731,Cytosol,Glioma_Tumor_MD,Transcriptome
PARL,0.022930883,Mitochondria,Glioma_Tumor_MD,Transcriptome
PARP2,-0.0688824,Nucleus,Glioma_Tumor_MD,Transcriptome
PARP4,-0.2718168,Nucleus,Glioma_Tumor_MD,Transcriptome
PARVA,-0.1064754,Cytosol,Glioma_Tumor_MD,Transcriptome
PASK,-0.12254291,Cytosol,Glioma_Tumor_MD,Transcriptome
PATL1,-0.08776068,Cytosol,Glioma_Tumor_MD,Transcriptome
PATZ1,-0.017809294,Nucleus,Glioma_Tumor_MD,Transcriptome
PAXBP1,-0.031339582,Nucleus,Glioma_Tumor_MD,Transcriptome
PBDC1,-0.048032682,Cytosol,Glioma_Tumor_MD,Transcriptome
PBK,-0.11868053,Cytosol,Glioma_Tumor_MD,Transcriptome
PBXIP1,0.095748946,Secretory,Glioma_Tumor_MD,Transcriptome
PCBP1,-0.059346203,Cytosol,Glioma_Tumor_MD,Transcriptome
PCDH1,0.064569734,Secretory,Glioma_Tumor_MD,Transcriptome
PCF11,-0.032214668,Nucleus,Glioma_Tumor_MD,Transcriptome
PCGF5,-0.08616823,Nucleus,Glioma_Tumor_MD,Transcriptome
PCID2,-0.04215814,Cytosol,Glioma_Tumor_MD,Transcriptome
PCMT1,-0.12068862,Cytosol,Glioma_Tumor_MD,Transcriptome
PCNA,-0.11748984,Cytosol,Glioma_Tumor_MD,Transcriptome
PCYOX1,0.100917645,Secretory,Glioma_Tumor_MD,Transcriptome
PCYT2,-0.054950517,Cytosol,Glioma_Tumor_MD,Transcriptome
PDAP1,-0.06139365,Cytosol,Glioma_Tumor_MD,Transcriptome
PDCD10,-0.043963656,Cytosol,Glioma_Tumor_MD,Transcriptome
PDCD11,-0.06896941,Nucleus,Glioma_Tumor_MD,Transcriptome
PDCD2L,-0.053689077,Cytosol,Glioma_Tumor_MD,Transcriptome
PDCL3,-0.05889467,Cytosol,Glioma_Tumor_MD,Transcriptome
PDE5A,-0.05494806,Cytosol,Glioma_Tumor_MD,Transcriptome
PDE6D,-0.116068006,Cytosol,Glioma_Tumor_MD,Transcriptome
PDHX,-0.11572832,Secretory,Glioma_Tumor_MD,Transcriptome
PDK1,-0.0949269,Mitochondria,Glioma_Tumor_MD,Transcriptome
PDLIM5,-0.0728437,Cytosol,Glioma_Tumor_MD,Transcriptome
PDS5A,-0.07030758,Nucleus,Glioma_Tumor_MD,Transcriptome
PDS5B,-0.048702102,Nucleus,Glioma_Tumor_MD,Transcriptome
PDSS2,0.06554011,Mitochondria,Glioma_Tumor_MD,Transcriptome
PDXP,-0.021946093,Cytosol,Glioma_Tumor_MD,Transcriptome
PDZD8,-0.16739857,Secretory,Glioma_Tumor_MD,Transcriptome
PEBP1,-0.04781297,Cytosol,Glioma_Tumor_MD,Transcriptome
PEPD,-0.08608507,Cytosol,Glioma_Tumor_MD,Transcriptome
PEX11B,0.0832349,Secretory,Glioma_Tumor_MD,Transcriptome
PEX14,0.06209841,Secretory,Glioma_Tumor_MD,Transcriptome
PEX16,0.033851355,Secretory,Glioma_Tumor_MD,Transcriptome
PEX19,-0.048855633,Cytosol,Glioma_Tumor_MD,Transcriptome
PEX6,0.042981226,Secretory,Glioma_Tumor_MD,Transcriptome
PFAS,-0.089458235,Cytosol,Glioma_Tumor_MD,Transcriptome
PFDN1,-0.0761924,Cytosol,Glioma_Tumor_MD,Transcriptome
PFDN2,-0.11098932,Cytosol,Glioma_Tumor_MD,Transcriptome
PFDN5,-0.036881622,Cytosol,Glioma_Tumor_MD,Transcriptome
PFDN6,-0.10859238,Cytosol,Glioma_Tumor_MD,Transcriptome
PFKFB2,-0.055437315,Cytosol,Glioma_Tumor_MD,Transcriptome
PFKL,-0.10664634,Cytosol,Glioma_Tumor_MD,Transcriptome
PFN1,-0.11825126,Cytosol,Glioma_Tumor_MD,Transcriptome
PFN2,-0.119602546,Cytosol,Glioma_Tumor_MD,Transcriptome
PGAM1,-0.112455174,Cytosol,Glioma_Tumor_MD,Transcriptome
PGAM5,0.100311846,Mitochondria,Glioma_Tumor_MD,Transcriptome
PGAP1,-0.10254122,Secretory,Glioma_Tumor_MD,Transcriptome
PGK1,-0.09964697,Cytosol,Glioma_Tumor_MD,Transcriptome
PGM1,-0.089572124,Cytosol,Glioma_Tumor_MD,Transcriptome
PGM2,-0.093324564,Cytosol,Glioma_Tumor_MD,Transcriptome
PGM2L1,-0.099404596,Cytosol,Glioma_Tumor_MD,Transcriptome
PGM3,-0.08942125,Cytosol,Glioma_Tumor_MD,Transcriptome
PGP,-0.07396512,Cytosol,Glioma_Tumor_MD,Transcriptome
PGRMC1,-0.15930837,Secretory,Glioma_Tumor_MD,Transcriptome
PGRMC2,-0.007199497,Secretory,Glioma_Tumor_MD,Transcriptome
PGS1,-0.20782356,Mitochondria,Glioma_Tumor_MD,Transcriptome
PHACTR2,-0.1167242,Cytosol,Glioma_Tumor_MD,Transcriptome
PHACTR4,-0.059552465,Cytosol,Glioma_Tumor_MD,Transcriptome
PHB2,0.09858631,Mitochondria,Glioma_Tumor_MD,Transcriptome
PHF2,-0.020387653,Nucleus,Glioma_Tumor_MD,Transcriptome
PHGDH,-0.047513574,Cytosol,Glioma_Tumor_MD,Transcriptome
PHIP,-0.037755538,Nucleus,Glioma_Tumor_MD,Transcriptome
PHKA1,-0.10075141,Cytosol,Glioma_Tumor_MD,Transcriptome
PHKB,-0.05759718,Cytosol,Glioma_Tumor_MD,Transcriptome
PHKG2,-0.108612105,Cytosol,Glioma_Tumor_MD,Transcriptome
PHLPP1,-0.023032874,Cytosol,Glioma_Tumor_MD,Transcriptome
PHPT1,-0.06843343,Cytosol,Glioma_Tumor_MD,Transcriptome
PHYH,-0.16946357,Secretory,Glioma_Tumor_MD,Transcriptome
PHYKPL,-0.01947374,Cytosol,Glioma_Tumor_MD,Transcriptome
PI4K2A,0.10648632,Secretory,Glioma_Tumor_MD,Transcriptome
PI4KB,-0.04512636,Cytosol,Glioma_Tumor_MD,Transcriptome
PIGK,0.053118154,Secretory,Glioma_Tumor_MD,Transcriptome
PIGU,0.064515166,Secretory,Glioma_Tumor_MD,Transcriptome
PIH1D1,-0.05673625,Cytosol,Glioma_Tumor_MD,Transcriptome
PIK3CA,-0.083870694,Cytosol,Glioma_Tumor_MD,Transcriptome
PIN4,-0.11682519,Cytosol,Glioma_Tumor_MD,Transcriptome
PIP5K1A,0.10498214,Secretory,Glioma_Tumor_MD,Transcriptome
PIR,-0.10286603,Cytosol,Glioma_Tumor_MD,Transcriptome
PISD,0.013672958,Mitochondria,Glioma_Tumor_MD,Transcriptome
PITPNA,-0.080488645,Cytosol,Glioma_Tumor_MD,Transcriptome
PITPNB,-0.04984976,Cytosol,Glioma_Tumor_MD,Transcriptome
PITPNM3,0.050249588,Secretory,Glioma_Tumor_MD,Transcriptome
PKD2,0.07644333,Secretory,Glioma_Tumor_MD,Transcriptome
PKM,-0.119633265,Cytosol,Glioma_Tumor_MD,Transcriptome
PKNOX1,-0.11174684,Nucleus,Glioma_Tumor_MD,Transcriptome
PKP2,0.084991194,Mitochondria,Glioma_Tumor_MD,Transcriptome
PKP4,0.07441829,Mitochondria,Glioma_Tumor_MD,Transcriptome
PLA2G12A,-0.10952923,Secretory,Glioma_Tumor_MD,Transcriptome
PLAA,-0.12067877,Cytosol,Glioma_Tumor_MD,Transcriptome
PLAUR,0.11227691,Secretory,Glioma_Tumor_MD,Transcriptome
PLCB3,-0.11131573,Cytosol,Glioma_Tumor_MD,Transcriptome
PLCD1,0.110849895,Secretory,Glioma_Tumor_MD,Transcriptome
PLCD3,0.073005624,Secretory,Glioma_Tumor_MD,Transcriptome
PLCG1,-0.037226427,Cytosol,Glioma_Tumor_MD,Transcriptome
PLD1,0.10490955,Secretory,Glioma_Tumor_MD,Transcriptome
PLEKHA2,-0.11185343,Cytosol,Glioma_Tumor_MD,Transcriptome
PLGRKT,0.10306875,Mitochondria,Glioma_Tumor_MD,Transcriptome
PLRG1,-0.10336667,Nucleus,Glioma_Tumor_MD,Transcriptome
PLS3,-0.11820593,Cytosol,Glioma_Tumor_MD,Transcriptome
PLSCR1,0.10022106,Secretory,Glioma_Tumor_MD,Transcriptome
PLXNA1,0.08707616,Secretory,Glioma_Tumor_MD,Transcriptome
PLXNA2,0.053155843,Secretory,Glioma_Tumor_MD,Transcriptome
PLXNA3,0.055159856,Secretory,Glioma_Tumor_MD,Transcriptome
PLXNB2,0.09859361,Secretory,Glioma_Tumor_MD,Transcriptome
PLXND1,0.10291962,Secretory,Glioma_Tumor_MD,Transcriptome
PM20D2,-0.08631371,Cytosol,Glioma_Tumor_MD,Transcriptome
PMM1,-0.050099604,Cytosol,Glioma_Tumor_MD,Transcriptome
PMM2,-0.07752354,Cytosol,Glioma_Tumor_MD,Transcriptome
PMVK,-0.058797173,Cytosol,Glioma_Tumor_MD,Transcriptome
PNKD,-0.17624666,Mitochondria,Glioma_Tumor_MD,Transcriptome
PNN,-0.06523045,Nucleus,Glioma_Tumor_MD,Transcriptome
PNPLA6,0.061692845,Secretory,Glioma_Tumor_MD,Transcriptome
PNPLA8,0.062012877,Mitochondria,Glioma_Tumor_MD,Transcriptome
PNPO,-0.097566485,Cytosol,Glioma_Tumor_MD,Transcriptome
PODXL,0.11211805,Secretory,Glioma_Tumor_MD,Transcriptome
POGZ,-0.040123366,Nucleus,Glioma_Tumor_MD,Transcriptome
POLR1A,-0.090515904,Nucleus,Glioma_Tumor_MD,Transcriptome
POLR1E,-0.093081646,Nucleus,Glioma_Tumor_MD,Transcriptome
POLR2A,-0.13389042,Nucleus,Glioma_Tumor_MD,Transcriptome
POLR3B,-0.08609832,Nucleus,Glioma_Tumor_MD,Transcriptome
POLRMT,0.028588392,Secretory,Glioma_Tumor_MD,Transcriptome
POM121C,-0.12744884,Nucleus,Glioma_Tumor_MD,Transcriptome
POMGNT1,0.07401959,Secretory,Glioma_Tumor_MD,Transcriptome
POMK,-0.14538427,Secretory,Glioma_Tumor_MD,Transcriptome
PON2,0.020492522,Secretory,Glioma_Tumor_MD,Transcriptome
POP1,-0.08138147,Nucleus,Glioma_Tumor_MD,Transcriptome
POR,0.08538053,Secretory,Glioma_Tumor_MD,Transcriptome
PPA1,-0.118299104,Cytosol,Glioma_Tumor_MD,Transcriptome
PPAT,-0.12370431,Cytosol,Glioma_Tumor_MD,Transcriptome
PPCS,-0.10314822,Cytosol,Glioma_Tumor_MD,Transcriptome
PPHLN1,-0.043477993,Nucleus,Glioma_Tumor_MD,Transcriptome
PPIA,-0.08372514,Cytosol,Glioma_Tumor_MD,Transcriptome
PPID,-0.06905548,Cytosol,Glioma_Tumor_MD,Transcriptome
PPIL2,-0.017686093,Nucleus,Glioma_Tumor_MD,Transcriptome
PPIL3,-0.07423428,Cytosol,Glioma_Tumor_MD,Transcriptome
PPIP5K2,-0.062327757,Cytosol,Glioma_Tumor_MD,Transcriptome
PPM1A,-0.08951413,Cytosol,Glioma_Tumor_MD,Transcriptome
PPM1B,-0.06498577,Cytosol,Glioma_Tumor_MD,Transcriptome
PPM1F,-0.038633972,Cytosol,Glioma_Tumor_MD,Transcriptome
PPM1H,-0.12353768,Cytosol,Glioma_Tumor_MD,Transcriptome
PPM1L,-0.16275418,Secretory,Glioma_Tumor_MD,Transcriptome
PPME1,-0.061038774,Cytosol,Glioma_Tumor_MD,Transcriptome
PPP1CB,-0.07290982,Cytosol,Glioma_Tumor_MD,Transcriptome
PPP1R11,-0.099214405,Cytosol,Glioma_Tumor_MD,Transcriptome
PPP1R14B,-0.11046346,Cytosol,Glioma_Tumor_MD,Transcriptome
PPP1R16A,0.08052825,Secretory,Glioma_Tumor_MD,Transcriptome
PPP1R2,-0.052695252,Cytosol,Glioma_Tumor_MD,Transcriptome
PPP1R7,-0.06758933,Cytosol,Glioma_Tumor_MD,Transcriptome
PPP2R1A,-0.036935914,Cytosol,Glioma_Tumor_MD,Transcriptome
PPP2R1B,-0.045597523,Cytosol,Glioma_Tumor_MD,Transcriptome
PPP2R2A,-0.10764304,Cytosol,Glioma_Tumor_MD,Transcriptome
PPP2R3A,-0.114983276,Cytosol,Glioma_Tumor_MD,Transcriptome
PPP2R5C,-0.10677447,Cytosol,Glioma_Tumor_MD,Transcriptome
PPP2R5D,-0.038700253,Cytosol,Glioma_Tumor_MD,Transcriptome
PPP3CB,-0.113847524,Cytosol,Glioma_Tumor_MD,Transcriptome
PPP4C,-0.06944621,Cytosol,Glioma_Tumor_MD,Transcriptome
PPP4R1,-0.06834691,Cytosol,Glioma_Tumor_MD,Transcriptome
PPP5C,-0.024735084,Cytosol,Glioma_Tumor_MD,Transcriptome
PPP6R1,-0.06366339,Cytosol,Glioma_Tumor_MD,Transcriptome
PRDX1,-0.09036702,Cytosol,Glioma_Tumor_MD,Transcriptome
PRDX6,-0.11546248,Cytosol,Glioma_Tumor_MD,Transcriptome
PREB,0.06612829,Secretory,Glioma_Tumor_MD,Transcriptome
PREP,-0.123756476,Cytosol,Glioma_Tumor_MD,Transcriptome
PREPL,-0.116774336,Cytosol,Glioma_Tumor_MD,Transcriptome
PRKAB1,-0.08092249,Cytosol,Glioma_Tumor_MD,Transcriptome
PRKAB2,-0.107980415,Cytosol,Glioma_Tumor_MD,Transcriptome
PRKAR1B,-0.018774353,Cytosol,Glioma_Tumor_MD,Transcriptome
PRKCA,-0.040291823,Cytosol,Glioma_Tumor_MD,Transcriptome
PRKD2,-0.0709836,Cytosol,Glioma_Tumor_MD,Transcriptome
PRKRA,-0.04133376,Nucleus,Glioma_Tumor_MD,Transcriptome
PRMT3,-0.05642756,Cytosol,Glioma_Tumor_MD,Transcriptome
PRMT5,-0.10825147,Cytosol,Glioma_Tumor_MD,Transcriptome
PRNP,0.10041104,Secretory,Glioma_Tumor_MD,Transcriptome
PRPF19,-0.06359441,Nucleus,Glioma_Tumor_MD,Transcriptome
PRPF31,-0.045765035,Nucleus,Glioma_Tumor_MD,Transcriptome
PRPF38A,-0.09225759,Nucleus,Glioma_Tumor_MD,Transcriptome
PRPF40A,-0.07265302,Nucleus,Glioma_Tumor_MD,Transcriptome
PRPS2,-0.108557954,Cytosol,Glioma_Tumor_MD,Transcriptome
PRTFDC1,-0.11348582,Cytosol,Glioma_Tumor_MD,Transcriptome
PSEN1,-0.13142389,Secretory,Glioma_Tumor_MD,Transcriptome
PSMA1,-0.031761337,Cytosol,Glioma_Tumor_MD,Transcriptome
PSMA3,-0.06222435,Cytosol,Glioma_Tumor_MD,Transcriptome
PSMA4,-0.10488616,Cytosol,Glioma_Tumor_MD,Transcriptome
PSMA5,-0.05317553,Cytosol,Glioma_Tumor_MD,Transcriptome
PSMA6,-0.05021905,Cytosol,Glioma_Tumor_MD,Transcriptome
PSMA7,-0.06858519,Cytosol,Glioma_Tumor_MD,Transcriptome
PSMB2,-0.06742454,Cytosol,Glioma_Tumor_MD,Transcriptome
PSMB4,-0.05853223,Cytosol,Glioma_Tumor_MD,Transcriptome
PSMB5,-0.10820189,Cytosol,Glioma_Tumor_MD,Transcriptome
PSMB7,-0.116202794,Cytosol,Glioma_Tumor_MD,Transcriptome
PSMC1,-0.116240606,Cytosol,Glioma_Tumor_MD,Transcriptome
PSMC2,-0.056635816,Cytosol,Glioma_Tumor_MD,Transcriptome
PSMC3,-0.07809197,Cytosol,Glioma_Tumor_MD,Transcriptome
PSMC4,-0.05004253,Cytosol,Glioma_Tumor_MD,Transcriptome
PSMC5,-0.06463105,Cytosol,Glioma_Tumor_MD,Transcriptome
PSMD1,-0.07439955,Cytosol,Glioma_Tumor_MD,Transcriptome
PSMD11,-0.08359083,Cytosol,Glioma_Tumor_MD,Transcriptome
PSMD12,-0.04817266,Cytosol,Glioma_Tumor_MD,Transcriptome
PSMD13,-0.06880289,Cytosol,Glioma_Tumor_MD,Transcriptome
PSMD14,-0.073615745,Cytosol,Glioma_Tumor_MD,Transcriptome
PSMD2,-0.066709265,Cytosol,Glioma_Tumor_MD,Transcriptome
PSMD3,-0.06613622,Cytosol,Glioma_Tumor_MD,Transcriptome
PSMD7,-0.080499284,Cytosol,Glioma_Tumor_MD,Transcriptome
PSMD8,-0.068497576,Cytosol,Glioma_Tumor_MD,Transcriptome
PSMD9,-0.033098906,Cytosol,Glioma_Tumor_MD,Transcriptome
PSME4,-0.033239484,Cytosol,Glioma_Tumor_MD,Transcriptome
PSMG1,-0.037029196,Cytosol,Glioma_Tumor_MD,Transcriptome
PSMG4,-0.05137113,Cytosol,Glioma_Tumor_MD,Transcriptome
PSPC1,-0.04815274,Nucleus,Glioma_Tumor_MD,Transcriptome
PTDSS1,-0.066510685,Secretory,Glioma_Tumor_MD,Transcriptome
PTDSS2,0.05208658,Secretory,Glioma_Tumor_MD,Transcriptome
PTGES2,0.013024607,Mitochondria,Glioma_Tumor_MD,Transcriptome
PTGES3,-0.05685666,Cytosol,Glioma_Tumor_MD,Transcriptome
PTGFRN,0.09892751,Secretory,Glioma_Tumor_MD,Transcriptome
PTGR1,-0.117425196,Cytosol,Glioma_Tumor_MD,Transcriptome
PTK7,0.11493336,Secretory,Glioma_Tumor_MD,Transcriptome
PTP4A2,-0.10337127,Cytosol,Glioma_Tumor_MD,Transcriptome
PTPMT1,-0.09783538,Mitochondria,Glioma_Tumor_MD,Transcriptome
PTPN1,0.11413344,Secretory,Glioma_Tumor_MD,Transcriptome
PTPN11,-0.100150086,Cytosol,Glioma_Tumor_MD,Transcriptome
PTPN12,-0.11312954,Cytosol,Glioma_Tumor_MD,Transcriptome
PTPN13,-0.073059306,Secretory,Glioma_Tumor_MD,Transcriptome
PTPRA,0.05353907,Secretory,Glioma_Tumor_MD,Transcriptome
PTPRE,0.11356464,Secretory,Glioma_Tumor_MD,Transcriptome
PTPRF,0.07669966,Secretory,Glioma_Tumor_MD,Transcriptome
PTPRJ,0.10031095,Secretory,Glioma_Tumor_MD,Transcriptome
PTPRK,-0.16696516,Secretory,Glioma_Tumor_MD,Transcriptome
PTPRS,0.0005419024,Secretory,Glioma_Tumor_MD,Transcriptome
PTRH2,-0.041384164,Secretory,Glioma_Tumor_MD,Transcriptome
PTRHD1,-0.08282171,Cytosol,Glioma_Tumor_MD,Transcriptome
PTTG1IP,0.11225895,Secretory,Glioma_Tumor_MD,Transcriptome
PUS3,-0.10999893,Nucleus,Glioma_Tumor_MD,Transcriptome
PVR,0.07855711,Secretory,Glioma_Tumor_MD,Transcriptome
PXN,-0.094577685,Cytosol,Glioma_Tumor_MD,Transcriptome
PYCR1,0.07989687,Mitochondria,Glioma_Tumor_MD,Transcriptome
PYCR2,-0.18391804,Mitochondria,Glioma_Tumor_MD,Transcriptome
PYGL,-0.116844654,Cytosol,Glioma_Tumor_MD,Transcriptome
PYROXD1,-0.10256136,Cytosol,Glioma_Tumor_MD,Transcriptome
QDPR,-0.03742383,Cytosol,Glioma_Tumor_MD,Transcriptome
QPCTL,0.09676193,Secretory,Glioma_Tumor_MD,Transcriptome
QSOX1,0.10611292,Secretory,Glioma_Tumor_MD,Transcriptome
QSOX2,-0.16138504,Secretory,Glioma_Tumor_MD,Transcriptome
QTRT1,-0.043836482,Cytosol,Glioma_Tumor_MD,Transcriptome
R3HCC1,-0.063842885,Cytosol,Glioma_Tumor_MD,Transcriptome
R3HDM2,-0.04666786,Cytosol,Glioma_Tumor_MD,Transcriptome
RAB10,-0.0063002785,Secretory,Glioma_Tumor_MD,Transcriptome
RAB11A,-0.031650744,Secretory,Glioma_Tumor_MD,Transcriptome
RAB11FIP5,0.09467733,Secretory,Glioma_Tumor_MD,Transcriptome
RAB12,0.0035073112,Secretory,Glioma_Tumor_MD,Transcriptome
RAB13,0.11768321,Secretory,Glioma_Tumor_MD,Transcriptome
RAB14,-0.11286859,Secretory,Glioma_Tumor_MD,Transcriptome
RAB18,-0.16348298,Secretory,Glioma_Tumor_MD,Transcriptome
RAB1A,0.092567146,Secretory,Glioma_Tumor_MD,Transcriptome
RAB1B,0.06902069,Secretory,Glioma_Tumor_MD,Transcriptome
RAB21,0.028515201,Secretory,Glioma_Tumor_MD,Transcriptome
RAB22A,-0.025392838,Secretory,Glioma_Tumor_MD,Transcriptome
RAB23,0.07629864,Secretory,Glioma_Tumor_MD,Transcriptome
RAB24,0.026720589,Secretory,Glioma_Tumor_MD,Transcriptome
RAB27A,0.10563899,Secretory,Glioma_Tumor_MD,Transcriptome
RAB27B,-0.14187773,Secretory,Glioma_Tumor_MD,Transcriptome
RAB2A,-0.13064082,Secretory,Glioma_Tumor_MD,Transcriptome
RAB2B,-0.12734143,Secretory,Glioma_Tumor_MD,Transcriptome
RAB30,-0.14191112,Secretory,Glioma_Tumor_MD,Transcriptome
RAB31,-0.0014996586,Secretory,Glioma_Tumor_MD,Transcriptome
RAB32,0.1102256,Secretory,Glioma_Tumor_MD,Transcriptome
RAB33B,0.055662643,Secretory,Glioma_Tumor_MD,Transcriptome
RAB35,0.11048093,Secretory,Glioma_Tumor_MD,Transcriptome
RAB43,0.10731563,Secretory,Glioma_Tumor_MD,Transcriptome
RAB4A,-0.14207979,Secretory,Glioma_Tumor_MD,Transcriptome
RAB5A,-0.087181374,Secretory,Glioma_Tumor_MD,Transcriptome
RAB6A,-0.15810753,Secretory,Glioma_Tumor_MD,Transcriptome
RAB7A,0.059423562,Secretory,Glioma_Tumor_MD,Transcriptome
RAB8A,0.0639164,Secretory,Glioma_Tumor_MD,Transcriptome
RAB8B,-0.05410817,Secretory,Glioma_Tumor_MD,Transcriptome
RAB9A,-0.07924517,Secretory,Glioma_Tumor_MD,Transcriptome
RABAC1,-0.010588231,Secretory,Glioma_Tumor_MD,Transcriptome
RABEP1,-0.12447969,Cytosol,Glioma_Tumor_MD,Transcriptome
RABEPK,-0.100292504,Cytosol,Glioma_Tumor_MD,Transcriptome
RABGAP1,-0.09715362,Cytosol,Glioma_Tumor_MD,Transcriptome
RABGAP1L,-0.097848035,Cytosol,Glioma_Tumor_MD,Transcriptome
RABGGTA,-0.023383124,Cytosol,Glioma_Tumor_MD,Transcriptome
RABGGTB,-0.06893134,Cytosol,Glioma_Tumor_MD,Transcriptome
RABIF,-0.11946275,Cytosol,Glioma_Tumor_MD,Transcriptome
RABL3,0.036031257,Secretory,Glioma_Tumor_MD,Transcriptome
RABL6,-0.022136128,Cytosol,Glioma_Tumor_MD,Transcriptome
RAD21,-0.077674724,Nucleus,Glioma_Tumor_MD,Transcriptome
RAD23A,-0.04193619,Cytosol,Glioma_Tumor_MD,Transcriptome
RAD23B,-0.1192262,Cytosol,Glioma_Tumor_MD,Transcriptome
RAI1,-0.08879025,Nucleus,Glioma_Tumor_MD,Transcriptome
RALA,-0.06998823,Secretory,Glioma_Tumor_MD,Transcriptome
RALB,0.11523702,Secretory,Glioma_Tumor_MD,Transcriptome
RALGAPA2,-0.034668982,Cytosol,Glioma_Tumor_MD,Transcriptome
RALY,-0.04410531,Nucleus,Glioma_Tumor_MD,Transcriptome
RAN,-0.11737052,Cytosol,Glioma_Tumor_MD,Transcriptome
RANBP1,-0.062858365,Cytosol,Glioma_Tumor_MD,Transcriptome
RANBP2,-0.11958221,Nucleus,Glioma_Tumor_MD,Transcriptome
RANBP3,-0.050764907,Nucleus,Glioma_Tumor_MD,Transcriptome
RAP1A,0.06127866,Secretory,Glioma_Tumor_MD,Transcriptome
RAP1B,0.09839773,Secretory,Glioma_Tumor_MD,Transcriptome
RAP1GDS1,-0.12252976,Cytosol,Glioma_Tumor_MD,Transcriptome
RAP2A,-0.15809868,Secretory,Glioma_Tumor_MD,Transcriptome
RAP2B,0.10841687,Secretory,Glioma_Tumor_MD,Transcriptome
RAP2C,0.052492857,Secretory,Glioma_Tumor_MD,Transcriptome
RAPH1,-0.06809372,Cytosol,Glioma_Tumor_MD,Transcriptome
RASA1,-0.056475878,Cytosol,Glioma_Tumor_MD,Transcriptome
RBBP5,-0.12577681,Nucleus,Glioma_Tumor_MD,Transcriptome
RBBP9,-0.04417286,Cytosol,Glioma_Tumor_MD,Transcriptome
RBCK1,-0.073631346,Cytosol,Glioma_Tumor_MD,Transcriptome
RBKS,-0.10050702,Cytosol,Glioma_Tumor_MD,Transcriptome
RBM12B,-0.03769189,Nucleus,Glioma_Tumor_MD,Transcriptome
RBM14,-0.028277515,Nucleus,Glioma_Tumor_MD,Transcriptome
RBM15,-0.08203584,Nucleus,Glioma_Tumor_MD,Transcriptome
RBM15B,-0.04565287,Nucleus,Glioma_Tumor_MD,Transcriptome
RBM19,-0.093034625,Nucleus,Glioma_Tumor_MD,Transcriptome
RBM25,-0.036281124,Nucleus,Glioma_Tumor_MD,Transcriptome
RBM42,-0.047894824,Nucleus,Glioma_Tumor_MD,Transcriptome
RBM47,-0.2602432,Nucleus,Glioma_Tumor_MD,Transcriptome
RBM5,-0.03429572,Nucleus,Glioma_Tumor_MD,Transcriptome
RBM6,-0.034864243,Nucleus,Glioma_Tumor_MD,Transcriptome
RBMS2,-0.15197696,Nucleus,Glioma_Tumor_MD,Transcriptome
RBMX,-0.096563615,Nucleus,Glioma_Tumor_MD,Transcriptome
RBMXL1,-0.08388355,Nucleus,Glioma_Tumor_MD,Transcriptome
RBPJ,-0.06833551,Nucleus,Glioma_Tumor_MD,Transcriptome
RBX1,-0.05810547,Cytosol,Glioma_Tumor_MD,Transcriptome
RCC1,-0.073232904,Nucleus,Glioma_Tumor_MD,Transcriptome
RCL1,-0.074899174,Nucleus,Glioma_Tumor_MD,Transcriptome
RCN1,-0.27679172,Nucleus,Glioma_Tumor_MD,Transcriptome
RCOR1,-0.059473634,Nucleus,Glioma_Tumor_MD,Transcriptome
RCOR3,-0.030541068,Nucleus,Glioma_Tumor_MD,Transcriptome
RDH10,0.10049755,Secretory,Glioma_Tumor_MD,Transcriptome
RDH11,-0.13171715,Secretory,Glioma_Tumor_MD,Transcriptome
RDH13,-0.091610245,Mitochondria,Glioma_Tumor_MD,Transcriptome
RDH14,0.04468911,Secretory,Glioma_Tumor_MD,Transcriptome
RDX,-0.060102105,Cytosol,Glioma_Tumor_MD,Transcriptome
RECQL5,-0.15659149,Nucleus,Glioma_Tumor_MD,Transcriptome
REEP3,-0.15613337,Secretory,Glioma_Tumor_MD,Transcriptome
REEP4,0.11051457,Secretory,Glioma_Tumor_MD,Transcriptome
REEP5,0.09579291,Secretory,Glioma_Tumor_MD,Transcriptome
REL,-0.10553025,Cytosol,Glioma_Tumor_MD,Transcriptome
RELB,-0.11450671,Cytosol,Glioma_Tumor_MD,Transcriptome
RELL1,0.11226671,Secretory,Glioma_Tumor_MD,Transcriptome
RER1,0.10676302,Secretory,Glioma_Tumor_MD,Transcriptome
RETSAT,0.101662844,Secretory,Glioma_Tumor_MD,Transcriptome
REXO2,-0.08137037,Cytosol,Glioma_Tumor_MD,Transcriptome
REXO4,-0.053595405,Nucleus,Glioma_Tumor_MD,Transcriptome
RFC1,-0.0960078,Nucleus,Glioma_Tumor_MD,Transcriptome
RFFL,0.10622164,Secretory,Glioma_Tumor_MD,Transcriptome
RFX1,-0.09339432,Nucleus,Glioma_Tumor_MD,Transcriptome
RHBDD1,0.09591141,Secretory,Glioma_Tumor_MD,Transcriptome
RHBDF1,0.08622624,Secretory,Glioma_Tumor_MD,Transcriptome
RHBDF2,0.10494246,Secretory,Glioma_Tumor_MD,Transcriptome
RHEB,-0.05230254,Cytosol,Glioma_Tumor_MD,Transcriptome
RHOB,0.114318356,Secretory,Glioma_Tumor_MD,Transcriptome
RHOG,0.10620848,Secretory,Glioma_Tumor_MD,Transcriptome
RHOT1,0.07435577,Mitochondria,Glioma_Tumor_MD,Transcriptome
RHOT2,-0.08601882,Mitochondria,Glioma_Tumor_MD,Transcriptome
RICTOR,-0.11316599,Cytosol,Glioma_Tumor_MD,Transcriptome
RIF1,-0.05039339,Nucleus,Glioma_Tumor_MD,Transcriptome
RIN3,-0.1008124,Cytosol,Glioma_Tumor_MD,Transcriptome
RMDN1,-0.05776783,Nucleus,Glioma_Tumor_MD,Transcriptome
RMDN2,0.027928593,Mitochondria,Glioma_Tumor_MD,Transcriptome
RMDN3,-0.15797797,Mitochondria,Glioma_Tumor_MD,Transcriptome
RMND1,0.040035762,Mitochondria,Glioma_Tumor_MD,Transcriptome
RNF123,-0.046117514,Cytosol,Glioma_Tumor_MD,Transcriptome
RNF126,-0.02459941,Cytosol,Glioma_Tumor_MD,Transcriptome
RNF13,-0.047460094,Secretory,Glioma_Tumor_MD,Transcriptome
RNF14,-0.07706724,Cytosol,Glioma_Tumor_MD,Transcriptome
RNF146,-0.11499901,Cytosol,Glioma_Tumor_MD,Transcriptome
RNF169,-0.033830833,Nucleus,Glioma_Tumor_MD,Transcriptome
RNF170,-0.12358404,Secretory,Glioma_Tumor_MD,Transcriptome
RNF2,-0.09694511,Nucleus,Glioma_Tumor_MD,Transcriptome
RNF20,-0.074761115,Nucleus,Glioma_Tumor_MD,Transcriptome
RNF216,-0.07241546,Cytosol,Glioma_Tumor_MD,Transcriptome
RNF25,-0.06796357,Cytosol,Glioma_Tumor_MD,Transcriptome
RNF40,-0.09210073,Nucleus,Glioma_Tumor_MD,Transcriptome
RNF5,-0.15720683,Secretory,Glioma_Tumor_MD,Transcriptome
RNMT,-0.064734764,Nucleus,Glioma_Tumor_MD,Transcriptome
RNPC3,-0.031619016,Nucleus,Glioma_Tumor_MD,Transcriptome
RNPEP,-0.10818908,Cytosol,Glioma_Tumor_MD,Transcriptome
RNPS1,-0.042922243,Nucleus,Glioma_Tumor_MD,Transcriptome
ROCK1,-0.089489006,Cytosol,Glioma_Tumor_MD,Transcriptome
ROCK2,-0.053222235,Cytosol,Glioma_Tumor_MD,Transcriptome
RP2,0.07648615,Secretory,Glioma_Tumor_MD,Transcriptome
RPAIN,-0.031288333,Nucleus,Glioma_Tumor_MD,Transcriptome
RPE,-0.047949225,Cytosol,Glioma_Tumor_MD,Transcriptome
RPF2,-0.12992688,Nucleus,Glioma_Tumor_MD,Transcriptome
RPL10,-0.06644336,Nucleus,Glioma_Tumor_MD,Transcriptome
RPL11,-0.073656574,Nucleus,Glioma_Tumor_MD,Transcriptome
RPL12,-0.06828222,Nucleus,Glioma_Tumor_MD,Transcriptome
RPL13A,-0.07145436,Nucleus,Glioma_Tumor_MD,Transcriptome
RPL14,-0.079134986,Nucleus,Glioma_Tumor_MD,Transcriptome
RPL15,-0.09272497,Nucleus,Glioma_Tumor_MD,Transcriptome
RPL18,-0.07151332,Nucleus,Glioma_Tumor_MD,Transcriptome
RPL18A,-0.06932045,Nucleus,Glioma_Tumor_MD,Transcriptome
RPL21,-0.07104882,Nucleus,Glioma_Tumor_MD,Transcriptome
RPL23A,-0.07677017,Nucleus,Glioma_Tumor_MD,Transcriptome
RPL27,-0.07264913,Nucleus,Glioma_Tumor_MD,Transcriptome
RPL28,-0.04726921,Nucleus,Glioma_Tumor_MD,Transcriptome
RPL3,-0.05427363,Nucleus,Glioma_Tumor_MD,Transcriptome
RPL30,-0.075941876,Nucleus,Glioma_Tumor_MD,Transcriptome
RPL34,-0.07004701,Nucleus,Glioma_Tumor_MD,Transcriptome
RPL35A,-0.075614385,Nucleus,Glioma_Tumor_MD,Transcriptome
RPL36,-0.072542414,Nucleus,Glioma_Tumor_MD,Transcriptome
RPL37A,-0.08355086,Nucleus,Glioma_Tumor_MD,Transcriptome
RPL4,-0.0630582,Nucleus,Glioma_Tumor_MD,Transcriptome
RPL6,-0.075895704,Nucleus,Glioma_Tumor_MD,Transcriptome
RPL7,-0.07174,Nucleus,Glioma_Tumor_MD,Transcriptome
RPL7A,-0.0666263,Nucleus,Glioma_Tumor_MD,Transcriptome
RPL9,-0.06591063,Nucleus,Glioma_Tumor_MD,Transcriptome
RPLP0,-0.07170838,Nucleus,Glioma_Tumor_MD,Transcriptome
RPLP2,-0.06830376,Nucleus,Glioma_Tumor_MD,Transcriptome
RPN1,0.08472893,Secretory,Glioma_Tumor_MD,Transcriptome
RPN2,0.09505452,Secretory,Glioma_Tumor_MD,Transcriptome
RPRD2,-0.076116465,Nucleus,Glioma_Tumor_MD,Transcriptome
RPS4X,-0.06764005,Nucleus,Glioma_Tumor_MD,Transcriptome
RPS6KA1,-0.10800551,Cytosol,Glioma_Tumor_MD,Transcriptome
RPS6KB1,-0.059646048,Cytosol,Glioma_Tumor_MD,Transcriptome
RPS7,-0.07627561,Nucleus,Glioma_Tumor_MD,Transcriptome
RPS8,-0.071252756,Nucleus,Glioma_Tumor_MD,Transcriptome
RRAS,0.11115177,Secretory,Glioma_Tumor_MD,Transcriptome
RRAS2,-0.04431772,Secretory,Glioma_Tumor_MD,Transcriptome
RRBP1,0.09395594,Secretory,Glioma_Tumor_MD,Transcriptome
RRM2,-0.1172349,Cytosol,Glioma_Tumor_MD,Transcriptome
RRM2B,-0.08503811,Cytosol,Glioma_Tumor_MD,Transcriptome
RRP12,-0.07829846,Nucleus,Glioma_Tumor_MD,Transcriptome
RRP36,-0.15387177,Nucleus,Glioma_Tumor_MD,Transcriptome
RRP7A,-0.022815878,Nucleus,Glioma_Tumor_MD,Transcriptome
RRS1,-0.07095268,Nucleus,Glioma_Tumor_MD,Transcriptome
RSBN1,-0.04231784,Nucleus,Glioma_Tumor_MD,Transcriptome
RSBN1L,-0.032267086,Nucleus,Glioma_Tumor_MD,Transcriptome
RSF1,-0.06329975,Nucleus,Glioma_Tumor_MD,Transcriptome
RSL1D1,-0.123312466,Nucleus,Glioma_Tumor_MD,Transcriptome
RSPRY1,-0.078554526,Secretory,Glioma_Tumor_MD,Transcriptome
RTN3,-0.16202837,Secretory,Glioma_Tumor_MD,Transcriptome
RTN4,-0.16027853,Secretory,Glioma_Tumor_MD,Transcriptome
RUFY3,-0.106637925,Cytosol,Glioma_Tumor_MD,Transcriptome
RWDD1,-0.118267335,Cytosol,Glioma_Tumor_MD,Transcriptome
RWDD2B,-0.093471654,Cytosol,Glioma_Tumor_MD,Transcriptome
RYBP,-0.08095733,Nucleus,Glioma_Tumor_MD,Transcriptome
S100A6,-0.114079,Cytosol,Glioma_Tumor_MD,Transcriptome
SACM1L,-0.038326293,Secretory,Glioma_Tumor_MD,Transcriptome
SAFB,-0.06082027,Nucleus,Glioma_Tumor_MD,Transcriptome
SAFB2,-0.050491847,Nucleus,Glioma_Tumor_MD,Transcriptome
SAMM50,0.013569599,Mitochondria,Glioma_Tumor_MD,Transcriptome
SAP18,-0.13877092,Nucleus,Glioma_Tumor_MD,Transcriptome
SAR1A,-0.114706,Cytosol,Glioma_Tumor_MD,Transcriptome
SAR1B,-0.06555828,Cytosol,Glioma_Tumor_MD,Transcriptome
SART3,-0.09837654,Nucleus,Glioma_Tumor_MD,Transcriptome
SASH1,-0.06688232,Cytosol,Glioma_Tumor_MD,Transcriptome
SBDS,-0.050411712,Cytosol,Glioma_Tumor_MD,Transcriptome
SCAF1,-0.08502245,Nucleus,Glioma_Tumor_MD,Transcriptome
SCAF4,-0.10435434,Nucleus,Glioma_Tumor_MD,Transcriptome
SCAF8,-0.042725418,Nucleus,Glioma_Tumor_MD,Transcriptome
SCAMP1,-0.119308025,Secretory,Glioma_Tumor_MD,Transcriptome
SCAMP2,0.10437308,Secretory,Glioma_Tumor_MD,Transcriptome
SCAMP3,-0.033767138,Secretory,Glioma_Tumor_MD,Transcriptome
SCAMP4,0.07237789,Secretory,Glioma_Tumor_MD,Transcriptome
SCAP,0.045317285,Secretory,Glioma_Tumor_MD,Transcriptome
SCARB2,-0.07154741,Secretory,Glioma_Tumor_MD,Transcriptome
SCCPDH,0.100667655,Mitochondria,Glioma_Tumor_MD,Transcriptome
SCD,-0.005608165,Secretory,Glioma_Tumor_MD,Transcriptome
SCD5,-0.16198346,Secretory,Glioma_Tumor_MD,Transcriptome
SCFD1,-0.050639484,Secretory,Glioma_Tumor_MD,Transcriptome
SCFD2,-0.16385204,Secretory,Glioma_Tumor_MD,Transcriptome
SCO1,0.044795565,Mitochondria,Glioma_Tumor_MD,Transcriptome
SCRIB,-0.063008465,Mitochondria,Glioma_Tumor_MD,Transcriptome
SCRN1,-0.06754246,Cytosol,Glioma_Tumor_MD,Transcriptome
SCRN3,-0.10361643,Cytosol,Glioma_Tumor_MD,Transcriptome
SDAD1,-0.15093365,Nucleus,Glioma_Tumor_MD,Transcriptome
SDC4,0.115452245,Secretory,Glioma_Tumor_MD,Transcriptome
SDCBP,-0.105929956,Cytosol,Glioma_Tumor_MD,Transcriptome
SDF2,-0.02113472,Secretory,Glioma_Tumor_MD,Transcriptome
SDHA,0.023315547,Mitochondria,Glioma_Tumor_MD,Transcriptome
SDHB,0.029221706,Mitochondria,Glioma_Tumor_MD,Transcriptome
SEC11A,0.11488437,Secretory,Glioma_Tumor_MD,Transcriptome
SEC22A,-0.053780273,Secretory,Glioma_Tumor_MD,Transcriptome
SEC23IP,-0.11383981,Cytosol,Glioma_Tumor_MD,Transcriptome
SEC61B,-0.11203489,Secretory,Glioma_Tumor_MD,Transcriptome
SEC62,-0.106928855,Secretory,Glioma_Tumor_MD,Transcriptome
SEC63,-0.112678975,Secretory,Glioma_Tumor_MD,Transcriptome
SEL1L,0.026400894,Secretory,Glioma_Tumor_MD,Transcriptome
SEMA4C,0.012189111,Secretory,Glioma_Tumor_MD,Transcriptome
SEMA4D,-0.00401515,Secretory,Glioma_Tumor_MD,Transcriptome
SEMA7A,0.044831388,Secretory,Glioma_Tumor_MD,Transcriptome
SENP3,-0.06375346,Nucleus,Glioma_Tumor_MD,Transcriptome
SENP7,-0.03715688,Nucleus,Glioma_Tumor_MD,Transcriptome
SEPSECS,-0.079966284,Cytosol,Glioma_Tumor_MD,Transcriptome
SERAC1,0.03522653,Mitochondria,Glioma_Tumor_MD,Transcriptome
SERINC3,0.097511075,Secretory,Glioma_Tumor_MD,Transcriptome
SERINC5,-0.15892765,Secretory,Glioma_Tumor_MD,Transcriptome
SERPINB1,-0.11318357,Cytosol,Glioma_Tumor_MD,Transcriptome
SESN2,-0.11718573,Cytosol,Glioma_Tumor_MD,Transcriptome
SET,-0.0788434,Nucleus,Glioma_Tumor_MD,Transcriptome
SETD1B,-0.10156179,Nucleus,Glioma_Tumor_MD,Transcriptome
SETD7,-0.11824134,Cytosol,Glioma_Tumor_MD,Transcriptome
SEZ6L2,0.049559027,Secretory,Glioma_Tumor_MD,Transcriptome
SF3A1,-0.01672852,Nucleus,Glioma_Tumor_MD,Transcriptome
SF3A2,-0.0806154,Nucleus,Glioma_Tumor_MD,Transcriptome
SF3A3,-0.1606506,Nucleus,Glioma_Tumor_MD,Transcriptome
SF3B1,-0.05314461,Nucleus,Glioma_Tumor_MD,Transcriptome
SFXN1,0.09333629,Mitochondria,Glioma_Tumor_MD,Transcriptome
SFXN2,0.059716046,Mitochondria,Glioma_Tumor_MD,Transcriptome
SFXN3,-0.22008666,Mitochondria,Glioma_Tumor_MD,Transcriptome
SFXN4,0.06256438,Mitochondria,Glioma_Tumor_MD,Transcriptome
SGPL1,-0.16496891,Secretory,Glioma_Tumor_MD,Transcriptome
SGPP1,-0.012289347,Secretory,Glioma_Tumor_MD,Transcriptome
SGTA,-0.035028353,Cytosol,Glioma_Tumor_MD,Transcriptome
SGTB,-0.1069931,Cytosol,Glioma_Tumor_MD,Transcriptome
SH2D4A,-0.117570914,Cytosol,Glioma_Tumor_MD,Transcriptome
SH3BP2,-0.11455897,Cytosol,Glioma_Tumor_MD,Transcriptome
SH3BP4,-0.16586883,Secretory,Glioma_Tumor_MD,Transcriptome
SH3BP5L,-0.027544389,Cytosol,Glioma_Tumor_MD,Transcriptome
SH3D19,-0.1103982,Cytosol,Glioma_Tumor_MD,Transcriptome
SH3GL1,-0.031061973,Cytosol,Glioma_Tumor_MD,Transcriptome
SH3KBP1,-0.036713287,Cytosol,Glioma_Tumor_MD,Transcriptome
SH3PXD2B,-0.10975995,Cytosol,Glioma_Tumor_MD,Transcriptome
SH3RF1,-0.070698574,Cytosol,Glioma_Tumor_MD,Transcriptome
SIDT2,0.06413711,Secretory,Glioma_Tumor_MD,Transcriptome
SIN3A,-0.14472137,Nucleus,Glioma_Tumor_MD,Transcriptome
SIRT1,-0.0653051,Nucleus,Glioma_Tumor_MD,Transcriptome
SLC12A2,-0.16960673,Secretory,Glioma_Tumor_MD,Transcriptome
SLC12A4,0.09844516,Secretory,Glioma_Tumor_MD,Transcriptome
SLC12A6,0.039113816,Secretory,Glioma_Tumor_MD,Transcriptome
SLC12A9,0.07938579,Secretory,Glioma_Tumor_MD,Transcriptome
SLC15A4,0.101462185,Secretory,Glioma_Tumor_MD,Transcriptome
SLC16A1,0.101477236,Secretory,Glioma_Tumor_MD,Transcriptome
SLC16A3,0.111673936,Secretory,Glioma_Tumor_MD,Transcriptome
SLC1A4,-0.009137668,Secretory,Glioma_Tumor_MD,Transcriptome
SLC1A5,0.11634479,Secretory,Glioma_Tumor_MD,Transcriptome
SLC20A2,0.089418456,Secretory,Glioma_Tumor_MD,Transcriptome
SLC22A23,0.06631207,Secretory,Glioma_Tumor_MD,Transcriptome
SLC22A5,0.10150793,Secretory,Glioma_Tumor_MD,Transcriptome
SLC23A2,0.041504536,Secretory,Glioma_Tumor_MD,Transcriptome
SLC25A1,0.024788463,Mitochondria,Glioma_Tumor_MD,Transcriptome
SLC25A12,0.045212496,Mitochondria,Glioma_Tumor_MD,Transcriptome
SLC25A13,0.026744187,Mitochondria,Glioma_Tumor_MD,Transcriptome
SLC25A15,0.049363278,Mitochondria,Glioma_Tumor_MD,Transcriptome
SLC25A19,-0.21437275,Mitochondria,Glioma_Tumor_MD,Transcriptome
SLC25A22,-0.0556164,Mitochondria,Glioma_Tumor_MD,Transcriptome
SLC25A24,-0.18187535,Mitochondria,Glioma_Tumor_MD,Transcriptome
SLC25A25,-0.011805069,Mitochondria,Glioma_Tumor_MD,Transcriptome
SLC25A3,0.034251504,Mitochondria,Glioma_Tumor_MD,Transcriptome
SLC25A36,0.040711053,Mitochondria,Glioma_Tumor_MD,Transcriptome
SLC25A46,0.06079921,Mitochondria,Glioma_Tumor_MD,Transcriptome
SLC25A5,0.059065703,Mitochondria,Glioma_Tumor_MD,Transcriptome
SLC25A6,0.06359133,Mitochondria,Glioma_Tumor_MD,Transcriptome
SLC26A2,0.11102592,Secretory,Glioma_Tumor_MD,Transcriptome
SLC26A6,0.014139744,Secretory,Glioma_Tumor_MD,Transcriptome
SLC27A1,0.07396469,Secretory,Glioma_Tumor_MD,Transcriptome
SLC27A4,-0.015147734,Secretory,Glioma_Tumor_MD,Transcriptome
SLC2A13,-0.15012823,Secretory,Glioma_Tumor_MD,Transcriptome
SLC30A1,0.04334971,Secretory,Glioma_Tumor_MD,Transcriptome
SLC30A5,0.07722646,Secretory,Glioma_Tumor_MD,Transcriptome
SLC30A9,0.06907647,Mitochondria,Glioma_Tumor_MD,Transcriptome
SLC31A1,0.11707796,Secretory,Glioma_Tumor_MD,Transcriptome
SLC33A1,-0.06489647,Secretory,Glioma_Tumor_MD,Transcriptome
SLC35B2,-0.0910271,Secretory,Glioma_Tumor_MD,Transcriptome
SLC35E1,0.07409151,Secretory,Glioma_Tumor_MD,Transcriptome
SLC35F6,0.113362424,Secretory,Glioma_Tumor_MD,Transcriptome
SLC37A4,0.0964876,Secretory,Glioma_Tumor_MD,Transcriptome
SLC38A10,0.09022169,Secretory,Glioma_Tumor_MD,Transcriptome
SLC38A2,-0.09106729,Secretory,Glioma_Tumor_MD,Transcriptome
SLC38A9,-0.077077076,Secretory,Glioma_Tumor_MD,Transcriptome
SLC39A10,-0.15264653,Secretory,Glioma_Tumor_MD,Transcriptome
SLC39A11,0.11226051,Secretory,Glioma_Tumor_MD,Transcriptome
SLC39A14,0.10635149,Secretory,Glioma_Tumor_MD,Transcriptome
SLC39A6,-0.1650197,Secretory,Glioma_Tumor_MD,Transcriptome
SLC39A7,0.10536916,Secretory,Glioma_Tumor_MD,Transcriptome
SLC3A2,0.10104316,Secretory,Glioma_Tumor_MD,Transcriptome
SLC44A1,-0.16082306,Secretory,Glioma_Tumor_MD,Transcriptome
SLC44A2,0.08759446,Secretory,Glioma_Tumor_MD,Transcriptome
SLC4A1AP,-0.26018956,Nucleus,Glioma_Tumor_MD,Transcriptome
SLC4A2,0.11114755,Secretory,Glioma_Tumor_MD,Transcriptome
SLC4A7,0.05661782,Secretory,Glioma_Tumor_MD,Transcriptome
SLC6A9,0.06499894,Secretory,Glioma_Tumor_MD,Transcriptome
SLC7A5,0.034436457,Secretory,Glioma_Tumor_MD,Transcriptome
SLC9A1,0.06883087,Secretory,Glioma_Tumor_MD,Transcriptome
SLC9A6,-0.15883976,Secretory,Glioma_Tumor_MD,Transcriptome
SLC9A7,0.020316431,Secretory,Glioma_Tumor_MD,Transcriptome
SLK,-0.11923668,Cytosol,Glioma_Tumor_MD,Transcriptome
SLMAP,-0.034816988,Secretory,Glioma_Tumor_MD,Transcriptome
SLTM,-0.06276519,Nucleus,Glioma_Tumor_MD,Transcriptome
SMAD2,-0.07326257,Cytosol,Glioma_Tumor_MD,Transcriptome
SMAD4,-0.06461334,Cytosol,Glioma_Tumor_MD,Transcriptome
SMAD5,-0.06727777,Cytosol,Glioma_Tumor_MD,Transcriptome
SMAP1,-0.124901704,Cytosol,Glioma_Tumor_MD,Transcriptome
SMARCA1,-0.15015568,Nucleus,Glioma_Tumor_MD,Transcriptome
SMARCA5,-0.11735096,Nucleus,Glioma_Tumor_MD,Transcriptome
SMARCAD1,-0.05810376,Nucleus,Glioma_Tumor_MD,Transcriptome
SMC1A,-0.07262712,Nucleus,Glioma_Tumor_MD,Transcriptome
SMC5,-0.0401153,Nucleus,Glioma_Tumor_MD,Transcriptome
SMC6,-0.0377272,Nucleus,Glioma_Tumor_MD,Transcriptome
SMCHD1,-0.042192515,Nucleus,Glioma_Tumor_MD,Transcriptome
SMG8,-0.10805977,Cytosol,Glioma_Tumor_MD,Transcriptome
SMPD1,0.10511638,Secretory,Glioma_Tumor_MD,Transcriptome
SMPD4,-0.09594798,Nucleus,Glioma_Tumor_MD,Transcriptome
SMS,-0.082665965,Cytosol,Glioma_Tumor_MD,Transcriptome
SMURF2,-0.033637878,Cytosol,Glioma_Tumor_MD,Transcriptome
SMYD2,-0.11734672,Cytosol,Glioma_Tumor_MD,Transcriptome
SMYD5,-0.060434803,Cytosol,Glioma_Tumor_MD,Transcriptome
SNAP23,0.05676354,Secretory,Glioma_Tumor_MD,Transcriptome
SNAP47,-0.09428254,Secretory,Glioma_Tumor_MD,Transcriptome
SNTB2,-0.19374546,Mitochondria,Glioma_Tumor_MD,Transcriptome
SNX1,-0.11490866,Cytosol,Glioma_Tumor_MD,Transcriptome
SNX13,-0.026777849,Secretory,Glioma_Tumor_MD,Transcriptome
SNX14,-0.10244116,Secretory,Glioma_Tumor_MD,Transcriptome
SNX15,-0.037282422,Cytosol,Glioma_Tumor_MD,Transcriptome
SNX19,0.094557494,Secretory,Glioma_Tumor_MD,Transcriptome
SNX2,-0.10516763,Cytosol,Glioma_Tumor_MD,Transcriptome
SNX5,-0.04415083,Cytosol,Glioma_Tumor_MD,Transcriptome
SNX6,-0.047427464,Cytosol,Glioma_Tumor_MD,Transcriptome
SNX9,-0.111080326,Cytosol,Glioma_Tumor_MD,Transcriptome
SOAT1,0.10736042,Secretory,Glioma_Tumor_MD,Transcriptome
SOD1,-0.077935345,Cytosol,Glioma_Tumor_MD,Transcriptome
SORBS3,-0.0631587,Cytosol,Glioma_Tumor_MD,Transcriptome
SORD,-0.088894434,Cytosol,Glioma_Tumor_MD,Transcriptome
SORT1,0.09837368,Secretory,Glioma_Tumor_MD,Transcriptome
SOS1,-0.067931965,Cytosol,Glioma_Tumor_MD,Transcriptome
SOWAHC,-0.07610728,Cytosol,Glioma_Tumor_MD,Transcriptome
SP1,-0.21999046,Nucleus,Glioma_Tumor_MD,Transcriptome
SPAG9,-0.08417964,Cytosol,Glioma_Tumor_MD,Transcriptome
SPC24,-0.11669038,Cytosol,Glioma_Tumor_MD,Transcriptome
SPCS1,-0.008940018,Secretory,Glioma_Tumor_MD,Transcriptome
SPCS2,-0.04419935,Secretory,Glioma_Tumor_MD,Transcriptome
SPCS3,-0.028120415,Secretory,Glioma_Tumor_MD,Transcriptome
SPECC1,-0.13208969,Secretory,Glioma_Tumor_MD,Transcriptome
SPEN,-0.08244266,Nucleus,Glioma_Tumor_MD,Transcriptome
SPG7,-0.06836634,Mitochondria,Glioma_Tumor_MD,Transcriptome
SPIN1,-0.06135338,Nucleus,Glioma_Tumor_MD,Transcriptome
SPPL2A,0.06848243,Secretory,Glioma_Tumor_MD,Transcriptome
SPR,-0.105388515,Cytosol,Glioma_Tumor_MD,Transcriptome
SPRED1,0.051489275,Secretory,Glioma_Tumor_MD,Transcriptome
SPRY1,0.09281893,Secretory,Glioma_Tumor_MD,Transcriptome
SPRYD3,0.07639172,Secretory,Glioma_Tumor_MD,Transcriptome
SPRYD7,-0.08795201,Secretory,Glioma_Tumor_MD,Transcriptome
SPTLC1,0.021017883,Secretory,Glioma_Tumor_MD,Transcriptome
SPTLC2,0.017619904,Secretory,Glioma_Tumor_MD,Transcriptome
SPTY2D1,-0.27687338,Nucleus,Glioma_Tumor_MD,Transcriptome
SQLE,-0.16605529,Secretory,Glioma_Tumor_MD,Transcriptome
SRCAP,-0.10406444,Nucleus,Glioma_Tumor_MD,Transcriptome
SRFBP1,-0.072161,Nucleus,Glioma_Tumor_MD,Transcriptome
SRGAP1,-0.028037984,Cytosol,Glioma_Tumor_MD,Transcriptome
SRI,-0.087217286,Cytosol,Glioma_Tumor_MD,Transcriptome
SRM,-0.05387055,Cytosol,Glioma_Tumor_MD,Transcriptome
SRP68,-0.06376128,Cytosol,Glioma_Tumor_MD,Transcriptome
SRP72,-0.12389381,Cytosol,Glioma_Tumor_MD,Transcriptome
SRPRB,-0.06418105,Secretory,Glioma_Tumor_MD,Transcriptome
SRR,-0.115314744,Cytosol,Glioma_Tumor_MD,Transcriptome
SRRT,-0.16084121,Nucleus,Glioma_Tumor_MD,Transcriptome
SRSF1,-0.04116849,Nucleus,Glioma_Tumor_MD,Transcriptome
SRSF3,-0.10174226,Nucleus,Glioma_Tumor_MD,Transcriptome
SRSF4,-0.03757164,Nucleus,Glioma_Tumor_MD,Transcriptome
SRSF5,-0.045696255,Nucleus,Glioma_Tumor_MD,Transcriptome
SRSF7,-0.072458915,Nucleus,Glioma_Tumor_MD,Transcriptome
SRSF9,-0.14279497,Nucleus,Glioma_Tumor_MD,Transcriptome
SSBP1,-0.023411177,Mitochondria,Glioma_Tumor_MD,Transcriptome
SSH3,-0.099594995,Cytosol,Glioma_Tumor_MD,Transcriptome
SSNA1,-0.06742832,Cytosol,Glioma_Tumor_MD,Transcriptome
SSR1,-0.027745511,Secretory,Glioma_Tumor_MD,Transcriptome
SSR3,0.09772564,Secretory,Glioma_Tumor_MD,Transcriptome
SSR4,0.010827175,Secretory,Glioma_Tumor_MD,Transcriptome
SSU72,-0.05667821,Cytosol,Glioma_Tumor_MD,Transcriptome
ST13,-0.05489596,Cytosol,Glioma_Tumor_MD,Transcriptome
ST7,-0.09522689,Secretory,Glioma_Tumor_MD,Transcriptome
STAG1,-0.055051234,Nucleus,Glioma_Tumor_MD,Transcriptome
STAG2,-0.09190519,Nucleus,Glioma_Tumor_MD,Transcriptome
STAMBP,-0.076360084,Cytosol,Glioma_Tumor_MD,Transcriptome
STARD3,0.09249918,Secretory,Glioma_Tumor_MD,Transcriptome
STARD3NL,-0.034369856,Secretory,Glioma_Tumor_MD,Transcriptome
STAT1,-0.10431406,Cytosol,Glioma_Tumor_MD,Transcriptome
STAT5B,-0.07402049,Cytosol,Glioma_Tumor_MD,Transcriptome
STAU1,-0.122570895,Nucleus,Glioma_Tumor_MD,Transcriptome
STAU2,-0.07392005,Nucleus,Glioma_Tumor_MD,Transcriptome
STIM1,0.08326032,Secretory,Glioma_Tumor_MD,Transcriptome
STIP1,-0.11194793,Cytosol,Glioma_Tumor_MD,Transcriptome
STK24,-0.117595784,Cytosol,Glioma_Tumor_MD,Transcriptome
STK38,-0.07541953,Cytosol,Glioma_Tumor_MD,Transcriptome
STK38L,-0.06687676,Cytosol,Glioma_Tumor_MD,Transcriptome
STK4,-0.05971337,Cytosol,Glioma_Tumor_MD,Transcriptome
STMN1,-0.12376844,Cytosol,Glioma_Tumor_MD,Transcriptome
STOM,0.114470154,Secretory,Glioma_Tumor_MD,Transcriptome
STOML2,0.093651235,Mitochondria,Glioma_Tumor_MD,Transcriptome
STRAP,-0.11868121,Cytosol,Glioma_Tumor_MD,Transcriptome
STRBP,-0.0771609,Nucleus,Glioma_Tumor_MD,Transcriptome
STT3A,0.090946704,Secretory,Glioma_Tumor_MD,Transcriptome
STT3B,0.065651074,Secretory,Glioma_Tumor_MD,Transcriptome
STX10,0.010482441,Secretory,Glioma_Tumor_MD,Transcriptome
STX12,-0.0111885695,Secretory,Glioma_Tumor_MD,Transcriptome
STX16,0.053887185,Secretory,Glioma_Tumor_MD,Transcriptome
STX17,-0.09332753,Secretory,Glioma_Tumor_MD,Transcriptome
STX18,0.10891323,Secretory,Glioma_Tumor_MD,Transcriptome
STX3,0.10701648,Secretory,Glioma_Tumor_MD,Transcriptome
STX4,0.10957901,Secretory,Glioma_Tumor_MD,Transcriptome
STX5,0.019375822,Secretory,Glioma_Tumor_MD,Transcriptome
STX6,-0.1665696,Secretory,Glioma_Tumor_MD,Transcriptome
STX7,-0.112279214,Secretory,Glioma_Tumor_MD,Transcriptome
STX8,-0.13610594,Secretory,Glioma_Tumor_MD,Transcriptome
STXBP3,0.045393553,Secretory,Glioma_Tumor_MD,Transcriptome
SUCO,-0.053958893,Secretory,Glioma_Tumor_MD,Transcriptome
SUGP1,-0.054116316,Nucleus,Glioma_Tumor_MD,Transcriptome
SUGP2,-0.036873575,Nucleus,Glioma_Tumor_MD,Transcriptome
SUGT1,-0.09884659,Cytosol,Glioma_Tumor_MD,Transcriptome
SUN1,-0.04773023,Nucleus,Glioma_Tumor_MD,Transcriptome
SUN2,-0.01564519,Nucleus,Glioma_Tumor_MD,Transcriptome
SUOX,-0.024601111,Nucleus,Glioma_Tumor_MD,Transcriptome
SUPT16H,-0.07615089,Nucleus,Glioma_Tumor_MD,Transcriptome
SUPT5H,-0.04848928,Nucleus,Glioma_Tumor_MD,Transcriptome
SUPT6H,-0.1658782,Nucleus,Glioma_Tumor_MD,Transcriptome
SUPV3L1,0.06140482,Mitochondria,Glioma_Tumor_MD,Transcriptome
SURF1,0.0634724,Mitochondria,Glioma_Tumor_MD,Transcriptome
SURF4,0.11456387,Secretory,Glioma_Tumor_MD,Transcriptome
SURF6,-0.05012197,Nucleus,Glioma_Tumor_MD,Transcriptome
SWAP70,-0.1060782,Cytosol,Glioma_Tumor_MD,Transcriptome
SYMPK,-0.11322733,Nucleus,Glioma_Tumor_MD,Transcriptome
SYNCRIP,-0.04053713,Nucleus,Glioma_Tumor_MD,Transcriptome
SYNE2,-0.098722674,Nucleus,Glioma_Tumor_MD,Transcriptome
SYNE3,-0.20265277,Nucleus,Glioma_Tumor_MD,Transcriptome
SYNGR2,0.1076488,Secretory,Glioma_Tumor_MD,Transcriptome
SYNJ1,-0.11404048,Cytosol,Glioma_Tumor_MD,Transcriptome
SYNJ2BP,0.08037378,Mitochondria,Glioma_Tumor_MD,Transcriptome
SYNRG,-0.05805993,Cytosol,Glioma_Tumor_MD,Transcriptome
SYPL1,0.079509504,Secretory,Glioma_Tumor_MD,Transcriptome
SYVN1,0.05477893,Secretory,Glioma_Tumor_MD,Transcriptome
SZRD1,-0.10918196,Cytosol,Glioma_Tumor_MD,Transcriptome
TAB1,-0.048132606,Cytosol,Glioma_Tumor_MD,Transcriptome
TAB2,-0.08255497,Cytosol,Glioma_Tumor_MD,Transcriptome
TACC2,-0.021920787,Cytosol,Glioma_Tumor_MD,Transcriptome
TACC3,-0.11620469,Cytosol,Glioma_Tumor_MD,Transcriptome
TAF4,-0.06208936,Nucleus,Glioma_Tumor_MD,Transcriptome
TAF7,-0.074631706,Cytosol,Glioma_Tumor_MD,Transcriptome
TAGLN2,-0.11800114,Cytosol,Glioma_Tumor_MD,Transcriptome
TALDO1,-0.06458779,Cytosol,Glioma_Tumor_MD,Transcriptome
TAMM41,0.023395725,Mitochondria,Glioma_Tumor_MD,Transcriptome
TANC1,-0.043083053,Cytosol,Glioma_Tumor_MD,Transcriptome
TANGO2,-0.10191442,Cytosol,Glioma_Tumor_MD,Transcriptome
TANK,-0.09177793,Cytosol,Glioma_Tumor_MD,Transcriptome
TAP1,0.110532135,Secretory,Glioma_Tumor_MD,Transcriptome
TAP2,0.104928374,Secretory,Glioma_Tumor_MD,Transcriptome
TAPT1,-0.118627794,Secretory,Glioma_Tumor_MD,Transcriptome
TARS2,0.038277864,Mitochondria,Glioma_Tumor_MD,Transcriptome
TASP1,-0.04510752,Nucleus,Glioma_Tumor_MD,Transcriptome
TATDN1,-0.10198755,Cytosol,Glioma_Tumor_MD,Transcriptome
TATDN3,-0.08088062,Cytosol,Glioma_Tumor_MD,Transcriptome
TBC1D1,-0.117073804,Cytosol,Glioma_Tumor_MD,Transcriptome
TBC1D13,-0.04167937,Cytosol,Glioma_Tumor_MD,Transcriptome
TBC1D2,-0.1063196,Cytosol,Glioma_Tumor_MD,Transcriptome
TBC1D20,0.05589923,Secretory,Glioma_Tumor_MD,Transcriptome
TBC1D22A,-0.031747475,Cytosol,Glioma_Tumor_MD,Transcriptome
TBC1D2B,-0.109408565,Cytosol,Glioma_Tumor_MD,Transcriptome
TBC1D5,-0.10927657,Cytosol,Glioma_Tumor_MD,Transcriptome
TBCB,-0.050130125,Cytosol,Glioma_Tumor_MD,Transcriptome
TBCC,-0.07563021,Cytosol,Glioma_Tumor_MD,Transcriptome
TBCE,-0.0392188,Cytosol,Glioma_Tumor_MD,Transcriptome
TBCEL,-0.07632361,Cytosol,Glioma_Tumor_MD,Transcriptome
TBK1,-0.03586191,Cytosol,Glioma_Tumor_MD,Transcriptome
TBL1XR1,-0.052435316,Nucleus,Glioma_Tumor_MD,Transcriptome
TBL2,0.07319702,Secretory,Glioma_Tumor_MD,Transcriptome
TBL3,-0.045004286,Nucleus,Glioma_Tumor_MD,Transcriptome
TBPL1,-0.11801171,Cytosol,Glioma_Tumor_MD,Transcriptome
TBRG4,0.08145372,Mitochondria,Glioma_Tumor_MD,Transcriptome
TCERG1,-0.031683758,Nucleus,Glioma_Tumor_MD,Transcriptome
TCF20,-0.017812165,Nucleus,Glioma_Tumor_MD,Transcriptome
TCF25,0.051067088,Secretory,Glioma_Tumor_MD,Transcriptome
TCIRG1,0.112168394,Secretory,Glioma_Tumor_MD,Transcriptome
TCOF1,-0.08026705,Nucleus,Glioma_Tumor_MD,Transcriptome
TCP1,-0.119921,Cytosol,Glioma_Tumor_MD,Transcriptome
TDRKH,0.06720573,Mitochondria,Glioma_Tumor_MD,Transcriptome
TECPR2,-0.023384327,Cytosol,Glioma_Tumor_MD,Transcriptome
TECR,0.05992905,Secretory,Glioma_Tumor_MD,Transcriptome
TEP1,-0.2552879,Nucleus,Glioma_Tumor_MD,Transcriptome
TEX10,-0.031407207,Nucleus,Glioma_Tumor_MD,Transcriptome
TEX2,0.097560026,Secretory,Glioma_Tumor_MD,Transcriptome
TEX264,0.09225367,Secretory,Glioma_Tumor_MD,Transcriptome
TFAM,0.06173556,Mitochondria,Glioma_Tumor_MD,Transcriptome
TFB1M,-0.09071544,Secretory,Glioma_Tumor_MD,Transcriptome
TFG,-0.040029958,Cytosol,Glioma_Tumor_MD,Transcriptome
TFIP11,-0.022127902,Nucleus,Glioma_Tumor_MD,Transcriptome
TFRC,0.10728577,Secretory,Glioma_Tumor_MD,Transcriptome
TGFBR1,0.10581965,Secretory,Glioma_Tumor_MD,Transcriptome
TGFBRAP1,-0.052961487,Cytosol,Glioma_Tumor_MD,Transcriptome
TGOLN2,0.101748586,Secretory,Glioma_Tumor_MD,Transcriptome
THADA,-0.0337255,Cytosol,Glioma_Tumor_MD,Transcriptome
THAP11,-0.09714263,Nucleus,Glioma_Tumor_MD,Transcriptome
THEM6,-0.043565404,Secretory,Glioma_Tumor_MD,Transcriptome
THG1L,-0.11557803,Cytosol,Glioma_Tumor_MD,Transcriptome
THOP1,-0.02218186,Cytosol,Glioma_Tumor_MD,Transcriptome
THTPA,-0.07349982,Cytosol,Glioma_Tumor_MD,Transcriptome
THUMPD3,-0.07654867,Cytosol,Glioma_Tumor_MD,Transcriptome
TIMM10,0.09003056,Mitochondria,Glioma_Tumor_MD,Transcriptome
TIMM21,0.09069186,Mitochondria,Glioma_Tumor_MD,Transcriptome
TIMM22,-0.11980805,Mitochondria,Glioma_Tumor_MD,Transcriptome
TIMM44,-0.03597297,Mitochondria,Glioma_Tumor_MD,Transcriptome
TIMM50,0.052499373,Mitochondria,Glioma_Tumor_MD,Transcriptome
TIMMDC1,0.043364234,Mitochondria,Glioma_Tumor_MD,Transcriptome
TIMP2,0.08918117,Secretory,Glioma_Tumor_MD,Transcriptome
TIPRL,-0.12249221,Cytosol,Glioma_Tumor_MD,Transcriptome
TK1,-0.11600463,Cytosol,Glioma_Tumor_MD,Transcriptome
TLK1,-0.050329704,Nucleus,Glioma_Tumor_MD,Transcriptome
TLK2,-0.07663493,Nucleus,Glioma_Tumor_MD,Transcriptome
TLN1,-0.10790969,Cytosol,Glioma_Tumor_MD,Transcriptome
TM9SF2,0.08721348,Secretory,Glioma_Tumor_MD,Transcriptome
TM9SF3,-0.16376525,Secretory,Glioma_Tumor_MD,Transcriptome
TM9SF4,0.06482568,Secretory,Glioma_Tumor_MD,Transcriptome
TMCC1,-0.1584286,Secretory,Glioma_Tumor_MD,Transcriptome
TMCC3,-0.024603501,Secretory,Glioma_Tumor_MD,Transcriptome
TMCO1,-0.00055454514,Secretory,Glioma_Tumor_MD,Transcriptome
TMCO3,0.117423005,Secretory,Glioma_Tumor_MD,Transcriptome
TMED1,0.10534107,Secretory,Glioma_Tumor_MD,Transcriptome
TMED10,0.012135857,Secretory,Glioma_Tumor_MD,Transcriptome
TMED2,0.09236391,Secretory,Glioma_Tumor_MD,Transcriptome
TMED3,0.111710325,Secretory,Glioma_Tumor_MD,Transcriptome
TMED4,0.037584305,Secretory,Glioma_Tumor_MD,Transcriptome
TMED5,0.029896088,Secretory,Glioma_Tumor_MD,Transcriptome
TMED9,0.115273245,Secretory,Glioma_Tumor_MD,Transcriptome
TMEM106B,-0.08249007,Secretory,Glioma_Tumor_MD,Transcriptome
TMEM11,0.06828381,Mitochondria,Glioma_Tumor_MD,Transcriptome
TMEM115,0.08167748,Secretory,Glioma_Tumor_MD,Transcriptome
TMEM120A,0.11374959,Secretory,Glioma_Tumor_MD,Transcriptome
TMEM126A,0.0478642,Mitochondria,Glioma_Tumor_MD,Transcriptome
TMEM131,0.0067150053,Secretory,Glioma_Tumor_MD,Transcriptome
TMEM147,0.04160628,Secretory,Glioma_Tumor_MD,Transcriptome
TMEM165,0.010003024,Secretory,Glioma_Tumor_MD,Transcriptome
TMEM168,-0.03641749,Secretory,Glioma_Tumor_MD,Transcriptome
TMEM179B,0.09709582,Secretory,Glioma_Tumor_MD,Transcriptome
TMEM181,-0.10828884,Secretory,Glioma_Tumor_MD,Transcriptome
TMEM184C,-0.012246689,Secretory,Glioma_Tumor_MD,Transcriptome
TMEM186,0.0711019,Mitochondria,Glioma_Tumor_MD,Transcriptome
TMEM192,0.08651181,Secretory,Glioma_Tumor_MD,Transcriptome
TMEM199,-0.12160477,Secretory,Glioma_Tumor_MD,Transcriptome
TMEM201,-0.10327043,Nucleus,Glioma_Tumor_MD,Transcriptome
TMEM205,0.09735326,Secretory,Glioma_Tumor_MD,Transcriptome
TMEM209,-0.15222482,Nucleus,Glioma_Tumor_MD,Transcriptome
TMEM214,0.09566118,Secretory,Glioma_Tumor_MD,Transcriptome
TMEM222,-0.020708393,Secretory,Glioma_Tumor_MD,Transcriptome
TMEM230,0.08214887,Secretory,Glioma_Tumor_MD,Transcriptome
TMEM237,-0.115908556,Secretory,Glioma_Tumor_MD,Transcriptome
TMEM245,-0.1530889,Secretory,Glioma_Tumor_MD,Transcriptome
TMEM259,0.035238747,Secretory,Glioma_Tumor_MD,Transcriptome
TMEM30A,-0.10807279,Secretory,Glioma_Tumor_MD,Transcriptome
TMEM39B,0.035186615,Secretory,Glioma_Tumor_MD,Transcriptome
TMEM43,0.10974122,Secretory,Glioma_Tumor_MD,Transcriptome
TMEM51,0.114872046,Secretory,Glioma_Tumor_MD,Transcriptome
TMEM59,0.08872053,Secretory,Glioma_Tumor_MD,Transcriptome
TMEM63A,0.049905118,Secretory,Glioma_Tumor_MD,Transcriptome
TMEM63B,0.068144046,Secretory,Glioma_Tumor_MD,Transcriptome
TMEM65,0.059911758,Mitochondria,Glioma_Tumor_MD,Transcriptome
TMEM67,-0.008596918,Secretory,Glioma_Tumor_MD,Transcriptome
TMEM70,-0.12112612,Mitochondria,Glioma_Tumor_MD,Transcriptome
TMEM87A,0.062024157,Secretory,Glioma_Tumor_MD,Transcriptome
TMEM87B,0.06824134,Secretory,Glioma_Tumor_MD,Transcriptome
TMEM9,-0.070826106,Secretory,Glioma_Tumor_MD,Transcriptome
TMEM97,-0.16844249,Secretory,Glioma_Tumor_MD,Transcriptome
TMEM9B,-0.030499026,Secretory,Glioma_Tumor_MD,Transcriptome
TMPO,-0.077777475,Nucleus,Glioma_Tumor_MD,Transcriptome
TMTC3,0.062452123,Secretory,Glioma_Tumor_MD,Transcriptome
TMX1,0.0071631665,Secretory,Glioma_Tumor_MD,Transcriptome
TMX2,-0.023086337,Secretory,Glioma_Tumor_MD,Transcriptome
TMX3,0.0013171199,Secretory,Glioma_Tumor_MD,Transcriptome
TNFRSF21,-0.16302852,Secretory,Glioma_Tumor_MD,Transcriptome
TNIP1,-0.1164061,Cytosol,Glioma_Tumor_MD,Transcriptome
TNKS,-0.08862688,Cytosol,Glioma_Tumor_MD,Transcriptome
TOE1,-0.10460347,Nucleus,Glioma_Tumor_MD,Transcriptome
TOM1L1,-0.10187188,Cytosol,Glioma_Tumor_MD,Transcriptome
TOMM20,0.09189472,Mitochondria,Glioma_Tumor_MD,Transcriptome
TOMM22,0.019169876,Mitochondria,Glioma_Tumor_MD,Transcriptome
TOMM34,-0.08623831,Cytosol,Glioma_Tumor_MD,Transcriptome
TOMM40,0.035029944,Mitochondria,Glioma_Tumor_MD,Transcriptome
TOMM5,0.023208367,Mitochondria,Glioma_Tumor_MD,Transcriptome
TOP2A,-0.07169142,Nucleus,Glioma_Tumor_MD,Transcriptome
TOP2B,-0.08431571,Nucleus,Glioma_Tumor_MD,Transcriptome
TOR1AIP1,-0.24265131,Nucleus,Glioma_Tumor_MD,Transcriptome
TOR1AIP2,0.07196289,Secretory,Glioma_Tumor_MD,Transcriptome
TOR2A,-0.027470127,Secretory,Glioma_Tumor_MD,Transcriptome
TP53I3,-0.08376178,Cytosol,Glioma_Tumor_MD,Transcriptome
TPCN1,0.07869135,Secretory,Glioma_Tumor_MD,Transcriptome
TPD52,-0.057099413,Cytosol,Glioma_Tumor_MD,Transcriptome
TPI1,-0.09691823,Cytosol,Glioma_Tumor_MD,Transcriptome
TPM1,-0.10942498,Cytosol,Glioma_Tumor_MD,Transcriptome
TPM2,-0.11400727,Cytosol,Glioma_Tumor_MD,Transcriptome
TPM3,-0.11366949,Cytosol,Glioma_Tumor_MD,Transcriptome
TPM4,-0.108179905,Cytosol,Glioma_Tumor_MD,Transcriptome
TPMT,-0.069600955,Cytosol,Glioma_Tumor_MD,Transcriptome
TPP2,-0.047973424,Nucleus,Glioma_Tumor_MD,Transcriptome
TPRG1L,0.086912364,Secretory,Glioma_Tumor_MD,Transcriptome
TPST1,0.09942861,Secretory,Glioma_Tumor_MD,Transcriptome
TPT1,-0.115244485,Cytosol,Glioma_Tumor_MD,Transcriptome
TRA2A,-0.031506576,Nucleus,Glioma_Tumor_MD,Transcriptome
TRA2B,-0.0367654,Nucleus,Glioma_Tumor_MD,Transcriptome
TRABD,0.010922047,Mitochondria,Glioma_Tumor_MD,Transcriptome
TRAF2,-0.045037378,Cytosol,Glioma_Tumor_MD,Transcriptome
TRAF3IP1,-0.11441062,Cytosol,Glioma_Tumor_MD,Transcriptome
TRAFD1,-0.111811586,Cytosol,Glioma_Tumor_MD,Transcriptome
TRAM1,0.078791045,Secretory,Glioma_Tumor_MD,Transcriptome
TRAP1,0.0936624,Mitochondria,Glioma_Tumor_MD,Transcriptome
TRAPPC3,-0.11697188,Cytosol,Glioma_Tumor_MD,Transcriptome
TRIAP1,-0.14691648,Nucleus,Glioma_Tumor_MD,Transcriptome
TRIM21,-0.111609854,Cytosol,Glioma_Tumor_MD,Transcriptome
TRIM24,-0.12527876,Nucleus,Glioma_Tumor_MD,Transcriptome
TRIM26,-0.10784485,Cytosol,Glioma_Tumor_MD,Transcriptome
TRIM28,-0.041936845,Nucleus,Glioma_Tumor_MD,Transcriptome
TRIM33,-0.049290594,Nucleus,Glioma_Tumor_MD,Transcriptome
TRIM36,-0.120569386,Cytosol,Glioma_Tumor_MD,Transcriptome
TRIM4,0.10721998,Secretory,Glioma_Tumor_MD,Transcriptome
TRIM47,-0.10515677,Cytosol,Glioma_Tumor_MD,Transcriptome
TRIM5,-0.10814719,Cytosol,Glioma_Tumor_MD,Transcriptome
TRIM56,-0.23866609,Nucleus,Glioma_Tumor_MD,Transcriptome
TRIM65,-0.10671771,Cytosol,Glioma_Tumor_MD,Transcriptome
TRIP10,-0.11351488,Cytosol,Glioma_Tumor_MD,Transcriptome
TRIP11,-0.0991655,Secretory,Glioma_Tumor_MD,Transcriptome
TRIP12,-0.1979929,Nucleus,Glioma_Tumor_MD,Transcriptome
TRIP6,-0.10823885,Cytosol,Glioma_Tumor_MD,Transcriptome
TRMT10C,0.106204145,Mitochondria,Glioma_Tumor_MD,Transcriptome
TRMT1L,-0.07259464,Nucleus,Glioma_Tumor_MD,Transcriptome
TRMT6,-0.11428326,Nucleus,Glioma_Tumor_MD,Transcriptome
TRUB2,-0.06542571,Secretory,Glioma_Tumor_MD,Transcriptome
TSC1,-0.08383649,Cytosol,Glioma_Tumor_MD,Transcriptome
TSC22D1,-0.10208803,Cytosol,Glioma_Tumor_MD,Transcriptome
TSC22D2,-0.058880534,Cytosol,Glioma_Tumor_MD,Transcriptome
TSPAN14,0.061864227,Secretory,Glioma_Tumor_MD,Transcriptome
TSPAN3,-0.111248136,Secretory,Glioma_Tumor_MD,Transcriptome
TSPO,-0.210484,Mitochondria,Glioma_Tumor_MD,Transcriptome
TSTD1,-0.107573695,Cytosol,Glioma_Tumor_MD,Transcriptome
TSTD2,-0.06666703,Cytosol,Glioma_Tumor_MD,Transcriptome
TTC1,-0.050829686,Cytosol,Glioma_Tumor_MD,Transcriptome
TTC13,-0.14433815,Secretory,Glioma_Tumor_MD,Transcriptome
TTC17,-0.035070214,Secretory,Glioma_Tumor_MD,Transcriptome
TTC3,-0.15572535,Secretory,Glioma_Tumor_MD,Transcriptome
TTC4,-0.042966247,Cytosol,Glioma_Tumor_MD,Transcriptome
TTC5,-0.09625237,Cytosol,Glioma_Tumor_MD,Transcriptome
TTI2,-0.119425625,Cytosol,Glioma_Tumor_MD,Transcriptome
TTL,-0.11461301,Cytosol,Glioma_Tumor_MD,Transcriptome
TTLL12,-0.048264664,Cytosol,Glioma_Tumor_MD,Transcriptome
TTYH3,0.084701866,Secretory,Glioma_Tumor_MD,Transcriptome
TUBA4A,-0.09904338,Cytosol,Glioma_Tumor_MD,Transcriptome
TUBB,-0.11556544,Cytosol,Glioma_Tumor_MD,Transcriptome
TUBB4B,-0.044932667,Cytosol,Glioma_Tumor_MD,Transcriptome
TUBB6,-0.11478784,Cytosol,Glioma_Tumor_MD,Transcriptome
TUBGCP6,-0.039617732,Cytosol,Glioma_Tumor_MD,Transcriptome
TUFM,0.04732896,Mitochondria,Glioma_Tumor_MD,Transcriptome
TUT1,-0.045452446,Nucleus,Glioma_Tumor_MD,Transcriptome
TWF2,-0.11580534,Cytosol,Glioma_Tumor_MD,Transcriptome
TXLNA,-0.11893208,Cytosol,Glioma_Tumor_MD,Transcriptome
TXLNG,-0.11841707,Cytosol,Glioma_Tumor_MD,Transcriptome
TXNDC5,-0.031686872,Nucleus,Glioma_Tumor_MD,Transcriptome
TXNDC9,-0.06973302,Cytosol,Glioma_Tumor_MD,Transcriptome
TXNL1,-0.10542287,Cytosol,Glioma_Tumor_MD,Transcriptome
TXNL4B,-0.07328697,Cytosol,Glioma_Tumor_MD,Transcriptome
TXNRD1,-0.100736395,Cytosol,Glioma_Tumor_MD,Transcriptome
TYRO3,0.048048638,Secretory,Glioma_Tumor_MD,Transcriptome
TYW1,0.04041584,Secretory,Glioma_Tumor_MD,Transcriptome
TYW5,-0.055075213,Cytosol,Glioma_Tumor_MD,Transcriptome
U2AF1,-0.031768743,Nucleus,Glioma_Tumor_MD,Transcriptome
U2AF2,-0.042067096,Nucleus,Glioma_Tumor_MD,Transcriptome
UAP1,-0.10814739,Cytosol,Glioma_Tumor_MD,Transcriptome
UAP1L1,-0.09749725,Cytosol,Glioma_Tumor_MD,Transcriptome
UBA1,-0.04359488,Cytosol,Glioma_Tumor_MD,Transcriptome
UBA6,-0.04826587,Cytosol,Glioma_Tumor_MD,Transcriptome
UBAC1,-0.06461826,Cytosol,Glioma_Tumor_MD,Transcriptome
UBAC2,0.11129191,Secretory,Glioma_Tumor_MD,Transcriptome
UBAP1,-0.066393465,Cytosol,Glioma_Tumor_MD,Transcriptome
UBE2A,-0.06432973,Cytosol,Glioma_Tumor_MD,Transcriptome
UBE2C,-0.11584883,Cytosol,Glioma_Tumor_MD,Transcriptome
UBE2D2,-0.08235361,Cytosol,Glioma_Tumor_MD,Transcriptome
UBE2G1,-0.09660189,Cytosol,Glioma_Tumor_MD,Transcriptome
UBE2G2,-0.044840258,Secretory,Glioma_Tumor_MD,Transcriptome
UBE2H,-0.11440825,Cytosol,Glioma_Tumor_MD,Transcriptome
UBE2J1,-0.14459555,Secretory,Glioma_Tumor_MD,Transcriptome
UBE2K,-0.09295232,Cytosol,Glioma_Tumor_MD,Transcriptome
UBE2L3,-0.056777555,Cytosol,Glioma_Tumor_MD,Transcriptome
UBE2L6,-0.11399443,Cytosol,Glioma_Tumor_MD,Transcriptome
UBE2M,-0.036742143,Cytosol,Glioma_Tumor_MD,Transcriptome
UBE2O,-0.046022233,Cytosol,Glioma_Tumor_MD,Transcriptome
UBE2R2,-0.07911864,Cytosol,Glioma_Tumor_MD,Transcriptome
UBE2Z,-0.11018788,Cytosol,Glioma_Tumor_MD,Transcriptome
UBFD1,-0.11949773,Cytosol,Glioma_Tumor_MD,Transcriptome
UBL7,-0.050411765,Cytosol,Glioma_Tumor_MD,Transcriptome
UBN2,-0.030552762,Nucleus,Glioma_Tumor_MD,Transcriptome
UBP1,-0.05768335,Cytosol,Glioma_Tumor_MD,Transcriptome
UBQLN1,-0.1037355,Cytosol,Glioma_Tumor_MD,Transcriptome
UBR1,-0.03608224,Cytosol,Glioma_Tumor_MD,Transcriptome
UBR3,-0.06515756,Cytosol,Glioma_Tumor_MD,Transcriptome
UBR4,-0.07150422,Cytosol,Glioma_Tumor_MD,Transcriptome
UBR5,-0.04718009,Nucleus,Glioma_Tumor_MD,Transcriptome
UBXN1,-0.08385415,Cytosol,Glioma_Tumor_MD,Transcriptome
UBXN2B,-0.10464099,Cytosol,Glioma_Tumor_MD,Transcriptome
UBXN4,0.0684178,Secretory,Glioma_Tumor_MD,Transcriptome
UCHL5,-0.09791402,Cytosol,Glioma_Tumor_MD,Transcriptome
UCK2,-0.116141036,Cytosol,Glioma_Tumor_MD,Transcriptome
UEVLD,-0.037711117,Cytosol,Glioma_Tumor_MD,Transcriptome
UFL1,-0.0781491,Secretory,Glioma_Tumor_MD,Transcriptome
UGDH,-0.120916225,Cytosol,Glioma_Tumor_MD,Transcriptome
UHRF2,-0.047167055,Nucleus,Glioma_Tumor_MD,Transcriptome
UNC119,-0.094299294,Cytosol,Glioma_Tumor_MD,Transcriptome
UNC119B,-0.10963588,Cytosol,Glioma_Tumor_MD,Transcriptome
UNC13B,-0.07618046,Cytosol,Glioma_Tumor_MD,Transcriptome
UNC13D,-0.10331675,Cytosol,Glioma_Tumor_MD,Transcriptome
UNC93B1,0.104638614,Secretory,Glioma_Tumor_MD,Transcriptome
UPRT,-0.05364929,Cytosol,Glioma_Tumor_MD,Transcriptome
UQCC1,0.0015900297,Mitochondria,Glioma_Tumor_MD,Transcriptome
UQCR10,0.022100331,Mitochondria,Glioma_Tumor_MD,Transcriptome
UQCRB,0.070416994,Mitochondria,Glioma_Tumor_MD,Transcriptome
UQCRC1,0.07314465,Mitochondria,Glioma_Tumor_MD,Transcriptome
UQCRC2,0.09915616,Mitochondria,Glioma_Tumor_MD,Transcriptome
UQCRFS1,0.049916975,Mitochondria,Glioma_Tumor_MD,Transcriptome
UQCRH,0.10996629,Mitochondria,Glioma_Tumor_MD,Transcriptome
UQCRQ,0.08105149,Mitochondria,Glioma_Tumor_MD,Transcriptome
URB1,-0.26717246,Nucleus,Glioma_Tumor_MD,Transcriptome
URB2,-0.08710799,Nucleus,Glioma_Tumor_MD,Transcriptome
UROD,-0.10036376,Cytosol,Glioma_Tumor_MD,Transcriptome
UROS,-0.11478898,Cytosol,Glioma_Tumor_MD,Transcriptome
USE1,0.026992474,Secretory,Glioma_Tumor_MD,Transcriptome
USP11,-0.03123314,Nucleus,Glioma_Tumor_MD,Transcriptome
USP12,-0.08707447,Secretory,Glioma_Tumor_MD,Transcriptome
USP13,-0.116602436,Cytosol,Glioma_Tumor_MD,Transcriptome
USP15,-0.036952585,Cytosol,Glioma_Tumor_MD,Transcriptome
USP20,0.02398138,Secretory,Glioma_Tumor_MD,Transcriptome
USP24,-0.074644096,Cytosol,Glioma_Tumor_MD,Transcriptome
USP25,-0.092108175,Cytosol,Glioma_Tumor_MD,Transcriptome
USP30,0.08894177,Mitochondria,Glioma_Tumor_MD,Transcriptome
USP33,-0.098890126,Secretory,Glioma_Tumor_MD,Transcriptome
USP36,-0.14960329,Nucleus,Glioma_Tumor_MD,Transcriptome
USP4,-0.062226225,Cytosol,Glioma_Tumor_MD,Transcriptome
USP42,-0.10113086,Nucleus,Glioma_Tumor_MD,Transcriptome
USP47,-0.10359895,Cytosol,Glioma_Tumor_MD,Transcriptome
USP5,-0.061033353,Cytosol,Glioma_Tumor_MD,Transcriptome
USP7,-0.09769956,Nucleus,Glioma_Tumor_MD,Transcriptome
USP8,-0.06435672,Cytosol,Glioma_Tumor_MD,Transcriptome
USP9X,-0.06349528,Cytosol,Glioma_Tumor_MD,Transcriptome
UTP14A,-0.0819384,Nucleus,Glioma_Tumor_MD,Transcriptome
UTP15,-0.06497093,Nucleus,Glioma_Tumor_MD,Transcriptome
UTP18,-0.12346009,Nucleus,Glioma_Tumor_MD,Transcriptome
UTP20,-0.12267257,Nucleus,Glioma_Tumor_MD,Transcriptome
UTP3,-0.15848078,Nucleus,Glioma_Tumor_MD,Transcriptome
UTP6,-0.074853055,Nucleus,Glioma_Tumor_MD,Transcriptome
UTRN,-0.20054159,Mitochondria,Glioma_Tumor_MD,Transcriptome
UXS1,0.024278004,Secretory,Glioma_Tumor_MD,Transcriptome
VAMP3,0.10930761,Secretory,Glioma_Tumor_MD,Transcriptome
VAMP4,-0.06911015,Secretory,Glioma_Tumor_MD,Transcriptome
VAMP7,0.026010549,Secretory,Glioma_Tumor_MD,Transcriptome
VAPA,-0.06960095,Secretory,Glioma_Tumor_MD,Transcriptome
VAPB,0.03623885,Secretory,Glioma_Tumor_MD,Transcriptome
VASP,-0.11721802,Cytosol,Glioma_Tumor_MD,Transcriptome
VBP1,-0.11554879,Cytosol,Glioma_Tumor_MD,Transcriptome
VCL,-0.10605573,Cytosol,Glioma_Tumor_MD,Transcriptome
VCP,-0.07709355,Cytosol,Glioma_Tumor_MD,Transcriptome
VCPIP1,-0.10530112,Cytosol,Glioma_Tumor_MD,Transcriptome
VDAC1,-0.017134205,Mitochondria,Glioma_Tumor_MD,Transcriptome
VDAC2,0.06182923,Mitochondria,Glioma_Tumor_MD,Transcriptome
VDAC3,0.110954754,Mitochondria,Glioma_Tumor_MD,Transcriptome
VEZT,-0.10246207,Secretory,Glioma_Tumor_MD,Transcriptome
VIPAS39,-0.111095145,Cytosol,Glioma_Tumor_MD,Transcriptome
VMP1,0.09468787,Secretory,Glioma_Tumor_MD,Transcriptome
VPS13A,-0.08969401,Secretory,Glioma_Tumor_MD,Transcriptome
VPS13C,-0.03769523,Cytosol,Glioma_Tumor_MD,Transcriptome
VPS25,-0.047197897,Cytosol,Glioma_Tumor_MD,Transcriptome
VPS26A,-0.11496683,Cytosol,Glioma_Tumor_MD,Transcriptome
VPS33B,-0.031089697,Cytosol,Glioma_Tumor_MD,Transcriptome
VPS35,-0.0698766,Cytosol,Glioma_Tumor_MD,Transcriptome
VPS37B,-0.036646478,Cytosol,Glioma_Tumor_MD,Transcriptome
VPS4A,-0.04348193,Cytosol,Glioma_Tumor_MD,Transcriptome
VPS4B,-0.053313617,Cytosol,Glioma_Tumor_MD,Transcriptome
VPS52,-0.025165489,Cytosol,Glioma_Tumor_MD,Transcriptome
VTA1,-0.122307815,Cytosol,Glioma_Tumor_MD,Transcriptome
VTI1A,-0.16296618,Secretory,Glioma_Tumor_MD,Transcriptome
VWA8,0.043267164,Mitochondria,Glioma_Tumor_MD,Transcriptome
WAC,-0.064726084,Nucleus,Glioma_Tumor_MD,Transcriptome
WARS2,-0.034548305,Mitochondria,Glioma_Tumor_MD,Transcriptome
WBP11,-0.12820515,Nucleus,Glioma_Tumor_MD,Transcriptome
WDFY1,0.046013705,Secretory,Glioma_Tumor_MD,Transcriptome
WDR1,-0.1160822,Cytosol,Glioma_Tumor_MD,Transcriptome
WDR18,-0.027602095,Nucleus,Glioma_Tumor_MD,Transcriptome
WDR3,-0.114481054,Nucleus,Glioma_Tumor_MD,Transcriptome
WDR33,-0.03311741,Nucleus,Glioma_Tumor_MD,Transcriptome
WDR36,-0.06354847,Nucleus,Glioma_Tumor_MD,Transcriptome
WDR37,-0.112879455,Cytosol,Glioma_Tumor_MD,Transcriptome
WDR43,-0.12862787,Nucleus,Glioma_Tumor_MD,Transcriptome
WDR44,-0.09280121,Cytosol,Glioma_Tumor_MD,Transcriptome
WDR45,-0.09055019,Cytosol,Glioma_Tumor_MD,Transcriptome
WDR46,-0.13897471,Nucleus,Glioma_Tumor_MD,Transcriptome
WDR6,-0.025300115,Cytosol,Glioma_Tumor_MD,Transcriptome
WDR7,-0.11708394,Cytosol,Glioma_Tumor_MD,Transcriptome
WDR75,-0.06334628,Nucleus,Glioma_Tumor_MD,Transcriptome
WDR76,-0.07079961,Nucleus,Glioma_Tumor_MD,Transcriptome
WDR77,-0.11484678,Cytosol,Glioma_Tumor_MD,Transcriptome
WDR81,-0.082595736,Cytosol,Glioma_Tumor_MD,Transcriptome
WDSUB1,-0.060715694,Cytosol,Glioma_Tumor_MD,Transcriptome
WDTC1,-0.06521924,Cytosol,Glioma_Tumor_MD,Transcriptome
WFS1,0.08880238,Secretory,Glioma_Tumor_MD,Transcriptome
WIPI2,-0.055063352,Cytosol,Glioma_Tumor_MD,Transcriptome
WIZ,-0.071258835,Nucleus,Glioma_Tumor_MD,Transcriptome
WLS,0.0926538,Secretory,Glioma_Tumor_MD,Transcriptome
WNK1,-0.058800433,Cytosol,Glioma_Tumor_MD,Transcriptome
WRN,-0.038897965,Nucleus,Glioma_Tumor_MD,Transcriptome
WRNIP1,-0.08521676,Nucleus,Glioma_Tumor_MD,Transcriptome
WWC3,-0.06978088,Cytosol,Glioma_Tumor_MD,Transcriptome
WWP2,-0.0057881614,Secretory,Glioma_Tumor_MD,Transcriptome
XIAP,-0.05119202,Cytosol,Glioma_Tumor_MD,Transcriptome
XPC,-0.26718125,Nucleus,Glioma_Tumor_MD,Transcriptome
XPNPEP1,-0.11663843,Cytosol,Glioma_Tumor_MD,Transcriptome
XPO5,-0.11624776,Cytosol,Glioma_Tumor_MD,Transcriptome
XRCC1,-0.03361959,Nucleus,Glioma_Tumor_MD,Transcriptome
XRCC4,-0.08294412,Nucleus,Glioma_Tumor_MD,Transcriptome
YAP1,-0.11428369,Cytosol,Glioma_Tumor_MD,Transcriptome
YBEY,0.09954479,Mitochondria,Glioma_Tumor_MD,Transcriptome
YES1,-0.11352065,Secretory,Glioma_Tumor_MD,Transcriptome
YIF1B,-0.026677303,Secretory,Glioma_Tumor_MD,Transcriptome
YIPF3,-0.051193394,Secretory,Glioma_Tumor_MD,Transcriptome
YIPF4,-0.086239226,Secretory,Glioma_Tumor_MD,Transcriptome
YIPF5,0.0793369,Secretory,Glioma_Tumor_MD,Transcriptome
YKT6,-0.06088763,Cytosol,Glioma_Tumor_MD,Transcriptome
YLPM1,-0.05396284,Nucleus,Glioma_Tumor_MD,Transcriptome
YME1L1,0.061259624,Mitochondria,Glioma_Tumor_MD,Transcriptome
YTHDC2,-0.03687708,Nucleus,Glioma_Tumor_MD,Transcriptome
YWHAB,-0.12176575,Cytosol,Glioma_Tumor_MD,Transcriptome
YWHAE,-0.115927495,Cytosol,Glioma_Tumor_MD,Transcriptome
YWHAG,-0.11450798,Cytosol,Glioma_Tumor_MD,Transcriptome
YWHAH,-0.05467001,Cytosol,Glioma_Tumor_MD,Transcriptome
YWHAQ,-0.11830245,Cytosol,Glioma_Tumor_MD,Transcriptome
YWHAZ,-0.054765545,Cytosol,Glioma_Tumor_MD,Transcriptome
ZBTB14,-0.08055405,Nucleus,Glioma_Tumor_MD,Transcriptome
ZBTB4,-0.11301723,Nucleus,Glioma_Tumor_MD,Transcriptome
ZBTB40,-0.11962434,Nucleus,Glioma_Tumor_MD,Transcriptome
ZBTB8OS,-0.04952201,Cytosol,Glioma_Tumor_MD,Transcriptome
ZC3H11A,-0.031172544,Nucleus,Glioma_Tumor_MD,Transcriptome
ZC3HAV1,0.11318155,Secretory,Glioma_Tumor_MD,Transcriptome
ZC3HC1,-0.15233995,Nucleus,Glioma_Tumor_MD,Transcriptome
ZDHHC17,-0.08434469,Secretory,Glioma_Tumor_MD,Transcriptome
ZDHHC5,0.117002934,Secretory,Glioma_Tumor_MD,Transcriptome
ZFAND5,-0.04373108,Cytosol,Glioma_Tumor_MD,Transcriptome
ZFPL1,-0.08932668,Secretory,Glioma_Tumor_MD,Transcriptome
ZFR,-0.106812,Nucleus,Glioma_Tumor_MD,Transcriptome
ZFYVE1,-0.10827235,Cytosol,Glioma_Tumor_MD,Transcriptome
ZFYVE19,-0.11498121,Cytosol,Glioma_Tumor_MD,Transcriptome
ZFYVE27,-0.16753963,Secretory,Glioma_Tumor_MD,Transcriptome
ZHX2,-0.025895698,Nucleus,Glioma_Tumor_MD,Transcriptome
ZMPSTE24,0.038519446,Secretory,Glioma_Tumor_MD,Transcriptome
ZMYM2,-0.04528022,Nucleus,Glioma_Tumor_MD,Transcriptome
ZMYND11,-0.06889872,Nucleus,Glioma_Tumor_MD,Transcriptome
ZNF143,-0.07378555,Nucleus,Glioma_Tumor_MD,Transcriptome
ZNF148,-0.05916426,Nucleus,Glioma_Tumor_MD,Transcriptome
ZNF280C,-0.06693901,Nucleus,Glioma_Tumor_MD,Transcriptome
ZNF292,-0.03921099,Nucleus,Glioma_Tumor_MD,Transcriptome
ZNF318,-0.04473601,Nucleus,Glioma_Tumor_MD,Transcriptome
ZNF326,-0.036510523,Nucleus,Glioma_Tumor_MD,Transcriptome
ZNF346,-0.065057114,Nucleus,Glioma_Tumor_MD,Transcriptome
ZNF384,-0.09793461,Nucleus,Glioma_Tumor_MD,Transcriptome
ZNF512,-0.04560574,Nucleus,Glioma_Tumor_MD,Transcriptome
ZNF512B,-0.055339232,Nucleus,Glioma_Tumor_MD,Transcriptome
ZNF574,-0.036856513,Nucleus,Glioma_Tumor_MD,Transcriptome
ZNF629,-0.037567105,Nucleus,Glioma_Tumor_MD,Transcriptome
ZNF652,-0.052306406,Nucleus,Glioma_Tumor_MD,Transcriptome
ZNF687,-0.04034257,Nucleus,Glioma_Tumor_MD,Transcriptome
ZNF768,-0.049033687,Nucleus,Glioma_Tumor_MD,Transcriptome
ZNF800,-0.049555246,Nucleus,Glioma_Tumor_MD,Transcriptome
ZYX,-0.09220744,Cytosol,Glioma_Tumor_MD,Transcriptome
ZZEF1,-0.056055326,Cytosol,Glioma_Tumor_MD,Transcriptome
